http://www4.wiwiss.fu-berlin.de/bizer/bsbm/v01/instances/dataFromProducer103/Product9839;http://www.w3.org/1999/02/22-rdf-syntax-ns#type;http://www4.wiwiss.fu-berlin.de/bizer/bsbm/v01/vocabulary/Product
http://www4.wiwiss.fu-berlin.de/bizer/bsbm/v01/instances/dataFromProducer103/Product9839;http://www.w3.org/1999/02/22-rdf-syntax-ns#type;http://www4.wiwiss.fu-berlin.de/bizer/bsbm/v01/instances/ProductType122
http://www4.wiwiss.fu-berlin.de/bizer/bsbm/v01/instances/dataFromProducer103/Product9839;http://www.w3.org/2000/01/rdf-schema#label;pinchers lousing
http://www4.wiwiss.fu-berlin.de/bizer/bsbm/v01/instances/dataFromProducer103/Product9839;http://www.w3.org/2000/01/rdf-schema#comment;heirlooms operating myope reechoing benumbs teacups peninsular jealousness wharfingers rondeaux intertwines germy yanking wides philologist gasiform shoers shorn womenfolk scone predigests spermatic aneurism varlet actuary curdy accommodates uncommoner exiting cheesiness leprechauns analysts unpredictable shamus shares handpick syllabubs investments travellers wedded fluking zizzles limitative nihilisms deports gloms defrocks sandblasted wrackful hospitium manillas blessedly scarcest incompleteness scuffles prettifying totalitarians pibroch anthropoid osteopathies budgeters zoomorphs surfacer instants familiarizations unwisely libidinized rinsers silkscreening sleave landform geoducks birder shashlik fertilize lurked girthed reawaken clambered drogues hopsacking deputized cheaps reenters cham uncircumcised hibernal ducky destroyed causable kneads recurs cantrips stormed rattly parching migrator gamily finalism ceramists substitutive pleadable centralism entities sequenced
http://www4.wiwiss.fu-berlin.de/bizer/bsbm/v01/instances/dataFromProducer103/Product9839;http://www4.wiwiss.fu-berlin.de/bizer/bsbm/v01/vocabulary/productPropertyNumeric1;559
http://www4.wiwiss.fu-berlin.de/bizer/bsbm/v01/instances/dataFromProducer103/Product9839;http://www4.wiwiss.fu-berlin.de/bizer/bsbm/v01/vocabulary/productPropertyNumeric2;830
http://www4.wiwiss.fu-berlin.de/bizer/bsbm/v01/instances/dataFromProducer103/Product9839;http://www4.wiwiss.fu-berlin.de/bizer/bsbm/v01/vocabulary/productPropertyNumeric3;254
http://www4.wiwiss.fu-berlin.de/bizer/bsbm/v01/instances/dataFromProducer103/Product9839;http://www4.wiwiss.fu-berlin.de/bizer/bsbm/v01/vocabulary/productPropertyNumeric4;515
http://www4.wiwiss.fu-berlin.de/bizer/bsbm/v01/instances/dataFromProducer103/Product9839;http://www4.wiwiss.fu-berlin.de/bizer/bsbm/v01/vocabulary/productPropertyNumeric5;16
http://www4.wiwiss.fu-berlin.de/bizer/bsbm/v01/instances/dataFromProducer103/Product9839;http://www4.wiwiss.fu-berlin.de/bizer/bsbm/v01/vocabulary/productPropertyTextual1;truantry dimwits travellable
http://www4.wiwiss.fu-berlin.de/bizer/bsbm/v01/instances/dataFromProducer103/Product9839;http://www4.wiwiss.fu-berlin.de/bizer/bsbm/v01/vocabulary/productPropertyTextual2;nonseasonal taxiways currentness phaser unpenetrated libelant mongeese sunward wolver bombloads dogie amatively perplexed swindler misdid
http://www4.wiwiss.fu-berlin.de/bizer/bsbm/v01/instances/dataFromProducer103/Product9839;http://www4.wiwiss.fu-berlin.de/bizer/bsbm/v01/vocabulary/productPropertyTextual3;reproducer biparted vicing catnapers practicing
http://www4.wiwiss.fu-berlin.de/bizer/bsbm/v01/instances/dataFromProducer103/Product9839;http://www4.wiwiss.fu-berlin.de/bizer/bsbm/v01/vocabulary/productPropertyTextual4;virulently southeasters burgomaster countertenors
http://www4.wiwiss.fu-berlin.de/bizer/bsbm/v01/instances/dataFromProducer103/Product9839;http://www4.wiwiss.fu-berlin.de/bizer/bsbm/v01/vocabulary/productPropertyTextual5;eviller squushing outlawing
http://www4.wiwiss.fu-berlin.de/bizer/bsbm/v01/instances/dataFromProducer103/Product9839;http://www4.wiwiss.fu-berlin.de/bizer/bsbm/v01/vocabulary/productFeature;http://www4.wiwiss.fu-berlin.de/bizer/bsbm/v01/instances/ProductFeature3800
http://www4.wiwiss.fu-berlin.de/bizer/bsbm/v01/instances/dataFromProducer103/Product9839;http://www4.wiwiss.fu-berlin.de/bizer/bsbm/v01/vocabulary/productFeature;http://www4.wiwiss.fu-berlin.de/bizer/bsbm/v01/instances/ProductFeature3811
http://www4.wiwiss.fu-berlin.de/bizer/bsbm/v01/instances/dataFromProducer103/Product9839;http://www4.wiwiss.fu-berlin.de/bizer/bsbm/v01/vocabulary/productFeature;http://www4.wiwiss.fu-berlin.de/bizer/bsbm/v01/instances/ProductFeature3819
http://www4.wiwiss.fu-berlin.de/bizer/bsbm/v01/instances/dataFromProducer103/Product9839;http://www4.wiwiss.fu-berlin.de/bizer/bsbm/v01/vocabulary/productFeature;http://www4.wiwiss.fu-berlin.de/bizer/bsbm/v01/instances/ProductFeature3821
http://www4.wiwiss.fu-berlin.de/bizer/bsbm/v01/instances/dataFromProducer103/Product9839;http://www4.wiwiss.fu-berlin.de/bizer/bsbm/v01/vocabulary/productFeature;http://www4.wiwiss.fu-berlin.de/bizer/bsbm/v01/instances/ProductFeature3822
http://www4.wiwiss.fu-berlin.de/bizer/bsbm/v01/instances/dataFromProducer103/Product9839;http://www4.wiwiss.fu-berlin.de/bizer/bsbm/v01/vocabulary/productFeature;http://www4.wiwiss.fu-berlin.de/bizer/bsbm/v01/instances/ProductFeature3835
http://www4.wiwiss.fu-berlin.de/bizer/bsbm/v01/instances/dataFromProducer103/Product9839;http://www4.wiwiss.fu-berlin.de/bizer/bsbm/v01/vocabulary/productFeature;http://www4.wiwiss.fu-berlin.de/bizer/bsbm/v01/instances/ProductFeature574
http://www4.wiwiss.fu-berlin.de/bizer/bsbm/v01/instances/dataFromProducer103/Product9839;http://www4.wiwiss.fu-berlin.de/bizer/bsbm/v01/vocabulary/productFeature;http://www4.wiwiss.fu-berlin.de/bizer/bsbm/v01/instances/ProductFeature585
http://www4.wiwiss.fu-berlin.de/bizer/bsbm/v01/instances/dataFromProducer103/Product9839;http://www4.wiwiss.fu-berlin.de/bizer/bsbm/v01/vocabulary/productFeature;http://www4.wiwiss.fu-berlin.de/bizer/bsbm/v01/instances/ProductFeature590
http://www4.wiwiss.fu-berlin.de/bizer/bsbm/v01/instances/dataFromProducer103/Product9839;http://www4.wiwiss.fu-berlin.de/bizer/bsbm/v01/vocabulary/productFeature;http://www4.wiwiss.fu-berlin.de/bizer/bsbm/v01/instances/ProductFeature592
http://www4.wiwiss.fu-berlin.de/bizer/bsbm/v01/instances/dataFromProducer103/Product9839;http://www4.wiwiss.fu-berlin.de/bizer/bsbm/v01/vocabulary/productFeature;http://www4.wiwiss.fu-berlin.de/bizer/bsbm/v01/instances/ProductFeature593
http://www4.wiwiss.fu-berlin.de/bizer/bsbm/v01/instances/dataFromProducer103/Product9839;http://www4.wiwiss.fu-berlin.de/bizer/bsbm/v01/vocabulary/productFeature;http://www4.wiwiss.fu-berlin.de/bizer/bsbm/v01/instances/ProductFeature594
http://www4.wiwiss.fu-berlin.de/bizer/bsbm/v01/instances/dataFromProducer103/Product9839;http://www4.wiwiss.fu-berlin.de/bizer/bsbm/v01/vocabulary/productFeature;http://www4.wiwiss.fu-berlin.de/bizer/bsbm/v01/instances/ProductFeature601
http://www4.wiwiss.fu-berlin.de/bizer/bsbm/v01/instances/dataFromProducer103/Product9839;http://www4.wiwiss.fu-berlin.de/bizer/bsbm/v01/vocabulary/productFeature;http://www4.wiwiss.fu-berlin.de/bizer/bsbm/v01/instances/ProductFeature602
http://www4.wiwiss.fu-berlin.de/bizer/bsbm/v01/instances/dataFromProducer103/Product9839;http://www4.wiwiss.fu-berlin.de/bizer/bsbm/v01/vocabulary/productFeature;http://www4.wiwiss.fu-berlin.de/bizer/bsbm/v01/instances/ProductFeature24
http://www4.wiwiss.fu-berlin.de/bizer/bsbm/v01/instances/dataFromProducer103/Product9839;http://www4.wiwiss.fu-berlin.de/bizer/bsbm/v01/vocabulary/productFeature;http://www4.wiwiss.fu-berlin.de/bizer/bsbm/v01/instances/ProductFeature27
http://www4.wiwiss.fu-berlin.de/bizer/bsbm/v01/instances/dataFromProducer103/Product9839;http://www4.wiwiss.fu-berlin.de/bizer/bsbm/v01/vocabulary/productFeature;http://www4.wiwiss.fu-berlin.de/bizer/bsbm/v01/instances/ProductFeature31
http://www4.wiwiss.fu-berlin.de/bizer/bsbm/v01/instances/dataFromProducer103/Product9839;http://www4.wiwiss.fu-berlin.de/bizer/bsbm/v01/vocabulary/producer;http://www4.wiwiss.fu-berlin.de/bizer/bsbm/v01/instances/dataFromProducer40/Producer40
http://www4.wiwiss.fu-berlin.de/bizer/bsbm/v01/instances/dataFromProducer103/Product9839;http://purl.org/dc/elements/1.1/publisher;http://www4.wiwiss.fu-berlin.de/bizer/bsbm/v01/instances/dataFromProducer40/Producer40
http://www4.wiwiss.fu-berlin.de/bizer/bsbm/v01/instances/dataFromProducer103/Product9839;http://purl.org/dc/elements/1.1/date;2001-01-08
http://www4.wiwiss.fu-berlin.de/bizer/bsbm/v01/instances/dataFromProducer42/Product7000;http://www.w3.org/1999/02/22-rdf-syntax-ns#type;http://www4.wiwiss.fu-berlin.de/bizer/bsbm/v01/vocabulary/Product
http://www4.wiwiss.fu-berlin.de/bizer/bsbm/v01/instances/dataFromProducer42/Product7000;http://www.w3.org/1999/02/22-rdf-syntax-ns#type;http://www4.wiwiss.fu-berlin.de/bizer/bsbm/v01/instances/ProductType122
http://www4.wiwiss.fu-berlin.de/bizer/bsbm/v01/instances/dataFromProducer42/Product7000;http://www.w3.org/2000/01/rdf-schema#label;pinchers lousing
http://www4.wiwiss.fu-berlin.de/bizer/bsbm/v01/instances/dataFromProducer42/Product7000;http://www.w3.org/2000/01/rdf-schema#comment;heirlooms operating myope reechoing benumbs teacups peninsular jealousness wharfingers rondeaux intertwines germy yanking wides philologist gasiform shoers shorn womenfolk scone predigests spermatic aneurism varlet actuary curdy accommodates uncommoner exiting cheesiness leprechauns analysts unpredictable shamus shares handpick syllabubs investments travellers wedded fluking zizzles limitative nihilisms deports gloms defrocks sandblasted wrackful hospitium manillas blessedly scarcest incompleteness scuffles prettifying totalitarians pibroch anthropoid osteopathies budgeters zoomorphs surfacer instants familiarizations unwisely libidinized rinsers silkscreening sleave landform geoducks birder shashlik fertilize lurked girthed reawaken clambered drogues hopsacking deputized cheaps reenters cham uncircumcised hibernal ducky destroyed causable kneads recurs cantrips stormed rattly parching migrator gamily finalism ceramists substitutive pleadable centralism entities sequenced
http://www4.wiwiss.fu-berlin.de/bizer/bsbm/v01/instances/dataFromProducer42/Product7000;http://www4.wiwiss.fu-berlin.de/bizer/bsbm/v01/vocabulary/productPropertyNumeric1;559
http://www4.wiwiss.fu-berlin.de/bizer/bsbm/v01/instances/dataFromProducer42/Product7000;http://www4.wiwiss.fu-berlin.de/bizer/bsbm/v01/vocabulary/productPropertyNumeric2;830
http://www4.wiwiss.fu-berlin.de/bizer/bsbm/v01/instances/dataFromProducer42/Product7000;http://www4.wiwiss.fu-berlin.de/bizer/bsbm/v01/vocabulary/productPropertyNumeric3;254
http://www4.wiwiss.fu-berlin.de/bizer/bsbm/v01/instances/dataFromProducer42/Product7000;http://www4.wiwiss.fu-berlin.de/bizer/bsbm/v01/vocabulary/productPropertyNumeric4;515
http://www4.wiwiss.fu-berlin.de/bizer/bsbm/v01/instances/dataFromProducer42/Product7000;http://www4.wiwiss.fu-berlin.de/bizer/bsbm/v01/vocabulary/productPropertyNumeric5;16
http://www4.wiwiss.fu-berlin.de/bizer/bsbm/v01/instances/dataFromProducer42/Product7000;http://www4.wiwiss.fu-berlin.de/bizer/bsbm/v01/vocabulary/productPropertyTextual1;truantry dimwits travellable
http://www4.wiwiss.fu-berlin.de/bizer/bsbm/v01/instances/dataFromProducer42/Product7000;http://www4.wiwiss.fu-berlin.de/bizer/bsbm/v01/vocabulary/productPropertyTextual2;nonseasonal taxiways currentness phaser unpenetrated libelant mongeese sunward wolver bombloads dogie amatively perplexed swindler misdid
http://www4.wiwiss.fu-berlin.de/bizer/bsbm/v01/instances/dataFromProducer42/Product7000;http://www4.wiwiss.fu-berlin.de/bizer/bsbm/v01/vocabulary/productPropertyTextual3;reproducer biparted vicing catnapers practicing
http://www4.wiwiss.fu-berlin.de/bizer/bsbm/v01/instances/dataFromProducer42/Product7000;http://www4.wiwiss.fu-berlin.de/bizer/bsbm/v01/vocabulary/productPropertyTextual4;virulently southeasters burgomaster countertenors
http://www4.wiwiss.fu-berlin.de/bizer/bsbm/v01/instances/dataFromProducer42/Product7000;http://www4.wiwiss.fu-berlin.de/bizer/bsbm/v01/vocabulary/productPropertyTextual5;eviller squushing outlawing
http://www4.wiwiss.fu-berlin.de/bizer/bsbm/v01/instances/dataFromProducer42/Product7000;http://www4.wiwiss.fu-berlin.de/bizer/bsbm/v01/vocabulary/productFeature;http://www4.wiwiss.fu-berlin.de/bizer/bsbm/v01/instances/ProductFeature3800
http://www4.wiwiss.fu-berlin.de/bizer/bsbm/v01/instances/dataFromProducer42/Product7000;http://www4.wiwiss.fu-berlin.de/bizer/bsbm/v01/vocabulary/productFeature;http://www4.wiwiss.fu-berlin.de/bizer/bsbm/v01/instances/ProductFeature3811
http://www4.wiwiss.fu-berlin.de/bizer/bsbm/v01/instances/dataFromProducer42/Product7000;http://www4.wiwiss.fu-berlin.de/bizer/bsbm/v01/vocabulary/productFeature;http://www4.wiwiss.fu-berlin.de/bizer/bsbm/v01/instances/ProductFeature3819
http://www4.wiwiss.fu-berlin.de/bizer/bsbm/v01/instances/dataFromProducer42/Product7000;http://www4.wiwiss.fu-berlin.de/bizer/bsbm/v01/vocabulary/productFeature;http://www4.wiwiss.fu-berlin.de/bizer/bsbm/v01/instances/ProductFeature3821
http://www4.wiwiss.fu-berlin.de/bizer/bsbm/v01/instances/dataFromProducer42/Product7000;http://www4.wiwiss.fu-berlin.de/bizer/bsbm/v01/vocabulary/productFeature;http://www4.wiwiss.fu-berlin.de/bizer/bsbm/v01/instances/ProductFeature3822
http://www4.wiwiss.fu-berlin.de/bizer/bsbm/v01/instances/dataFromProducer42/Product7000;http://www4.wiwiss.fu-berlin.de/bizer/bsbm/v01/vocabulary/productFeature;http://www4.wiwiss.fu-berlin.de/bizer/bsbm/v01/instances/ProductFeature3835
http://www4.wiwiss.fu-berlin.de/bizer/bsbm/v01/instances/dataFromProducer42/Product7000;http://www4.wiwiss.fu-berlin.de/bizer/bsbm/v01/vocabulary/productFeature;http://www4.wiwiss.fu-berlin.de/bizer/bsbm/v01/instances/ProductFeature574
http://www4.wiwiss.fu-berlin.de/bizer/bsbm/v01/instances/dataFromProducer42/Product7000;http://www4.wiwiss.fu-berlin.de/bizer/bsbm/v01/vocabulary/productFeature;http://www4.wiwiss.fu-berlin.de/bizer/bsbm/v01/instances/ProductFeature585
http://www4.wiwiss.fu-berlin.de/bizer/bsbm/v01/instances/dataFromProducer42/Product7000;http://www4.wiwiss.fu-berlin.de/bizer/bsbm/v01/vocabulary/productFeature;http://www4.wiwiss.fu-berlin.de/bizer/bsbm/v01/instances/ProductFeature590
http://www4.wiwiss.fu-berlin.de/bizer/bsbm/v01/instances/dataFromProducer42/Product7000;http://www4.wiwiss.fu-berlin.de/bizer/bsbm/v01/vocabulary/productFeature;http://www4.wiwiss.fu-berlin.de/bizer/bsbm/v01/instances/ProductFeature592
http://www4.wiwiss.fu-berlin.de/bizer/bsbm/v01/instances/dataFromProducer42/Product7000;http://www4.wiwiss.fu-berlin.de/bizer/bsbm/v01/vocabulary/productFeature;http://www4.wiwiss.fu-berlin.de/bizer/bsbm/v01/instances/ProductFeature593
http://www4.wiwiss.fu-berlin.de/bizer/bsbm/v01/instances/dataFromProducer42/Product7000;http://www4.wiwiss.fu-berlin.de/bizer/bsbm/v01/vocabulary/productFeature;http://www4.wiwiss.fu-berlin.de/bizer/bsbm/v01/instances/ProductFeature594
http://www4.wiwiss.fu-berlin.de/bizer/bsbm/v01/instances/dataFromProducer42/Product7000;http://www4.wiwiss.fu-berlin.de/bizer/bsbm/v01/vocabulary/productFeature;http://www4.wiwiss.fu-berlin.de/bizer/bsbm/v01/instances/ProductFeature601
http://www4.wiwiss.fu-berlin.de/bizer/bsbm/v01/instances/dataFromProducer42/Product7000;http://www4.wiwiss.fu-berlin.de/bizer/bsbm/v01/vocabulary/productFeature;http://www4.wiwiss.fu-berlin.de/bizer/bsbm/v01/instances/ProductFeature602
http://www4.wiwiss.fu-berlin.de/bizer/bsbm/v01/instances/dataFromProducer42/Product7000;http://www4.wiwiss.fu-berlin.de/bizer/bsbm/v01/vocabulary/productFeature;http://www4.wiwiss.fu-berlin.de/bizer/bsbm/v01/instances/ProductFeature24
http://www4.wiwiss.fu-berlin.de/bizer/bsbm/v01/instances/dataFromProducer42/Product7000;http://www4.wiwiss.fu-berlin.de/bizer/bsbm/v01/vocabulary/productFeature;http://www4.wiwiss.fu-berlin.de/bizer/bsbm/v01/instances/ProductFeature27
http://www4.wiwiss.fu-berlin.de/bizer/bsbm/v01/instances/dataFromProducer42/Product7000;http://www4.wiwiss.fu-berlin.de/bizer/bsbm/v01/vocabulary/productFeature;http://www4.wiwiss.fu-berlin.de/bizer/bsbm/v01/instances/ProductFeature31
http://www4.wiwiss.fu-berlin.de/bizer/bsbm/v01/instances/dataFromProducer42/Product7000;http://www4.wiwiss.fu-berlin.de/bizer/bsbm/v01/vocabulary/producer;http://www4.wiwiss.fu-berlin.de/bizer/bsbm/v01/instances/dataFromProducer40/Producer40
http://www4.wiwiss.fu-berlin.de/bizer/bsbm/v01/instances/dataFromProducer42/Product7000;http://purl.org/dc/elements/1.1/publisher;http://www4.wiwiss.fu-berlin.de/bizer/bsbm/v01/instances/dataFromProducer40/Producer40
http://www4.wiwiss.fu-berlin.de/bizer/bsbm/v01/instances/dataFromProducer42/Product7000;http://purl.org/dc/elements/1.1/date;2001-01-08
http://www4.wiwiss.fu-berlin.de/bizer/bsbm/v01/instances/dataFromProducer20/Product5903;http://www.w3.org/1999/02/22-rdf-syntax-ns#type;http://www4.wiwiss.fu-berlin.de/bizer/bsbm/v01/vocabulary/Product
http://www4.wiwiss.fu-berlin.de/bizer/bsbm/v01/instances/dataFromProducer20/Product5903;http://www.w3.org/1999/02/22-rdf-syntax-ns#type;http://www4.wiwiss.fu-berlin.de/bizer/bsbm/v01/instances/ProductType122
http://www4.wiwiss.fu-berlin.de/bizer/bsbm/v01/instances/dataFromProducer20/Product5903;http://www.w3.org/2000/01/rdf-schema#label;pinchers lousing
http://www4.wiwiss.fu-berlin.de/bizer/bsbm/v01/instances/dataFromProducer20/Product5903;http://www.w3.org/2000/01/rdf-schema#comment;heirlooms operating myope reechoing benumbs teacups peninsular jealousness wharfingers rondeaux intertwines germy yanking wides philologist gasiform shoers shorn womenfolk scone predigests spermatic aneurism varlet actuary curdy accommodates uncommoner exiting cheesiness leprechauns analysts unpredictable shamus shares handpick syllabubs investments travellers wedded fluking zizzles limitative nihilisms deports gloms defrocks sandblasted wrackful hospitium manillas blessedly scarcest incompleteness scuffles prettifying totalitarians pibroch anthropoid osteopathies budgeters zoomorphs surfacer instants familiarizations unwisely libidinized rinsers silkscreening sleave landform geoducks birder shashlik fertilize lurked girthed reawaken clambered drogues hopsacking deputized cheaps reenters cham uncircumcised hibernal ducky destroyed causable kneads recurs cantrips stormed rattly parching migrator gamily finalism ceramists substitutive pleadable centralism entities sequenced
http://www4.wiwiss.fu-berlin.de/bizer/bsbm/v01/instances/dataFromProducer20/Product5903;http://www4.wiwiss.fu-berlin.de/bizer/bsbm/v01/vocabulary/productPropertyNumeric1;559
http://www4.wiwiss.fu-berlin.de/bizer/bsbm/v01/instances/dataFromProducer20/Product5903;http://www4.wiwiss.fu-berlin.de/bizer/bsbm/v01/vocabulary/productPropertyNumeric2;830
http://www4.wiwiss.fu-berlin.de/bizer/bsbm/v01/instances/dataFromProducer20/Product5903;http://www4.wiwiss.fu-berlin.de/bizer/bsbm/v01/vocabulary/productPropertyNumeric3;254
http://www4.wiwiss.fu-berlin.de/bizer/bsbm/v01/instances/dataFromProducer20/Product5903;http://www4.wiwiss.fu-berlin.de/bizer/bsbm/v01/vocabulary/productPropertyNumeric4;515
http://www4.wiwiss.fu-berlin.de/bizer/bsbm/v01/instances/dataFromProducer20/Product5903;http://www4.wiwiss.fu-berlin.de/bizer/bsbm/v01/vocabulary/productPropertyNumeric5;16
http://www4.wiwiss.fu-berlin.de/bizer/bsbm/v01/instances/dataFromProducer20/Product5903;http://www4.wiwiss.fu-berlin.de/bizer/bsbm/v01/vocabulary/productPropertyTextual1;truantry dimwits travellable
http://www4.wiwiss.fu-berlin.de/bizer/bsbm/v01/instances/dataFromProducer20/Product5903;http://www4.wiwiss.fu-berlin.de/bizer/bsbm/v01/vocabulary/productPropertyTextual2;nonseasonal taxiways currentness phaser unpenetrated libelant mongeese sunward wolver bombloads dogie amatively perplexed swindler misdid
http://www4.wiwiss.fu-berlin.de/bizer/bsbm/v01/instances/dataFromProducer20/Product5903;http://www4.wiwiss.fu-berlin.de/bizer/bsbm/v01/vocabulary/productPropertyTextual3;reproducer biparted vicing catnapers practicing
http://www4.wiwiss.fu-berlin.de/bizer/bsbm/v01/instances/dataFromProducer20/Product5903;http://www4.wiwiss.fu-berlin.de/bizer/bsbm/v01/vocabulary/productPropertyTextual4;virulently southeasters burgomaster countertenors
http://www4.wiwiss.fu-berlin.de/bizer/bsbm/v01/instances/dataFromProducer20/Product5903;http://www4.wiwiss.fu-berlin.de/bizer/bsbm/v01/vocabulary/productPropertyTextual5;eviller squushing outlawing
http://www4.wiwiss.fu-berlin.de/bizer/bsbm/v01/instances/dataFromProducer20/Product5903;http://www4.wiwiss.fu-berlin.de/bizer/bsbm/v01/vocabulary/productFeature;http://www4.wiwiss.fu-berlin.de/bizer/bsbm/v01/instances/ProductFeature3800
http://www4.wiwiss.fu-berlin.de/bizer/bsbm/v01/instances/dataFromProducer20/Product5903;http://www4.wiwiss.fu-berlin.de/bizer/bsbm/v01/vocabulary/productFeature;http://www4.wiwiss.fu-berlin.de/bizer/bsbm/v01/instances/ProductFeature3811
http://www4.wiwiss.fu-berlin.de/bizer/bsbm/v01/instances/dataFromProducer20/Product5903;http://www4.wiwiss.fu-berlin.de/bizer/bsbm/v01/vocabulary/productFeature;http://www4.wiwiss.fu-berlin.de/bizer/bsbm/v01/instances/ProductFeature3819
http://www4.wiwiss.fu-berlin.de/bizer/bsbm/v01/instances/dataFromProducer20/Product5903;http://www4.wiwiss.fu-berlin.de/bizer/bsbm/v01/vocabulary/productFeature;http://www4.wiwiss.fu-berlin.de/bizer/bsbm/v01/instances/ProductFeature3821
http://www4.wiwiss.fu-berlin.de/bizer/bsbm/v01/instances/dataFromProducer20/Product5903;http://www4.wiwiss.fu-berlin.de/bizer/bsbm/v01/vocabulary/productFeature;http://www4.wiwiss.fu-berlin.de/bizer/bsbm/v01/instances/ProductFeature3822
http://www4.wiwiss.fu-berlin.de/bizer/bsbm/v01/instances/dataFromProducer20/Product5903;http://www4.wiwiss.fu-berlin.de/bizer/bsbm/v01/vocabulary/productFeature;http://www4.wiwiss.fu-berlin.de/bizer/bsbm/v01/instances/ProductFeature3835
http://www4.wiwiss.fu-berlin.de/bizer/bsbm/v01/instances/dataFromProducer20/Product5903;http://www4.wiwiss.fu-berlin.de/bizer/bsbm/v01/vocabulary/productFeature;http://www4.wiwiss.fu-berlin.de/bizer/bsbm/v01/instances/ProductFeature574
http://www4.wiwiss.fu-berlin.de/bizer/bsbm/v01/instances/dataFromProducer20/Product5903;http://www4.wiwiss.fu-berlin.de/bizer/bsbm/v01/vocabulary/productFeature;http://www4.wiwiss.fu-berlin.de/bizer/bsbm/v01/instances/ProductFeature585
http://www4.wiwiss.fu-berlin.de/bizer/bsbm/v01/instances/dataFromProducer20/Product5903;http://www4.wiwiss.fu-berlin.de/bizer/bsbm/v01/vocabulary/productFeature;http://www4.wiwiss.fu-berlin.de/bizer/bsbm/v01/instances/ProductFeature590
http://www4.wiwiss.fu-berlin.de/bizer/bsbm/v01/instances/dataFromProducer20/Product5903;http://www4.wiwiss.fu-berlin.de/bizer/bsbm/v01/vocabulary/productFeature;http://www4.wiwiss.fu-berlin.de/bizer/bsbm/v01/instances/ProductFeature592
http://www4.wiwiss.fu-berlin.de/bizer/bsbm/v01/instances/dataFromProducer20/Product5903;http://www4.wiwiss.fu-berlin.de/bizer/bsbm/v01/vocabulary/productFeature;http://www4.wiwiss.fu-berlin.de/bizer/bsbm/v01/instances/ProductFeature593
http://www4.wiwiss.fu-berlin.de/bizer/bsbm/v01/instances/dataFromProducer20/Product5903;http://www4.wiwiss.fu-berlin.de/bizer/bsbm/v01/vocabulary/productFeature;http://www4.wiwiss.fu-berlin.de/bizer/bsbm/v01/instances/ProductFeature594
http://www4.wiwiss.fu-berlin.de/bizer/bsbm/v01/instances/dataFromProducer20/Product5903;http://www4.wiwiss.fu-berlin.de/bizer/bsbm/v01/vocabulary/productFeature;http://www4.wiwiss.fu-berlin.de/bizer/bsbm/v01/instances/ProductFeature601
http://www4.wiwiss.fu-berlin.de/bizer/bsbm/v01/instances/dataFromProducer20/Product5903;http://www4.wiwiss.fu-berlin.de/bizer/bsbm/v01/vocabulary/productFeature;http://www4.wiwiss.fu-berlin.de/bizer/bsbm/v01/instances/ProductFeature602
http://www4.wiwiss.fu-berlin.de/bizer/bsbm/v01/instances/dataFromProducer20/Product5903;http://www4.wiwiss.fu-berlin.de/bizer/bsbm/v01/vocabulary/productFeature;http://www4.wiwiss.fu-berlin.de/bizer/bsbm/v01/instances/ProductFeature24
http://www4.wiwiss.fu-berlin.de/bizer/bsbm/v01/instances/dataFromProducer20/Product5903;http://www4.wiwiss.fu-berlin.de/bizer/bsbm/v01/vocabulary/productFeature;http://www4.wiwiss.fu-berlin.de/bizer/bsbm/v01/instances/ProductFeature27
http://www4.wiwiss.fu-berlin.de/bizer/bsbm/v01/instances/dataFromProducer20/Product5903;http://www4.wiwiss.fu-berlin.de/bizer/bsbm/v01/vocabulary/productFeature;http://www4.wiwiss.fu-berlin.de/bizer/bsbm/v01/instances/ProductFeature31
http://www4.wiwiss.fu-berlin.de/bizer/bsbm/v01/instances/dataFromProducer20/Product5903;http://www4.wiwiss.fu-berlin.de/bizer/bsbm/v01/vocabulary/producer;http://www4.wiwiss.fu-berlin.de/bizer/bsbm/v01/instances/dataFromProducer40/Producer40
http://www4.wiwiss.fu-berlin.de/bizer/bsbm/v01/instances/dataFromProducer20/Product5903;http://purl.org/dc/elements/1.1/publisher;http://www4.wiwiss.fu-berlin.de/bizer/bsbm/v01/instances/dataFromProducer40/Producer40
http://www4.wiwiss.fu-berlin.de/bizer/bsbm/v01/instances/dataFromProducer20/Product5903;http://purl.org/dc/elements/1.1/date;2001-01-08
http://www4.wiwiss.fu-berlin.de/bizer/bsbm/v01/instances/dataFromProducer67/Product8155;http://www.w3.org/1999/02/22-rdf-syntax-ns#type;http://www4.wiwiss.fu-berlin.de/bizer/bsbm/v01/vocabulary/Product
http://www4.wiwiss.fu-berlin.de/bizer/bsbm/v01/instances/dataFromProducer67/Product8155;http://www.w3.org/1999/02/22-rdf-syntax-ns#type;http://www4.wiwiss.fu-berlin.de/bizer/bsbm/v01/instances/ProductType122
http://www4.wiwiss.fu-berlin.de/bizer/bsbm/v01/instances/dataFromProducer67/Product8155;http://www.w3.org/2000/01/rdf-schema#label;pinchers lousing
http://www4.wiwiss.fu-berlin.de/bizer/bsbm/v01/instances/dataFromProducer67/Product8155;http://www.w3.org/2000/01/rdf-schema#comment;heirlooms operating myope reechoing benumbs teacups peninsular jealousness wharfingers rondeaux intertwines germy yanking wides philologist gasiform shoers shorn womenfolk scone predigests spermatic aneurism varlet actuary curdy accommodates uncommoner exiting cheesiness leprechauns analysts unpredictable shamus shares handpick syllabubs investments travellers wedded fluking zizzles limitative nihilisms deports gloms defrocks sandblasted wrackful hospitium manillas blessedly scarcest incompleteness scuffles prettifying totalitarians pibroch anthropoid osteopathies budgeters zoomorphs surfacer instants familiarizations unwisely libidinized rinsers silkscreening sleave landform geoducks birder shashlik fertilize lurked girthed reawaken clambered drogues hopsacking deputized cheaps reenters cham uncircumcised hibernal ducky destroyed causable kneads recurs cantrips stormed rattly parching migrator gamily finalism ceramists substitutive pleadable centralism entities sequenced
http://www4.wiwiss.fu-berlin.de/bizer/bsbm/v01/instances/dataFromProducer67/Product8155;http://www4.wiwiss.fu-berlin.de/bizer/bsbm/v01/vocabulary/productPropertyNumeric1;559
http://www4.wiwiss.fu-berlin.de/bizer/bsbm/v01/instances/dataFromProducer67/Product8155;http://www4.wiwiss.fu-berlin.de/bizer/bsbm/v01/vocabulary/productPropertyNumeric2;830
http://www4.wiwiss.fu-berlin.de/bizer/bsbm/v01/instances/dataFromProducer67/Product8155;http://www4.wiwiss.fu-berlin.de/bizer/bsbm/v01/vocabulary/productPropertyNumeric3;254
http://www4.wiwiss.fu-berlin.de/bizer/bsbm/v01/instances/dataFromProducer67/Product8155;http://www4.wiwiss.fu-berlin.de/bizer/bsbm/v01/vocabulary/productPropertyNumeric4;515
http://www4.wiwiss.fu-berlin.de/bizer/bsbm/v01/instances/dataFromProducer67/Product8155;http://www4.wiwiss.fu-berlin.de/bizer/bsbm/v01/vocabulary/productPropertyNumeric5;16
http://www4.wiwiss.fu-berlin.de/bizer/bsbm/v01/instances/dataFromProducer67/Product8155;http://www4.wiwiss.fu-berlin.de/bizer/bsbm/v01/vocabulary/productPropertyTextual1;truantry dimwits travellable
http://www4.wiwiss.fu-berlin.de/bizer/bsbm/v01/instances/dataFromProducer67/Product8155;http://www4.wiwiss.fu-berlin.de/bizer/bsbm/v01/vocabulary/productPropertyTextual2;nonseasonal taxiways currentness phaser unpenetrated libelant mongeese sunward wolver bombloads dogie amatively perplexed swindler misdid
http://www4.wiwiss.fu-berlin.de/bizer/bsbm/v01/instances/dataFromProducer67/Product8155;http://www4.wiwiss.fu-berlin.de/bizer/bsbm/v01/vocabulary/productPropertyTextual3;reproducer biparted vicing catnapers practicing
http://www4.wiwiss.fu-berlin.de/bizer/bsbm/v01/instances/dataFromProducer67/Product8155;http://www4.wiwiss.fu-berlin.de/bizer/bsbm/v01/vocabulary/productPropertyTextual4;virulently southeasters burgomaster countertenors
http://www4.wiwiss.fu-berlin.de/bizer/bsbm/v01/instances/dataFromProducer67/Product8155;http://www4.wiwiss.fu-berlin.de/bizer/bsbm/v01/vocabulary/productPropertyTextual5;eviller squushing outlawing
http://www4.wiwiss.fu-berlin.de/bizer/bsbm/v01/instances/dataFromProducer67/Product8155;http://www4.wiwiss.fu-berlin.de/bizer/bsbm/v01/vocabulary/productFeature;http://www4.wiwiss.fu-berlin.de/bizer/bsbm/v01/instances/ProductFeature3800
http://www4.wiwiss.fu-berlin.de/bizer/bsbm/v01/instances/dataFromProducer67/Product8155;http://www4.wiwiss.fu-berlin.de/bizer/bsbm/v01/vocabulary/productFeature;http://www4.wiwiss.fu-berlin.de/bizer/bsbm/v01/instances/ProductFeature3811
http://www4.wiwiss.fu-berlin.de/bizer/bsbm/v01/instances/dataFromProducer67/Product8155;http://www4.wiwiss.fu-berlin.de/bizer/bsbm/v01/vocabulary/productFeature;http://www4.wiwiss.fu-berlin.de/bizer/bsbm/v01/instances/ProductFeature3819
http://www4.wiwiss.fu-berlin.de/bizer/bsbm/v01/instances/dataFromProducer67/Product8155;http://www4.wiwiss.fu-berlin.de/bizer/bsbm/v01/vocabulary/productFeature;http://www4.wiwiss.fu-berlin.de/bizer/bsbm/v01/instances/ProductFeature3821
http://www4.wiwiss.fu-berlin.de/bizer/bsbm/v01/instances/dataFromProducer67/Product8155;http://www4.wiwiss.fu-berlin.de/bizer/bsbm/v01/vocabulary/productFeature;http://www4.wiwiss.fu-berlin.de/bizer/bsbm/v01/instances/ProductFeature3822
http://www4.wiwiss.fu-berlin.de/bizer/bsbm/v01/instances/dataFromProducer67/Product8155;http://www4.wiwiss.fu-berlin.de/bizer/bsbm/v01/vocabulary/productFeature;http://www4.wiwiss.fu-berlin.de/bizer/bsbm/v01/instances/ProductFeature3835
http://www4.wiwiss.fu-berlin.de/bizer/bsbm/v01/instances/dataFromProducer67/Product8155;http://www4.wiwiss.fu-berlin.de/bizer/bsbm/v01/vocabulary/productFeature;http://www4.wiwiss.fu-berlin.de/bizer/bsbm/v01/instances/ProductFeature574
http://www4.wiwiss.fu-berlin.de/bizer/bsbm/v01/instances/dataFromProducer67/Product8155;http://www4.wiwiss.fu-berlin.de/bizer/bsbm/v01/vocabulary/productFeature;http://www4.wiwiss.fu-berlin.de/bizer/bsbm/v01/instances/ProductFeature585
http://www4.wiwiss.fu-berlin.de/bizer/bsbm/v01/instances/dataFromProducer67/Product8155;http://www4.wiwiss.fu-berlin.de/bizer/bsbm/v01/vocabulary/productFeature;http://www4.wiwiss.fu-berlin.de/bizer/bsbm/v01/instances/ProductFeature590
http://www4.wiwiss.fu-berlin.de/bizer/bsbm/v01/instances/dataFromProducer67/Product8155;http://www4.wiwiss.fu-berlin.de/bizer/bsbm/v01/vocabulary/productFeature;http://www4.wiwiss.fu-berlin.de/bizer/bsbm/v01/instances/ProductFeature592
http://www4.wiwiss.fu-berlin.de/bizer/bsbm/v01/instances/dataFromProducer67/Product8155;http://www4.wiwiss.fu-berlin.de/bizer/bsbm/v01/vocabulary/productFeature;http://www4.wiwiss.fu-berlin.de/bizer/bsbm/v01/instances/ProductFeature593
http://www4.wiwiss.fu-berlin.de/bizer/bsbm/v01/instances/dataFromProducer67/Product8155;http://www4.wiwiss.fu-berlin.de/bizer/bsbm/v01/vocabulary/productFeature;http://www4.wiwiss.fu-berlin.de/bizer/bsbm/v01/instances/ProductFeature594
http://www4.wiwiss.fu-berlin.de/bizer/bsbm/v01/instances/dataFromProducer67/Product8155;http://www4.wiwiss.fu-berlin.de/bizer/bsbm/v01/vocabulary/productFeature;http://www4.wiwiss.fu-berlin.de/bizer/bsbm/v01/instances/ProductFeature601
http://www4.wiwiss.fu-berlin.de/bizer/bsbm/v01/instances/dataFromProducer67/Product8155;http://www4.wiwiss.fu-berlin.de/bizer/bsbm/v01/vocabulary/productFeature;http://www4.wiwiss.fu-berlin.de/bizer/bsbm/v01/instances/ProductFeature602
http://www4.wiwiss.fu-berlin.de/bizer/bsbm/v01/instances/dataFromProducer67/Product8155;http://www4.wiwiss.fu-berlin.de/bizer/bsbm/v01/vocabulary/productFeature;http://www4.wiwiss.fu-berlin.de/bizer/bsbm/v01/instances/ProductFeature24
http://www4.wiwiss.fu-berlin.de/bizer/bsbm/v01/instances/dataFromProducer67/Product8155;http://www4.wiwiss.fu-berlin.de/bizer/bsbm/v01/vocabulary/productFeature;http://www4.wiwiss.fu-berlin.de/bizer/bsbm/v01/instances/ProductFeature27
http://www4.wiwiss.fu-berlin.de/bizer/bsbm/v01/instances/dataFromProducer67/Product8155;http://www4.wiwiss.fu-berlin.de/bizer/bsbm/v01/vocabulary/productFeature;http://www4.wiwiss.fu-berlin.de/bizer/bsbm/v01/instances/ProductFeature31
http://www4.wiwiss.fu-berlin.de/bizer/bsbm/v01/instances/dataFromProducer67/Product8155;http://www4.wiwiss.fu-berlin.de/bizer/bsbm/v01/vocabulary/producer;http://www4.wiwiss.fu-berlin.de/bizer/bsbm/v01/instances/dataFromProducer40/Producer40
http://www4.wiwiss.fu-berlin.de/bizer/bsbm/v01/instances/dataFromProducer67/Product8155;http://purl.org/dc/elements/1.1/publisher;http://www4.wiwiss.fu-berlin.de/bizer/bsbm/v01/instances/dataFromProducer40/Producer40
http://www4.wiwiss.fu-berlin.de/bizer/bsbm/v01/instances/dataFromProducer67/Product8155;http://purl.org/dc/elements/1.1/date;2001-01-08
http://www4.wiwiss.fu-berlin.de/bizer/bsbm/v01/instances/dataFromProducer59/Product7733;http://www.w3.org/1999/02/22-rdf-syntax-ns#type;http://www4.wiwiss.fu-berlin.de/bizer/bsbm/v01/vocabulary/Product
http://www4.wiwiss.fu-berlin.de/bizer/bsbm/v01/instances/dataFromProducer59/Product7733;http://www.w3.org/1999/02/22-rdf-syntax-ns#type;http://www4.wiwiss.fu-berlin.de/bizer/bsbm/v01/instances/ProductType122
http://www4.wiwiss.fu-berlin.de/bizer/bsbm/v01/instances/dataFromProducer59/Product7733;http://www.w3.org/2000/01/rdf-schema#label;pinchers lousing
http://www4.wiwiss.fu-berlin.de/bizer/bsbm/v01/instances/dataFromProducer59/Product7733;http://www.w3.org/2000/01/rdf-schema#comment;heirlooms operating myope reechoing benumbs teacups peninsular jealousness wharfingers rondeaux intertwines germy yanking wides philologist gasiform shoers shorn womenfolk scone predigests spermatic aneurism varlet actuary curdy accommodates uncommoner exiting cheesiness leprechauns analysts unpredictable shamus shares handpick syllabubs investments travellers wedded fluking zizzles limitative nihilisms deports gloms defrocks sandblasted wrackful hospitium manillas blessedly scarcest incompleteness scuffles prettifying totalitarians pibroch anthropoid osteopathies budgeters zoomorphs surfacer instants familiarizations unwisely libidinized rinsers silkscreening sleave landform geoducks birder shashlik fertilize lurked girthed reawaken clambered drogues hopsacking deputized cheaps reenters cham uncircumcised hibernal ducky destroyed causable kneads recurs cantrips stormed rattly parching migrator gamily finalism ceramists substitutive pleadable centralism entities sequenced
http://www4.wiwiss.fu-berlin.de/bizer/bsbm/v01/instances/dataFromProducer59/Product7733;http://www4.wiwiss.fu-berlin.de/bizer/bsbm/v01/vocabulary/productPropertyNumeric1;559
http://www4.wiwiss.fu-berlin.de/bizer/bsbm/v01/instances/dataFromProducer59/Product7733;http://www4.wiwiss.fu-berlin.de/bizer/bsbm/v01/vocabulary/productPropertyNumeric2;830
http://www4.wiwiss.fu-berlin.de/bizer/bsbm/v01/instances/dataFromProducer59/Product7733;http://www4.wiwiss.fu-berlin.de/bizer/bsbm/v01/vocabulary/productPropertyNumeric3;254
http://www4.wiwiss.fu-berlin.de/bizer/bsbm/v01/instances/dataFromProducer59/Product7733;http://www4.wiwiss.fu-berlin.de/bizer/bsbm/v01/vocabulary/productPropertyNumeric4;515
http://www4.wiwiss.fu-berlin.de/bizer/bsbm/v01/instances/dataFromProducer59/Product7733;http://www4.wiwiss.fu-berlin.de/bizer/bsbm/v01/vocabulary/productPropertyNumeric5;16
http://www4.wiwiss.fu-berlin.de/bizer/bsbm/v01/instances/dataFromProducer59/Product7733;http://www4.wiwiss.fu-berlin.de/bizer/bsbm/v01/vocabulary/productPropertyTextual1;truantry dimwits travellable
http://www4.wiwiss.fu-berlin.de/bizer/bsbm/v01/instances/dataFromProducer59/Product7733;http://www4.wiwiss.fu-berlin.de/bizer/bsbm/v01/vocabulary/productPropertyTextual2;nonseasonal taxiways currentness phaser unpenetrated libelant mongeese sunward wolver bombloads dogie amatively perplexed swindler misdid
http://www4.wiwiss.fu-berlin.de/bizer/bsbm/v01/instances/dataFromProducer59/Product7733;http://www4.wiwiss.fu-berlin.de/bizer/bsbm/v01/vocabulary/productPropertyTextual3;reproducer biparted vicing catnapers practicing
http://www4.wiwiss.fu-berlin.de/bizer/bsbm/v01/instances/dataFromProducer59/Product7733;http://www4.wiwiss.fu-berlin.de/bizer/bsbm/v01/vocabulary/productPropertyTextual4;virulently southeasters burgomaster countertenors
http://www4.wiwiss.fu-berlin.de/bizer/bsbm/v01/instances/dataFromProducer59/Product7733;http://www4.wiwiss.fu-berlin.de/bizer/bsbm/v01/vocabulary/productPropertyTextual5;eviller squushing outlawing
http://www4.wiwiss.fu-berlin.de/bizer/bsbm/v01/instances/dataFromProducer59/Product7733;http://www4.wiwiss.fu-berlin.de/bizer/bsbm/v01/vocabulary/productFeature;http://www4.wiwiss.fu-berlin.de/bizer/bsbm/v01/instances/ProductFeature3800
http://www4.wiwiss.fu-berlin.de/bizer/bsbm/v01/instances/dataFromProducer59/Product7733;http://www4.wiwiss.fu-berlin.de/bizer/bsbm/v01/vocabulary/productFeature;http://www4.wiwiss.fu-berlin.de/bizer/bsbm/v01/instances/ProductFeature3811
http://www4.wiwiss.fu-berlin.de/bizer/bsbm/v01/instances/dataFromProducer59/Product7733;http://www4.wiwiss.fu-berlin.de/bizer/bsbm/v01/vocabulary/productFeature;http://www4.wiwiss.fu-berlin.de/bizer/bsbm/v01/instances/ProductFeature3819
http://www4.wiwiss.fu-berlin.de/bizer/bsbm/v01/instances/dataFromProducer59/Product7733;http://www4.wiwiss.fu-berlin.de/bizer/bsbm/v01/vocabulary/productFeature;http://www4.wiwiss.fu-berlin.de/bizer/bsbm/v01/instances/ProductFeature3821
http://www4.wiwiss.fu-berlin.de/bizer/bsbm/v01/instances/dataFromProducer59/Product7733;http://www4.wiwiss.fu-berlin.de/bizer/bsbm/v01/vocabulary/productFeature;http://www4.wiwiss.fu-berlin.de/bizer/bsbm/v01/instances/ProductFeature3822
http://www4.wiwiss.fu-berlin.de/bizer/bsbm/v01/instances/dataFromProducer59/Product7733;http://www4.wiwiss.fu-berlin.de/bizer/bsbm/v01/vocabulary/productFeature;http://www4.wiwiss.fu-berlin.de/bizer/bsbm/v01/instances/ProductFeature3835
http://www4.wiwiss.fu-berlin.de/bizer/bsbm/v01/instances/dataFromProducer59/Product7733;http://www4.wiwiss.fu-berlin.de/bizer/bsbm/v01/vocabulary/productFeature;http://www4.wiwiss.fu-berlin.de/bizer/bsbm/v01/instances/ProductFeature574
http://www4.wiwiss.fu-berlin.de/bizer/bsbm/v01/instances/dataFromProducer59/Product7733;http://www4.wiwiss.fu-berlin.de/bizer/bsbm/v01/vocabulary/productFeature;http://www4.wiwiss.fu-berlin.de/bizer/bsbm/v01/instances/ProductFeature585
http://www4.wiwiss.fu-berlin.de/bizer/bsbm/v01/instances/dataFromProducer59/Product7733;http://www4.wiwiss.fu-berlin.de/bizer/bsbm/v01/vocabulary/productFeature;http://www4.wiwiss.fu-berlin.de/bizer/bsbm/v01/instances/ProductFeature590
http://www4.wiwiss.fu-berlin.de/bizer/bsbm/v01/instances/dataFromProducer59/Product7733;http://www4.wiwiss.fu-berlin.de/bizer/bsbm/v01/vocabulary/productFeature;http://www4.wiwiss.fu-berlin.de/bizer/bsbm/v01/instances/ProductFeature592
http://www4.wiwiss.fu-berlin.de/bizer/bsbm/v01/instances/dataFromProducer59/Product7733;http://www4.wiwiss.fu-berlin.de/bizer/bsbm/v01/vocabulary/productFeature;http://www4.wiwiss.fu-berlin.de/bizer/bsbm/v01/instances/ProductFeature593
http://www4.wiwiss.fu-berlin.de/bizer/bsbm/v01/instances/dataFromProducer59/Product7733;http://www4.wiwiss.fu-berlin.de/bizer/bsbm/v01/vocabulary/productFeature;http://www4.wiwiss.fu-berlin.de/bizer/bsbm/v01/instances/ProductFeature594
http://www4.wiwiss.fu-berlin.de/bizer/bsbm/v01/instances/dataFromProducer59/Product7733;http://www4.wiwiss.fu-berlin.de/bizer/bsbm/v01/vocabulary/productFeature;http://www4.wiwiss.fu-berlin.de/bizer/bsbm/v01/instances/ProductFeature601
http://www4.wiwiss.fu-berlin.de/bizer/bsbm/v01/instances/dataFromProducer59/Product7733;http://www4.wiwiss.fu-berlin.de/bizer/bsbm/v01/vocabulary/productFeature;http://www4.wiwiss.fu-berlin.de/bizer/bsbm/v01/instances/ProductFeature602
http://www4.wiwiss.fu-berlin.de/bizer/bsbm/v01/instances/dataFromProducer59/Product7733;http://www4.wiwiss.fu-berlin.de/bizer/bsbm/v01/vocabulary/productFeature;http://www4.wiwiss.fu-berlin.de/bizer/bsbm/v01/instances/ProductFeature24
http://www4.wiwiss.fu-berlin.de/bizer/bsbm/v01/instances/dataFromProducer59/Product7733;http://www4.wiwiss.fu-berlin.de/bizer/bsbm/v01/vocabulary/productFeature;http://www4.wiwiss.fu-berlin.de/bizer/bsbm/v01/instances/ProductFeature27
http://www4.wiwiss.fu-berlin.de/bizer/bsbm/v01/instances/dataFromProducer59/Product7733;http://www4.wiwiss.fu-berlin.de/bizer/bsbm/v01/vocabulary/productFeature;http://www4.wiwiss.fu-berlin.de/bizer/bsbm/v01/instances/ProductFeature31
http://www4.wiwiss.fu-berlin.de/bizer/bsbm/v01/instances/dataFromProducer59/Product7733;http://www4.wiwiss.fu-berlin.de/bizer/bsbm/v01/vocabulary/producer;http://www4.wiwiss.fu-berlin.de/bizer/bsbm/v01/instances/dataFromProducer40/Producer40
http://www4.wiwiss.fu-berlin.de/bizer/bsbm/v01/instances/dataFromProducer59/Product7733;http://purl.org/dc/elements/1.1/publisher;http://www4.wiwiss.fu-berlin.de/bizer/bsbm/v01/instances/dataFromProducer40/Producer40
http://www4.wiwiss.fu-berlin.de/bizer/bsbm/v01/instances/dataFromProducer59/Product7733;http://purl.org/dc/elements/1.1/date;2001-01-08
http://www4.wiwiss.fu-berlin.de/bizer/bsbm/v01/instances/dataFromProducer105/Product9949;http://www.w3.org/1999/02/22-rdf-syntax-ns#type;http://www4.wiwiss.fu-berlin.de/bizer/bsbm/v01/vocabulary/Product
http://www4.wiwiss.fu-berlin.de/bizer/bsbm/v01/instances/dataFromProducer105/Product9949;http://www.w3.org/1999/02/22-rdf-syntax-ns#type;http://www4.wiwiss.fu-berlin.de/bizer/bsbm/v01/instances/ProductType122
http://www4.wiwiss.fu-berlin.de/bizer/bsbm/v01/instances/dataFromProducer105/Product9949;http://www.w3.org/2000/01/rdf-schema#label;pinchers lousing
http://www4.wiwiss.fu-berlin.de/bizer/bsbm/v01/instances/dataFromProducer105/Product9949;http://www.w3.org/2000/01/rdf-schema#comment;heirlooms operating myope reechoing benumbs teacups peninsular jealousness wharfingers rondeaux intertwines germy yanking wides philologist gasiform shoers shorn womenfolk scone predigests spermatic aneurism varlet actuary curdy accommodates uncommoner exiting cheesiness leprechauns analysts unpredictable shamus shares handpick syllabubs investments travellers wedded fluking zizzles limitative nihilisms deports gloms defrocks sandblasted wrackful hospitium manillas blessedly scarcest incompleteness scuffles prettifying totalitarians pibroch anthropoid osteopathies budgeters zoomorphs surfacer instants familiarizations unwisely libidinized rinsers silkscreening sleave landform geoducks birder shashlik fertilize lurked girthed reawaken clambered drogues hopsacking deputized cheaps reenters cham uncircumcised hibernal ducky destroyed causable kneads recurs cantrips stormed rattly parching migrator gamily finalism ceramists substitutive pleadable centralism entities sequenced
http://www4.wiwiss.fu-berlin.de/bizer/bsbm/v01/instances/dataFromProducer105/Product9949;http://www4.wiwiss.fu-berlin.de/bizer/bsbm/v01/vocabulary/productPropertyNumeric1;559
http://www4.wiwiss.fu-berlin.de/bizer/bsbm/v01/instances/dataFromProducer105/Product9949;http://www4.wiwiss.fu-berlin.de/bizer/bsbm/v01/vocabulary/productPropertyNumeric2;830
http://www4.wiwiss.fu-berlin.de/bizer/bsbm/v01/instances/dataFromProducer105/Product9949;http://www4.wiwiss.fu-berlin.de/bizer/bsbm/v01/vocabulary/productPropertyNumeric3;254
http://www4.wiwiss.fu-berlin.de/bizer/bsbm/v01/instances/dataFromProducer105/Product9949;http://www4.wiwiss.fu-berlin.de/bizer/bsbm/v01/vocabulary/productPropertyNumeric4;515
http://www4.wiwiss.fu-berlin.de/bizer/bsbm/v01/instances/dataFromProducer105/Product9949;http://www4.wiwiss.fu-berlin.de/bizer/bsbm/v01/vocabulary/productPropertyNumeric5;16
http://www4.wiwiss.fu-berlin.de/bizer/bsbm/v01/instances/dataFromProducer105/Product9949;http://www4.wiwiss.fu-berlin.de/bizer/bsbm/v01/vocabulary/productPropertyTextual1;truantry dimwits travellable
http://www4.wiwiss.fu-berlin.de/bizer/bsbm/v01/instances/dataFromProducer105/Product9949;http://www4.wiwiss.fu-berlin.de/bizer/bsbm/v01/vocabulary/productPropertyTextual2;nonseasonal taxiways currentness phaser unpenetrated libelant mongeese sunward wolver bombloads dogie amatively perplexed swindler misdid
http://www4.wiwiss.fu-berlin.de/bizer/bsbm/v01/instances/dataFromProducer105/Product9949;http://www4.wiwiss.fu-berlin.de/bizer/bsbm/v01/vocabulary/productPropertyTextual3;reproducer biparted vicing catnapers practicing
http://www4.wiwiss.fu-berlin.de/bizer/bsbm/v01/instances/dataFromProducer105/Product9949;http://www4.wiwiss.fu-berlin.de/bizer/bsbm/v01/vocabulary/productPropertyTextual4;virulently southeasters burgomaster countertenors
http://www4.wiwiss.fu-berlin.de/bizer/bsbm/v01/instances/dataFromProducer105/Product9949;http://www4.wiwiss.fu-berlin.de/bizer/bsbm/v01/vocabulary/productPropertyTextual5;eviller squushing outlawing
http://www4.wiwiss.fu-berlin.de/bizer/bsbm/v01/instances/dataFromProducer105/Product9949;http://www4.wiwiss.fu-berlin.de/bizer/bsbm/v01/vocabulary/productFeature;http://www4.wiwiss.fu-berlin.de/bizer/bsbm/v01/instances/ProductFeature3800
http://www4.wiwiss.fu-berlin.de/bizer/bsbm/v01/instances/dataFromProducer105/Product9949;http://www4.wiwiss.fu-berlin.de/bizer/bsbm/v01/vocabulary/productFeature;http://www4.wiwiss.fu-berlin.de/bizer/bsbm/v01/instances/ProductFeature3811
http://www4.wiwiss.fu-berlin.de/bizer/bsbm/v01/instances/dataFromProducer105/Product9949;http://www4.wiwiss.fu-berlin.de/bizer/bsbm/v01/vocabulary/productFeature;http://www4.wiwiss.fu-berlin.de/bizer/bsbm/v01/instances/ProductFeature3819
http://www4.wiwiss.fu-berlin.de/bizer/bsbm/v01/instances/dataFromProducer105/Product9949;http://www4.wiwiss.fu-berlin.de/bizer/bsbm/v01/vocabulary/productFeature;http://www4.wiwiss.fu-berlin.de/bizer/bsbm/v01/instances/ProductFeature3821
http://www4.wiwiss.fu-berlin.de/bizer/bsbm/v01/instances/dataFromProducer105/Product9949;http://www4.wiwiss.fu-berlin.de/bizer/bsbm/v01/vocabulary/productFeature;http://www4.wiwiss.fu-berlin.de/bizer/bsbm/v01/instances/ProductFeature3822
http://www4.wiwiss.fu-berlin.de/bizer/bsbm/v01/instances/dataFromProducer105/Product9949;http://www4.wiwiss.fu-berlin.de/bizer/bsbm/v01/vocabulary/productFeature;http://www4.wiwiss.fu-berlin.de/bizer/bsbm/v01/instances/ProductFeature3835
http://www4.wiwiss.fu-berlin.de/bizer/bsbm/v01/instances/dataFromProducer105/Product9949;http://www4.wiwiss.fu-berlin.de/bizer/bsbm/v01/vocabulary/productFeature;http://www4.wiwiss.fu-berlin.de/bizer/bsbm/v01/instances/ProductFeature574
http://www4.wiwiss.fu-berlin.de/bizer/bsbm/v01/instances/dataFromProducer105/Product9949;http://www4.wiwiss.fu-berlin.de/bizer/bsbm/v01/vocabulary/productFeature;http://www4.wiwiss.fu-berlin.de/bizer/bsbm/v01/instances/ProductFeature585
http://www4.wiwiss.fu-berlin.de/bizer/bsbm/v01/instances/dataFromProducer105/Product9949;http://www4.wiwiss.fu-berlin.de/bizer/bsbm/v01/vocabulary/productFeature;http://www4.wiwiss.fu-berlin.de/bizer/bsbm/v01/instances/ProductFeature590
http://www4.wiwiss.fu-berlin.de/bizer/bsbm/v01/instances/dataFromProducer105/Product9949;http://www4.wiwiss.fu-berlin.de/bizer/bsbm/v01/vocabulary/productFeature;http://www4.wiwiss.fu-berlin.de/bizer/bsbm/v01/instances/ProductFeature592
http://www4.wiwiss.fu-berlin.de/bizer/bsbm/v01/instances/dataFromProducer105/Product9949;http://www4.wiwiss.fu-berlin.de/bizer/bsbm/v01/vocabulary/productFeature;http://www4.wiwiss.fu-berlin.de/bizer/bsbm/v01/instances/ProductFeature593
http://www4.wiwiss.fu-berlin.de/bizer/bsbm/v01/instances/dataFromProducer105/Product9949;http://www4.wiwiss.fu-berlin.de/bizer/bsbm/v01/vocabulary/productFeature;http://www4.wiwiss.fu-berlin.de/bizer/bsbm/v01/instances/ProductFeature594
http://www4.wiwiss.fu-berlin.de/bizer/bsbm/v01/instances/dataFromProducer105/Product9949;http://www4.wiwiss.fu-berlin.de/bizer/bsbm/v01/vocabulary/productFeature;http://www4.wiwiss.fu-berlin.de/bizer/bsbm/v01/instances/ProductFeature601
http://www4.wiwiss.fu-berlin.de/bizer/bsbm/v01/instances/dataFromProducer105/Product9949;http://www4.wiwiss.fu-berlin.de/bizer/bsbm/v01/vocabulary/productFeature;http://www4.wiwiss.fu-berlin.de/bizer/bsbm/v01/instances/ProductFeature602
http://www4.wiwiss.fu-berlin.de/bizer/bsbm/v01/instances/dataFromProducer105/Product9949;http://www4.wiwiss.fu-berlin.de/bizer/bsbm/v01/vocabulary/productFeature;http://www4.wiwiss.fu-berlin.de/bizer/bsbm/v01/instances/ProductFeature24
http://www4.wiwiss.fu-berlin.de/bizer/bsbm/v01/instances/dataFromProducer105/Product9949;http://www4.wiwiss.fu-berlin.de/bizer/bsbm/v01/vocabulary/productFeature;http://www4.wiwiss.fu-berlin.de/bizer/bsbm/v01/instances/ProductFeature27
http://www4.wiwiss.fu-berlin.de/bizer/bsbm/v01/instances/dataFromProducer105/Product9949;http://www4.wiwiss.fu-berlin.de/bizer/bsbm/v01/vocabulary/productFeature;http://www4.wiwiss.fu-berlin.de/bizer/bsbm/v01/instances/ProductFeature31
http://www4.wiwiss.fu-berlin.de/bizer/bsbm/v01/instances/dataFromProducer105/Product9949;http://www4.wiwiss.fu-berlin.de/bizer/bsbm/v01/vocabulary/producer;http://www4.wiwiss.fu-berlin.de/bizer/bsbm/v01/instances/dataFromProducer40/Producer40
http://www4.wiwiss.fu-berlin.de/bizer/bsbm/v01/instances/dataFromProducer105/Product9949;http://purl.org/dc/elements/1.1/publisher;http://www4.wiwiss.fu-berlin.de/bizer/bsbm/v01/instances/dataFromProducer40/Producer40
http://www4.wiwiss.fu-berlin.de/bizer/bsbm/v01/instances/dataFromProducer105/Product9949;http://purl.org/dc/elements/1.1/date;2001-01-08
http://www4.wiwiss.fu-berlin.de/bizer/bsbm/v01/instances/dataFromProducer68/Product8215;http://www.w3.org/1999/02/22-rdf-syntax-ns#type;http://www4.wiwiss.fu-berlin.de/bizer/bsbm/v01/vocabulary/Product
http://www4.wiwiss.fu-berlin.de/bizer/bsbm/v01/instances/dataFromProducer68/Product8215;http://www.w3.org/1999/02/22-rdf-syntax-ns#type;http://www4.wiwiss.fu-berlin.de/bizer/bsbm/v01/instances/ProductType122
http://www4.wiwiss.fu-berlin.de/bizer/bsbm/v01/instances/dataFromProducer68/Product8215;http://www.w3.org/2000/01/rdf-schema#label;pinchers lousing
http://www4.wiwiss.fu-berlin.de/bizer/bsbm/v01/instances/dataFromProducer68/Product8215;http://www.w3.org/2000/01/rdf-schema#comment;heirlooms operating myope reechoing benumbs teacups peninsular jealousness wharfingers rondeaux intertwines germy yanking wides philologist gasiform shoers shorn womenfolk scone predigests spermatic aneurism varlet actuary curdy accommodates uncommoner exiting cheesiness leprechauns analysts unpredictable shamus shares handpick syllabubs investments travellers wedded fluking zizzles limitative nihilisms deports gloms defrocks sandblasted wrackful hospitium manillas blessedly scarcest incompleteness scuffles prettifying totalitarians pibroch anthropoid osteopathies budgeters zoomorphs surfacer instants familiarizations unwisely libidinized rinsers silkscreening sleave landform geoducks birder shashlik fertilize lurked girthed reawaken clambered drogues hopsacking deputized cheaps reenters cham uncircumcised hibernal ducky destroyed causable kneads recurs cantrips stormed rattly parching migrator gamily finalism ceramists substitutive pleadable centralism entities sequenced
http://www4.wiwiss.fu-berlin.de/bizer/bsbm/v01/instances/dataFromProducer68/Product8215;http://www4.wiwiss.fu-berlin.de/bizer/bsbm/v01/vocabulary/productPropertyNumeric1;559
http://www4.wiwiss.fu-berlin.de/bizer/bsbm/v01/instances/dataFromProducer68/Product8215;http://www4.wiwiss.fu-berlin.de/bizer/bsbm/v01/vocabulary/productPropertyNumeric2;830
http://www4.wiwiss.fu-berlin.de/bizer/bsbm/v01/instances/dataFromProducer68/Product8215;http://www4.wiwiss.fu-berlin.de/bizer/bsbm/v01/vocabulary/productPropertyNumeric3;254
http://www4.wiwiss.fu-berlin.de/bizer/bsbm/v01/instances/dataFromProducer68/Product8215;http://www4.wiwiss.fu-berlin.de/bizer/bsbm/v01/vocabulary/productPropertyNumeric4;515
http://www4.wiwiss.fu-berlin.de/bizer/bsbm/v01/instances/dataFromProducer68/Product8215;http://www4.wiwiss.fu-berlin.de/bizer/bsbm/v01/vocabulary/productPropertyNumeric5;16
http://www4.wiwiss.fu-berlin.de/bizer/bsbm/v01/instances/dataFromProducer68/Product8215;http://www4.wiwiss.fu-berlin.de/bizer/bsbm/v01/vocabulary/productPropertyTextual1;truantry dimwits travellable
http://www4.wiwiss.fu-berlin.de/bizer/bsbm/v01/instances/dataFromProducer68/Product8215;http://www4.wiwiss.fu-berlin.de/bizer/bsbm/v01/vocabulary/productPropertyTextual2;nonseasonal taxiways currentness phaser unpenetrated libelant mongeese sunward wolver bombloads dogie amatively perplexed swindler misdid
http://www4.wiwiss.fu-berlin.de/bizer/bsbm/v01/instances/dataFromProducer68/Product8215;http://www4.wiwiss.fu-berlin.de/bizer/bsbm/v01/vocabulary/productPropertyTextual3;reproducer biparted vicing catnapers practicing
http://www4.wiwiss.fu-berlin.de/bizer/bsbm/v01/instances/dataFromProducer68/Product8215;http://www4.wiwiss.fu-berlin.de/bizer/bsbm/v01/vocabulary/productPropertyTextual4;virulently southeasters burgomaster countertenors
http://www4.wiwiss.fu-berlin.de/bizer/bsbm/v01/instances/dataFromProducer68/Product8215;http://www4.wiwiss.fu-berlin.de/bizer/bsbm/v01/vocabulary/productPropertyTextual5;eviller squushing outlawing
http://www4.wiwiss.fu-berlin.de/bizer/bsbm/v01/instances/dataFromProducer68/Product8215;http://www4.wiwiss.fu-berlin.de/bizer/bsbm/v01/vocabulary/productFeature;http://www4.wiwiss.fu-berlin.de/bizer/bsbm/v01/instances/ProductFeature3800
http://www4.wiwiss.fu-berlin.de/bizer/bsbm/v01/instances/dataFromProducer68/Product8215;http://www4.wiwiss.fu-berlin.de/bizer/bsbm/v01/vocabulary/productFeature;http://www4.wiwiss.fu-berlin.de/bizer/bsbm/v01/instances/ProductFeature3811
http://www4.wiwiss.fu-berlin.de/bizer/bsbm/v01/instances/dataFromProducer68/Product8215;http://www4.wiwiss.fu-berlin.de/bizer/bsbm/v01/vocabulary/productFeature;http://www4.wiwiss.fu-berlin.de/bizer/bsbm/v01/instances/ProductFeature3819
http://www4.wiwiss.fu-berlin.de/bizer/bsbm/v01/instances/dataFromProducer68/Product8215;http://www4.wiwiss.fu-berlin.de/bizer/bsbm/v01/vocabulary/productFeature;http://www4.wiwiss.fu-berlin.de/bizer/bsbm/v01/instances/ProductFeature3821
http://www4.wiwiss.fu-berlin.de/bizer/bsbm/v01/instances/dataFromProducer68/Product8215;http://www4.wiwiss.fu-berlin.de/bizer/bsbm/v01/vocabulary/productFeature;http://www4.wiwiss.fu-berlin.de/bizer/bsbm/v01/instances/ProductFeature3822
http://www4.wiwiss.fu-berlin.de/bizer/bsbm/v01/instances/dataFromProducer68/Product8215;http://www4.wiwiss.fu-berlin.de/bizer/bsbm/v01/vocabulary/productFeature;http://www4.wiwiss.fu-berlin.de/bizer/bsbm/v01/instances/ProductFeature3835
http://www4.wiwiss.fu-berlin.de/bizer/bsbm/v01/instances/dataFromProducer68/Product8215;http://www4.wiwiss.fu-berlin.de/bizer/bsbm/v01/vocabulary/productFeature;http://www4.wiwiss.fu-berlin.de/bizer/bsbm/v01/instances/ProductFeature574
http://www4.wiwiss.fu-berlin.de/bizer/bsbm/v01/instances/dataFromProducer68/Product8215;http://www4.wiwiss.fu-berlin.de/bizer/bsbm/v01/vocabulary/productFeature;http://www4.wiwiss.fu-berlin.de/bizer/bsbm/v01/instances/ProductFeature585
http://www4.wiwiss.fu-berlin.de/bizer/bsbm/v01/instances/dataFromProducer68/Product8215;http://www4.wiwiss.fu-berlin.de/bizer/bsbm/v01/vocabulary/productFeature;http://www4.wiwiss.fu-berlin.de/bizer/bsbm/v01/instances/ProductFeature590
http://www4.wiwiss.fu-berlin.de/bizer/bsbm/v01/instances/dataFromProducer68/Product8215;http://www4.wiwiss.fu-berlin.de/bizer/bsbm/v01/vocabulary/productFeature;http://www4.wiwiss.fu-berlin.de/bizer/bsbm/v01/instances/ProductFeature592
http://www4.wiwiss.fu-berlin.de/bizer/bsbm/v01/instances/dataFromProducer68/Product8215;http://www4.wiwiss.fu-berlin.de/bizer/bsbm/v01/vocabulary/productFeature;http://www4.wiwiss.fu-berlin.de/bizer/bsbm/v01/instances/ProductFeature593
http://www4.wiwiss.fu-berlin.de/bizer/bsbm/v01/instances/dataFromProducer68/Product8215;http://www4.wiwiss.fu-berlin.de/bizer/bsbm/v01/vocabulary/productFeature;http://www4.wiwiss.fu-berlin.de/bizer/bsbm/v01/instances/ProductFeature594
http://www4.wiwiss.fu-berlin.de/bizer/bsbm/v01/instances/dataFromProducer68/Product8215;http://www4.wiwiss.fu-berlin.de/bizer/bsbm/v01/vocabulary/productFeature;http://www4.wiwiss.fu-berlin.de/bizer/bsbm/v01/instances/ProductFeature601
http://www4.wiwiss.fu-berlin.de/bizer/bsbm/v01/instances/dataFromProducer68/Product8215;http://www4.wiwiss.fu-berlin.de/bizer/bsbm/v01/vocabulary/productFeature;http://www4.wiwiss.fu-berlin.de/bizer/bsbm/v01/instances/ProductFeature602
http://www4.wiwiss.fu-berlin.de/bizer/bsbm/v01/instances/dataFromProducer68/Product8215;http://www4.wiwiss.fu-berlin.de/bizer/bsbm/v01/vocabulary/productFeature;http://www4.wiwiss.fu-berlin.de/bizer/bsbm/v01/instances/ProductFeature24
http://www4.wiwiss.fu-berlin.de/bizer/bsbm/v01/instances/dataFromProducer68/Product8215;http://www4.wiwiss.fu-berlin.de/bizer/bsbm/v01/vocabulary/productFeature;http://www4.wiwiss.fu-berlin.de/bizer/bsbm/v01/instances/ProductFeature27
http://www4.wiwiss.fu-berlin.de/bizer/bsbm/v01/instances/dataFromProducer68/Product8215;http://www4.wiwiss.fu-berlin.de/bizer/bsbm/v01/vocabulary/productFeature;http://www4.wiwiss.fu-berlin.de/bizer/bsbm/v01/instances/ProductFeature31
http://www4.wiwiss.fu-berlin.de/bizer/bsbm/v01/instances/dataFromProducer68/Product8215;http://www4.wiwiss.fu-berlin.de/bizer/bsbm/v01/vocabulary/producer;http://www4.wiwiss.fu-berlin.de/bizer/bsbm/v01/instances/dataFromProducer40/Producer40
http://www4.wiwiss.fu-berlin.de/bizer/bsbm/v01/instances/dataFromProducer68/Product8215;http://purl.org/dc/elements/1.1/publisher;http://www4.wiwiss.fu-berlin.de/bizer/bsbm/v01/instances/dataFromProducer40/Producer40
http://www4.wiwiss.fu-berlin.de/bizer/bsbm/v01/instances/dataFromProducer68/Product8215;http://purl.org/dc/elements/1.1/date;2001-01-08
http://www4.wiwiss.fu-berlin.de/bizer/bsbm/v01/instances/dataFromProducer52/Product7476;http://www.w3.org/1999/02/22-rdf-syntax-ns#type;http://www4.wiwiss.fu-berlin.de/bizer/bsbm/v01/vocabulary/Product
http://www4.wiwiss.fu-berlin.de/bizer/bsbm/v01/instances/dataFromProducer52/Product7476;http://www.w3.org/1999/02/22-rdf-syntax-ns#type;http://www4.wiwiss.fu-berlin.de/bizer/bsbm/v01/instances/ProductType122
http://www4.wiwiss.fu-berlin.de/bizer/bsbm/v01/instances/dataFromProducer52/Product7476;http://www.w3.org/2000/01/rdf-schema#label;pinchers lousing
http://www4.wiwiss.fu-berlin.de/bizer/bsbm/v01/instances/dataFromProducer52/Product7476;http://www.w3.org/2000/01/rdf-schema#comment;heirlooms operating myope reechoing benumbs teacups peninsular jealousness wharfingers rondeaux intertwines germy yanking wides philologist gasiform shoers shorn womenfolk scone predigests spermatic aneurism varlet actuary curdy accommodates uncommoner exiting cheesiness leprechauns analysts unpredictable shamus shares handpick syllabubs investments travellers wedded fluking zizzles limitative nihilisms deports gloms defrocks sandblasted wrackful hospitium manillas blessedly scarcest incompleteness scuffles prettifying totalitarians pibroch anthropoid osteopathies budgeters zoomorphs surfacer instants familiarizations unwisely libidinized rinsers silkscreening sleave landform geoducks birder shashlik fertilize lurked girthed reawaken clambered drogues hopsacking deputized cheaps reenters cham uncircumcised hibernal ducky destroyed causable kneads recurs cantrips stormed rattly parching migrator gamily finalism ceramists substitutive pleadable centralism entities sequenced
http://www4.wiwiss.fu-berlin.de/bizer/bsbm/v01/instances/dataFromProducer52/Product7476;http://www4.wiwiss.fu-berlin.de/bizer/bsbm/v01/vocabulary/productPropertyNumeric1;559
http://www4.wiwiss.fu-berlin.de/bizer/bsbm/v01/instances/dataFromProducer52/Product7476;http://www4.wiwiss.fu-berlin.de/bizer/bsbm/v01/vocabulary/productPropertyNumeric2;830
http://www4.wiwiss.fu-berlin.de/bizer/bsbm/v01/instances/dataFromProducer52/Product7476;http://www4.wiwiss.fu-berlin.de/bizer/bsbm/v01/vocabulary/productPropertyNumeric3;254
http://www4.wiwiss.fu-berlin.de/bizer/bsbm/v01/instances/dataFromProducer52/Product7476;http://www4.wiwiss.fu-berlin.de/bizer/bsbm/v01/vocabulary/productPropertyNumeric4;515
http://www4.wiwiss.fu-berlin.de/bizer/bsbm/v01/instances/dataFromProducer52/Product7476;http://www4.wiwiss.fu-berlin.de/bizer/bsbm/v01/vocabulary/productPropertyNumeric5;16
http://www4.wiwiss.fu-berlin.de/bizer/bsbm/v01/instances/dataFromProducer52/Product7476;http://www4.wiwiss.fu-berlin.de/bizer/bsbm/v01/vocabulary/productPropertyTextual1;truantry dimwits travellable
http://www4.wiwiss.fu-berlin.de/bizer/bsbm/v01/instances/dataFromProducer52/Product7476;http://www4.wiwiss.fu-berlin.de/bizer/bsbm/v01/vocabulary/productPropertyTextual2;nonseasonal taxiways currentness phaser unpenetrated libelant mongeese sunward wolver bombloads dogie amatively perplexed swindler misdid
http://www4.wiwiss.fu-berlin.de/bizer/bsbm/v01/instances/dataFromProducer52/Product7476;http://www4.wiwiss.fu-berlin.de/bizer/bsbm/v01/vocabulary/productPropertyTextual3;reproducer biparted vicing catnapers practicing
http://www4.wiwiss.fu-berlin.de/bizer/bsbm/v01/instances/dataFromProducer52/Product7476;http://www4.wiwiss.fu-berlin.de/bizer/bsbm/v01/vocabulary/productPropertyTextual4;virulently southeasters burgomaster countertenors
http://www4.wiwiss.fu-berlin.de/bizer/bsbm/v01/instances/dataFromProducer52/Product7476;http://www4.wiwiss.fu-berlin.de/bizer/bsbm/v01/vocabulary/productPropertyTextual5;eviller squushing outlawing
http://www4.wiwiss.fu-berlin.de/bizer/bsbm/v01/instances/dataFromProducer52/Product7476;http://www4.wiwiss.fu-berlin.de/bizer/bsbm/v01/vocabulary/productFeature;http://www4.wiwiss.fu-berlin.de/bizer/bsbm/v01/instances/ProductFeature3800
http://www4.wiwiss.fu-berlin.de/bizer/bsbm/v01/instances/dataFromProducer52/Product7476;http://www4.wiwiss.fu-berlin.de/bizer/bsbm/v01/vocabulary/productFeature;http://www4.wiwiss.fu-berlin.de/bizer/bsbm/v01/instances/ProductFeature3811
http://www4.wiwiss.fu-berlin.de/bizer/bsbm/v01/instances/dataFromProducer52/Product7476;http://www4.wiwiss.fu-berlin.de/bizer/bsbm/v01/vocabulary/productFeature;http://www4.wiwiss.fu-berlin.de/bizer/bsbm/v01/instances/ProductFeature3819
http://www4.wiwiss.fu-berlin.de/bizer/bsbm/v01/instances/dataFromProducer52/Product7476;http://www4.wiwiss.fu-berlin.de/bizer/bsbm/v01/vocabulary/productFeature;http://www4.wiwiss.fu-berlin.de/bizer/bsbm/v01/instances/ProductFeature3821
http://www4.wiwiss.fu-berlin.de/bizer/bsbm/v01/instances/dataFromProducer52/Product7476;http://www4.wiwiss.fu-berlin.de/bizer/bsbm/v01/vocabulary/productFeature;http://www4.wiwiss.fu-berlin.de/bizer/bsbm/v01/instances/ProductFeature3822
http://www4.wiwiss.fu-berlin.de/bizer/bsbm/v01/instances/dataFromProducer52/Product7476;http://www4.wiwiss.fu-berlin.de/bizer/bsbm/v01/vocabulary/productFeature;http://www4.wiwiss.fu-berlin.de/bizer/bsbm/v01/instances/ProductFeature3835
http://www4.wiwiss.fu-berlin.de/bizer/bsbm/v01/instances/dataFromProducer52/Product7476;http://www4.wiwiss.fu-berlin.de/bizer/bsbm/v01/vocabulary/productFeature;http://www4.wiwiss.fu-berlin.de/bizer/bsbm/v01/instances/ProductFeature574
http://www4.wiwiss.fu-berlin.de/bizer/bsbm/v01/instances/dataFromProducer52/Product7476;http://www4.wiwiss.fu-berlin.de/bizer/bsbm/v01/vocabulary/productFeature;http://www4.wiwiss.fu-berlin.de/bizer/bsbm/v01/instances/ProductFeature585
http://www4.wiwiss.fu-berlin.de/bizer/bsbm/v01/instances/dataFromProducer52/Product7476;http://www4.wiwiss.fu-berlin.de/bizer/bsbm/v01/vocabulary/productFeature;http://www4.wiwiss.fu-berlin.de/bizer/bsbm/v01/instances/ProductFeature590
http://www4.wiwiss.fu-berlin.de/bizer/bsbm/v01/instances/dataFromProducer52/Product7476;http://www4.wiwiss.fu-berlin.de/bizer/bsbm/v01/vocabulary/productFeature;http://www4.wiwiss.fu-berlin.de/bizer/bsbm/v01/instances/ProductFeature592
http://www4.wiwiss.fu-berlin.de/bizer/bsbm/v01/instances/dataFromProducer52/Product7476;http://www4.wiwiss.fu-berlin.de/bizer/bsbm/v01/vocabulary/productFeature;http://www4.wiwiss.fu-berlin.de/bizer/bsbm/v01/instances/ProductFeature593
http://www4.wiwiss.fu-berlin.de/bizer/bsbm/v01/instances/dataFromProducer52/Product7476;http://www4.wiwiss.fu-berlin.de/bizer/bsbm/v01/vocabulary/productFeature;http://www4.wiwiss.fu-berlin.de/bizer/bsbm/v01/instances/ProductFeature594
http://www4.wiwiss.fu-berlin.de/bizer/bsbm/v01/instances/dataFromProducer52/Product7476;http://www4.wiwiss.fu-berlin.de/bizer/bsbm/v01/vocabulary/productFeature;http://www4.wiwiss.fu-berlin.de/bizer/bsbm/v01/instances/ProductFeature601
http://www4.wiwiss.fu-berlin.de/bizer/bsbm/v01/instances/dataFromProducer52/Product7476;http://www4.wiwiss.fu-berlin.de/bizer/bsbm/v01/vocabulary/productFeature;http://www4.wiwiss.fu-berlin.de/bizer/bsbm/v01/instances/ProductFeature602
http://www4.wiwiss.fu-berlin.de/bizer/bsbm/v01/instances/dataFromProducer52/Product7476;http://www4.wiwiss.fu-berlin.de/bizer/bsbm/v01/vocabulary/productFeature;http://www4.wiwiss.fu-berlin.de/bizer/bsbm/v01/instances/ProductFeature24
http://www4.wiwiss.fu-berlin.de/bizer/bsbm/v01/instances/dataFromProducer52/Product7476;http://www4.wiwiss.fu-berlin.de/bizer/bsbm/v01/vocabulary/productFeature;http://www4.wiwiss.fu-berlin.de/bizer/bsbm/v01/instances/ProductFeature27
http://www4.wiwiss.fu-berlin.de/bizer/bsbm/v01/instances/dataFromProducer52/Product7476;http://www4.wiwiss.fu-berlin.de/bizer/bsbm/v01/vocabulary/productFeature;http://www4.wiwiss.fu-berlin.de/bizer/bsbm/v01/instances/ProductFeature31
http://www4.wiwiss.fu-berlin.de/bizer/bsbm/v01/instances/dataFromProducer52/Product7476;http://www4.wiwiss.fu-berlin.de/bizer/bsbm/v01/vocabulary/producer;http://www4.wiwiss.fu-berlin.de/bizer/bsbm/v01/instances/dataFromProducer40/Producer40
http://www4.wiwiss.fu-berlin.de/bizer/bsbm/v01/instances/dataFromProducer52/Product7476;http://purl.org/dc/elements/1.1/publisher;http://www4.wiwiss.fu-berlin.de/bizer/bsbm/v01/instances/dataFromProducer40/Producer40
http://www4.wiwiss.fu-berlin.de/bizer/bsbm/v01/instances/dataFromProducer52/Product7476;http://purl.org/dc/elements/1.1/date;2001-01-08
http://www4.wiwiss.fu-berlin.de/bizer/bsbm/v01/instances/dataFromProducer32/Product6461;http://www.w3.org/1999/02/22-rdf-syntax-ns#type;http://www4.wiwiss.fu-berlin.de/bizer/bsbm/v01/vocabulary/Product
http://www4.wiwiss.fu-berlin.de/bizer/bsbm/v01/instances/dataFromProducer32/Product6461;http://www.w3.org/1999/02/22-rdf-syntax-ns#type;http://www4.wiwiss.fu-berlin.de/bizer/bsbm/v01/instances/ProductType122
http://www4.wiwiss.fu-berlin.de/bizer/bsbm/v01/instances/dataFromProducer32/Product6461;http://www.w3.org/2000/01/rdf-schema#label;pinchers lousing
http://www4.wiwiss.fu-berlin.de/bizer/bsbm/v01/instances/dataFromProducer32/Product6461;http://www.w3.org/2000/01/rdf-schema#comment;heirlooms operating myope reechoing benumbs teacups peninsular jealousness wharfingers rondeaux intertwines germy yanking wides philologist gasiform shoers shorn womenfolk scone predigests spermatic aneurism varlet actuary curdy accommodates uncommoner exiting cheesiness leprechauns analysts unpredictable shamus shares handpick syllabubs investments travellers wedded fluking zizzles limitative nihilisms deports gloms defrocks sandblasted wrackful hospitium manillas blessedly scarcest incompleteness scuffles prettifying totalitarians pibroch anthropoid osteopathies budgeters zoomorphs surfacer instants familiarizations unwisely libidinized rinsers silkscreening sleave landform geoducks birder shashlik fertilize lurked girthed reawaken clambered drogues hopsacking deputized cheaps reenters cham uncircumcised hibernal ducky destroyed causable kneads recurs cantrips stormed rattly parching migrator gamily finalism ceramists substitutive pleadable centralism entities sequenced
http://www4.wiwiss.fu-berlin.de/bizer/bsbm/v01/instances/dataFromProducer32/Product6461;http://www4.wiwiss.fu-berlin.de/bizer/bsbm/v01/vocabulary/productPropertyNumeric1;559
http://www4.wiwiss.fu-berlin.de/bizer/bsbm/v01/instances/dataFromProducer32/Product6461;http://www4.wiwiss.fu-berlin.de/bizer/bsbm/v01/vocabulary/productPropertyNumeric2;830
http://www4.wiwiss.fu-berlin.de/bizer/bsbm/v01/instances/dataFromProducer32/Product6461;http://www4.wiwiss.fu-berlin.de/bizer/bsbm/v01/vocabulary/productPropertyNumeric3;254
http://www4.wiwiss.fu-berlin.de/bizer/bsbm/v01/instances/dataFromProducer32/Product6461;http://www4.wiwiss.fu-berlin.de/bizer/bsbm/v01/vocabulary/productPropertyNumeric4;515
http://www4.wiwiss.fu-berlin.de/bizer/bsbm/v01/instances/dataFromProducer32/Product6461;http://www4.wiwiss.fu-berlin.de/bizer/bsbm/v01/vocabulary/productPropertyNumeric5;16
http://www4.wiwiss.fu-berlin.de/bizer/bsbm/v01/instances/dataFromProducer32/Product6461;http://www4.wiwiss.fu-berlin.de/bizer/bsbm/v01/vocabulary/productPropertyTextual1;truantry dimwits travellable
http://www4.wiwiss.fu-berlin.de/bizer/bsbm/v01/instances/dataFromProducer32/Product6461;http://www4.wiwiss.fu-berlin.de/bizer/bsbm/v01/vocabulary/productPropertyTextual2;nonseasonal taxiways currentness phaser unpenetrated libelant mongeese sunward wolver bombloads dogie amatively perplexed swindler misdid
http://www4.wiwiss.fu-berlin.de/bizer/bsbm/v01/instances/dataFromProducer32/Product6461;http://www4.wiwiss.fu-berlin.de/bizer/bsbm/v01/vocabulary/productPropertyTextual3;reproducer biparted vicing catnapers practicing
http://www4.wiwiss.fu-berlin.de/bizer/bsbm/v01/instances/dataFromProducer32/Product6461;http://www4.wiwiss.fu-berlin.de/bizer/bsbm/v01/vocabulary/productPropertyTextual4;virulently southeasters burgomaster countertenors
http://www4.wiwiss.fu-berlin.de/bizer/bsbm/v01/instances/dataFromProducer32/Product6461;http://www4.wiwiss.fu-berlin.de/bizer/bsbm/v01/vocabulary/productPropertyTextual5;eviller squushing outlawing
http://www4.wiwiss.fu-berlin.de/bizer/bsbm/v01/instances/dataFromProducer32/Product6461;http://www4.wiwiss.fu-berlin.de/bizer/bsbm/v01/vocabulary/productFeature;http://www4.wiwiss.fu-berlin.de/bizer/bsbm/v01/instances/ProductFeature3800
http://www4.wiwiss.fu-berlin.de/bizer/bsbm/v01/instances/dataFromProducer32/Product6461;http://www4.wiwiss.fu-berlin.de/bizer/bsbm/v01/vocabulary/productFeature;http://www4.wiwiss.fu-berlin.de/bizer/bsbm/v01/instances/ProductFeature3811
http://www4.wiwiss.fu-berlin.de/bizer/bsbm/v01/instances/dataFromProducer32/Product6461;http://www4.wiwiss.fu-berlin.de/bizer/bsbm/v01/vocabulary/productFeature;http://www4.wiwiss.fu-berlin.de/bizer/bsbm/v01/instances/ProductFeature3819
http://www4.wiwiss.fu-berlin.de/bizer/bsbm/v01/instances/dataFromProducer32/Product6461;http://www4.wiwiss.fu-berlin.de/bizer/bsbm/v01/vocabulary/productFeature;http://www4.wiwiss.fu-berlin.de/bizer/bsbm/v01/instances/ProductFeature3821
http://www4.wiwiss.fu-berlin.de/bizer/bsbm/v01/instances/dataFromProducer32/Product6461;http://www4.wiwiss.fu-berlin.de/bizer/bsbm/v01/vocabulary/productFeature;http://www4.wiwiss.fu-berlin.de/bizer/bsbm/v01/instances/ProductFeature3822
http://www4.wiwiss.fu-berlin.de/bizer/bsbm/v01/instances/dataFromProducer32/Product6461;http://www4.wiwiss.fu-berlin.de/bizer/bsbm/v01/vocabulary/productFeature;http://www4.wiwiss.fu-berlin.de/bizer/bsbm/v01/instances/ProductFeature3835
http://www4.wiwiss.fu-berlin.de/bizer/bsbm/v01/instances/dataFromProducer32/Product6461;http://www4.wiwiss.fu-berlin.de/bizer/bsbm/v01/vocabulary/productFeature;http://www4.wiwiss.fu-berlin.de/bizer/bsbm/v01/instances/ProductFeature574
http://www4.wiwiss.fu-berlin.de/bizer/bsbm/v01/instances/dataFromProducer32/Product6461;http://www4.wiwiss.fu-berlin.de/bizer/bsbm/v01/vocabulary/productFeature;http://www4.wiwiss.fu-berlin.de/bizer/bsbm/v01/instances/ProductFeature585
http://www4.wiwiss.fu-berlin.de/bizer/bsbm/v01/instances/dataFromProducer32/Product6461;http://www4.wiwiss.fu-berlin.de/bizer/bsbm/v01/vocabulary/productFeature;http://www4.wiwiss.fu-berlin.de/bizer/bsbm/v01/instances/ProductFeature590
http://www4.wiwiss.fu-berlin.de/bizer/bsbm/v01/instances/dataFromProducer32/Product6461;http://www4.wiwiss.fu-berlin.de/bizer/bsbm/v01/vocabulary/productFeature;http://www4.wiwiss.fu-berlin.de/bizer/bsbm/v01/instances/ProductFeature592
http://www4.wiwiss.fu-berlin.de/bizer/bsbm/v01/instances/dataFromProducer32/Product6461;http://www4.wiwiss.fu-berlin.de/bizer/bsbm/v01/vocabulary/productFeature;http://www4.wiwiss.fu-berlin.de/bizer/bsbm/v01/instances/ProductFeature593
http://www4.wiwiss.fu-berlin.de/bizer/bsbm/v01/instances/dataFromProducer32/Product6461;http://www4.wiwiss.fu-berlin.de/bizer/bsbm/v01/vocabulary/productFeature;http://www4.wiwiss.fu-berlin.de/bizer/bsbm/v01/instances/ProductFeature594
http://www4.wiwiss.fu-berlin.de/bizer/bsbm/v01/instances/dataFromProducer32/Product6461;http://www4.wiwiss.fu-berlin.de/bizer/bsbm/v01/vocabulary/productFeature;http://www4.wiwiss.fu-berlin.de/bizer/bsbm/v01/instances/ProductFeature601
http://www4.wiwiss.fu-berlin.de/bizer/bsbm/v01/instances/dataFromProducer32/Product6461;http://www4.wiwiss.fu-berlin.de/bizer/bsbm/v01/vocabulary/productFeature;http://www4.wiwiss.fu-berlin.de/bizer/bsbm/v01/instances/ProductFeature602
http://www4.wiwiss.fu-berlin.de/bizer/bsbm/v01/instances/dataFromProducer32/Product6461;http://www4.wiwiss.fu-berlin.de/bizer/bsbm/v01/vocabulary/productFeature;http://www4.wiwiss.fu-berlin.de/bizer/bsbm/v01/instances/ProductFeature24
http://www4.wiwiss.fu-berlin.de/bizer/bsbm/v01/instances/dataFromProducer32/Product6461;http://www4.wiwiss.fu-berlin.de/bizer/bsbm/v01/vocabulary/productFeature;http://www4.wiwiss.fu-berlin.de/bizer/bsbm/v01/instances/ProductFeature27
http://www4.wiwiss.fu-berlin.de/bizer/bsbm/v01/instances/dataFromProducer32/Product6461;http://www4.wiwiss.fu-berlin.de/bizer/bsbm/v01/vocabulary/productFeature;http://www4.wiwiss.fu-berlin.de/bizer/bsbm/v01/instances/ProductFeature31
http://www4.wiwiss.fu-berlin.de/bizer/bsbm/v01/instances/dataFromProducer32/Product6461;http://www4.wiwiss.fu-berlin.de/bizer/bsbm/v01/vocabulary/producer;http://www4.wiwiss.fu-berlin.de/bizer/bsbm/v01/instances/dataFromProducer40/Producer40
http://www4.wiwiss.fu-berlin.de/bizer/bsbm/v01/instances/dataFromProducer32/Product6461;http://purl.org/dc/elements/1.1/publisher;http://www4.wiwiss.fu-berlin.de/bizer/bsbm/v01/instances/dataFromProducer40/Producer40
http://www4.wiwiss.fu-berlin.de/bizer/bsbm/v01/instances/dataFromProducer32/Product6461;http://purl.org/dc/elements/1.1/date;2001-01-08
http://www4.wiwiss.fu-berlin.de/bizer/bsbm/v01/instances/dataFromProducer20/Product5954;http://www.w3.org/1999/02/22-rdf-syntax-ns#type;http://www4.wiwiss.fu-berlin.de/bizer/bsbm/v01/vocabulary/Product
http://www4.wiwiss.fu-berlin.de/bizer/bsbm/v01/instances/dataFromProducer20/Product5954;http://www.w3.org/1999/02/22-rdf-syntax-ns#type;http://www4.wiwiss.fu-berlin.de/bizer/bsbm/v01/instances/ProductType122
http://www4.wiwiss.fu-berlin.de/bizer/bsbm/v01/instances/dataFromProducer20/Product5954;http://www.w3.org/2000/01/rdf-schema#label;pinchers lousing
http://www4.wiwiss.fu-berlin.de/bizer/bsbm/v01/instances/dataFromProducer20/Product5954;http://www.w3.org/2000/01/rdf-schema#comment;heirlooms operating myope reechoing benumbs teacups peninsular jealousness wharfingers rondeaux intertwines germy yanking wides philologist gasiform shoers shorn womenfolk scone predigests spermatic aneurism varlet actuary curdy accommodates uncommoner exiting cheesiness leprechauns analysts unpredictable shamus shares handpick syllabubs investments travellers wedded fluking zizzles limitative nihilisms deports gloms defrocks sandblasted wrackful hospitium manillas blessedly scarcest incompleteness scuffles prettifying totalitarians pibroch anthropoid osteopathies budgeters zoomorphs surfacer instants familiarizations unwisely libidinized rinsers silkscreening sleave landform geoducks birder shashlik fertilize lurked girthed reawaken clambered drogues hopsacking deputized cheaps reenters cham uncircumcised hibernal ducky destroyed causable kneads recurs cantrips stormed rattly parching migrator gamily finalism ceramists substitutive pleadable centralism entities sequenced
http://www4.wiwiss.fu-berlin.de/bizer/bsbm/v01/instances/dataFromProducer20/Product5954;http://www4.wiwiss.fu-berlin.de/bizer/bsbm/v01/vocabulary/productPropertyNumeric1;559
http://www4.wiwiss.fu-berlin.de/bizer/bsbm/v01/instances/dataFromProducer20/Product5954;http://www4.wiwiss.fu-berlin.de/bizer/bsbm/v01/vocabulary/productPropertyNumeric2;830
http://www4.wiwiss.fu-berlin.de/bizer/bsbm/v01/instances/dataFromProducer20/Product5954;http://www4.wiwiss.fu-berlin.de/bizer/bsbm/v01/vocabulary/productPropertyNumeric3;254
http://www4.wiwiss.fu-berlin.de/bizer/bsbm/v01/instances/dataFromProducer20/Product5954;http://www4.wiwiss.fu-berlin.de/bizer/bsbm/v01/vocabulary/productPropertyNumeric4;515
http://www4.wiwiss.fu-berlin.de/bizer/bsbm/v01/instances/dataFromProducer20/Product5954;http://www4.wiwiss.fu-berlin.de/bizer/bsbm/v01/vocabulary/productPropertyNumeric5;16
http://www4.wiwiss.fu-berlin.de/bizer/bsbm/v01/instances/dataFromProducer20/Product5954;http://www4.wiwiss.fu-berlin.de/bizer/bsbm/v01/vocabulary/productPropertyTextual1;truantry dimwits travellable
http://www4.wiwiss.fu-berlin.de/bizer/bsbm/v01/instances/dataFromProducer20/Product5954;http://www4.wiwiss.fu-berlin.de/bizer/bsbm/v01/vocabulary/productPropertyTextual2;nonseasonal taxiways currentness phaser unpenetrated libelant mongeese sunward wolver bombloads dogie amatively perplexed swindler misdid
http://www4.wiwiss.fu-berlin.de/bizer/bsbm/v01/instances/dataFromProducer20/Product5954;http://www4.wiwiss.fu-berlin.de/bizer/bsbm/v01/vocabulary/productPropertyTextual3;reproducer biparted vicing catnapers practicing
http://www4.wiwiss.fu-berlin.de/bizer/bsbm/v01/instances/dataFromProducer20/Product5954;http://www4.wiwiss.fu-berlin.de/bizer/bsbm/v01/vocabulary/productPropertyTextual4;virulently southeasters burgomaster countertenors
http://www4.wiwiss.fu-berlin.de/bizer/bsbm/v01/instances/dataFromProducer20/Product5954;http://www4.wiwiss.fu-berlin.de/bizer/bsbm/v01/vocabulary/productPropertyTextual5;eviller squushing outlawing
http://www4.wiwiss.fu-berlin.de/bizer/bsbm/v01/instances/dataFromProducer20/Product5954;http://www4.wiwiss.fu-berlin.de/bizer/bsbm/v01/vocabulary/productFeature;http://www4.wiwiss.fu-berlin.de/bizer/bsbm/v01/instances/ProductFeature3800
http://www4.wiwiss.fu-berlin.de/bizer/bsbm/v01/instances/dataFromProducer20/Product5954;http://www4.wiwiss.fu-berlin.de/bizer/bsbm/v01/vocabulary/productFeature;http://www4.wiwiss.fu-berlin.de/bizer/bsbm/v01/instances/ProductFeature3811
http://www4.wiwiss.fu-berlin.de/bizer/bsbm/v01/instances/dataFromProducer20/Product5954;http://www4.wiwiss.fu-berlin.de/bizer/bsbm/v01/vocabulary/productFeature;http://www4.wiwiss.fu-berlin.de/bizer/bsbm/v01/instances/ProductFeature3819
http://www4.wiwiss.fu-berlin.de/bizer/bsbm/v01/instances/dataFromProducer20/Product5954;http://www4.wiwiss.fu-berlin.de/bizer/bsbm/v01/vocabulary/productFeature;http://www4.wiwiss.fu-berlin.de/bizer/bsbm/v01/instances/ProductFeature3821
http://www4.wiwiss.fu-berlin.de/bizer/bsbm/v01/instances/dataFromProducer20/Product5954;http://www4.wiwiss.fu-berlin.de/bizer/bsbm/v01/vocabulary/productFeature;http://www4.wiwiss.fu-berlin.de/bizer/bsbm/v01/instances/ProductFeature3822
http://www4.wiwiss.fu-berlin.de/bizer/bsbm/v01/instances/dataFromProducer20/Product5954;http://www4.wiwiss.fu-berlin.de/bizer/bsbm/v01/vocabulary/productFeature;http://www4.wiwiss.fu-berlin.de/bizer/bsbm/v01/instances/ProductFeature3835
http://www4.wiwiss.fu-berlin.de/bizer/bsbm/v01/instances/dataFromProducer20/Product5954;http://www4.wiwiss.fu-berlin.de/bizer/bsbm/v01/vocabulary/productFeature;http://www4.wiwiss.fu-berlin.de/bizer/bsbm/v01/instances/ProductFeature574
http://www4.wiwiss.fu-berlin.de/bizer/bsbm/v01/instances/dataFromProducer20/Product5954;http://www4.wiwiss.fu-berlin.de/bizer/bsbm/v01/vocabulary/productFeature;http://www4.wiwiss.fu-berlin.de/bizer/bsbm/v01/instances/ProductFeature585
http://www4.wiwiss.fu-berlin.de/bizer/bsbm/v01/instances/dataFromProducer20/Product5954;http://www4.wiwiss.fu-berlin.de/bizer/bsbm/v01/vocabulary/productFeature;http://www4.wiwiss.fu-berlin.de/bizer/bsbm/v01/instances/ProductFeature590
http://www4.wiwiss.fu-berlin.de/bizer/bsbm/v01/instances/dataFromProducer20/Product5954;http://www4.wiwiss.fu-berlin.de/bizer/bsbm/v01/vocabulary/productFeature;http://www4.wiwiss.fu-berlin.de/bizer/bsbm/v01/instances/ProductFeature592
http://www4.wiwiss.fu-berlin.de/bizer/bsbm/v01/instances/dataFromProducer20/Product5954;http://www4.wiwiss.fu-berlin.de/bizer/bsbm/v01/vocabulary/productFeature;http://www4.wiwiss.fu-berlin.de/bizer/bsbm/v01/instances/ProductFeature593
http://www4.wiwiss.fu-berlin.de/bizer/bsbm/v01/instances/dataFromProducer20/Product5954;http://www4.wiwiss.fu-berlin.de/bizer/bsbm/v01/vocabulary/productFeature;http://www4.wiwiss.fu-berlin.de/bizer/bsbm/v01/instances/ProductFeature594
http://www4.wiwiss.fu-berlin.de/bizer/bsbm/v01/instances/dataFromProducer20/Product5954;http://www4.wiwiss.fu-berlin.de/bizer/bsbm/v01/vocabulary/productFeature;http://www4.wiwiss.fu-berlin.de/bizer/bsbm/v01/instances/ProductFeature601
http://www4.wiwiss.fu-berlin.de/bizer/bsbm/v01/instances/dataFromProducer20/Product5954;http://www4.wiwiss.fu-berlin.de/bizer/bsbm/v01/vocabulary/productFeature;http://www4.wiwiss.fu-berlin.de/bizer/bsbm/v01/instances/ProductFeature602
http://www4.wiwiss.fu-berlin.de/bizer/bsbm/v01/instances/dataFromProducer20/Product5954;http://www4.wiwiss.fu-berlin.de/bizer/bsbm/v01/vocabulary/productFeature;http://www4.wiwiss.fu-berlin.de/bizer/bsbm/v01/instances/ProductFeature24
http://www4.wiwiss.fu-berlin.de/bizer/bsbm/v01/instances/dataFromProducer20/Product5954;http://www4.wiwiss.fu-berlin.de/bizer/bsbm/v01/vocabulary/productFeature;http://www4.wiwiss.fu-berlin.de/bizer/bsbm/v01/instances/ProductFeature27
http://www4.wiwiss.fu-berlin.de/bizer/bsbm/v01/instances/dataFromProducer20/Product5954;http://www4.wiwiss.fu-berlin.de/bizer/bsbm/v01/vocabulary/productFeature;http://www4.wiwiss.fu-berlin.de/bizer/bsbm/v01/instances/ProductFeature31
http://www4.wiwiss.fu-berlin.de/bizer/bsbm/v01/instances/dataFromProducer20/Product5954;http://www4.wiwiss.fu-berlin.de/bizer/bsbm/v01/vocabulary/producer;http://www4.wiwiss.fu-berlin.de/bizer/bsbm/v01/instances/dataFromProducer40/Producer40
http://www4.wiwiss.fu-berlin.de/bizer/bsbm/v01/instances/dataFromProducer20/Product5954;http://purl.org/dc/elements/1.1/publisher;http://www4.wiwiss.fu-berlin.de/bizer/bsbm/v01/instances/dataFromProducer40/Producer40
http://www4.wiwiss.fu-berlin.de/bizer/bsbm/v01/instances/dataFromProducer20/Product5954;http://purl.org/dc/elements/1.1/date;2001-01-08
http://www4.wiwiss.fu-berlin.de/bizer/bsbm/v01/instances/dataFromProducer40/Product6853;http://www.w3.org/1999/02/22-rdf-syntax-ns#type;http://www4.wiwiss.fu-berlin.de/bizer/bsbm/v01/vocabulary/Product
http://www4.wiwiss.fu-berlin.de/bizer/bsbm/v01/instances/dataFromProducer40/Product6853;http://www.w3.org/1999/02/22-rdf-syntax-ns#type;http://www4.wiwiss.fu-berlin.de/bizer/bsbm/v01/instances/ProductType122
http://www4.wiwiss.fu-berlin.de/bizer/bsbm/v01/instances/dataFromProducer40/Product6853;http://www.w3.org/2000/01/rdf-schema#label;pinchers lousing
http://www4.wiwiss.fu-berlin.de/bizer/bsbm/v01/instances/dataFromProducer40/Product6853;http://www.w3.org/2000/01/rdf-schema#comment;heirlooms operating myope reechoing benumbs teacups peninsular jealousness wharfingers rondeaux intertwines germy yanking wides philologist gasiform shoers shorn womenfolk scone predigests spermatic aneurism varlet actuary curdy accommodates uncommoner exiting cheesiness leprechauns analysts unpredictable shamus shares handpick syllabubs investments travellers wedded fluking zizzles limitative nihilisms deports gloms defrocks sandblasted wrackful hospitium manillas blessedly scarcest incompleteness scuffles prettifying totalitarians pibroch anthropoid osteopathies budgeters zoomorphs surfacer instants familiarizations unwisely libidinized rinsers silkscreening sleave landform geoducks birder shashlik fertilize lurked girthed reawaken clambered drogues hopsacking deputized cheaps reenters cham uncircumcised hibernal ducky destroyed causable kneads recurs cantrips stormed rattly parching migrator gamily finalism ceramists substitutive pleadable centralism entities sequenced
http://www4.wiwiss.fu-berlin.de/bizer/bsbm/v01/instances/dataFromProducer40/Product6853;http://www4.wiwiss.fu-berlin.de/bizer/bsbm/v01/vocabulary/productPropertyNumeric1;559
http://www4.wiwiss.fu-berlin.de/bizer/bsbm/v01/instances/dataFromProducer40/Product6853;http://www4.wiwiss.fu-berlin.de/bizer/bsbm/v01/vocabulary/productPropertyNumeric2;830
http://www4.wiwiss.fu-berlin.de/bizer/bsbm/v01/instances/dataFromProducer40/Product6853;http://www4.wiwiss.fu-berlin.de/bizer/bsbm/v01/vocabulary/productPropertyNumeric3;254
http://www4.wiwiss.fu-berlin.de/bizer/bsbm/v01/instances/dataFromProducer40/Product6853;http://www4.wiwiss.fu-berlin.de/bizer/bsbm/v01/vocabulary/productPropertyNumeric4;515
http://www4.wiwiss.fu-berlin.de/bizer/bsbm/v01/instances/dataFromProducer40/Product6853;http://www4.wiwiss.fu-berlin.de/bizer/bsbm/v01/vocabulary/productPropertyNumeric5;16
http://www4.wiwiss.fu-berlin.de/bizer/bsbm/v01/instances/dataFromProducer40/Product6853;http://www4.wiwiss.fu-berlin.de/bizer/bsbm/v01/vocabulary/productPropertyTextual1;truantry dimwits travellable
http://www4.wiwiss.fu-berlin.de/bizer/bsbm/v01/instances/dataFromProducer40/Product6853;http://www4.wiwiss.fu-berlin.de/bizer/bsbm/v01/vocabulary/productPropertyTextual2;nonseasonal taxiways currentness phaser unpenetrated libelant mongeese sunward wolver bombloads dogie amatively perplexed swindler misdid
http://www4.wiwiss.fu-berlin.de/bizer/bsbm/v01/instances/dataFromProducer40/Product6853;http://www4.wiwiss.fu-berlin.de/bizer/bsbm/v01/vocabulary/productPropertyTextual3;reproducer biparted vicing catnapers practicing
http://www4.wiwiss.fu-berlin.de/bizer/bsbm/v01/instances/dataFromProducer40/Product6853;http://www4.wiwiss.fu-berlin.de/bizer/bsbm/v01/vocabulary/productPropertyTextual4;virulently southeasters burgomaster countertenors
http://www4.wiwiss.fu-berlin.de/bizer/bsbm/v01/instances/dataFromProducer40/Product6853;http://www4.wiwiss.fu-berlin.de/bizer/bsbm/v01/vocabulary/productPropertyTextual5;eviller squushing outlawing
http://www4.wiwiss.fu-berlin.de/bizer/bsbm/v01/instances/dataFromProducer40/Product6853;http://www4.wiwiss.fu-berlin.de/bizer/bsbm/v01/vocabulary/productFeature;http://www4.wiwiss.fu-berlin.de/bizer/bsbm/v01/instances/ProductFeature3800
http://www4.wiwiss.fu-berlin.de/bizer/bsbm/v01/instances/dataFromProducer40/Product6853;http://www4.wiwiss.fu-berlin.de/bizer/bsbm/v01/vocabulary/productFeature;http://www4.wiwiss.fu-berlin.de/bizer/bsbm/v01/instances/ProductFeature3811
http://www4.wiwiss.fu-berlin.de/bizer/bsbm/v01/instances/dataFromProducer40/Product6853;http://www4.wiwiss.fu-berlin.de/bizer/bsbm/v01/vocabulary/productFeature;http://www4.wiwiss.fu-berlin.de/bizer/bsbm/v01/instances/ProductFeature3819
http://www4.wiwiss.fu-berlin.de/bizer/bsbm/v01/instances/dataFromProducer40/Product6853;http://www4.wiwiss.fu-berlin.de/bizer/bsbm/v01/vocabulary/productFeature;http://www4.wiwiss.fu-berlin.de/bizer/bsbm/v01/instances/ProductFeature3821
http://www4.wiwiss.fu-berlin.de/bizer/bsbm/v01/instances/dataFromProducer40/Product6853;http://www4.wiwiss.fu-berlin.de/bizer/bsbm/v01/vocabulary/productFeature;http://www4.wiwiss.fu-berlin.de/bizer/bsbm/v01/instances/ProductFeature3822
http://www4.wiwiss.fu-berlin.de/bizer/bsbm/v01/instances/dataFromProducer40/Product6853;http://www4.wiwiss.fu-berlin.de/bizer/bsbm/v01/vocabulary/productFeature;http://www4.wiwiss.fu-berlin.de/bizer/bsbm/v01/instances/ProductFeature3835
http://www4.wiwiss.fu-berlin.de/bizer/bsbm/v01/instances/dataFromProducer40/Product6853;http://www4.wiwiss.fu-berlin.de/bizer/bsbm/v01/vocabulary/productFeature;http://www4.wiwiss.fu-berlin.de/bizer/bsbm/v01/instances/ProductFeature574
http://www4.wiwiss.fu-berlin.de/bizer/bsbm/v01/instances/dataFromProducer40/Product6853;http://www4.wiwiss.fu-berlin.de/bizer/bsbm/v01/vocabulary/productFeature;http://www4.wiwiss.fu-berlin.de/bizer/bsbm/v01/instances/ProductFeature585
http://www4.wiwiss.fu-berlin.de/bizer/bsbm/v01/instances/dataFromProducer40/Product6853;http://www4.wiwiss.fu-berlin.de/bizer/bsbm/v01/vocabulary/productFeature;http://www4.wiwiss.fu-berlin.de/bizer/bsbm/v01/instances/ProductFeature590
http://www4.wiwiss.fu-berlin.de/bizer/bsbm/v01/instances/dataFromProducer40/Product6853;http://www4.wiwiss.fu-berlin.de/bizer/bsbm/v01/vocabulary/productFeature;http://www4.wiwiss.fu-berlin.de/bizer/bsbm/v01/instances/ProductFeature592
http://www4.wiwiss.fu-berlin.de/bizer/bsbm/v01/instances/dataFromProducer40/Product6853;http://www4.wiwiss.fu-berlin.de/bizer/bsbm/v01/vocabulary/productFeature;http://www4.wiwiss.fu-berlin.de/bizer/bsbm/v01/instances/ProductFeature593
http://www4.wiwiss.fu-berlin.de/bizer/bsbm/v01/instances/dataFromProducer40/Product6853;http://www4.wiwiss.fu-berlin.de/bizer/bsbm/v01/vocabulary/productFeature;http://www4.wiwiss.fu-berlin.de/bizer/bsbm/v01/instances/ProductFeature594
http://www4.wiwiss.fu-berlin.de/bizer/bsbm/v01/instances/dataFromProducer40/Product6853;http://www4.wiwiss.fu-berlin.de/bizer/bsbm/v01/vocabulary/productFeature;http://www4.wiwiss.fu-berlin.de/bizer/bsbm/v01/instances/ProductFeature601
http://www4.wiwiss.fu-berlin.de/bizer/bsbm/v01/instances/dataFromProducer40/Product6853;http://www4.wiwiss.fu-berlin.de/bizer/bsbm/v01/vocabulary/productFeature;http://www4.wiwiss.fu-berlin.de/bizer/bsbm/v01/instances/ProductFeature602
http://www4.wiwiss.fu-berlin.de/bizer/bsbm/v01/instances/dataFromProducer40/Product6853;http://www4.wiwiss.fu-berlin.de/bizer/bsbm/v01/vocabulary/productFeature;http://www4.wiwiss.fu-berlin.de/bizer/bsbm/v01/instances/ProductFeature24
http://www4.wiwiss.fu-berlin.de/bizer/bsbm/v01/instances/dataFromProducer40/Product6853;http://www4.wiwiss.fu-berlin.de/bizer/bsbm/v01/vocabulary/productFeature;http://www4.wiwiss.fu-berlin.de/bizer/bsbm/v01/instances/ProductFeature27
http://www4.wiwiss.fu-berlin.de/bizer/bsbm/v01/instances/dataFromProducer40/Product6853;http://www4.wiwiss.fu-berlin.de/bizer/bsbm/v01/vocabulary/productFeature;http://www4.wiwiss.fu-berlin.de/bizer/bsbm/v01/instances/ProductFeature31
http://www4.wiwiss.fu-berlin.de/bizer/bsbm/v01/instances/dataFromProducer40/Product6853;http://www4.wiwiss.fu-berlin.de/bizer/bsbm/v01/vocabulary/producer;http://www4.wiwiss.fu-berlin.de/bizer/bsbm/v01/instances/dataFromProducer40/Producer40
http://www4.wiwiss.fu-berlin.de/bizer/bsbm/v01/instances/dataFromProducer40/Product6853;http://purl.org/dc/elements/1.1/publisher;http://www4.wiwiss.fu-berlin.de/bizer/bsbm/v01/instances/dataFromProducer40/Producer40
http://www4.wiwiss.fu-berlin.de/bizer/bsbm/v01/instances/dataFromProducer40/Product6853;http://purl.org/dc/elements/1.1/date;2001-01-08
http://www4.wiwiss.fu-berlin.de/bizer/bsbm/v01/instances/dataFromProducer105/Product9941;http://www.w3.org/1999/02/22-rdf-syntax-ns#type;http://www4.wiwiss.fu-berlin.de/bizer/bsbm/v01/vocabulary/Product
http://www4.wiwiss.fu-berlin.de/bizer/bsbm/v01/instances/dataFromProducer105/Product9941;http://www.w3.org/1999/02/22-rdf-syntax-ns#type;http://www4.wiwiss.fu-berlin.de/bizer/bsbm/v01/instances/ProductType122
http://www4.wiwiss.fu-berlin.de/bizer/bsbm/v01/instances/dataFromProducer105/Product9941;http://www.w3.org/2000/01/rdf-schema#label;pinchers lousing
http://www4.wiwiss.fu-berlin.de/bizer/bsbm/v01/instances/dataFromProducer105/Product9941;http://www.w3.org/2000/01/rdf-schema#comment;heirlooms operating myope reechoing benumbs teacups peninsular jealousness wharfingers rondeaux intertwines germy yanking wides philologist gasiform shoers shorn womenfolk scone predigests spermatic aneurism varlet actuary curdy accommodates uncommoner exiting cheesiness leprechauns analysts unpredictable shamus shares handpick syllabubs investments travellers wedded fluking zizzles limitative nihilisms deports gloms defrocks sandblasted wrackful hospitium manillas blessedly scarcest incompleteness scuffles prettifying totalitarians pibroch anthropoid osteopathies budgeters zoomorphs surfacer instants familiarizations unwisely libidinized rinsers silkscreening sleave landform geoducks birder shashlik fertilize lurked girthed reawaken clambered drogues hopsacking deputized cheaps reenters cham uncircumcised hibernal ducky destroyed causable kneads recurs cantrips stormed rattly parching migrator gamily finalism ceramists substitutive pleadable centralism entities sequenced
http://www4.wiwiss.fu-berlin.de/bizer/bsbm/v01/instances/dataFromProducer105/Product9941;http://www4.wiwiss.fu-berlin.de/bizer/bsbm/v01/vocabulary/productPropertyNumeric1;559
http://www4.wiwiss.fu-berlin.de/bizer/bsbm/v01/instances/dataFromProducer105/Product9941;http://www4.wiwiss.fu-berlin.de/bizer/bsbm/v01/vocabulary/productPropertyNumeric2;830
http://www4.wiwiss.fu-berlin.de/bizer/bsbm/v01/instances/dataFromProducer105/Product9941;http://www4.wiwiss.fu-berlin.de/bizer/bsbm/v01/vocabulary/productPropertyNumeric3;254
http://www4.wiwiss.fu-berlin.de/bizer/bsbm/v01/instances/dataFromProducer105/Product9941;http://www4.wiwiss.fu-berlin.de/bizer/bsbm/v01/vocabulary/productPropertyNumeric4;515
http://www4.wiwiss.fu-berlin.de/bizer/bsbm/v01/instances/dataFromProducer105/Product9941;http://www4.wiwiss.fu-berlin.de/bizer/bsbm/v01/vocabulary/productPropertyNumeric5;16
http://www4.wiwiss.fu-berlin.de/bizer/bsbm/v01/instances/dataFromProducer105/Product9941;http://www4.wiwiss.fu-berlin.de/bizer/bsbm/v01/vocabulary/productPropertyTextual1;truantry dimwits travellable
http://www4.wiwiss.fu-berlin.de/bizer/bsbm/v01/instances/dataFromProducer105/Product9941;http://www4.wiwiss.fu-berlin.de/bizer/bsbm/v01/vocabulary/productPropertyTextual2;nonseasonal taxiways currentness phaser unpenetrated libelant mongeese sunward wolver bombloads dogie amatively perplexed swindler misdid
http://www4.wiwiss.fu-berlin.de/bizer/bsbm/v01/instances/dataFromProducer105/Product9941;http://www4.wiwiss.fu-berlin.de/bizer/bsbm/v01/vocabulary/productPropertyTextual3;reproducer biparted vicing catnapers practicing
http://www4.wiwiss.fu-berlin.de/bizer/bsbm/v01/instances/dataFromProducer105/Product9941;http://www4.wiwiss.fu-berlin.de/bizer/bsbm/v01/vocabulary/productPropertyTextual4;virulently southeasters burgomaster countertenors
http://www4.wiwiss.fu-berlin.de/bizer/bsbm/v01/instances/dataFromProducer105/Product9941;http://www4.wiwiss.fu-berlin.de/bizer/bsbm/v01/vocabulary/productPropertyTextual5;eviller squushing outlawing
http://www4.wiwiss.fu-berlin.de/bizer/bsbm/v01/instances/dataFromProducer105/Product9941;http://www4.wiwiss.fu-berlin.de/bizer/bsbm/v01/vocabulary/productFeature;http://www4.wiwiss.fu-berlin.de/bizer/bsbm/v01/instances/ProductFeature3800
http://www4.wiwiss.fu-berlin.de/bizer/bsbm/v01/instances/dataFromProducer105/Product9941;http://www4.wiwiss.fu-berlin.de/bizer/bsbm/v01/vocabulary/productFeature;http://www4.wiwiss.fu-berlin.de/bizer/bsbm/v01/instances/ProductFeature3811
http://www4.wiwiss.fu-berlin.de/bizer/bsbm/v01/instances/dataFromProducer105/Product9941;http://www4.wiwiss.fu-berlin.de/bizer/bsbm/v01/vocabulary/productFeature;http://www4.wiwiss.fu-berlin.de/bizer/bsbm/v01/instances/ProductFeature3819
http://www4.wiwiss.fu-berlin.de/bizer/bsbm/v01/instances/dataFromProducer105/Product9941;http://www4.wiwiss.fu-berlin.de/bizer/bsbm/v01/vocabulary/productFeature;http://www4.wiwiss.fu-berlin.de/bizer/bsbm/v01/instances/ProductFeature3821
http://www4.wiwiss.fu-berlin.de/bizer/bsbm/v01/instances/dataFromProducer105/Product9941;http://www4.wiwiss.fu-berlin.de/bizer/bsbm/v01/vocabulary/productFeature;http://www4.wiwiss.fu-berlin.de/bizer/bsbm/v01/instances/ProductFeature3822
http://www4.wiwiss.fu-berlin.de/bizer/bsbm/v01/instances/dataFromProducer105/Product9941;http://www4.wiwiss.fu-berlin.de/bizer/bsbm/v01/vocabulary/productFeature;http://www4.wiwiss.fu-berlin.de/bizer/bsbm/v01/instances/ProductFeature3835
http://www4.wiwiss.fu-berlin.de/bizer/bsbm/v01/instances/dataFromProducer105/Product9941;http://www4.wiwiss.fu-berlin.de/bizer/bsbm/v01/vocabulary/productFeature;http://www4.wiwiss.fu-berlin.de/bizer/bsbm/v01/instances/ProductFeature574
http://www4.wiwiss.fu-berlin.de/bizer/bsbm/v01/instances/dataFromProducer105/Product9941;http://www4.wiwiss.fu-berlin.de/bizer/bsbm/v01/vocabulary/productFeature;http://www4.wiwiss.fu-berlin.de/bizer/bsbm/v01/instances/ProductFeature585
http://www4.wiwiss.fu-berlin.de/bizer/bsbm/v01/instances/dataFromProducer105/Product9941;http://www4.wiwiss.fu-berlin.de/bizer/bsbm/v01/vocabulary/productFeature;http://www4.wiwiss.fu-berlin.de/bizer/bsbm/v01/instances/ProductFeature590
http://www4.wiwiss.fu-berlin.de/bizer/bsbm/v01/instances/dataFromProducer105/Product9941;http://www4.wiwiss.fu-berlin.de/bizer/bsbm/v01/vocabulary/productFeature;http://www4.wiwiss.fu-berlin.de/bizer/bsbm/v01/instances/ProductFeature592
http://www4.wiwiss.fu-berlin.de/bizer/bsbm/v01/instances/dataFromProducer105/Product9941;http://www4.wiwiss.fu-berlin.de/bizer/bsbm/v01/vocabulary/productFeature;http://www4.wiwiss.fu-berlin.de/bizer/bsbm/v01/instances/ProductFeature593
http://www4.wiwiss.fu-berlin.de/bizer/bsbm/v01/instances/dataFromProducer105/Product9941;http://www4.wiwiss.fu-berlin.de/bizer/bsbm/v01/vocabulary/productFeature;http://www4.wiwiss.fu-berlin.de/bizer/bsbm/v01/instances/ProductFeature594
http://www4.wiwiss.fu-berlin.de/bizer/bsbm/v01/instances/dataFromProducer105/Product9941;http://www4.wiwiss.fu-berlin.de/bizer/bsbm/v01/vocabulary/productFeature;http://www4.wiwiss.fu-berlin.de/bizer/bsbm/v01/instances/ProductFeature601
http://www4.wiwiss.fu-berlin.de/bizer/bsbm/v01/instances/dataFromProducer105/Product9941;http://www4.wiwiss.fu-berlin.de/bizer/bsbm/v01/vocabulary/productFeature;http://www4.wiwiss.fu-berlin.de/bizer/bsbm/v01/instances/ProductFeature602
http://www4.wiwiss.fu-berlin.de/bizer/bsbm/v01/instances/dataFromProducer105/Product9941;http://www4.wiwiss.fu-berlin.de/bizer/bsbm/v01/vocabulary/productFeature;http://www4.wiwiss.fu-berlin.de/bizer/bsbm/v01/instances/ProductFeature24
http://www4.wiwiss.fu-berlin.de/bizer/bsbm/v01/instances/dataFromProducer105/Product9941;http://www4.wiwiss.fu-berlin.de/bizer/bsbm/v01/vocabulary/productFeature;http://www4.wiwiss.fu-berlin.de/bizer/bsbm/v01/instances/ProductFeature27
http://www4.wiwiss.fu-berlin.de/bizer/bsbm/v01/instances/dataFromProducer105/Product9941;http://www4.wiwiss.fu-berlin.de/bizer/bsbm/v01/vocabulary/productFeature;http://www4.wiwiss.fu-berlin.de/bizer/bsbm/v01/instances/ProductFeature31
http://www4.wiwiss.fu-berlin.de/bizer/bsbm/v01/instances/dataFromProducer105/Product9941;http://www4.wiwiss.fu-berlin.de/bizer/bsbm/v01/vocabulary/producer;http://www4.wiwiss.fu-berlin.de/bizer/bsbm/v01/instances/dataFromProducer40/Producer40
http://www4.wiwiss.fu-berlin.de/bizer/bsbm/v01/instances/dataFromProducer105/Product9941;http://purl.org/dc/elements/1.1/publisher;http://www4.wiwiss.fu-berlin.de/bizer/bsbm/v01/instances/dataFromProducer40/Producer40
http://www4.wiwiss.fu-berlin.de/bizer/bsbm/v01/instances/dataFromProducer105/Product9941;http://purl.org/dc/elements/1.1/date;2001-01-08
http://www4.wiwiss.fu-berlin.de/bizer/bsbm/v01/instances/dataFromProducer39/Product6775;http://www.w3.org/1999/02/22-rdf-syntax-ns#type;http://www4.wiwiss.fu-berlin.de/bizer/bsbm/v01/vocabulary/Product
http://www4.wiwiss.fu-berlin.de/bizer/bsbm/v01/instances/dataFromProducer39/Product6775;http://www.w3.org/1999/02/22-rdf-syntax-ns#type;http://www4.wiwiss.fu-berlin.de/bizer/bsbm/v01/instances/ProductType122
http://www4.wiwiss.fu-berlin.de/bizer/bsbm/v01/instances/dataFromProducer39/Product6775;http://www.w3.org/2000/01/rdf-schema#label;pinchers lousing
http://www4.wiwiss.fu-berlin.de/bizer/bsbm/v01/instances/dataFromProducer39/Product6775;http://www.w3.org/2000/01/rdf-schema#comment;heirlooms operating myope reechoing benumbs teacups peninsular jealousness wharfingers rondeaux intertwines germy yanking wides philologist gasiform shoers shorn womenfolk scone predigests spermatic aneurism varlet actuary curdy accommodates uncommoner exiting cheesiness leprechauns analysts unpredictable shamus shares handpick syllabubs investments travellers wedded fluking zizzles limitative nihilisms deports gloms defrocks sandblasted wrackful hospitium manillas blessedly scarcest incompleteness scuffles prettifying totalitarians pibroch anthropoid osteopathies budgeters zoomorphs surfacer instants familiarizations unwisely libidinized rinsers silkscreening sleave landform geoducks birder shashlik fertilize lurked girthed reawaken clambered drogues hopsacking deputized cheaps reenters cham uncircumcised hibernal ducky destroyed causable kneads recurs cantrips stormed rattly parching migrator gamily finalism ceramists substitutive pleadable centralism entities sequenced
http://www4.wiwiss.fu-berlin.de/bizer/bsbm/v01/instances/dataFromProducer39/Product6775;http://www4.wiwiss.fu-berlin.de/bizer/bsbm/v01/vocabulary/productPropertyNumeric1;559
http://www4.wiwiss.fu-berlin.de/bizer/bsbm/v01/instances/dataFromProducer39/Product6775;http://www4.wiwiss.fu-berlin.de/bizer/bsbm/v01/vocabulary/productPropertyNumeric2;830
http://www4.wiwiss.fu-berlin.de/bizer/bsbm/v01/instances/dataFromProducer39/Product6775;http://www4.wiwiss.fu-berlin.de/bizer/bsbm/v01/vocabulary/productPropertyNumeric3;254
http://www4.wiwiss.fu-berlin.de/bizer/bsbm/v01/instances/dataFromProducer39/Product6775;http://www4.wiwiss.fu-berlin.de/bizer/bsbm/v01/vocabulary/productPropertyNumeric4;515
http://www4.wiwiss.fu-berlin.de/bizer/bsbm/v01/instances/dataFromProducer39/Product6775;http://www4.wiwiss.fu-berlin.de/bizer/bsbm/v01/vocabulary/productPropertyNumeric5;16
http://www4.wiwiss.fu-berlin.de/bizer/bsbm/v01/instances/dataFromProducer39/Product6775;http://www4.wiwiss.fu-berlin.de/bizer/bsbm/v01/vocabulary/productPropertyTextual1;truantry dimwits travellable
http://www4.wiwiss.fu-berlin.de/bizer/bsbm/v01/instances/dataFromProducer39/Product6775;http://www4.wiwiss.fu-berlin.de/bizer/bsbm/v01/vocabulary/productPropertyTextual2;nonseasonal taxiways currentness phaser unpenetrated libelant mongeese sunward wolver bombloads dogie amatively perplexed swindler misdid
http://www4.wiwiss.fu-berlin.de/bizer/bsbm/v01/instances/dataFromProducer39/Product6775;http://www4.wiwiss.fu-berlin.de/bizer/bsbm/v01/vocabulary/productPropertyTextual3;reproducer biparted vicing catnapers practicing
http://www4.wiwiss.fu-berlin.de/bizer/bsbm/v01/instances/dataFromProducer39/Product6775;http://www4.wiwiss.fu-berlin.de/bizer/bsbm/v01/vocabulary/productPropertyTextual4;virulently southeasters burgomaster countertenors
http://www4.wiwiss.fu-berlin.de/bizer/bsbm/v01/instances/dataFromProducer39/Product6775;http://www4.wiwiss.fu-berlin.de/bizer/bsbm/v01/vocabulary/productPropertyTextual5;eviller squushing outlawing
http://www4.wiwiss.fu-berlin.de/bizer/bsbm/v01/instances/dataFromProducer39/Product6775;http://www4.wiwiss.fu-berlin.de/bizer/bsbm/v01/vocabulary/productFeature;http://www4.wiwiss.fu-berlin.de/bizer/bsbm/v01/instances/ProductFeature3800
http://www4.wiwiss.fu-berlin.de/bizer/bsbm/v01/instances/dataFromProducer39/Product6775;http://www4.wiwiss.fu-berlin.de/bizer/bsbm/v01/vocabulary/productFeature;http://www4.wiwiss.fu-berlin.de/bizer/bsbm/v01/instances/ProductFeature3811
http://www4.wiwiss.fu-berlin.de/bizer/bsbm/v01/instances/dataFromProducer39/Product6775;http://www4.wiwiss.fu-berlin.de/bizer/bsbm/v01/vocabulary/productFeature;http://www4.wiwiss.fu-berlin.de/bizer/bsbm/v01/instances/ProductFeature3819
http://www4.wiwiss.fu-berlin.de/bizer/bsbm/v01/instances/dataFromProducer39/Product6775;http://www4.wiwiss.fu-berlin.de/bizer/bsbm/v01/vocabulary/productFeature;http://www4.wiwiss.fu-berlin.de/bizer/bsbm/v01/instances/ProductFeature3821
http://www4.wiwiss.fu-berlin.de/bizer/bsbm/v01/instances/dataFromProducer39/Product6775;http://www4.wiwiss.fu-berlin.de/bizer/bsbm/v01/vocabulary/productFeature;http://www4.wiwiss.fu-berlin.de/bizer/bsbm/v01/instances/ProductFeature3822
http://www4.wiwiss.fu-berlin.de/bizer/bsbm/v01/instances/dataFromProducer39/Product6775;http://www4.wiwiss.fu-berlin.de/bizer/bsbm/v01/vocabulary/productFeature;http://www4.wiwiss.fu-berlin.de/bizer/bsbm/v01/instances/ProductFeature3835
http://www4.wiwiss.fu-berlin.de/bizer/bsbm/v01/instances/dataFromProducer39/Product6775;http://www4.wiwiss.fu-berlin.de/bizer/bsbm/v01/vocabulary/productFeature;http://www4.wiwiss.fu-berlin.de/bizer/bsbm/v01/instances/ProductFeature574
http://www4.wiwiss.fu-berlin.de/bizer/bsbm/v01/instances/dataFromProducer39/Product6775;http://www4.wiwiss.fu-berlin.de/bizer/bsbm/v01/vocabulary/productFeature;http://www4.wiwiss.fu-berlin.de/bizer/bsbm/v01/instances/ProductFeature585
http://www4.wiwiss.fu-berlin.de/bizer/bsbm/v01/instances/dataFromProducer39/Product6775;http://www4.wiwiss.fu-berlin.de/bizer/bsbm/v01/vocabulary/productFeature;http://www4.wiwiss.fu-berlin.de/bizer/bsbm/v01/instances/ProductFeature590
http://www4.wiwiss.fu-berlin.de/bizer/bsbm/v01/instances/dataFromProducer39/Product6775;http://www4.wiwiss.fu-berlin.de/bizer/bsbm/v01/vocabulary/productFeature;http://www4.wiwiss.fu-berlin.de/bizer/bsbm/v01/instances/ProductFeature592
http://www4.wiwiss.fu-berlin.de/bizer/bsbm/v01/instances/dataFromProducer39/Product6775;http://www4.wiwiss.fu-berlin.de/bizer/bsbm/v01/vocabulary/productFeature;http://www4.wiwiss.fu-berlin.de/bizer/bsbm/v01/instances/ProductFeature593
http://www4.wiwiss.fu-berlin.de/bizer/bsbm/v01/instances/dataFromProducer39/Product6775;http://www4.wiwiss.fu-berlin.de/bizer/bsbm/v01/vocabulary/productFeature;http://www4.wiwiss.fu-berlin.de/bizer/bsbm/v01/instances/ProductFeature594
http://www4.wiwiss.fu-berlin.de/bizer/bsbm/v01/instances/dataFromProducer39/Product6775;http://www4.wiwiss.fu-berlin.de/bizer/bsbm/v01/vocabulary/productFeature;http://www4.wiwiss.fu-berlin.de/bizer/bsbm/v01/instances/ProductFeature601
http://www4.wiwiss.fu-berlin.de/bizer/bsbm/v01/instances/dataFromProducer39/Product6775;http://www4.wiwiss.fu-berlin.de/bizer/bsbm/v01/vocabulary/productFeature;http://www4.wiwiss.fu-berlin.de/bizer/bsbm/v01/instances/ProductFeature602
http://www4.wiwiss.fu-berlin.de/bizer/bsbm/v01/instances/dataFromProducer39/Product6775;http://www4.wiwiss.fu-berlin.de/bizer/bsbm/v01/vocabulary/productFeature;http://www4.wiwiss.fu-berlin.de/bizer/bsbm/v01/instances/ProductFeature24
http://www4.wiwiss.fu-berlin.de/bizer/bsbm/v01/instances/dataFromProducer39/Product6775;http://www4.wiwiss.fu-berlin.de/bizer/bsbm/v01/vocabulary/productFeature;http://www4.wiwiss.fu-berlin.de/bizer/bsbm/v01/instances/ProductFeature27
http://www4.wiwiss.fu-berlin.de/bizer/bsbm/v01/instances/dataFromProducer39/Product6775;http://www4.wiwiss.fu-berlin.de/bizer/bsbm/v01/vocabulary/productFeature;http://www4.wiwiss.fu-berlin.de/bizer/bsbm/v01/instances/ProductFeature31
http://www4.wiwiss.fu-berlin.de/bizer/bsbm/v01/instances/dataFromProducer39/Product6775;http://www4.wiwiss.fu-berlin.de/bizer/bsbm/v01/vocabulary/producer;http://www4.wiwiss.fu-berlin.de/bizer/bsbm/v01/instances/dataFromProducer40/Producer40
http://www4.wiwiss.fu-berlin.de/bizer/bsbm/v01/instances/dataFromProducer39/Product6775;http://purl.org/dc/elements/1.1/publisher;http://www4.wiwiss.fu-berlin.de/bizer/bsbm/v01/instances/dataFromProducer40/Producer40
http://www4.wiwiss.fu-berlin.de/bizer/bsbm/v01/instances/dataFromProducer39/Product6775;http://purl.org/dc/elements/1.1/date;2001-01-08
http://www4.wiwiss.fu-berlin.de/bizer/bsbm/v01/instances/dataFromProducer34/Product6545;http://www.w3.org/1999/02/22-rdf-syntax-ns#type;http://www4.wiwiss.fu-berlin.de/bizer/bsbm/v01/vocabulary/Product
http://www4.wiwiss.fu-berlin.de/bizer/bsbm/v01/instances/dataFromProducer34/Product6545;http://www.w3.org/1999/02/22-rdf-syntax-ns#type;http://www4.wiwiss.fu-berlin.de/bizer/bsbm/v01/instances/ProductType122
http://www4.wiwiss.fu-berlin.de/bizer/bsbm/v01/instances/dataFromProducer34/Product6545;http://www.w3.org/2000/01/rdf-schema#label;pinchers lousing
http://www4.wiwiss.fu-berlin.de/bizer/bsbm/v01/instances/dataFromProducer34/Product6545;http://www.w3.org/2000/01/rdf-schema#comment;heirlooms operating myope reechoing benumbs teacups peninsular jealousness wharfingers rondeaux intertwines germy yanking wides philologist gasiform shoers shorn womenfolk scone predigests spermatic aneurism varlet actuary curdy accommodates uncommoner exiting cheesiness leprechauns analysts unpredictable shamus shares handpick syllabubs investments travellers wedded fluking zizzles limitative nihilisms deports gloms defrocks sandblasted wrackful hospitium manillas blessedly scarcest incompleteness scuffles prettifying totalitarians pibroch anthropoid osteopathies budgeters zoomorphs surfacer instants familiarizations unwisely libidinized rinsers silkscreening sleave landform geoducks birder shashlik fertilize lurked girthed reawaken clambered drogues hopsacking deputized cheaps reenters cham uncircumcised hibernal ducky destroyed causable kneads recurs cantrips stormed rattly parching migrator gamily finalism ceramists substitutive pleadable centralism entities sequenced
http://www4.wiwiss.fu-berlin.de/bizer/bsbm/v01/instances/dataFromProducer34/Product6545;http://www4.wiwiss.fu-berlin.de/bizer/bsbm/v01/vocabulary/productPropertyNumeric1;559
http://www4.wiwiss.fu-berlin.de/bizer/bsbm/v01/instances/dataFromProducer34/Product6545;http://www4.wiwiss.fu-berlin.de/bizer/bsbm/v01/vocabulary/productPropertyNumeric2;830
http://www4.wiwiss.fu-berlin.de/bizer/bsbm/v01/instances/dataFromProducer34/Product6545;http://www4.wiwiss.fu-berlin.de/bizer/bsbm/v01/vocabulary/productPropertyNumeric3;254
http://www4.wiwiss.fu-berlin.de/bizer/bsbm/v01/instances/dataFromProducer34/Product6545;http://www4.wiwiss.fu-berlin.de/bizer/bsbm/v01/vocabulary/productPropertyNumeric4;515
http://www4.wiwiss.fu-berlin.de/bizer/bsbm/v01/instances/dataFromProducer34/Product6545;http://www4.wiwiss.fu-berlin.de/bizer/bsbm/v01/vocabulary/productPropertyNumeric5;16
http://www4.wiwiss.fu-berlin.de/bizer/bsbm/v01/instances/dataFromProducer34/Product6545;http://www4.wiwiss.fu-berlin.de/bizer/bsbm/v01/vocabulary/productPropertyTextual1;truantry dimwits travellable
http://www4.wiwiss.fu-berlin.de/bizer/bsbm/v01/instances/dataFromProducer34/Product6545;http://www4.wiwiss.fu-berlin.de/bizer/bsbm/v01/vocabulary/productPropertyTextual2;nonseasonal taxiways currentness phaser unpenetrated libelant mongeese sunward wolver bombloads dogie amatively perplexed swindler misdid
http://www4.wiwiss.fu-berlin.de/bizer/bsbm/v01/instances/dataFromProducer34/Product6545;http://www4.wiwiss.fu-berlin.de/bizer/bsbm/v01/vocabulary/productPropertyTextual3;reproducer biparted vicing catnapers practicing
http://www4.wiwiss.fu-berlin.de/bizer/bsbm/v01/instances/dataFromProducer34/Product6545;http://www4.wiwiss.fu-berlin.de/bizer/bsbm/v01/vocabulary/productPropertyTextual4;virulently southeasters burgomaster countertenors
http://www4.wiwiss.fu-berlin.de/bizer/bsbm/v01/instances/dataFromProducer34/Product6545;http://www4.wiwiss.fu-berlin.de/bizer/bsbm/v01/vocabulary/productPropertyTextual5;eviller squushing outlawing
http://www4.wiwiss.fu-berlin.de/bizer/bsbm/v01/instances/dataFromProducer34/Product6545;http://www4.wiwiss.fu-berlin.de/bizer/bsbm/v01/vocabulary/productFeature;http://www4.wiwiss.fu-berlin.de/bizer/bsbm/v01/instances/ProductFeature3800
http://www4.wiwiss.fu-berlin.de/bizer/bsbm/v01/instances/dataFromProducer34/Product6545;http://www4.wiwiss.fu-berlin.de/bizer/bsbm/v01/vocabulary/productFeature;http://www4.wiwiss.fu-berlin.de/bizer/bsbm/v01/instances/ProductFeature3811
http://www4.wiwiss.fu-berlin.de/bizer/bsbm/v01/instances/dataFromProducer34/Product6545;http://www4.wiwiss.fu-berlin.de/bizer/bsbm/v01/vocabulary/productFeature;http://www4.wiwiss.fu-berlin.de/bizer/bsbm/v01/instances/ProductFeature3819
http://www4.wiwiss.fu-berlin.de/bizer/bsbm/v01/instances/dataFromProducer34/Product6545;http://www4.wiwiss.fu-berlin.de/bizer/bsbm/v01/vocabulary/productFeature;http://www4.wiwiss.fu-berlin.de/bizer/bsbm/v01/instances/ProductFeature3821
http://www4.wiwiss.fu-berlin.de/bizer/bsbm/v01/instances/dataFromProducer34/Product6545;http://www4.wiwiss.fu-berlin.de/bizer/bsbm/v01/vocabulary/productFeature;http://www4.wiwiss.fu-berlin.de/bizer/bsbm/v01/instances/ProductFeature3822
http://www4.wiwiss.fu-berlin.de/bizer/bsbm/v01/instances/dataFromProducer34/Product6545;http://www4.wiwiss.fu-berlin.de/bizer/bsbm/v01/vocabulary/productFeature;http://www4.wiwiss.fu-berlin.de/bizer/bsbm/v01/instances/ProductFeature3835
http://www4.wiwiss.fu-berlin.de/bizer/bsbm/v01/instances/dataFromProducer34/Product6545;http://www4.wiwiss.fu-berlin.de/bizer/bsbm/v01/vocabulary/productFeature;http://www4.wiwiss.fu-berlin.de/bizer/bsbm/v01/instances/ProductFeature574
http://www4.wiwiss.fu-berlin.de/bizer/bsbm/v01/instances/dataFromProducer34/Product6545;http://www4.wiwiss.fu-berlin.de/bizer/bsbm/v01/vocabulary/productFeature;http://www4.wiwiss.fu-berlin.de/bizer/bsbm/v01/instances/ProductFeature585
http://www4.wiwiss.fu-berlin.de/bizer/bsbm/v01/instances/dataFromProducer34/Product6545;http://www4.wiwiss.fu-berlin.de/bizer/bsbm/v01/vocabulary/productFeature;http://www4.wiwiss.fu-berlin.de/bizer/bsbm/v01/instances/ProductFeature590
http://www4.wiwiss.fu-berlin.de/bizer/bsbm/v01/instances/dataFromProducer34/Product6545;http://www4.wiwiss.fu-berlin.de/bizer/bsbm/v01/vocabulary/productFeature;http://www4.wiwiss.fu-berlin.de/bizer/bsbm/v01/instances/ProductFeature592
http://www4.wiwiss.fu-berlin.de/bizer/bsbm/v01/instances/dataFromProducer34/Product6545;http://www4.wiwiss.fu-berlin.de/bizer/bsbm/v01/vocabulary/productFeature;http://www4.wiwiss.fu-berlin.de/bizer/bsbm/v01/instances/ProductFeature593
http://www4.wiwiss.fu-berlin.de/bizer/bsbm/v01/instances/dataFromProducer34/Product6545;http://www4.wiwiss.fu-berlin.de/bizer/bsbm/v01/vocabulary/productFeature;http://www4.wiwiss.fu-berlin.de/bizer/bsbm/v01/instances/ProductFeature594
http://www4.wiwiss.fu-berlin.de/bizer/bsbm/v01/instances/dataFromProducer34/Product6545;http://www4.wiwiss.fu-berlin.de/bizer/bsbm/v01/vocabulary/productFeature;http://www4.wiwiss.fu-berlin.de/bizer/bsbm/v01/instances/ProductFeature601
http://www4.wiwiss.fu-berlin.de/bizer/bsbm/v01/instances/dataFromProducer34/Product6545;http://www4.wiwiss.fu-berlin.de/bizer/bsbm/v01/vocabulary/productFeature;http://www4.wiwiss.fu-berlin.de/bizer/bsbm/v01/instances/ProductFeature602
http://www4.wiwiss.fu-berlin.de/bizer/bsbm/v01/instances/dataFromProducer34/Product6545;http://www4.wiwiss.fu-berlin.de/bizer/bsbm/v01/vocabulary/productFeature;http://www4.wiwiss.fu-berlin.de/bizer/bsbm/v01/instances/ProductFeature24
http://www4.wiwiss.fu-berlin.de/bizer/bsbm/v01/instances/dataFromProducer34/Product6545;http://www4.wiwiss.fu-berlin.de/bizer/bsbm/v01/vocabulary/productFeature;http://www4.wiwiss.fu-berlin.de/bizer/bsbm/v01/instances/ProductFeature27
http://www4.wiwiss.fu-berlin.de/bizer/bsbm/v01/instances/dataFromProducer34/Product6545;http://www4.wiwiss.fu-berlin.de/bizer/bsbm/v01/vocabulary/productFeature;http://www4.wiwiss.fu-berlin.de/bizer/bsbm/v01/instances/ProductFeature31
http://www4.wiwiss.fu-berlin.de/bizer/bsbm/v01/instances/dataFromProducer34/Product6545;http://www4.wiwiss.fu-berlin.de/bizer/bsbm/v01/vocabulary/producer;http://www4.wiwiss.fu-berlin.de/bizer/bsbm/v01/instances/dataFromProducer40/Producer40
http://www4.wiwiss.fu-berlin.de/bizer/bsbm/v01/instances/dataFromProducer34/Product6545;http://purl.org/dc/elements/1.1/publisher;http://www4.wiwiss.fu-berlin.de/bizer/bsbm/v01/instances/dataFromProducer40/Producer40
http://www4.wiwiss.fu-berlin.de/bizer/bsbm/v01/instances/dataFromProducer34/Product6545;http://purl.org/dc/elements/1.1/date;2001-01-08
http://www4.wiwiss.fu-berlin.de/bizer/bsbm/v01/instances/dataFromProducer51/Product7399;http://www.w3.org/1999/02/22-rdf-syntax-ns#type;http://www4.wiwiss.fu-berlin.de/bizer/bsbm/v01/vocabulary/Product
http://www4.wiwiss.fu-berlin.de/bizer/bsbm/v01/instances/dataFromProducer51/Product7399;http://www.w3.org/1999/02/22-rdf-syntax-ns#type;http://www4.wiwiss.fu-berlin.de/bizer/bsbm/v01/instances/ProductType122
http://www4.wiwiss.fu-berlin.de/bizer/bsbm/v01/instances/dataFromProducer51/Product7399;http://www.w3.org/2000/01/rdf-schema#label;pinchers lousing
http://www4.wiwiss.fu-berlin.de/bizer/bsbm/v01/instances/dataFromProducer51/Product7399;http://www.w3.org/2000/01/rdf-schema#comment;heirlooms operating myope reechoing benumbs teacups peninsular jealousness wharfingers rondeaux intertwines germy yanking wides philologist gasiform shoers shorn womenfolk scone predigests spermatic aneurism varlet actuary curdy accommodates uncommoner exiting cheesiness leprechauns analysts unpredictable shamus shares handpick syllabubs investments travellers wedded fluking zizzles limitative nihilisms deports gloms defrocks sandblasted wrackful hospitium manillas blessedly scarcest incompleteness scuffles prettifying totalitarians pibroch anthropoid osteopathies budgeters zoomorphs surfacer instants familiarizations unwisely libidinized rinsers silkscreening sleave landform geoducks birder shashlik fertilize lurked girthed reawaken clambered drogues hopsacking deputized cheaps reenters cham uncircumcised hibernal ducky destroyed causable kneads recurs cantrips stormed rattly parching migrator gamily finalism ceramists substitutive pleadable centralism entities sequenced
http://www4.wiwiss.fu-berlin.de/bizer/bsbm/v01/instances/dataFromProducer51/Product7399;http://www4.wiwiss.fu-berlin.de/bizer/bsbm/v01/vocabulary/productPropertyNumeric1;559
http://www4.wiwiss.fu-berlin.de/bizer/bsbm/v01/instances/dataFromProducer51/Product7399;http://www4.wiwiss.fu-berlin.de/bizer/bsbm/v01/vocabulary/productPropertyNumeric2;830
http://www4.wiwiss.fu-berlin.de/bizer/bsbm/v01/instances/dataFromProducer51/Product7399;http://www4.wiwiss.fu-berlin.de/bizer/bsbm/v01/vocabulary/productPropertyNumeric3;254
http://www4.wiwiss.fu-berlin.de/bizer/bsbm/v01/instances/dataFromProducer51/Product7399;http://www4.wiwiss.fu-berlin.de/bizer/bsbm/v01/vocabulary/productPropertyNumeric4;515
http://www4.wiwiss.fu-berlin.de/bizer/bsbm/v01/instances/dataFromProducer51/Product7399;http://www4.wiwiss.fu-berlin.de/bizer/bsbm/v01/vocabulary/productPropertyNumeric5;16
http://www4.wiwiss.fu-berlin.de/bizer/bsbm/v01/instances/dataFromProducer51/Product7399;http://www4.wiwiss.fu-berlin.de/bizer/bsbm/v01/vocabulary/productPropertyTextual1;truantry dimwits travellable
http://www4.wiwiss.fu-berlin.de/bizer/bsbm/v01/instances/dataFromProducer51/Product7399;http://www4.wiwiss.fu-berlin.de/bizer/bsbm/v01/vocabulary/productPropertyTextual2;nonseasonal taxiways currentness phaser unpenetrated libelant mongeese sunward wolver bombloads dogie amatively perplexed swindler misdid
http://www4.wiwiss.fu-berlin.de/bizer/bsbm/v01/instances/dataFromProducer51/Product7399;http://www4.wiwiss.fu-berlin.de/bizer/bsbm/v01/vocabulary/productPropertyTextual3;reproducer biparted vicing catnapers practicing
http://www4.wiwiss.fu-berlin.de/bizer/bsbm/v01/instances/dataFromProducer51/Product7399;http://www4.wiwiss.fu-berlin.de/bizer/bsbm/v01/vocabulary/productPropertyTextual4;virulently southeasters burgomaster countertenors
http://www4.wiwiss.fu-berlin.de/bizer/bsbm/v01/instances/dataFromProducer51/Product7399;http://www4.wiwiss.fu-berlin.de/bizer/bsbm/v01/vocabulary/productPropertyTextual5;eviller squushing outlawing
http://www4.wiwiss.fu-berlin.de/bizer/bsbm/v01/instances/dataFromProducer51/Product7399;http://www4.wiwiss.fu-berlin.de/bizer/bsbm/v01/vocabulary/productFeature;http://www4.wiwiss.fu-berlin.de/bizer/bsbm/v01/instances/ProductFeature3800
http://www4.wiwiss.fu-berlin.de/bizer/bsbm/v01/instances/dataFromProducer51/Product7399;http://www4.wiwiss.fu-berlin.de/bizer/bsbm/v01/vocabulary/productFeature;http://www4.wiwiss.fu-berlin.de/bizer/bsbm/v01/instances/ProductFeature3811
http://www4.wiwiss.fu-berlin.de/bizer/bsbm/v01/instances/dataFromProducer51/Product7399;http://www4.wiwiss.fu-berlin.de/bizer/bsbm/v01/vocabulary/productFeature;http://www4.wiwiss.fu-berlin.de/bizer/bsbm/v01/instances/ProductFeature3819
http://www4.wiwiss.fu-berlin.de/bizer/bsbm/v01/instances/dataFromProducer51/Product7399;http://www4.wiwiss.fu-berlin.de/bizer/bsbm/v01/vocabulary/productFeature;http://www4.wiwiss.fu-berlin.de/bizer/bsbm/v01/instances/ProductFeature3821
http://www4.wiwiss.fu-berlin.de/bizer/bsbm/v01/instances/dataFromProducer51/Product7399;http://www4.wiwiss.fu-berlin.de/bizer/bsbm/v01/vocabulary/productFeature;http://www4.wiwiss.fu-berlin.de/bizer/bsbm/v01/instances/ProductFeature3822
http://www4.wiwiss.fu-berlin.de/bizer/bsbm/v01/instances/dataFromProducer51/Product7399;http://www4.wiwiss.fu-berlin.de/bizer/bsbm/v01/vocabulary/productFeature;http://www4.wiwiss.fu-berlin.de/bizer/bsbm/v01/instances/ProductFeature3835
http://www4.wiwiss.fu-berlin.de/bizer/bsbm/v01/instances/dataFromProducer51/Product7399;http://www4.wiwiss.fu-berlin.de/bizer/bsbm/v01/vocabulary/productFeature;http://www4.wiwiss.fu-berlin.de/bizer/bsbm/v01/instances/ProductFeature574
http://www4.wiwiss.fu-berlin.de/bizer/bsbm/v01/instances/dataFromProducer51/Product7399;http://www4.wiwiss.fu-berlin.de/bizer/bsbm/v01/vocabulary/productFeature;http://www4.wiwiss.fu-berlin.de/bizer/bsbm/v01/instances/ProductFeature585
http://www4.wiwiss.fu-berlin.de/bizer/bsbm/v01/instances/dataFromProducer51/Product7399;http://www4.wiwiss.fu-berlin.de/bizer/bsbm/v01/vocabulary/productFeature;http://www4.wiwiss.fu-berlin.de/bizer/bsbm/v01/instances/ProductFeature590
http://www4.wiwiss.fu-berlin.de/bizer/bsbm/v01/instances/dataFromProducer51/Product7399;http://www4.wiwiss.fu-berlin.de/bizer/bsbm/v01/vocabulary/productFeature;http://www4.wiwiss.fu-berlin.de/bizer/bsbm/v01/instances/ProductFeature592
http://www4.wiwiss.fu-berlin.de/bizer/bsbm/v01/instances/dataFromProducer51/Product7399;http://www4.wiwiss.fu-berlin.de/bizer/bsbm/v01/vocabulary/productFeature;http://www4.wiwiss.fu-berlin.de/bizer/bsbm/v01/instances/ProductFeature593
http://www4.wiwiss.fu-berlin.de/bizer/bsbm/v01/instances/dataFromProducer51/Product7399;http://www4.wiwiss.fu-berlin.de/bizer/bsbm/v01/vocabulary/productFeature;http://www4.wiwiss.fu-berlin.de/bizer/bsbm/v01/instances/ProductFeature594
http://www4.wiwiss.fu-berlin.de/bizer/bsbm/v01/instances/dataFromProducer51/Product7399;http://www4.wiwiss.fu-berlin.de/bizer/bsbm/v01/vocabulary/productFeature;http://www4.wiwiss.fu-berlin.de/bizer/bsbm/v01/instances/ProductFeature601
http://www4.wiwiss.fu-berlin.de/bizer/bsbm/v01/instances/dataFromProducer51/Product7399;http://www4.wiwiss.fu-berlin.de/bizer/bsbm/v01/vocabulary/productFeature;http://www4.wiwiss.fu-berlin.de/bizer/bsbm/v01/instances/ProductFeature602
http://www4.wiwiss.fu-berlin.de/bizer/bsbm/v01/instances/dataFromProducer51/Product7399;http://www4.wiwiss.fu-berlin.de/bizer/bsbm/v01/vocabulary/productFeature;http://www4.wiwiss.fu-berlin.de/bizer/bsbm/v01/instances/ProductFeature24
http://www4.wiwiss.fu-berlin.de/bizer/bsbm/v01/instances/dataFromProducer51/Product7399;http://www4.wiwiss.fu-berlin.de/bizer/bsbm/v01/vocabulary/productFeature;http://www4.wiwiss.fu-berlin.de/bizer/bsbm/v01/instances/ProductFeature27
http://www4.wiwiss.fu-berlin.de/bizer/bsbm/v01/instances/dataFromProducer51/Product7399;http://www4.wiwiss.fu-berlin.de/bizer/bsbm/v01/vocabulary/productFeature;http://www4.wiwiss.fu-berlin.de/bizer/bsbm/v01/instances/ProductFeature31
http://www4.wiwiss.fu-berlin.de/bizer/bsbm/v01/instances/dataFromProducer51/Product7399;http://www4.wiwiss.fu-berlin.de/bizer/bsbm/v01/vocabulary/producer;http://www4.wiwiss.fu-berlin.de/bizer/bsbm/v01/instances/dataFromProducer40/Producer40
http://www4.wiwiss.fu-berlin.de/bizer/bsbm/v01/instances/dataFromProducer51/Product7399;http://purl.org/dc/elements/1.1/publisher;http://www4.wiwiss.fu-berlin.de/bizer/bsbm/v01/instances/dataFromProducer40/Producer40
http://www4.wiwiss.fu-berlin.de/bizer/bsbm/v01/instances/dataFromProducer51/Product7399;http://purl.org/dc/elements/1.1/date;2001-01-08
http://www4.wiwiss.fu-berlin.de/bizer/bsbm/v01/instances/dataFromProducer82/Product8877;http://www.w3.org/1999/02/22-rdf-syntax-ns#type;http://www4.wiwiss.fu-berlin.de/bizer/bsbm/v01/vocabulary/Product
http://www4.wiwiss.fu-berlin.de/bizer/bsbm/v01/instances/dataFromProducer82/Product8877;http://www.w3.org/1999/02/22-rdf-syntax-ns#type;http://www4.wiwiss.fu-berlin.de/bizer/bsbm/v01/instances/ProductType122
http://www4.wiwiss.fu-berlin.de/bizer/bsbm/v01/instances/dataFromProducer82/Product8877;http://www.w3.org/2000/01/rdf-schema#label;pinchers lousing
http://www4.wiwiss.fu-berlin.de/bizer/bsbm/v01/instances/dataFromProducer82/Product8877;http://www.w3.org/2000/01/rdf-schema#comment;heirlooms operating myope reechoing benumbs teacups peninsular jealousness wharfingers rondeaux intertwines germy yanking wides philologist gasiform shoers shorn womenfolk scone predigests spermatic aneurism varlet actuary curdy accommodates uncommoner exiting cheesiness leprechauns analysts unpredictable shamus shares handpick syllabubs investments travellers wedded fluking zizzles limitative nihilisms deports gloms defrocks sandblasted wrackful hospitium manillas blessedly scarcest incompleteness scuffles prettifying totalitarians pibroch anthropoid osteopathies budgeters zoomorphs surfacer instants familiarizations unwisely libidinized rinsers silkscreening sleave landform geoducks birder shashlik fertilize lurked girthed reawaken clambered drogues hopsacking deputized cheaps reenters cham uncircumcised hibernal ducky destroyed causable kneads recurs cantrips stormed rattly parching migrator gamily finalism ceramists substitutive pleadable centralism entities sequenced
http://www4.wiwiss.fu-berlin.de/bizer/bsbm/v01/instances/dataFromProducer82/Product8877;http://www4.wiwiss.fu-berlin.de/bizer/bsbm/v01/vocabulary/productPropertyNumeric1;559
http://www4.wiwiss.fu-berlin.de/bizer/bsbm/v01/instances/dataFromProducer82/Product8877;http://www4.wiwiss.fu-berlin.de/bizer/bsbm/v01/vocabulary/productPropertyNumeric2;830
http://www4.wiwiss.fu-berlin.de/bizer/bsbm/v01/instances/dataFromProducer82/Product8877;http://www4.wiwiss.fu-berlin.de/bizer/bsbm/v01/vocabulary/productPropertyNumeric3;254
http://www4.wiwiss.fu-berlin.de/bizer/bsbm/v01/instances/dataFromProducer82/Product8877;http://www4.wiwiss.fu-berlin.de/bizer/bsbm/v01/vocabulary/productPropertyNumeric4;515
http://www4.wiwiss.fu-berlin.de/bizer/bsbm/v01/instances/dataFromProducer82/Product8877;http://www4.wiwiss.fu-berlin.de/bizer/bsbm/v01/vocabulary/productPropertyNumeric5;16
http://www4.wiwiss.fu-berlin.de/bizer/bsbm/v01/instances/dataFromProducer82/Product8877;http://www4.wiwiss.fu-berlin.de/bizer/bsbm/v01/vocabulary/productPropertyTextual1;truantry dimwits travellable
http://www4.wiwiss.fu-berlin.de/bizer/bsbm/v01/instances/dataFromProducer82/Product8877;http://www4.wiwiss.fu-berlin.de/bizer/bsbm/v01/vocabulary/productPropertyTextual2;nonseasonal taxiways currentness phaser unpenetrated libelant mongeese sunward wolver bombloads dogie amatively perplexed swindler misdid
http://www4.wiwiss.fu-berlin.de/bizer/bsbm/v01/instances/dataFromProducer82/Product8877;http://www4.wiwiss.fu-berlin.de/bizer/bsbm/v01/vocabulary/productPropertyTextual3;reproducer biparted vicing catnapers practicing
http://www4.wiwiss.fu-berlin.de/bizer/bsbm/v01/instances/dataFromProducer82/Product8877;http://www4.wiwiss.fu-berlin.de/bizer/bsbm/v01/vocabulary/productPropertyTextual4;virulently southeasters burgomaster countertenors
http://www4.wiwiss.fu-berlin.de/bizer/bsbm/v01/instances/dataFromProducer82/Product8877;http://www4.wiwiss.fu-berlin.de/bizer/bsbm/v01/vocabulary/productPropertyTextual5;eviller squushing outlawing
http://www4.wiwiss.fu-berlin.de/bizer/bsbm/v01/instances/dataFromProducer82/Product8877;http://www4.wiwiss.fu-berlin.de/bizer/bsbm/v01/vocabulary/productFeature;http://www4.wiwiss.fu-berlin.de/bizer/bsbm/v01/instances/ProductFeature3800
http://www4.wiwiss.fu-berlin.de/bizer/bsbm/v01/instances/dataFromProducer82/Product8877;http://www4.wiwiss.fu-berlin.de/bizer/bsbm/v01/vocabulary/productFeature;http://www4.wiwiss.fu-berlin.de/bizer/bsbm/v01/instances/ProductFeature3811
http://www4.wiwiss.fu-berlin.de/bizer/bsbm/v01/instances/dataFromProducer82/Product8877;http://www4.wiwiss.fu-berlin.de/bizer/bsbm/v01/vocabulary/productFeature;http://www4.wiwiss.fu-berlin.de/bizer/bsbm/v01/instances/ProductFeature3819
http://www4.wiwiss.fu-berlin.de/bizer/bsbm/v01/instances/dataFromProducer82/Product8877;http://www4.wiwiss.fu-berlin.de/bizer/bsbm/v01/vocabulary/productFeature;http://www4.wiwiss.fu-berlin.de/bizer/bsbm/v01/instances/ProductFeature3821
http://www4.wiwiss.fu-berlin.de/bizer/bsbm/v01/instances/dataFromProducer82/Product8877;http://www4.wiwiss.fu-berlin.de/bizer/bsbm/v01/vocabulary/productFeature;http://www4.wiwiss.fu-berlin.de/bizer/bsbm/v01/instances/ProductFeature3822
http://www4.wiwiss.fu-berlin.de/bizer/bsbm/v01/instances/dataFromProducer82/Product8877;http://www4.wiwiss.fu-berlin.de/bizer/bsbm/v01/vocabulary/productFeature;http://www4.wiwiss.fu-berlin.de/bizer/bsbm/v01/instances/ProductFeature3835
http://www4.wiwiss.fu-berlin.de/bizer/bsbm/v01/instances/dataFromProducer82/Product8877;http://www4.wiwiss.fu-berlin.de/bizer/bsbm/v01/vocabulary/productFeature;http://www4.wiwiss.fu-berlin.de/bizer/bsbm/v01/instances/ProductFeature574
http://www4.wiwiss.fu-berlin.de/bizer/bsbm/v01/instances/dataFromProducer82/Product8877;http://www4.wiwiss.fu-berlin.de/bizer/bsbm/v01/vocabulary/productFeature;http://www4.wiwiss.fu-berlin.de/bizer/bsbm/v01/instances/ProductFeature585
http://www4.wiwiss.fu-berlin.de/bizer/bsbm/v01/instances/dataFromProducer82/Product8877;http://www4.wiwiss.fu-berlin.de/bizer/bsbm/v01/vocabulary/productFeature;http://www4.wiwiss.fu-berlin.de/bizer/bsbm/v01/instances/ProductFeature590
http://www4.wiwiss.fu-berlin.de/bizer/bsbm/v01/instances/dataFromProducer82/Product8877;http://www4.wiwiss.fu-berlin.de/bizer/bsbm/v01/vocabulary/productFeature;http://www4.wiwiss.fu-berlin.de/bizer/bsbm/v01/instances/ProductFeature592
http://www4.wiwiss.fu-berlin.de/bizer/bsbm/v01/instances/dataFromProducer82/Product8877;http://www4.wiwiss.fu-berlin.de/bizer/bsbm/v01/vocabulary/productFeature;http://www4.wiwiss.fu-berlin.de/bizer/bsbm/v01/instances/ProductFeature593
http://www4.wiwiss.fu-berlin.de/bizer/bsbm/v01/instances/dataFromProducer82/Product8877;http://www4.wiwiss.fu-berlin.de/bizer/bsbm/v01/vocabulary/productFeature;http://www4.wiwiss.fu-berlin.de/bizer/bsbm/v01/instances/ProductFeature594
http://www4.wiwiss.fu-berlin.de/bizer/bsbm/v01/instances/dataFromProducer82/Product8877;http://www4.wiwiss.fu-berlin.de/bizer/bsbm/v01/vocabulary/productFeature;http://www4.wiwiss.fu-berlin.de/bizer/bsbm/v01/instances/ProductFeature601
http://www4.wiwiss.fu-berlin.de/bizer/bsbm/v01/instances/dataFromProducer82/Product8877;http://www4.wiwiss.fu-berlin.de/bizer/bsbm/v01/vocabulary/productFeature;http://www4.wiwiss.fu-berlin.de/bizer/bsbm/v01/instances/ProductFeature602
http://www4.wiwiss.fu-berlin.de/bizer/bsbm/v01/instances/dataFromProducer82/Product8877;http://www4.wiwiss.fu-berlin.de/bizer/bsbm/v01/vocabulary/productFeature;http://www4.wiwiss.fu-berlin.de/bizer/bsbm/v01/instances/ProductFeature24
http://www4.wiwiss.fu-berlin.de/bizer/bsbm/v01/instances/dataFromProducer82/Product8877;http://www4.wiwiss.fu-berlin.de/bizer/bsbm/v01/vocabulary/productFeature;http://www4.wiwiss.fu-berlin.de/bizer/bsbm/v01/instances/ProductFeature27
http://www4.wiwiss.fu-berlin.de/bizer/bsbm/v01/instances/dataFromProducer82/Product8877;http://www4.wiwiss.fu-berlin.de/bizer/bsbm/v01/vocabulary/productFeature;http://www4.wiwiss.fu-berlin.de/bizer/bsbm/v01/instances/ProductFeature31
http://www4.wiwiss.fu-berlin.de/bizer/bsbm/v01/instances/dataFromProducer82/Product8877;http://www4.wiwiss.fu-berlin.de/bizer/bsbm/v01/vocabulary/producer;http://www4.wiwiss.fu-berlin.de/bizer/bsbm/v01/instances/dataFromProducer40/Producer40
http://www4.wiwiss.fu-berlin.de/bizer/bsbm/v01/instances/dataFromProducer82/Product8877;http://purl.org/dc/elements/1.1/publisher;http://www4.wiwiss.fu-berlin.de/bizer/bsbm/v01/instances/dataFromProducer40/Producer40
http://www4.wiwiss.fu-berlin.de/bizer/bsbm/v01/instances/dataFromProducer82/Product8877;http://purl.org/dc/elements/1.1/date;2001-01-08
http://www4.wiwiss.fu-berlin.de/bizer/bsbm/v01/instances/dataFromProducer23/Product6082;http://www.w3.org/1999/02/22-rdf-syntax-ns#type;http://www4.wiwiss.fu-berlin.de/bizer/bsbm/v01/vocabulary/Product
http://www4.wiwiss.fu-berlin.de/bizer/bsbm/v01/instances/dataFromProducer23/Product6082;http://www.w3.org/1999/02/22-rdf-syntax-ns#type;http://www4.wiwiss.fu-berlin.de/bizer/bsbm/v01/instances/ProductType122
http://www4.wiwiss.fu-berlin.de/bizer/bsbm/v01/instances/dataFromProducer23/Product6082;http://www.w3.org/2000/01/rdf-schema#label;pinchers lousing
http://www4.wiwiss.fu-berlin.de/bizer/bsbm/v01/instances/dataFromProducer23/Product6082;http://www.w3.org/2000/01/rdf-schema#comment;heirlooms operating myope reechoing benumbs teacups peninsular jealousness wharfingers rondeaux intertwines germy yanking wides philologist gasiform shoers shorn womenfolk scone predigests spermatic aneurism varlet actuary curdy accommodates uncommoner exiting cheesiness leprechauns analysts unpredictable shamus shares handpick syllabubs investments travellers wedded fluking zizzles limitative nihilisms deports gloms defrocks sandblasted wrackful hospitium manillas blessedly scarcest incompleteness scuffles prettifying totalitarians pibroch anthropoid osteopathies budgeters zoomorphs surfacer instants familiarizations unwisely libidinized rinsers silkscreening sleave landform geoducks birder shashlik fertilize lurked girthed reawaken clambered drogues hopsacking deputized cheaps reenters cham uncircumcised hibernal ducky destroyed causable kneads recurs cantrips stormed rattly parching migrator gamily finalism ceramists substitutive pleadable centralism entities sequenced
http://www4.wiwiss.fu-berlin.de/bizer/bsbm/v01/instances/dataFromProducer23/Product6082;http://www4.wiwiss.fu-berlin.de/bizer/bsbm/v01/vocabulary/productPropertyNumeric1;559
http://www4.wiwiss.fu-berlin.de/bizer/bsbm/v01/instances/dataFromProducer23/Product6082;http://www4.wiwiss.fu-berlin.de/bizer/bsbm/v01/vocabulary/productPropertyNumeric2;830
http://www4.wiwiss.fu-berlin.de/bizer/bsbm/v01/instances/dataFromProducer23/Product6082;http://www4.wiwiss.fu-berlin.de/bizer/bsbm/v01/vocabulary/productPropertyNumeric3;254
http://www4.wiwiss.fu-berlin.de/bizer/bsbm/v01/instances/dataFromProducer23/Product6082;http://www4.wiwiss.fu-berlin.de/bizer/bsbm/v01/vocabulary/productPropertyNumeric4;515
http://www4.wiwiss.fu-berlin.de/bizer/bsbm/v01/instances/dataFromProducer23/Product6082;http://www4.wiwiss.fu-berlin.de/bizer/bsbm/v01/vocabulary/productPropertyNumeric5;16
http://www4.wiwiss.fu-berlin.de/bizer/bsbm/v01/instances/dataFromProducer23/Product6082;http://www4.wiwiss.fu-berlin.de/bizer/bsbm/v01/vocabulary/productPropertyTextual1;truantry dimwits travellable
http://www4.wiwiss.fu-berlin.de/bizer/bsbm/v01/instances/dataFromProducer23/Product6082;http://www4.wiwiss.fu-berlin.de/bizer/bsbm/v01/vocabulary/productPropertyTextual2;nonseasonal taxiways currentness phaser unpenetrated libelant mongeese sunward wolver bombloads dogie amatively perplexed swindler misdid
http://www4.wiwiss.fu-berlin.de/bizer/bsbm/v01/instances/dataFromProducer23/Product6082;http://www4.wiwiss.fu-berlin.de/bizer/bsbm/v01/vocabulary/productPropertyTextual3;reproducer biparted vicing catnapers practicing
http://www4.wiwiss.fu-berlin.de/bizer/bsbm/v01/instances/dataFromProducer23/Product6082;http://www4.wiwiss.fu-berlin.de/bizer/bsbm/v01/vocabulary/productPropertyTextual4;virulently southeasters burgomaster countertenors
http://www4.wiwiss.fu-berlin.de/bizer/bsbm/v01/instances/dataFromProducer23/Product6082;http://www4.wiwiss.fu-berlin.de/bizer/bsbm/v01/vocabulary/productPropertyTextual5;eviller squushing outlawing
http://www4.wiwiss.fu-berlin.de/bizer/bsbm/v01/instances/dataFromProducer23/Product6082;http://www4.wiwiss.fu-berlin.de/bizer/bsbm/v01/vocabulary/productFeature;http://www4.wiwiss.fu-berlin.de/bizer/bsbm/v01/instances/ProductFeature3800
http://www4.wiwiss.fu-berlin.de/bizer/bsbm/v01/instances/dataFromProducer23/Product6082;http://www4.wiwiss.fu-berlin.de/bizer/bsbm/v01/vocabulary/productFeature;http://www4.wiwiss.fu-berlin.de/bizer/bsbm/v01/instances/ProductFeature3811
http://www4.wiwiss.fu-berlin.de/bizer/bsbm/v01/instances/dataFromProducer23/Product6082;http://www4.wiwiss.fu-berlin.de/bizer/bsbm/v01/vocabulary/productFeature;http://www4.wiwiss.fu-berlin.de/bizer/bsbm/v01/instances/ProductFeature3819
http://www4.wiwiss.fu-berlin.de/bizer/bsbm/v01/instances/dataFromProducer23/Product6082;http://www4.wiwiss.fu-berlin.de/bizer/bsbm/v01/vocabulary/productFeature;http://www4.wiwiss.fu-berlin.de/bizer/bsbm/v01/instances/ProductFeature3821
http://www4.wiwiss.fu-berlin.de/bizer/bsbm/v01/instances/dataFromProducer23/Product6082;http://www4.wiwiss.fu-berlin.de/bizer/bsbm/v01/vocabulary/productFeature;http://www4.wiwiss.fu-berlin.de/bizer/bsbm/v01/instances/ProductFeature3822
http://www4.wiwiss.fu-berlin.de/bizer/bsbm/v01/instances/dataFromProducer23/Product6082;http://www4.wiwiss.fu-berlin.de/bizer/bsbm/v01/vocabulary/productFeature;http://www4.wiwiss.fu-berlin.de/bizer/bsbm/v01/instances/ProductFeature3835
http://www4.wiwiss.fu-berlin.de/bizer/bsbm/v01/instances/dataFromProducer23/Product6082;http://www4.wiwiss.fu-berlin.de/bizer/bsbm/v01/vocabulary/productFeature;http://www4.wiwiss.fu-berlin.de/bizer/bsbm/v01/instances/ProductFeature574
http://www4.wiwiss.fu-berlin.de/bizer/bsbm/v01/instances/dataFromProducer23/Product6082;http://www4.wiwiss.fu-berlin.de/bizer/bsbm/v01/vocabulary/productFeature;http://www4.wiwiss.fu-berlin.de/bizer/bsbm/v01/instances/ProductFeature585
http://www4.wiwiss.fu-berlin.de/bizer/bsbm/v01/instances/dataFromProducer23/Product6082;http://www4.wiwiss.fu-berlin.de/bizer/bsbm/v01/vocabulary/productFeature;http://www4.wiwiss.fu-berlin.de/bizer/bsbm/v01/instances/ProductFeature590
http://www4.wiwiss.fu-berlin.de/bizer/bsbm/v01/instances/dataFromProducer23/Product6082;http://www4.wiwiss.fu-berlin.de/bizer/bsbm/v01/vocabulary/productFeature;http://www4.wiwiss.fu-berlin.de/bizer/bsbm/v01/instances/ProductFeature592
http://www4.wiwiss.fu-berlin.de/bizer/bsbm/v01/instances/dataFromProducer23/Product6082;http://www4.wiwiss.fu-berlin.de/bizer/bsbm/v01/vocabulary/productFeature;http://www4.wiwiss.fu-berlin.de/bizer/bsbm/v01/instances/ProductFeature593
http://www4.wiwiss.fu-berlin.de/bizer/bsbm/v01/instances/dataFromProducer23/Product6082;http://www4.wiwiss.fu-berlin.de/bizer/bsbm/v01/vocabulary/productFeature;http://www4.wiwiss.fu-berlin.de/bizer/bsbm/v01/instances/ProductFeature594
http://www4.wiwiss.fu-berlin.de/bizer/bsbm/v01/instances/dataFromProducer23/Product6082;http://www4.wiwiss.fu-berlin.de/bizer/bsbm/v01/vocabulary/productFeature;http://www4.wiwiss.fu-berlin.de/bizer/bsbm/v01/instances/ProductFeature601
http://www4.wiwiss.fu-berlin.de/bizer/bsbm/v01/instances/dataFromProducer23/Product6082;http://www4.wiwiss.fu-berlin.de/bizer/bsbm/v01/vocabulary/productFeature;http://www4.wiwiss.fu-berlin.de/bizer/bsbm/v01/instances/ProductFeature602
http://www4.wiwiss.fu-berlin.de/bizer/bsbm/v01/instances/dataFromProducer23/Product6082;http://www4.wiwiss.fu-berlin.de/bizer/bsbm/v01/vocabulary/productFeature;http://www4.wiwiss.fu-berlin.de/bizer/bsbm/v01/instances/ProductFeature24
http://www4.wiwiss.fu-berlin.de/bizer/bsbm/v01/instances/dataFromProducer23/Product6082;http://www4.wiwiss.fu-berlin.de/bizer/bsbm/v01/vocabulary/productFeature;http://www4.wiwiss.fu-berlin.de/bizer/bsbm/v01/instances/ProductFeature27
http://www4.wiwiss.fu-berlin.de/bizer/bsbm/v01/instances/dataFromProducer23/Product6082;http://www4.wiwiss.fu-berlin.de/bizer/bsbm/v01/vocabulary/productFeature;http://www4.wiwiss.fu-berlin.de/bizer/bsbm/v01/instances/ProductFeature31
http://www4.wiwiss.fu-berlin.de/bizer/bsbm/v01/instances/dataFromProducer23/Product6082;http://www4.wiwiss.fu-berlin.de/bizer/bsbm/v01/vocabulary/producer;http://www4.wiwiss.fu-berlin.de/bizer/bsbm/v01/instances/dataFromProducer40/Producer40
http://www4.wiwiss.fu-berlin.de/bizer/bsbm/v01/instances/dataFromProducer23/Product6082;http://purl.org/dc/elements/1.1/publisher;http://www4.wiwiss.fu-berlin.de/bizer/bsbm/v01/instances/dataFromProducer40/Producer40
http://www4.wiwiss.fu-berlin.de/bizer/bsbm/v01/instances/dataFromProducer23/Product6082;http://purl.org/dc/elements/1.1/date;2001-01-08
http://www4.wiwiss.fu-berlin.de/bizer/bsbm/v01/instances/dataFromProducer57/Product7641;http://www.w3.org/1999/02/22-rdf-syntax-ns#type;http://www4.wiwiss.fu-berlin.de/bizer/bsbm/v01/vocabulary/Product
http://www4.wiwiss.fu-berlin.de/bizer/bsbm/v01/instances/dataFromProducer57/Product7641;http://www.w3.org/1999/02/22-rdf-syntax-ns#type;http://www4.wiwiss.fu-berlin.de/bizer/bsbm/v01/instances/ProductType122
http://www4.wiwiss.fu-berlin.de/bizer/bsbm/v01/instances/dataFromProducer57/Product7641;http://www.w3.org/2000/01/rdf-schema#label;pinchers lousing
http://www4.wiwiss.fu-berlin.de/bizer/bsbm/v01/instances/dataFromProducer57/Product7641;http://www.w3.org/2000/01/rdf-schema#comment;heirlooms operating myope reechoing benumbs teacups peninsular jealousness wharfingers rondeaux intertwines germy yanking wides philologist gasiform shoers shorn womenfolk scone predigests spermatic aneurism varlet actuary curdy accommodates uncommoner exiting cheesiness leprechauns analysts unpredictable shamus shares handpick syllabubs investments travellers wedded fluking zizzles limitative nihilisms deports gloms defrocks sandblasted wrackful hospitium manillas blessedly scarcest incompleteness scuffles prettifying totalitarians pibroch anthropoid osteopathies budgeters zoomorphs surfacer instants familiarizations unwisely libidinized rinsers silkscreening sleave landform geoducks birder shashlik fertilize lurked girthed reawaken clambered drogues hopsacking deputized cheaps reenters cham uncircumcised hibernal ducky destroyed causable kneads recurs cantrips stormed rattly parching migrator gamily finalism ceramists substitutive pleadable centralism entities sequenced
http://www4.wiwiss.fu-berlin.de/bizer/bsbm/v01/instances/dataFromProducer57/Product7641;http://www4.wiwiss.fu-berlin.de/bizer/bsbm/v01/vocabulary/productPropertyNumeric1;559
http://www4.wiwiss.fu-berlin.de/bizer/bsbm/v01/instances/dataFromProducer57/Product7641;http://www4.wiwiss.fu-berlin.de/bizer/bsbm/v01/vocabulary/productPropertyNumeric2;830
http://www4.wiwiss.fu-berlin.de/bizer/bsbm/v01/instances/dataFromProducer57/Product7641;http://www4.wiwiss.fu-berlin.de/bizer/bsbm/v01/vocabulary/productPropertyNumeric3;254
http://www4.wiwiss.fu-berlin.de/bizer/bsbm/v01/instances/dataFromProducer57/Product7641;http://www4.wiwiss.fu-berlin.de/bizer/bsbm/v01/vocabulary/productPropertyNumeric4;515
http://www4.wiwiss.fu-berlin.de/bizer/bsbm/v01/instances/dataFromProducer57/Product7641;http://www4.wiwiss.fu-berlin.de/bizer/bsbm/v01/vocabulary/productPropertyNumeric5;16
http://www4.wiwiss.fu-berlin.de/bizer/bsbm/v01/instances/dataFromProducer57/Product7641;http://www4.wiwiss.fu-berlin.de/bizer/bsbm/v01/vocabulary/productPropertyTextual1;truantry dimwits travellable
http://www4.wiwiss.fu-berlin.de/bizer/bsbm/v01/instances/dataFromProducer57/Product7641;http://www4.wiwiss.fu-berlin.de/bizer/bsbm/v01/vocabulary/productPropertyTextual2;nonseasonal taxiways currentness phaser unpenetrated libelant mongeese sunward wolver bombloads dogie amatively perplexed swindler misdid
http://www4.wiwiss.fu-berlin.de/bizer/bsbm/v01/instances/dataFromProducer57/Product7641;http://www4.wiwiss.fu-berlin.de/bizer/bsbm/v01/vocabulary/productPropertyTextual3;reproducer biparted vicing catnapers practicing
http://www4.wiwiss.fu-berlin.de/bizer/bsbm/v01/instances/dataFromProducer57/Product7641;http://www4.wiwiss.fu-berlin.de/bizer/bsbm/v01/vocabulary/productPropertyTextual4;virulently southeasters burgomaster countertenors
http://www4.wiwiss.fu-berlin.de/bizer/bsbm/v01/instances/dataFromProducer57/Product7641;http://www4.wiwiss.fu-berlin.de/bizer/bsbm/v01/vocabulary/productPropertyTextual5;eviller squushing outlawing
http://www4.wiwiss.fu-berlin.de/bizer/bsbm/v01/instances/dataFromProducer57/Product7641;http://www4.wiwiss.fu-berlin.de/bizer/bsbm/v01/vocabulary/productFeature;http://www4.wiwiss.fu-berlin.de/bizer/bsbm/v01/instances/ProductFeature3800
http://www4.wiwiss.fu-berlin.de/bizer/bsbm/v01/instances/dataFromProducer57/Product7641;http://www4.wiwiss.fu-berlin.de/bizer/bsbm/v01/vocabulary/productFeature;http://www4.wiwiss.fu-berlin.de/bizer/bsbm/v01/instances/ProductFeature3811
http://www4.wiwiss.fu-berlin.de/bizer/bsbm/v01/instances/dataFromProducer57/Product7641;http://www4.wiwiss.fu-berlin.de/bizer/bsbm/v01/vocabulary/productFeature;http://www4.wiwiss.fu-berlin.de/bizer/bsbm/v01/instances/ProductFeature3819
http://www4.wiwiss.fu-berlin.de/bizer/bsbm/v01/instances/dataFromProducer57/Product7641;http://www4.wiwiss.fu-berlin.de/bizer/bsbm/v01/vocabulary/productFeature;http://www4.wiwiss.fu-berlin.de/bizer/bsbm/v01/instances/ProductFeature3821
http://www4.wiwiss.fu-berlin.de/bizer/bsbm/v01/instances/dataFromProducer57/Product7641;http://www4.wiwiss.fu-berlin.de/bizer/bsbm/v01/vocabulary/productFeature;http://www4.wiwiss.fu-berlin.de/bizer/bsbm/v01/instances/ProductFeature3822
http://www4.wiwiss.fu-berlin.de/bizer/bsbm/v01/instances/dataFromProducer57/Product7641;http://www4.wiwiss.fu-berlin.de/bizer/bsbm/v01/vocabulary/productFeature;http://www4.wiwiss.fu-berlin.de/bizer/bsbm/v01/instances/ProductFeature3835
http://www4.wiwiss.fu-berlin.de/bizer/bsbm/v01/instances/dataFromProducer57/Product7641;http://www4.wiwiss.fu-berlin.de/bizer/bsbm/v01/vocabulary/productFeature;http://www4.wiwiss.fu-berlin.de/bizer/bsbm/v01/instances/ProductFeature574
http://www4.wiwiss.fu-berlin.de/bizer/bsbm/v01/instances/dataFromProducer57/Product7641;http://www4.wiwiss.fu-berlin.de/bizer/bsbm/v01/vocabulary/productFeature;http://www4.wiwiss.fu-berlin.de/bizer/bsbm/v01/instances/ProductFeature585
http://www4.wiwiss.fu-berlin.de/bizer/bsbm/v01/instances/dataFromProducer57/Product7641;http://www4.wiwiss.fu-berlin.de/bizer/bsbm/v01/vocabulary/productFeature;http://www4.wiwiss.fu-berlin.de/bizer/bsbm/v01/instances/ProductFeature590
http://www4.wiwiss.fu-berlin.de/bizer/bsbm/v01/instances/dataFromProducer57/Product7641;http://www4.wiwiss.fu-berlin.de/bizer/bsbm/v01/vocabulary/productFeature;http://www4.wiwiss.fu-berlin.de/bizer/bsbm/v01/instances/ProductFeature592
http://www4.wiwiss.fu-berlin.de/bizer/bsbm/v01/instances/dataFromProducer57/Product7641;http://www4.wiwiss.fu-berlin.de/bizer/bsbm/v01/vocabulary/productFeature;http://www4.wiwiss.fu-berlin.de/bizer/bsbm/v01/instances/ProductFeature593
http://www4.wiwiss.fu-berlin.de/bizer/bsbm/v01/instances/dataFromProducer57/Product7641;http://www4.wiwiss.fu-berlin.de/bizer/bsbm/v01/vocabulary/productFeature;http://www4.wiwiss.fu-berlin.de/bizer/bsbm/v01/instances/ProductFeature594
http://www4.wiwiss.fu-berlin.de/bizer/bsbm/v01/instances/dataFromProducer57/Product7641;http://www4.wiwiss.fu-berlin.de/bizer/bsbm/v01/vocabulary/productFeature;http://www4.wiwiss.fu-berlin.de/bizer/bsbm/v01/instances/ProductFeature601
http://www4.wiwiss.fu-berlin.de/bizer/bsbm/v01/instances/dataFromProducer57/Product7641;http://www4.wiwiss.fu-berlin.de/bizer/bsbm/v01/vocabulary/productFeature;http://www4.wiwiss.fu-berlin.de/bizer/bsbm/v01/instances/ProductFeature602
http://www4.wiwiss.fu-berlin.de/bizer/bsbm/v01/instances/dataFromProducer57/Product7641;http://www4.wiwiss.fu-berlin.de/bizer/bsbm/v01/vocabulary/productFeature;http://www4.wiwiss.fu-berlin.de/bizer/bsbm/v01/instances/ProductFeature24
http://www4.wiwiss.fu-berlin.de/bizer/bsbm/v01/instances/dataFromProducer57/Product7641;http://www4.wiwiss.fu-berlin.de/bizer/bsbm/v01/vocabulary/productFeature;http://www4.wiwiss.fu-berlin.de/bizer/bsbm/v01/instances/ProductFeature27
http://www4.wiwiss.fu-berlin.de/bizer/bsbm/v01/instances/dataFromProducer57/Product7641;http://www4.wiwiss.fu-berlin.de/bizer/bsbm/v01/vocabulary/productFeature;http://www4.wiwiss.fu-berlin.de/bizer/bsbm/v01/instances/ProductFeature31
http://www4.wiwiss.fu-berlin.de/bizer/bsbm/v01/instances/dataFromProducer57/Product7641;http://www4.wiwiss.fu-berlin.de/bizer/bsbm/v01/vocabulary/producer;http://www4.wiwiss.fu-berlin.de/bizer/bsbm/v01/instances/dataFromProducer40/Producer40
http://www4.wiwiss.fu-berlin.de/bizer/bsbm/v01/instances/dataFromProducer57/Product7641;http://purl.org/dc/elements/1.1/publisher;http://www4.wiwiss.fu-berlin.de/bizer/bsbm/v01/instances/dataFromProducer40/Producer40
http://www4.wiwiss.fu-berlin.de/bizer/bsbm/v01/instances/dataFromProducer57/Product7641;http://purl.org/dc/elements/1.1/date;2001-01-08
http://www4.wiwiss.fu-berlin.de/bizer/bsbm/v01/instances/dataFromProducer28/Product6302;http://www.w3.org/1999/02/22-rdf-syntax-ns#type;http://www4.wiwiss.fu-berlin.de/bizer/bsbm/v01/vocabulary/Product
http://www4.wiwiss.fu-berlin.de/bizer/bsbm/v01/instances/dataFromProducer28/Product6302;http://www.w3.org/1999/02/22-rdf-syntax-ns#type;http://www4.wiwiss.fu-berlin.de/bizer/bsbm/v01/instances/ProductType122
http://www4.wiwiss.fu-berlin.de/bizer/bsbm/v01/instances/dataFromProducer28/Product6302;http://www.w3.org/2000/01/rdf-schema#label;pinchers lousing
http://www4.wiwiss.fu-berlin.de/bizer/bsbm/v01/instances/dataFromProducer28/Product6302;http://www.w3.org/2000/01/rdf-schema#comment;heirlooms operating myope reechoing benumbs teacups peninsular jealousness wharfingers rondeaux intertwines germy yanking wides philologist gasiform shoers shorn womenfolk scone predigests spermatic aneurism varlet actuary curdy accommodates uncommoner exiting cheesiness leprechauns analysts unpredictable shamus shares handpick syllabubs investments travellers wedded fluking zizzles limitative nihilisms deports gloms defrocks sandblasted wrackful hospitium manillas blessedly scarcest incompleteness scuffles prettifying totalitarians pibroch anthropoid osteopathies budgeters zoomorphs surfacer instants familiarizations unwisely libidinized rinsers silkscreening sleave landform geoducks birder shashlik fertilize lurked girthed reawaken clambered drogues hopsacking deputized cheaps reenters cham uncircumcised hibernal ducky destroyed causable kneads recurs cantrips stormed rattly parching migrator gamily finalism ceramists substitutive pleadable centralism entities sequenced
http://www4.wiwiss.fu-berlin.de/bizer/bsbm/v01/instances/dataFromProducer28/Product6302;http://www4.wiwiss.fu-berlin.de/bizer/bsbm/v01/vocabulary/productPropertyNumeric1;559
http://www4.wiwiss.fu-berlin.de/bizer/bsbm/v01/instances/dataFromProducer28/Product6302;http://www4.wiwiss.fu-berlin.de/bizer/bsbm/v01/vocabulary/productPropertyNumeric2;830
http://www4.wiwiss.fu-berlin.de/bizer/bsbm/v01/instances/dataFromProducer28/Product6302;http://www4.wiwiss.fu-berlin.de/bizer/bsbm/v01/vocabulary/productPropertyNumeric3;254
http://www4.wiwiss.fu-berlin.de/bizer/bsbm/v01/instances/dataFromProducer28/Product6302;http://www4.wiwiss.fu-berlin.de/bizer/bsbm/v01/vocabulary/productPropertyNumeric4;515
http://www4.wiwiss.fu-berlin.de/bizer/bsbm/v01/instances/dataFromProducer28/Product6302;http://www4.wiwiss.fu-berlin.de/bizer/bsbm/v01/vocabulary/productPropertyNumeric5;16
http://www4.wiwiss.fu-berlin.de/bizer/bsbm/v01/instances/dataFromProducer28/Product6302;http://www4.wiwiss.fu-berlin.de/bizer/bsbm/v01/vocabulary/productPropertyTextual1;truantry dimwits travellable
http://www4.wiwiss.fu-berlin.de/bizer/bsbm/v01/instances/dataFromProducer28/Product6302;http://www4.wiwiss.fu-berlin.de/bizer/bsbm/v01/vocabulary/productPropertyTextual2;nonseasonal taxiways currentness phaser unpenetrated libelant mongeese sunward wolver bombloads dogie amatively perplexed swindler misdid
http://www4.wiwiss.fu-berlin.de/bizer/bsbm/v01/instances/dataFromProducer28/Product6302;http://www4.wiwiss.fu-berlin.de/bizer/bsbm/v01/vocabulary/productPropertyTextual3;reproducer biparted vicing catnapers practicing
http://www4.wiwiss.fu-berlin.de/bizer/bsbm/v01/instances/dataFromProducer28/Product6302;http://www4.wiwiss.fu-berlin.de/bizer/bsbm/v01/vocabulary/productPropertyTextual4;virulently southeasters burgomaster countertenors
http://www4.wiwiss.fu-berlin.de/bizer/bsbm/v01/instances/dataFromProducer28/Product6302;http://www4.wiwiss.fu-berlin.de/bizer/bsbm/v01/vocabulary/productPropertyTextual5;eviller squushing outlawing
http://www4.wiwiss.fu-berlin.de/bizer/bsbm/v01/instances/dataFromProducer28/Product6302;http://www4.wiwiss.fu-berlin.de/bizer/bsbm/v01/vocabulary/productFeature;http://www4.wiwiss.fu-berlin.de/bizer/bsbm/v01/instances/ProductFeature3800
http://www4.wiwiss.fu-berlin.de/bizer/bsbm/v01/instances/dataFromProducer28/Product6302;http://www4.wiwiss.fu-berlin.de/bizer/bsbm/v01/vocabulary/productFeature;http://www4.wiwiss.fu-berlin.de/bizer/bsbm/v01/instances/ProductFeature3811
http://www4.wiwiss.fu-berlin.de/bizer/bsbm/v01/instances/dataFromProducer28/Product6302;http://www4.wiwiss.fu-berlin.de/bizer/bsbm/v01/vocabulary/productFeature;http://www4.wiwiss.fu-berlin.de/bizer/bsbm/v01/instances/ProductFeature3819
http://www4.wiwiss.fu-berlin.de/bizer/bsbm/v01/instances/dataFromProducer28/Product6302;http://www4.wiwiss.fu-berlin.de/bizer/bsbm/v01/vocabulary/productFeature;http://www4.wiwiss.fu-berlin.de/bizer/bsbm/v01/instances/ProductFeature3821
http://www4.wiwiss.fu-berlin.de/bizer/bsbm/v01/instances/dataFromProducer28/Product6302;http://www4.wiwiss.fu-berlin.de/bizer/bsbm/v01/vocabulary/productFeature;http://www4.wiwiss.fu-berlin.de/bizer/bsbm/v01/instances/ProductFeature3822
http://www4.wiwiss.fu-berlin.de/bizer/bsbm/v01/instances/dataFromProducer28/Product6302;http://www4.wiwiss.fu-berlin.de/bizer/bsbm/v01/vocabulary/productFeature;http://www4.wiwiss.fu-berlin.de/bizer/bsbm/v01/instances/ProductFeature3835
http://www4.wiwiss.fu-berlin.de/bizer/bsbm/v01/instances/dataFromProducer28/Product6302;http://www4.wiwiss.fu-berlin.de/bizer/bsbm/v01/vocabulary/productFeature;http://www4.wiwiss.fu-berlin.de/bizer/bsbm/v01/instances/ProductFeature574
http://www4.wiwiss.fu-berlin.de/bizer/bsbm/v01/instances/dataFromProducer28/Product6302;http://www4.wiwiss.fu-berlin.de/bizer/bsbm/v01/vocabulary/productFeature;http://www4.wiwiss.fu-berlin.de/bizer/bsbm/v01/instances/ProductFeature585
http://www4.wiwiss.fu-berlin.de/bizer/bsbm/v01/instances/dataFromProducer28/Product6302;http://www4.wiwiss.fu-berlin.de/bizer/bsbm/v01/vocabulary/productFeature;http://www4.wiwiss.fu-berlin.de/bizer/bsbm/v01/instances/ProductFeature590
http://www4.wiwiss.fu-berlin.de/bizer/bsbm/v01/instances/dataFromProducer28/Product6302;http://www4.wiwiss.fu-berlin.de/bizer/bsbm/v01/vocabulary/productFeature;http://www4.wiwiss.fu-berlin.de/bizer/bsbm/v01/instances/ProductFeature592
http://www4.wiwiss.fu-berlin.de/bizer/bsbm/v01/instances/dataFromProducer28/Product6302;http://www4.wiwiss.fu-berlin.de/bizer/bsbm/v01/vocabulary/productFeature;http://www4.wiwiss.fu-berlin.de/bizer/bsbm/v01/instances/ProductFeature593
http://www4.wiwiss.fu-berlin.de/bizer/bsbm/v01/instances/dataFromProducer28/Product6302;http://www4.wiwiss.fu-berlin.de/bizer/bsbm/v01/vocabulary/productFeature;http://www4.wiwiss.fu-berlin.de/bizer/bsbm/v01/instances/ProductFeature594
http://www4.wiwiss.fu-berlin.de/bizer/bsbm/v01/instances/dataFromProducer28/Product6302;http://www4.wiwiss.fu-berlin.de/bizer/bsbm/v01/vocabulary/productFeature;http://www4.wiwiss.fu-berlin.de/bizer/bsbm/v01/instances/ProductFeature601
http://www4.wiwiss.fu-berlin.de/bizer/bsbm/v01/instances/dataFromProducer28/Product6302;http://www4.wiwiss.fu-berlin.de/bizer/bsbm/v01/vocabulary/productFeature;http://www4.wiwiss.fu-berlin.de/bizer/bsbm/v01/instances/ProductFeature602
http://www4.wiwiss.fu-berlin.de/bizer/bsbm/v01/instances/dataFromProducer28/Product6302;http://www4.wiwiss.fu-berlin.de/bizer/bsbm/v01/vocabulary/productFeature;http://www4.wiwiss.fu-berlin.de/bizer/bsbm/v01/instances/ProductFeature24
http://www4.wiwiss.fu-berlin.de/bizer/bsbm/v01/instances/dataFromProducer28/Product6302;http://www4.wiwiss.fu-berlin.de/bizer/bsbm/v01/vocabulary/productFeature;http://www4.wiwiss.fu-berlin.de/bizer/bsbm/v01/instances/ProductFeature27
http://www4.wiwiss.fu-berlin.de/bizer/bsbm/v01/instances/dataFromProducer28/Product6302;http://www4.wiwiss.fu-berlin.de/bizer/bsbm/v01/vocabulary/productFeature;http://www4.wiwiss.fu-berlin.de/bizer/bsbm/v01/instances/ProductFeature31
http://www4.wiwiss.fu-berlin.de/bizer/bsbm/v01/instances/dataFromProducer28/Product6302;http://www4.wiwiss.fu-berlin.de/bizer/bsbm/v01/vocabulary/producer;http://www4.wiwiss.fu-berlin.de/bizer/bsbm/v01/instances/dataFromProducer40/Producer40
http://www4.wiwiss.fu-berlin.de/bizer/bsbm/v01/instances/dataFromProducer28/Product6302;http://purl.org/dc/elements/1.1/publisher;http://www4.wiwiss.fu-berlin.de/bizer/bsbm/v01/instances/dataFromProducer40/Producer40
http://www4.wiwiss.fu-berlin.de/bizer/bsbm/v01/instances/dataFromProducer28/Product6302;http://purl.org/dc/elements/1.1/date;2001-01-08
http://www4.wiwiss.fu-berlin.de/bizer/bsbm/v01/instances/dataFromProducer61/Product7859;http://www.w3.org/1999/02/22-rdf-syntax-ns#type;http://www4.wiwiss.fu-berlin.de/bizer/bsbm/v01/vocabulary/Product
http://www4.wiwiss.fu-berlin.de/bizer/bsbm/v01/instances/dataFromProducer61/Product7859;http://www.w3.org/1999/02/22-rdf-syntax-ns#type;http://www4.wiwiss.fu-berlin.de/bizer/bsbm/v01/instances/ProductType122
http://www4.wiwiss.fu-berlin.de/bizer/bsbm/v01/instances/dataFromProducer61/Product7859;http://www.w3.org/2000/01/rdf-schema#label;pinchers lousing
http://www4.wiwiss.fu-berlin.de/bizer/bsbm/v01/instances/dataFromProducer61/Product7859;http://www.w3.org/2000/01/rdf-schema#comment;heirlooms operating myope reechoing benumbs teacups peninsular jealousness wharfingers rondeaux intertwines germy yanking wides philologist gasiform shoers shorn womenfolk scone predigests spermatic aneurism varlet actuary curdy accommodates uncommoner exiting cheesiness leprechauns analysts unpredictable shamus shares handpick syllabubs investments travellers wedded fluking zizzles limitative nihilisms deports gloms defrocks sandblasted wrackful hospitium manillas blessedly scarcest incompleteness scuffles prettifying totalitarians pibroch anthropoid osteopathies budgeters zoomorphs surfacer instants familiarizations unwisely libidinized rinsers silkscreening sleave landform geoducks birder shashlik fertilize lurked girthed reawaken clambered drogues hopsacking deputized cheaps reenters cham uncircumcised hibernal ducky destroyed causable kneads recurs cantrips stormed rattly parching migrator gamily finalism ceramists substitutive pleadable centralism entities sequenced
http://www4.wiwiss.fu-berlin.de/bizer/bsbm/v01/instances/dataFromProducer61/Product7859;http://www4.wiwiss.fu-berlin.de/bizer/bsbm/v01/vocabulary/productPropertyNumeric1;559
http://www4.wiwiss.fu-berlin.de/bizer/bsbm/v01/instances/dataFromProducer61/Product7859;http://www4.wiwiss.fu-berlin.de/bizer/bsbm/v01/vocabulary/productPropertyNumeric2;830
http://www4.wiwiss.fu-berlin.de/bizer/bsbm/v01/instances/dataFromProducer61/Product7859;http://www4.wiwiss.fu-berlin.de/bizer/bsbm/v01/vocabulary/productPropertyNumeric3;254
http://www4.wiwiss.fu-berlin.de/bizer/bsbm/v01/instances/dataFromProducer61/Product7859;http://www4.wiwiss.fu-berlin.de/bizer/bsbm/v01/vocabulary/productPropertyNumeric4;515
http://www4.wiwiss.fu-berlin.de/bizer/bsbm/v01/instances/dataFromProducer61/Product7859;http://www4.wiwiss.fu-berlin.de/bizer/bsbm/v01/vocabulary/productPropertyNumeric5;16
http://www4.wiwiss.fu-berlin.de/bizer/bsbm/v01/instances/dataFromProducer61/Product7859;http://www4.wiwiss.fu-berlin.de/bizer/bsbm/v01/vocabulary/productPropertyTextual1;truantry dimwits travellable
http://www4.wiwiss.fu-berlin.de/bizer/bsbm/v01/instances/dataFromProducer61/Product7859;http://www4.wiwiss.fu-berlin.de/bizer/bsbm/v01/vocabulary/productPropertyTextual2;nonseasonal taxiways currentness phaser unpenetrated libelant mongeese sunward wolver bombloads dogie amatively perplexed swindler misdid
http://www4.wiwiss.fu-berlin.de/bizer/bsbm/v01/instances/dataFromProducer61/Product7859;http://www4.wiwiss.fu-berlin.de/bizer/bsbm/v01/vocabulary/productPropertyTextual3;reproducer biparted vicing catnapers practicing
http://www4.wiwiss.fu-berlin.de/bizer/bsbm/v01/instances/dataFromProducer61/Product7859;http://www4.wiwiss.fu-berlin.de/bizer/bsbm/v01/vocabulary/productPropertyTextual4;virulently southeasters burgomaster countertenors
http://www4.wiwiss.fu-berlin.de/bizer/bsbm/v01/instances/dataFromProducer61/Product7859;http://www4.wiwiss.fu-berlin.de/bizer/bsbm/v01/vocabulary/productPropertyTextual5;eviller squushing outlawing
http://www4.wiwiss.fu-berlin.de/bizer/bsbm/v01/instances/dataFromProducer61/Product7859;http://www4.wiwiss.fu-berlin.de/bizer/bsbm/v01/vocabulary/productFeature;http://www4.wiwiss.fu-berlin.de/bizer/bsbm/v01/instances/ProductFeature3800
http://www4.wiwiss.fu-berlin.de/bizer/bsbm/v01/instances/dataFromProducer61/Product7859;http://www4.wiwiss.fu-berlin.de/bizer/bsbm/v01/vocabulary/productFeature;http://www4.wiwiss.fu-berlin.de/bizer/bsbm/v01/instances/ProductFeature3811
http://www4.wiwiss.fu-berlin.de/bizer/bsbm/v01/instances/dataFromProducer61/Product7859;http://www4.wiwiss.fu-berlin.de/bizer/bsbm/v01/vocabulary/productFeature;http://www4.wiwiss.fu-berlin.de/bizer/bsbm/v01/instances/ProductFeature3819
http://www4.wiwiss.fu-berlin.de/bizer/bsbm/v01/instances/dataFromProducer61/Product7859;http://www4.wiwiss.fu-berlin.de/bizer/bsbm/v01/vocabulary/productFeature;http://www4.wiwiss.fu-berlin.de/bizer/bsbm/v01/instances/ProductFeature3821
http://www4.wiwiss.fu-berlin.de/bizer/bsbm/v01/instances/dataFromProducer61/Product7859;http://www4.wiwiss.fu-berlin.de/bizer/bsbm/v01/vocabulary/productFeature;http://www4.wiwiss.fu-berlin.de/bizer/bsbm/v01/instances/ProductFeature3822
http://www4.wiwiss.fu-berlin.de/bizer/bsbm/v01/instances/dataFromProducer61/Product7859;http://www4.wiwiss.fu-berlin.de/bizer/bsbm/v01/vocabulary/productFeature;http://www4.wiwiss.fu-berlin.de/bizer/bsbm/v01/instances/ProductFeature3835
http://www4.wiwiss.fu-berlin.de/bizer/bsbm/v01/instances/dataFromProducer61/Product7859;http://www4.wiwiss.fu-berlin.de/bizer/bsbm/v01/vocabulary/productFeature;http://www4.wiwiss.fu-berlin.de/bizer/bsbm/v01/instances/ProductFeature574
http://www4.wiwiss.fu-berlin.de/bizer/bsbm/v01/instances/dataFromProducer61/Product7859;http://www4.wiwiss.fu-berlin.de/bizer/bsbm/v01/vocabulary/productFeature;http://www4.wiwiss.fu-berlin.de/bizer/bsbm/v01/instances/ProductFeature585
http://www4.wiwiss.fu-berlin.de/bizer/bsbm/v01/instances/dataFromProducer61/Product7859;http://www4.wiwiss.fu-berlin.de/bizer/bsbm/v01/vocabulary/productFeature;http://www4.wiwiss.fu-berlin.de/bizer/bsbm/v01/instances/ProductFeature590
http://www4.wiwiss.fu-berlin.de/bizer/bsbm/v01/instances/dataFromProducer61/Product7859;http://www4.wiwiss.fu-berlin.de/bizer/bsbm/v01/vocabulary/productFeature;http://www4.wiwiss.fu-berlin.de/bizer/bsbm/v01/instances/ProductFeature592
http://www4.wiwiss.fu-berlin.de/bizer/bsbm/v01/instances/dataFromProducer61/Product7859;http://www4.wiwiss.fu-berlin.de/bizer/bsbm/v01/vocabulary/productFeature;http://www4.wiwiss.fu-berlin.de/bizer/bsbm/v01/instances/ProductFeature593
http://www4.wiwiss.fu-berlin.de/bizer/bsbm/v01/instances/dataFromProducer61/Product7859;http://www4.wiwiss.fu-berlin.de/bizer/bsbm/v01/vocabulary/productFeature;http://www4.wiwiss.fu-berlin.de/bizer/bsbm/v01/instances/ProductFeature594
http://www4.wiwiss.fu-berlin.de/bizer/bsbm/v01/instances/dataFromProducer61/Product7859;http://www4.wiwiss.fu-berlin.de/bizer/bsbm/v01/vocabulary/productFeature;http://www4.wiwiss.fu-berlin.de/bizer/bsbm/v01/instances/ProductFeature601
http://www4.wiwiss.fu-berlin.de/bizer/bsbm/v01/instances/dataFromProducer61/Product7859;http://www4.wiwiss.fu-berlin.de/bizer/bsbm/v01/vocabulary/productFeature;http://www4.wiwiss.fu-berlin.de/bizer/bsbm/v01/instances/ProductFeature602
http://www4.wiwiss.fu-berlin.de/bizer/bsbm/v01/instances/dataFromProducer61/Product7859;http://www4.wiwiss.fu-berlin.de/bizer/bsbm/v01/vocabulary/productFeature;http://www4.wiwiss.fu-berlin.de/bizer/bsbm/v01/instances/ProductFeature24
http://www4.wiwiss.fu-berlin.de/bizer/bsbm/v01/instances/dataFromProducer61/Product7859;http://www4.wiwiss.fu-berlin.de/bizer/bsbm/v01/vocabulary/productFeature;http://www4.wiwiss.fu-berlin.de/bizer/bsbm/v01/instances/ProductFeature27
http://www4.wiwiss.fu-berlin.de/bizer/bsbm/v01/instances/dataFromProducer61/Product7859;http://www4.wiwiss.fu-berlin.de/bizer/bsbm/v01/vocabulary/productFeature;http://www4.wiwiss.fu-berlin.de/bizer/bsbm/v01/instances/ProductFeature31
http://www4.wiwiss.fu-berlin.de/bizer/bsbm/v01/instances/dataFromProducer61/Product7859;http://www4.wiwiss.fu-berlin.de/bizer/bsbm/v01/vocabulary/producer;http://www4.wiwiss.fu-berlin.de/bizer/bsbm/v01/instances/dataFromProducer40/Producer40
http://www4.wiwiss.fu-berlin.de/bizer/bsbm/v01/instances/dataFromProducer61/Product7859;http://purl.org/dc/elements/1.1/publisher;http://www4.wiwiss.fu-berlin.de/bizer/bsbm/v01/instances/dataFromProducer40/Producer40
http://www4.wiwiss.fu-berlin.de/bizer/bsbm/v01/instances/dataFromProducer61/Product7859;http://purl.org/dc/elements/1.1/date;2001-01-08
http://www4.wiwiss.fu-berlin.de/bizer/bsbm/v01/instances/dataFromProducer1/Product5019;http://www.w3.org/1999/02/22-rdf-syntax-ns#type;http://www4.wiwiss.fu-berlin.de/bizer/bsbm/v01/vocabulary/Product
http://www4.wiwiss.fu-berlin.de/bizer/bsbm/v01/instances/dataFromProducer1/Product5019;http://www.w3.org/1999/02/22-rdf-syntax-ns#type;http://www4.wiwiss.fu-berlin.de/bizer/bsbm/v01/instances/ProductType122
http://www4.wiwiss.fu-berlin.de/bizer/bsbm/v01/instances/dataFromProducer1/Product5019;http://www.w3.org/2000/01/rdf-schema#label;pinchers lousing
http://www4.wiwiss.fu-berlin.de/bizer/bsbm/v01/instances/dataFromProducer1/Product5019;http://www.w3.org/2000/01/rdf-schema#comment;heirlooms operating myope reechoing benumbs teacups peninsular jealousness wharfingers rondeaux intertwines germy yanking wides philologist gasiform shoers shorn womenfolk scone predigests spermatic aneurism varlet actuary curdy accommodates uncommoner exiting cheesiness leprechauns analysts unpredictable shamus shares handpick syllabubs investments travellers wedded fluking zizzles limitative nihilisms deports gloms defrocks sandblasted wrackful hospitium manillas blessedly scarcest incompleteness scuffles prettifying totalitarians pibroch anthropoid osteopathies budgeters zoomorphs surfacer instants familiarizations unwisely libidinized rinsers silkscreening sleave landform geoducks birder shashlik fertilize lurked girthed reawaken clambered drogues hopsacking deputized cheaps reenters cham uncircumcised hibernal ducky destroyed causable kneads recurs cantrips stormed rattly parching migrator gamily finalism ceramists substitutive pleadable centralism entities sequenced
http://www4.wiwiss.fu-berlin.de/bizer/bsbm/v01/instances/dataFromProducer1/Product5019;http://www4.wiwiss.fu-berlin.de/bizer/bsbm/v01/vocabulary/productPropertyNumeric1;559
http://www4.wiwiss.fu-berlin.de/bizer/bsbm/v01/instances/dataFromProducer1/Product5019;http://www4.wiwiss.fu-berlin.de/bizer/bsbm/v01/vocabulary/productPropertyNumeric2;830
http://www4.wiwiss.fu-berlin.de/bizer/bsbm/v01/instances/dataFromProducer1/Product5019;http://www4.wiwiss.fu-berlin.de/bizer/bsbm/v01/vocabulary/productPropertyNumeric3;254
http://www4.wiwiss.fu-berlin.de/bizer/bsbm/v01/instances/dataFromProducer1/Product5019;http://www4.wiwiss.fu-berlin.de/bizer/bsbm/v01/vocabulary/productPropertyNumeric4;515
http://www4.wiwiss.fu-berlin.de/bizer/bsbm/v01/instances/dataFromProducer1/Product5019;http://www4.wiwiss.fu-berlin.de/bizer/bsbm/v01/vocabulary/productPropertyNumeric5;16
http://www4.wiwiss.fu-berlin.de/bizer/bsbm/v01/instances/dataFromProducer1/Product5019;http://www4.wiwiss.fu-berlin.de/bizer/bsbm/v01/vocabulary/productPropertyTextual1;truantry dimwits travellable
http://www4.wiwiss.fu-berlin.de/bizer/bsbm/v01/instances/dataFromProducer1/Product5019;http://www4.wiwiss.fu-berlin.de/bizer/bsbm/v01/vocabulary/productPropertyTextual2;nonseasonal taxiways currentness phaser unpenetrated libelant mongeese sunward wolver bombloads dogie amatively perplexed swindler misdid
http://www4.wiwiss.fu-berlin.de/bizer/bsbm/v01/instances/dataFromProducer1/Product5019;http://www4.wiwiss.fu-berlin.de/bizer/bsbm/v01/vocabulary/productPropertyTextual3;reproducer biparted vicing catnapers practicing
http://www4.wiwiss.fu-berlin.de/bizer/bsbm/v01/instances/dataFromProducer1/Product5019;http://www4.wiwiss.fu-berlin.de/bizer/bsbm/v01/vocabulary/productPropertyTextual4;virulently southeasters burgomaster countertenors
http://www4.wiwiss.fu-berlin.de/bizer/bsbm/v01/instances/dataFromProducer1/Product5019;http://www4.wiwiss.fu-berlin.de/bizer/bsbm/v01/vocabulary/productPropertyTextual5;eviller squushing outlawing
http://www4.wiwiss.fu-berlin.de/bizer/bsbm/v01/instances/dataFromProducer1/Product5019;http://www4.wiwiss.fu-berlin.de/bizer/bsbm/v01/vocabulary/productFeature;http://www4.wiwiss.fu-berlin.de/bizer/bsbm/v01/instances/ProductFeature3800
http://www4.wiwiss.fu-berlin.de/bizer/bsbm/v01/instances/dataFromProducer1/Product5019;http://www4.wiwiss.fu-berlin.de/bizer/bsbm/v01/vocabulary/productFeature;http://www4.wiwiss.fu-berlin.de/bizer/bsbm/v01/instances/ProductFeature3811
http://www4.wiwiss.fu-berlin.de/bizer/bsbm/v01/instances/dataFromProducer1/Product5019;http://www4.wiwiss.fu-berlin.de/bizer/bsbm/v01/vocabulary/productFeature;http://www4.wiwiss.fu-berlin.de/bizer/bsbm/v01/instances/ProductFeature3819
http://www4.wiwiss.fu-berlin.de/bizer/bsbm/v01/instances/dataFromProducer1/Product5019;http://www4.wiwiss.fu-berlin.de/bizer/bsbm/v01/vocabulary/productFeature;http://www4.wiwiss.fu-berlin.de/bizer/bsbm/v01/instances/ProductFeature3821
http://www4.wiwiss.fu-berlin.de/bizer/bsbm/v01/instances/dataFromProducer1/Product5019;http://www4.wiwiss.fu-berlin.de/bizer/bsbm/v01/vocabulary/productFeature;http://www4.wiwiss.fu-berlin.de/bizer/bsbm/v01/instances/ProductFeature3822
http://www4.wiwiss.fu-berlin.de/bizer/bsbm/v01/instances/dataFromProducer1/Product5019;http://www4.wiwiss.fu-berlin.de/bizer/bsbm/v01/vocabulary/productFeature;http://www4.wiwiss.fu-berlin.de/bizer/bsbm/v01/instances/ProductFeature3835
http://www4.wiwiss.fu-berlin.de/bizer/bsbm/v01/instances/dataFromProducer1/Product5019;http://www4.wiwiss.fu-berlin.de/bizer/bsbm/v01/vocabulary/productFeature;http://www4.wiwiss.fu-berlin.de/bizer/bsbm/v01/instances/ProductFeature574
http://www4.wiwiss.fu-berlin.de/bizer/bsbm/v01/instances/dataFromProducer1/Product5019;http://www4.wiwiss.fu-berlin.de/bizer/bsbm/v01/vocabulary/productFeature;http://www4.wiwiss.fu-berlin.de/bizer/bsbm/v01/instances/ProductFeature585
http://www4.wiwiss.fu-berlin.de/bizer/bsbm/v01/instances/dataFromProducer1/Product5019;http://www4.wiwiss.fu-berlin.de/bizer/bsbm/v01/vocabulary/productFeature;http://www4.wiwiss.fu-berlin.de/bizer/bsbm/v01/instances/ProductFeature590
http://www4.wiwiss.fu-berlin.de/bizer/bsbm/v01/instances/dataFromProducer1/Product5019;http://www4.wiwiss.fu-berlin.de/bizer/bsbm/v01/vocabulary/productFeature;http://www4.wiwiss.fu-berlin.de/bizer/bsbm/v01/instances/ProductFeature592
http://www4.wiwiss.fu-berlin.de/bizer/bsbm/v01/instances/dataFromProducer1/Product5019;http://www4.wiwiss.fu-berlin.de/bizer/bsbm/v01/vocabulary/productFeature;http://www4.wiwiss.fu-berlin.de/bizer/bsbm/v01/instances/ProductFeature593
http://www4.wiwiss.fu-berlin.de/bizer/bsbm/v01/instances/dataFromProducer1/Product5019;http://www4.wiwiss.fu-berlin.de/bizer/bsbm/v01/vocabulary/productFeature;http://www4.wiwiss.fu-berlin.de/bizer/bsbm/v01/instances/ProductFeature594
http://www4.wiwiss.fu-berlin.de/bizer/bsbm/v01/instances/dataFromProducer1/Product5019;http://www4.wiwiss.fu-berlin.de/bizer/bsbm/v01/vocabulary/productFeature;http://www4.wiwiss.fu-berlin.de/bizer/bsbm/v01/instances/ProductFeature601
http://www4.wiwiss.fu-berlin.de/bizer/bsbm/v01/instances/dataFromProducer1/Product5019;http://www4.wiwiss.fu-berlin.de/bizer/bsbm/v01/vocabulary/productFeature;http://www4.wiwiss.fu-berlin.de/bizer/bsbm/v01/instances/ProductFeature602
http://www4.wiwiss.fu-berlin.de/bizer/bsbm/v01/instances/dataFromProducer1/Product5019;http://www4.wiwiss.fu-berlin.de/bizer/bsbm/v01/vocabulary/productFeature;http://www4.wiwiss.fu-berlin.de/bizer/bsbm/v01/instances/ProductFeature24
http://www4.wiwiss.fu-berlin.de/bizer/bsbm/v01/instances/dataFromProducer1/Product5019;http://www4.wiwiss.fu-berlin.de/bizer/bsbm/v01/vocabulary/productFeature;http://www4.wiwiss.fu-berlin.de/bizer/bsbm/v01/instances/ProductFeature27
http://www4.wiwiss.fu-berlin.de/bizer/bsbm/v01/instances/dataFromProducer1/Product5019;http://www4.wiwiss.fu-berlin.de/bizer/bsbm/v01/vocabulary/productFeature;http://www4.wiwiss.fu-berlin.de/bizer/bsbm/v01/instances/ProductFeature31
http://www4.wiwiss.fu-berlin.de/bizer/bsbm/v01/instances/dataFromProducer1/Product5019;http://www4.wiwiss.fu-berlin.de/bizer/bsbm/v01/vocabulary/producer;http://www4.wiwiss.fu-berlin.de/bizer/bsbm/v01/instances/dataFromProducer40/Producer40
http://www4.wiwiss.fu-berlin.de/bizer/bsbm/v01/instances/dataFromProducer1/Product5019;http://purl.org/dc/elements/1.1/publisher;http://www4.wiwiss.fu-berlin.de/bizer/bsbm/v01/instances/dataFromProducer40/Producer40
http://www4.wiwiss.fu-berlin.de/bizer/bsbm/v01/instances/dataFromProducer1/Product5019;http://purl.org/dc/elements/1.1/date;2001-01-08
http://www4.wiwiss.fu-berlin.de/bizer/bsbm/v01/instances/dataFromProducer27/Product6273;http://www.w3.org/1999/02/22-rdf-syntax-ns#type;http://www4.wiwiss.fu-berlin.de/bizer/bsbm/v01/vocabulary/Product
http://www4.wiwiss.fu-berlin.de/bizer/bsbm/v01/instances/dataFromProducer27/Product6273;http://www.w3.org/1999/02/22-rdf-syntax-ns#type;http://www4.wiwiss.fu-berlin.de/bizer/bsbm/v01/instances/ProductType122
http://www4.wiwiss.fu-berlin.de/bizer/bsbm/v01/instances/dataFromProducer27/Product6273;http://www.w3.org/2000/01/rdf-schema#label;pinchers lousing
http://www4.wiwiss.fu-berlin.de/bizer/bsbm/v01/instances/dataFromProducer27/Product6273;http://www.w3.org/2000/01/rdf-schema#comment;heirlooms operating myope reechoing benumbs teacups peninsular jealousness wharfingers rondeaux intertwines germy yanking wides philologist gasiform shoers shorn womenfolk scone predigests spermatic aneurism varlet actuary curdy accommodates uncommoner exiting cheesiness leprechauns analysts unpredictable shamus shares handpick syllabubs investments travellers wedded fluking zizzles limitative nihilisms deports gloms defrocks sandblasted wrackful hospitium manillas blessedly scarcest incompleteness scuffles prettifying totalitarians pibroch anthropoid osteopathies budgeters zoomorphs surfacer instants familiarizations unwisely libidinized rinsers silkscreening sleave landform geoducks birder shashlik fertilize lurked girthed reawaken clambered drogues hopsacking deputized cheaps reenters cham uncircumcised hibernal ducky destroyed causable kneads recurs cantrips stormed rattly parching migrator gamily finalism ceramists substitutive pleadable centralism entities sequenced
http://www4.wiwiss.fu-berlin.de/bizer/bsbm/v01/instances/dataFromProducer27/Product6273;http://www4.wiwiss.fu-berlin.de/bizer/bsbm/v01/vocabulary/productPropertyNumeric1;559
http://www4.wiwiss.fu-berlin.de/bizer/bsbm/v01/instances/dataFromProducer27/Product6273;http://www4.wiwiss.fu-berlin.de/bizer/bsbm/v01/vocabulary/productPropertyNumeric2;830
http://www4.wiwiss.fu-berlin.de/bizer/bsbm/v01/instances/dataFromProducer27/Product6273;http://www4.wiwiss.fu-berlin.de/bizer/bsbm/v01/vocabulary/productPropertyNumeric3;254
http://www4.wiwiss.fu-berlin.de/bizer/bsbm/v01/instances/dataFromProducer27/Product6273;http://www4.wiwiss.fu-berlin.de/bizer/bsbm/v01/vocabulary/productPropertyNumeric4;515
http://www4.wiwiss.fu-berlin.de/bizer/bsbm/v01/instances/dataFromProducer27/Product6273;http://www4.wiwiss.fu-berlin.de/bizer/bsbm/v01/vocabulary/productPropertyNumeric5;16
http://www4.wiwiss.fu-berlin.de/bizer/bsbm/v01/instances/dataFromProducer27/Product6273;http://www4.wiwiss.fu-berlin.de/bizer/bsbm/v01/vocabulary/productPropertyTextual1;truantry dimwits travellable
http://www4.wiwiss.fu-berlin.de/bizer/bsbm/v01/instances/dataFromProducer27/Product6273;http://www4.wiwiss.fu-berlin.de/bizer/bsbm/v01/vocabulary/productPropertyTextual2;nonseasonal taxiways currentness phaser unpenetrated libelant mongeese sunward wolver bombloads dogie amatively perplexed swindler misdid
http://www4.wiwiss.fu-berlin.de/bizer/bsbm/v01/instances/dataFromProducer27/Product6273;http://www4.wiwiss.fu-berlin.de/bizer/bsbm/v01/vocabulary/productPropertyTextual3;reproducer biparted vicing catnapers practicing
http://www4.wiwiss.fu-berlin.de/bizer/bsbm/v01/instances/dataFromProducer27/Product6273;http://www4.wiwiss.fu-berlin.de/bizer/bsbm/v01/vocabulary/productPropertyTextual4;virulently southeasters burgomaster countertenors
http://www4.wiwiss.fu-berlin.de/bizer/bsbm/v01/instances/dataFromProducer27/Product6273;http://www4.wiwiss.fu-berlin.de/bizer/bsbm/v01/vocabulary/productPropertyTextual5;eviller squushing outlawing
http://www4.wiwiss.fu-berlin.de/bizer/bsbm/v01/instances/dataFromProducer27/Product6273;http://www4.wiwiss.fu-berlin.de/bizer/bsbm/v01/vocabulary/productFeature;http://www4.wiwiss.fu-berlin.de/bizer/bsbm/v01/instances/ProductFeature3800
http://www4.wiwiss.fu-berlin.de/bizer/bsbm/v01/instances/dataFromProducer27/Product6273;http://www4.wiwiss.fu-berlin.de/bizer/bsbm/v01/vocabulary/productFeature;http://www4.wiwiss.fu-berlin.de/bizer/bsbm/v01/instances/ProductFeature3811
http://www4.wiwiss.fu-berlin.de/bizer/bsbm/v01/instances/dataFromProducer27/Product6273;http://www4.wiwiss.fu-berlin.de/bizer/bsbm/v01/vocabulary/productFeature;http://www4.wiwiss.fu-berlin.de/bizer/bsbm/v01/instances/ProductFeature3819
http://www4.wiwiss.fu-berlin.de/bizer/bsbm/v01/instances/dataFromProducer27/Product6273;http://www4.wiwiss.fu-berlin.de/bizer/bsbm/v01/vocabulary/productFeature;http://www4.wiwiss.fu-berlin.de/bizer/bsbm/v01/instances/ProductFeature3821
http://www4.wiwiss.fu-berlin.de/bizer/bsbm/v01/instances/dataFromProducer27/Product6273;http://www4.wiwiss.fu-berlin.de/bizer/bsbm/v01/vocabulary/productFeature;http://www4.wiwiss.fu-berlin.de/bizer/bsbm/v01/instances/ProductFeature3822
http://www4.wiwiss.fu-berlin.de/bizer/bsbm/v01/instances/dataFromProducer27/Product6273;http://www4.wiwiss.fu-berlin.de/bizer/bsbm/v01/vocabulary/productFeature;http://www4.wiwiss.fu-berlin.de/bizer/bsbm/v01/instances/ProductFeature3835
http://www4.wiwiss.fu-berlin.de/bizer/bsbm/v01/instances/dataFromProducer27/Product6273;http://www4.wiwiss.fu-berlin.de/bizer/bsbm/v01/vocabulary/productFeature;http://www4.wiwiss.fu-berlin.de/bizer/bsbm/v01/instances/ProductFeature574
http://www4.wiwiss.fu-berlin.de/bizer/bsbm/v01/instances/dataFromProducer27/Product6273;http://www4.wiwiss.fu-berlin.de/bizer/bsbm/v01/vocabulary/productFeature;http://www4.wiwiss.fu-berlin.de/bizer/bsbm/v01/instances/ProductFeature585
http://www4.wiwiss.fu-berlin.de/bizer/bsbm/v01/instances/dataFromProducer27/Product6273;http://www4.wiwiss.fu-berlin.de/bizer/bsbm/v01/vocabulary/productFeature;http://www4.wiwiss.fu-berlin.de/bizer/bsbm/v01/instances/ProductFeature590
http://www4.wiwiss.fu-berlin.de/bizer/bsbm/v01/instances/dataFromProducer27/Product6273;http://www4.wiwiss.fu-berlin.de/bizer/bsbm/v01/vocabulary/productFeature;http://www4.wiwiss.fu-berlin.de/bizer/bsbm/v01/instances/ProductFeature592
http://www4.wiwiss.fu-berlin.de/bizer/bsbm/v01/instances/dataFromProducer27/Product6273;http://www4.wiwiss.fu-berlin.de/bizer/bsbm/v01/vocabulary/productFeature;http://www4.wiwiss.fu-berlin.de/bizer/bsbm/v01/instances/ProductFeature593
http://www4.wiwiss.fu-berlin.de/bizer/bsbm/v01/instances/dataFromProducer27/Product6273;http://www4.wiwiss.fu-berlin.de/bizer/bsbm/v01/vocabulary/productFeature;http://www4.wiwiss.fu-berlin.de/bizer/bsbm/v01/instances/ProductFeature594
http://www4.wiwiss.fu-berlin.de/bizer/bsbm/v01/instances/dataFromProducer27/Product6273;http://www4.wiwiss.fu-berlin.de/bizer/bsbm/v01/vocabulary/productFeature;http://www4.wiwiss.fu-berlin.de/bizer/bsbm/v01/instances/ProductFeature601
http://www4.wiwiss.fu-berlin.de/bizer/bsbm/v01/instances/dataFromProducer27/Product6273;http://www4.wiwiss.fu-berlin.de/bizer/bsbm/v01/vocabulary/productFeature;http://www4.wiwiss.fu-berlin.de/bizer/bsbm/v01/instances/ProductFeature602
http://www4.wiwiss.fu-berlin.de/bizer/bsbm/v01/instances/dataFromProducer27/Product6273;http://www4.wiwiss.fu-berlin.de/bizer/bsbm/v01/vocabulary/productFeature;http://www4.wiwiss.fu-berlin.de/bizer/bsbm/v01/instances/ProductFeature24
http://www4.wiwiss.fu-berlin.de/bizer/bsbm/v01/instances/dataFromProducer27/Product6273;http://www4.wiwiss.fu-berlin.de/bizer/bsbm/v01/vocabulary/productFeature;http://www4.wiwiss.fu-berlin.de/bizer/bsbm/v01/instances/ProductFeature27
http://www4.wiwiss.fu-berlin.de/bizer/bsbm/v01/instances/dataFromProducer27/Product6273;http://www4.wiwiss.fu-berlin.de/bizer/bsbm/v01/vocabulary/productFeature;http://www4.wiwiss.fu-berlin.de/bizer/bsbm/v01/instances/ProductFeature31
http://www4.wiwiss.fu-berlin.de/bizer/bsbm/v01/instances/dataFromProducer27/Product6273;http://www4.wiwiss.fu-berlin.de/bizer/bsbm/v01/vocabulary/producer;http://www4.wiwiss.fu-berlin.de/bizer/bsbm/v01/instances/dataFromProducer40/Producer40
http://www4.wiwiss.fu-berlin.de/bizer/bsbm/v01/instances/dataFromProducer27/Product6273;http://purl.org/dc/elements/1.1/publisher;http://www4.wiwiss.fu-berlin.de/bizer/bsbm/v01/instances/dataFromProducer40/Producer40
http://www4.wiwiss.fu-berlin.de/bizer/bsbm/v01/instances/dataFromProducer27/Product6273;http://purl.org/dc/elements/1.1/date;2001-01-08
http://www4.wiwiss.fu-berlin.de/bizer/bsbm/v01/instances/dataFromProducer81/Product8842;http://www.w3.org/1999/02/22-rdf-syntax-ns#type;http://www4.wiwiss.fu-berlin.de/bizer/bsbm/v01/vocabulary/Product
http://www4.wiwiss.fu-berlin.de/bizer/bsbm/v01/instances/dataFromProducer81/Product8842;http://www.w3.org/1999/02/22-rdf-syntax-ns#type;http://www4.wiwiss.fu-berlin.de/bizer/bsbm/v01/instances/ProductType122
http://www4.wiwiss.fu-berlin.de/bizer/bsbm/v01/instances/dataFromProducer81/Product8842;http://www.w3.org/2000/01/rdf-schema#label;pinchers lousing
http://www4.wiwiss.fu-berlin.de/bizer/bsbm/v01/instances/dataFromProducer81/Product8842;http://www.w3.org/2000/01/rdf-schema#comment;heirlooms operating myope reechoing benumbs teacups peninsular jealousness wharfingers rondeaux intertwines germy yanking wides philologist gasiform shoers shorn womenfolk scone predigests spermatic aneurism varlet actuary curdy accommodates uncommoner exiting cheesiness leprechauns analysts unpredictable shamus shares handpick syllabubs investments travellers wedded fluking zizzles limitative nihilisms deports gloms defrocks sandblasted wrackful hospitium manillas blessedly scarcest incompleteness scuffles prettifying totalitarians pibroch anthropoid osteopathies budgeters zoomorphs surfacer instants familiarizations unwisely libidinized rinsers silkscreening sleave landform geoducks birder shashlik fertilize lurked girthed reawaken clambered drogues hopsacking deputized cheaps reenters cham uncircumcised hibernal ducky destroyed causable kneads recurs cantrips stormed rattly parching migrator gamily finalism ceramists substitutive pleadable centralism entities sequenced
http://www4.wiwiss.fu-berlin.de/bizer/bsbm/v01/instances/dataFromProducer81/Product8842;http://www4.wiwiss.fu-berlin.de/bizer/bsbm/v01/vocabulary/productPropertyNumeric1;559
http://www4.wiwiss.fu-berlin.de/bizer/bsbm/v01/instances/dataFromProducer81/Product8842;http://www4.wiwiss.fu-berlin.de/bizer/bsbm/v01/vocabulary/productPropertyNumeric2;830
http://www4.wiwiss.fu-berlin.de/bizer/bsbm/v01/instances/dataFromProducer81/Product8842;http://www4.wiwiss.fu-berlin.de/bizer/bsbm/v01/vocabulary/productPropertyNumeric3;254
http://www4.wiwiss.fu-berlin.de/bizer/bsbm/v01/instances/dataFromProducer81/Product8842;http://www4.wiwiss.fu-berlin.de/bizer/bsbm/v01/vocabulary/productPropertyNumeric4;515
http://www4.wiwiss.fu-berlin.de/bizer/bsbm/v01/instances/dataFromProducer81/Product8842;http://www4.wiwiss.fu-berlin.de/bizer/bsbm/v01/vocabulary/productPropertyNumeric5;16
http://www4.wiwiss.fu-berlin.de/bizer/bsbm/v01/instances/dataFromProducer81/Product8842;http://www4.wiwiss.fu-berlin.de/bizer/bsbm/v01/vocabulary/productPropertyTextual1;truantry dimwits travellable
http://www4.wiwiss.fu-berlin.de/bizer/bsbm/v01/instances/dataFromProducer81/Product8842;http://www4.wiwiss.fu-berlin.de/bizer/bsbm/v01/vocabulary/productPropertyTextual2;nonseasonal taxiways currentness phaser unpenetrated libelant mongeese sunward wolver bombloads dogie amatively perplexed swindler misdid
http://www4.wiwiss.fu-berlin.de/bizer/bsbm/v01/instances/dataFromProducer81/Product8842;http://www4.wiwiss.fu-berlin.de/bizer/bsbm/v01/vocabulary/productPropertyTextual3;reproducer biparted vicing catnapers practicing
http://www4.wiwiss.fu-berlin.de/bizer/bsbm/v01/instances/dataFromProducer81/Product8842;http://www4.wiwiss.fu-berlin.de/bizer/bsbm/v01/vocabulary/productPropertyTextual4;virulently southeasters burgomaster countertenors
http://www4.wiwiss.fu-berlin.de/bizer/bsbm/v01/instances/dataFromProducer81/Product8842;http://www4.wiwiss.fu-berlin.de/bizer/bsbm/v01/vocabulary/productPropertyTextual5;eviller squushing outlawing
http://www4.wiwiss.fu-berlin.de/bizer/bsbm/v01/instances/dataFromProducer81/Product8842;http://www4.wiwiss.fu-berlin.de/bizer/bsbm/v01/vocabulary/productFeature;http://www4.wiwiss.fu-berlin.de/bizer/bsbm/v01/instances/ProductFeature3800
http://www4.wiwiss.fu-berlin.de/bizer/bsbm/v01/instances/dataFromProducer81/Product8842;http://www4.wiwiss.fu-berlin.de/bizer/bsbm/v01/vocabulary/productFeature;http://www4.wiwiss.fu-berlin.de/bizer/bsbm/v01/instances/ProductFeature3811
http://www4.wiwiss.fu-berlin.de/bizer/bsbm/v01/instances/dataFromProducer81/Product8842;http://www4.wiwiss.fu-berlin.de/bizer/bsbm/v01/vocabulary/productFeature;http://www4.wiwiss.fu-berlin.de/bizer/bsbm/v01/instances/ProductFeature3819
http://www4.wiwiss.fu-berlin.de/bizer/bsbm/v01/instances/dataFromProducer81/Product8842;http://www4.wiwiss.fu-berlin.de/bizer/bsbm/v01/vocabulary/productFeature;http://www4.wiwiss.fu-berlin.de/bizer/bsbm/v01/instances/ProductFeature3821
http://www4.wiwiss.fu-berlin.de/bizer/bsbm/v01/instances/dataFromProducer81/Product8842;http://www4.wiwiss.fu-berlin.de/bizer/bsbm/v01/vocabulary/productFeature;http://www4.wiwiss.fu-berlin.de/bizer/bsbm/v01/instances/ProductFeature3822
http://www4.wiwiss.fu-berlin.de/bizer/bsbm/v01/instances/dataFromProducer81/Product8842;http://www4.wiwiss.fu-berlin.de/bizer/bsbm/v01/vocabulary/productFeature;http://www4.wiwiss.fu-berlin.de/bizer/bsbm/v01/instances/ProductFeature3835
http://www4.wiwiss.fu-berlin.de/bizer/bsbm/v01/instances/dataFromProducer81/Product8842;http://www4.wiwiss.fu-berlin.de/bizer/bsbm/v01/vocabulary/productFeature;http://www4.wiwiss.fu-berlin.de/bizer/bsbm/v01/instances/ProductFeature574
http://www4.wiwiss.fu-berlin.de/bizer/bsbm/v01/instances/dataFromProducer81/Product8842;http://www4.wiwiss.fu-berlin.de/bizer/bsbm/v01/vocabulary/productFeature;http://www4.wiwiss.fu-berlin.de/bizer/bsbm/v01/instances/ProductFeature585
http://www4.wiwiss.fu-berlin.de/bizer/bsbm/v01/instances/dataFromProducer81/Product8842;http://www4.wiwiss.fu-berlin.de/bizer/bsbm/v01/vocabulary/productFeature;http://www4.wiwiss.fu-berlin.de/bizer/bsbm/v01/instances/ProductFeature590
http://www4.wiwiss.fu-berlin.de/bizer/bsbm/v01/instances/dataFromProducer81/Product8842;http://www4.wiwiss.fu-berlin.de/bizer/bsbm/v01/vocabulary/productFeature;http://www4.wiwiss.fu-berlin.de/bizer/bsbm/v01/instances/ProductFeature592
http://www4.wiwiss.fu-berlin.de/bizer/bsbm/v01/instances/dataFromProducer81/Product8842;http://www4.wiwiss.fu-berlin.de/bizer/bsbm/v01/vocabulary/productFeature;http://www4.wiwiss.fu-berlin.de/bizer/bsbm/v01/instances/ProductFeature593
http://www4.wiwiss.fu-berlin.de/bizer/bsbm/v01/instances/dataFromProducer81/Product8842;http://www4.wiwiss.fu-berlin.de/bizer/bsbm/v01/vocabulary/productFeature;http://www4.wiwiss.fu-berlin.de/bizer/bsbm/v01/instances/ProductFeature594
http://www4.wiwiss.fu-berlin.de/bizer/bsbm/v01/instances/dataFromProducer81/Product8842;http://www4.wiwiss.fu-berlin.de/bizer/bsbm/v01/vocabulary/productFeature;http://www4.wiwiss.fu-berlin.de/bizer/bsbm/v01/instances/ProductFeature601
http://www4.wiwiss.fu-berlin.de/bizer/bsbm/v01/instances/dataFromProducer81/Product8842;http://www4.wiwiss.fu-berlin.de/bizer/bsbm/v01/vocabulary/productFeature;http://www4.wiwiss.fu-berlin.de/bizer/bsbm/v01/instances/ProductFeature602
http://www4.wiwiss.fu-berlin.de/bizer/bsbm/v01/instances/dataFromProducer81/Product8842;http://www4.wiwiss.fu-berlin.de/bizer/bsbm/v01/vocabulary/productFeature;http://www4.wiwiss.fu-berlin.de/bizer/bsbm/v01/instances/ProductFeature24
http://www4.wiwiss.fu-berlin.de/bizer/bsbm/v01/instances/dataFromProducer81/Product8842;http://www4.wiwiss.fu-berlin.de/bizer/bsbm/v01/vocabulary/productFeature;http://www4.wiwiss.fu-berlin.de/bizer/bsbm/v01/instances/ProductFeature27
http://www4.wiwiss.fu-berlin.de/bizer/bsbm/v01/instances/dataFromProducer81/Product8842;http://www4.wiwiss.fu-berlin.de/bizer/bsbm/v01/vocabulary/productFeature;http://www4.wiwiss.fu-berlin.de/bizer/bsbm/v01/instances/ProductFeature31
http://www4.wiwiss.fu-berlin.de/bizer/bsbm/v01/instances/dataFromProducer81/Product8842;http://www4.wiwiss.fu-berlin.de/bizer/bsbm/v01/vocabulary/producer;http://www4.wiwiss.fu-berlin.de/bizer/bsbm/v01/instances/dataFromProducer40/Producer40
http://www4.wiwiss.fu-berlin.de/bizer/bsbm/v01/instances/dataFromProducer81/Product8842;http://purl.org/dc/elements/1.1/publisher;http://www4.wiwiss.fu-berlin.de/bizer/bsbm/v01/instances/dataFromProducer40/Producer40
http://www4.wiwiss.fu-berlin.de/bizer/bsbm/v01/instances/dataFromProducer81/Product8842;http://purl.org/dc/elements/1.1/date;2001-01-08
http://www4.wiwiss.fu-berlin.de/bizer/bsbm/v01/instances/dataFromProducer64/Product8015;http://www.w3.org/1999/02/22-rdf-syntax-ns#type;http://www4.wiwiss.fu-berlin.de/bizer/bsbm/v01/vocabulary/Product
http://www4.wiwiss.fu-berlin.de/bizer/bsbm/v01/instances/dataFromProducer64/Product8015;http://www.w3.org/1999/02/22-rdf-syntax-ns#type;http://www4.wiwiss.fu-berlin.de/bizer/bsbm/v01/instances/ProductType122
http://www4.wiwiss.fu-berlin.de/bizer/bsbm/v01/instances/dataFromProducer64/Product8015;http://www.w3.org/2000/01/rdf-schema#label;pinchers lousing
http://www4.wiwiss.fu-berlin.de/bizer/bsbm/v01/instances/dataFromProducer64/Product8015;http://www.w3.org/2000/01/rdf-schema#comment;heirlooms operating myope reechoing benumbs teacups peninsular jealousness wharfingers rondeaux intertwines germy yanking wides philologist gasiform shoers shorn womenfolk scone predigests spermatic aneurism varlet actuary curdy accommodates uncommoner exiting cheesiness leprechauns analysts unpredictable shamus shares handpick syllabubs investments travellers wedded fluking zizzles limitative nihilisms deports gloms defrocks sandblasted wrackful hospitium manillas blessedly scarcest incompleteness scuffles prettifying totalitarians pibroch anthropoid osteopathies budgeters zoomorphs surfacer instants familiarizations unwisely libidinized rinsers silkscreening sleave landform geoducks birder shashlik fertilize lurked girthed reawaken clambered drogues hopsacking deputized cheaps reenters cham uncircumcised hibernal ducky destroyed causable kneads recurs cantrips stormed rattly parching migrator gamily finalism ceramists substitutive pleadable centralism entities sequenced
http://www4.wiwiss.fu-berlin.de/bizer/bsbm/v01/instances/dataFromProducer64/Product8015;http://www4.wiwiss.fu-berlin.de/bizer/bsbm/v01/vocabulary/productPropertyNumeric1;559
http://www4.wiwiss.fu-berlin.de/bizer/bsbm/v01/instances/dataFromProducer64/Product8015;http://www4.wiwiss.fu-berlin.de/bizer/bsbm/v01/vocabulary/productPropertyNumeric2;830
http://www4.wiwiss.fu-berlin.de/bizer/bsbm/v01/instances/dataFromProducer64/Product8015;http://www4.wiwiss.fu-berlin.de/bizer/bsbm/v01/vocabulary/productPropertyNumeric3;254
http://www4.wiwiss.fu-berlin.de/bizer/bsbm/v01/instances/dataFromProducer64/Product8015;http://www4.wiwiss.fu-berlin.de/bizer/bsbm/v01/vocabulary/productPropertyNumeric4;515
http://www4.wiwiss.fu-berlin.de/bizer/bsbm/v01/instances/dataFromProducer64/Product8015;http://www4.wiwiss.fu-berlin.de/bizer/bsbm/v01/vocabulary/productPropertyNumeric5;16
http://www4.wiwiss.fu-berlin.de/bizer/bsbm/v01/instances/dataFromProducer64/Product8015;http://www4.wiwiss.fu-berlin.de/bizer/bsbm/v01/vocabulary/productPropertyTextual1;truantry dimwits travellable
http://www4.wiwiss.fu-berlin.de/bizer/bsbm/v01/instances/dataFromProducer64/Product8015;http://www4.wiwiss.fu-berlin.de/bizer/bsbm/v01/vocabulary/productPropertyTextual2;nonseasonal taxiways currentness phaser unpenetrated libelant mongeese sunward wolver bombloads dogie amatively perplexed swindler misdid
http://www4.wiwiss.fu-berlin.de/bizer/bsbm/v01/instances/dataFromProducer64/Product8015;http://www4.wiwiss.fu-berlin.de/bizer/bsbm/v01/vocabulary/productPropertyTextual3;reproducer biparted vicing catnapers practicing
http://www4.wiwiss.fu-berlin.de/bizer/bsbm/v01/instances/dataFromProducer64/Product8015;http://www4.wiwiss.fu-berlin.de/bizer/bsbm/v01/vocabulary/productPropertyTextual4;virulently southeasters burgomaster countertenors
http://www4.wiwiss.fu-berlin.de/bizer/bsbm/v01/instances/dataFromProducer64/Product8015;http://www4.wiwiss.fu-berlin.de/bizer/bsbm/v01/vocabulary/productPropertyTextual5;eviller squushing outlawing
http://www4.wiwiss.fu-berlin.de/bizer/bsbm/v01/instances/dataFromProducer64/Product8015;http://www4.wiwiss.fu-berlin.de/bizer/bsbm/v01/vocabulary/productFeature;http://www4.wiwiss.fu-berlin.de/bizer/bsbm/v01/instances/ProductFeature3800
http://www4.wiwiss.fu-berlin.de/bizer/bsbm/v01/instances/dataFromProducer64/Product8015;http://www4.wiwiss.fu-berlin.de/bizer/bsbm/v01/vocabulary/productFeature;http://www4.wiwiss.fu-berlin.de/bizer/bsbm/v01/instances/ProductFeature3811
http://www4.wiwiss.fu-berlin.de/bizer/bsbm/v01/instances/dataFromProducer64/Product8015;http://www4.wiwiss.fu-berlin.de/bizer/bsbm/v01/vocabulary/productFeature;http://www4.wiwiss.fu-berlin.de/bizer/bsbm/v01/instances/ProductFeature3819
http://www4.wiwiss.fu-berlin.de/bizer/bsbm/v01/instances/dataFromProducer64/Product8015;http://www4.wiwiss.fu-berlin.de/bizer/bsbm/v01/vocabulary/productFeature;http://www4.wiwiss.fu-berlin.de/bizer/bsbm/v01/instances/ProductFeature3821
http://www4.wiwiss.fu-berlin.de/bizer/bsbm/v01/instances/dataFromProducer64/Product8015;http://www4.wiwiss.fu-berlin.de/bizer/bsbm/v01/vocabulary/productFeature;http://www4.wiwiss.fu-berlin.de/bizer/bsbm/v01/instances/ProductFeature3822
http://www4.wiwiss.fu-berlin.de/bizer/bsbm/v01/instances/dataFromProducer64/Product8015;http://www4.wiwiss.fu-berlin.de/bizer/bsbm/v01/vocabulary/productFeature;http://www4.wiwiss.fu-berlin.de/bizer/bsbm/v01/instances/ProductFeature3835
http://www4.wiwiss.fu-berlin.de/bizer/bsbm/v01/instances/dataFromProducer64/Product8015;http://www4.wiwiss.fu-berlin.de/bizer/bsbm/v01/vocabulary/productFeature;http://www4.wiwiss.fu-berlin.de/bizer/bsbm/v01/instances/ProductFeature574
http://www4.wiwiss.fu-berlin.de/bizer/bsbm/v01/instances/dataFromProducer64/Product8015;http://www4.wiwiss.fu-berlin.de/bizer/bsbm/v01/vocabulary/productFeature;http://www4.wiwiss.fu-berlin.de/bizer/bsbm/v01/instances/ProductFeature585
http://www4.wiwiss.fu-berlin.de/bizer/bsbm/v01/instances/dataFromProducer64/Product8015;http://www4.wiwiss.fu-berlin.de/bizer/bsbm/v01/vocabulary/productFeature;http://www4.wiwiss.fu-berlin.de/bizer/bsbm/v01/instances/ProductFeature590
http://www4.wiwiss.fu-berlin.de/bizer/bsbm/v01/instances/dataFromProducer64/Product8015;http://www4.wiwiss.fu-berlin.de/bizer/bsbm/v01/vocabulary/productFeature;http://www4.wiwiss.fu-berlin.de/bizer/bsbm/v01/instances/ProductFeature592
http://www4.wiwiss.fu-berlin.de/bizer/bsbm/v01/instances/dataFromProducer64/Product8015;http://www4.wiwiss.fu-berlin.de/bizer/bsbm/v01/vocabulary/productFeature;http://www4.wiwiss.fu-berlin.de/bizer/bsbm/v01/instances/ProductFeature593
http://www4.wiwiss.fu-berlin.de/bizer/bsbm/v01/instances/dataFromProducer64/Product8015;http://www4.wiwiss.fu-berlin.de/bizer/bsbm/v01/vocabulary/productFeature;http://www4.wiwiss.fu-berlin.de/bizer/bsbm/v01/instances/ProductFeature594
http://www4.wiwiss.fu-berlin.de/bizer/bsbm/v01/instances/dataFromProducer64/Product8015;http://www4.wiwiss.fu-berlin.de/bizer/bsbm/v01/vocabulary/productFeature;http://www4.wiwiss.fu-berlin.de/bizer/bsbm/v01/instances/ProductFeature601
http://www4.wiwiss.fu-berlin.de/bizer/bsbm/v01/instances/dataFromProducer64/Product8015;http://www4.wiwiss.fu-berlin.de/bizer/bsbm/v01/vocabulary/productFeature;http://www4.wiwiss.fu-berlin.de/bizer/bsbm/v01/instances/ProductFeature602
http://www4.wiwiss.fu-berlin.de/bizer/bsbm/v01/instances/dataFromProducer64/Product8015;http://www4.wiwiss.fu-berlin.de/bizer/bsbm/v01/vocabulary/productFeature;http://www4.wiwiss.fu-berlin.de/bizer/bsbm/v01/instances/ProductFeature24
http://www4.wiwiss.fu-berlin.de/bizer/bsbm/v01/instances/dataFromProducer64/Product8015;http://www4.wiwiss.fu-berlin.de/bizer/bsbm/v01/vocabulary/productFeature;http://www4.wiwiss.fu-berlin.de/bizer/bsbm/v01/instances/ProductFeature27
http://www4.wiwiss.fu-berlin.de/bizer/bsbm/v01/instances/dataFromProducer64/Product8015;http://www4.wiwiss.fu-berlin.de/bizer/bsbm/v01/vocabulary/productFeature;http://www4.wiwiss.fu-berlin.de/bizer/bsbm/v01/instances/ProductFeature31
http://www4.wiwiss.fu-berlin.de/bizer/bsbm/v01/instances/dataFromProducer64/Product8015;http://www4.wiwiss.fu-berlin.de/bizer/bsbm/v01/vocabulary/producer;http://www4.wiwiss.fu-berlin.de/bizer/bsbm/v01/instances/dataFromProducer40/Producer40
http://www4.wiwiss.fu-berlin.de/bizer/bsbm/v01/instances/dataFromProducer64/Product8015;http://purl.org/dc/elements/1.1/publisher;http://www4.wiwiss.fu-berlin.de/bizer/bsbm/v01/instances/dataFromProducer40/Producer40
http://www4.wiwiss.fu-berlin.de/bizer/bsbm/v01/instances/dataFromProducer64/Product8015;http://purl.org/dc/elements/1.1/date;2001-01-08
http://www4.wiwiss.fu-berlin.de/bizer/bsbm/v01/instances/dataFromProducer79/Product8725;http://www.w3.org/1999/02/22-rdf-syntax-ns#type;http://www4.wiwiss.fu-berlin.de/bizer/bsbm/v01/vocabulary/Product
http://www4.wiwiss.fu-berlin.de/bizer/bsbm/v01/instances/dataFromProducer79/Product8725;http://www.w3.org/1999/02/22-rdf-syntax-ns#type;http://www4.wiwiss.fu-berlin.de/bizer/bsbm/v01/instances/ProductType122
http://www4.wiwiss.fu-berlin.de/bizer/bsbm/v01/instances/dataFromProducer79/Product8725;http://www.w3.org/2000/01/rdf-schema#label;pinchers lousing
http://www4.wiwiss.fu-berlin.de/bizer/bsbm/v01/instances/dataFromProducer79/Product8725;http://www.w3.org/2000/01/rdf-schema#comment;heirlooms operating myope reechoing benumbs teacups peninsular jealousness wharfingers rondeaux intertwines germy yanking wides philologist gasiform shoers shorn womenfolk scone predigests spermatic aneurism varlet actuary curdy accommodates uncommoner exiting cheesiness leprechauns analysts unpredictable shamus shares handpick syllabubs investments travellers wedded fluking zizzles limitative nihilisms deports gloms defrocks sandblasted wrackful hospitium manillas blessedly scarcest incompleteness scuffles prettifying totalitarians pibroch anthropoid osteopathies budgeters zoomorphs surfacer instants familiarizations unwisely libidinized rinsers silkscreening sleave landform geoducks birder shashlik fertilize lurked girthed reawaken clambered drogues hopsacking deputized cheaps reenters cham uncircumcised hibernal ducky destroyed causable kneads recurs cantrips stormed rattly parching migrator gamily finalism ceramists substitutive pleadable centralism entities sequenced
http://www4.wiwiss.fu-berlin.de/bizer/bsbm/v01/instances/dataFromProducer79/Product8725;http://www4.wiwiss.fu-berlin.de/bizer/bsbm/v01/vocabulary/productPropertyNumeric1;559
http://www4.wiwiss.fu-berlin.de/bizer/bsbm/v01/instances/dataFromProducer79/Product8725;http://www4.wiwiss.fu-berlin.de/bizer/bsbm/v01/vocabulary/productPropertyNumeric2;830
http://www4.wiwiss.fu-berlin.de/bizer/bsbm/v01/instances/dataFromProducer79/Product8725;http://www4.wiwiss.fu-berlin.de/bizer/bsbm/v01/vocabulary/productPropertyNumeric3;254
http://www4.wiwiss.fu-berlin.de/bizer/bsbm/v01/instances/dataFromProducer79/Product8725;http://www4.wiwiss.fu-berlin.de/bizer/bsbm/v01/vocabulary/productPropertyNumeric4;515
http://www4.wiwiss.fu-berlin.de/bizer/bsbm/v01/instances/dataFromProducer79/Product8725;http://www4.wiwiss.fu-berlin.de/bizer/bsbm/v01/vocabulary/productPropertyNumeric5;16
http://www4.wiwiss.fu-berlin.de/bizer/bsbm/v01/instances/dataFromProducer79/Product8725;http://www4.wiwiss.fu-berlin.de/bizer/bsbm/v01/vocabulary/productPropertyTextual1;truantry dimwits travellable
http://www4.wiwiss.fu-berlin.de/bizer/bsbm/v01/instances/dataFromProducer79/Product8725;http://www4.wiwiss.fu-berlin.de/bizer/bsbm/v01/vocabulary/productPropertyTextual2;nonseasonal taxiways currentness phaser unpenetrated libelant mongeese sunward wolver bombloads dogie amatively perplexed swindler misdid
http://www4.wiwiss.fu-berlin.de/bizer/bsbm/v01/instances/dataFromProducer79/Product8725;http://www4.wiwiss.fu-berlin.de/bizer/bsbm/v01/vocabulary/productPropertyTextual3;reproducer biparted vicing catnapers practicing
http://www4.wiwiss.fu-berlin.de/bizer/bsbm/v01/instances/dataFromProducer79/Product8725;http://www4.wiwiss.fu-berlin.de/bizer/bsbm/v01/vocabulary/productPropertyTextual4;virulently southeasters burgomaster countertenors
http://www4.wiwiss.fu-berlin.de/bizer/bsbm/v01/instances/dataFromProducer79/Product8725;http://www4.wiwiss.fu-berlin.de/bizer/bsbm/v01/vocabulary/productPropertyTextual5;eviller squushing outlawing
http://www4.wiwiss.fu-berlin.de/bizer/bsbm/v01/instances/dataFromProducer79/Product8725;http://www4.wiwiss.fu-berlin.de/bizer/bsbm/v01/vocabulary/productFeature;http://www4.wiwiss.fu-berlin.de/bizer/bsbm/v01/instances/ProductFeature3800
http://www4.wiwiss.fu-berlin.de/bizer/bsbm/v01/instances/dataFromProducer79/Product8725;http://www4.wiwiss.fu-berlin.de/bizer/bsbm/v01/vocabulary/productFeature;http://www4.wiwiss.fu-berlin.de/bizer/bsbm/v01/instances/ProductFeature3811
http://www4.wiwiss.fu-berlin.de/bizer/bsbm/v01/instances/dataFromProducer79/Product8725;http://www4.wiwiss.fu-berlin.de/bizer/bsbm/v01/vocabulary/productFeature;http://www4.wiwiss.fu-berlin.de/bizer/bsbm/v01/instances/ProductFeature3819
http://www4.wiwiss.fu-berlin.de/bizer/bsbm/v01/instances/dataFromProducer79/Product8725;http://www4.wiwiss.fu-berlin.de/bizer/bsbm/v01/vocabulary/productFeature;http://www4.wiwiss.fu-berlin.de/bizer/bsbm/v01/instances/ProductFeature3821
http://www4.wiwiss.fu-berlin.de/bizer/bsbm/v01/instances/dataFromProducer79/Product8725;http://www4.wiwiss.fu-berlin.de/bizer/bsbm/v01/vocabulary/productFeature;http://www4.wiwiss.fu-berlin.de/bizer/bsbm/v01/instances/ProductFeature3822
http://www4.wiwiss.fu-berlin.de/bizer/bsbm/v01/instances/dataFromProducer79/Product8725;http://www4.wiwiss.fu-berlin.de/bizer/bsbm/v01/vocabulary/productFeature;http://www4.wiwiss.fu-berlin.de/bizer/bsbm/v01/instances/ProductFeature3835
http://www4.wiwiss.fu-berlin.de/bizer/bsbm/v01/instances/dataFromProducer79/Product8725;http://www4.wiwiss.fu-berlin.de/bizer/bsbm/v01/vocabulary/productFeature;http://www4.wiwiss.fu-berlin.de/bizer/bsbm/v01/instances/ProductFeature574
http://www4.wiwiss.fu-berlin.de/bizer/bsbm/v01/instances/dataFromProducer79/Product8725;http://www4.wiwiss.fu-berlin.de/bizer/bsbm/v01/vocabulary/productFeature;http://www4.wiwiss.fu-berlin.de/bizer/bsbm/v01/instances/ProductFeature585
http://www4.wiwiss.fu-berlin.de/bizer/bsbm/v01/instances/dataFromProducer79/Product8725;http://www4.wiwiss.fu-berlin.de/bizer/bsbm/v01/vocabulary/productFeature;http://www4.wiwiss.fu-berlin.de/bizer/bsbm/v01/instances/ProductFeature590
http://www4.wiwiss.fu-berlin.de/bizer/bsbm/v01/instances/dataFromProducer79/Product8725;http://www4.wiwiss.fu-berlin.de/bizer/bsbm/v01/vocabulary/productFeature;http://www4.wiwiss.fu-berlin.de/bizer/bsbm/v01/instances/ProductFeature592
http://www4.wiwiss.fu-berlin.de/bizer/bsbm/v01/instances/dataFromProducer79/Product8725;http://www4.wiwiss.fu-berlin.de/bizer/bsbm/v01/vocabulary/productFeature;http://www4.wiwiss.fu-berlin.de/bizer/bsbm/v01/instances/ProductFeature593
http://www4.wiwiss.fu-berlin.de/bizer/bsbm/v01/instances/dataFromProducer79/Product8725;http://www4.wiwiss.fu-berlin.de/bizer/bsbm/v01/vocabulary/productFeature;http://www4.wiwiss.fu-berlin.de/bizer/bsbm/v01/instances/ProductFeature594
http://www4.wiwiss.fu-berlin.de/bizer/bsbm/v01/instances/dataFromProducer79/Product8725;http://www4.wiwiss.fu-berlin.de/bizer/bsbm/v01/vocabulary/productFeature;http://www4.wiwiss.fu-berlin.de/bizer/bsbm/v01/instances/ProductFeature601
http://www4.wiwiss.fu-berlin.de/bizer/bsbm/v01/instances/dataFromProducer79/Product8725;http://www4.wiwiss.fu-berlin.de/bizer/bsbm/v01/vocabulary/productFeature;http://www4.wiwiss.fu-berlin.de/bizer/bsbm/v01/instances/ProductFeature602
http://www4.wiwiss.fu-berlin.de/bizer/bsbm/v01/instances/dataFromProducer79/Product8725;http://www4.wiwiss.fu-berlin.de/bizer/bsbm/v01/vocabulary/productFeature;http://www4.wiwiss.fu-berlin.de/bizer/bsbm/v01/instances/ProductFeature24
http://www4.wiwiss.fu-berlin.de/bizer/bsbm/v01/instances/dataFromProducer79/Product8725;http://www4.wiwiss.fu-berlin.de/bizer/bsbm/v01/vocabulary/productFeature;http://www4.wiwiss.fu-berlin.de/bizer/bsbm/v01/instances/ProductFeature27
http://www4.wiwiss.fu-berlin.de/bizer/bsbm/v01/instances/dataFromProducer79/Product8725;http://www4.wiwiss.fu-berlin.de/bizer/bsbm/v01/vocabulary/productFeature;http://www4.wiwiss.fu-berlin.de/bizer/bsbm/v01/instances/ProductFeature31
http://www4.wiwiss.fu-berlin.de/bizer/bsbm/v01/instances/dataFromProducer79/Product8725;http://www4.wiwiss.fu-berlin.de/bizer/bsbm/v01/vocabulary/producer;http://www4.wiwiss.fu-berlin.de/bizer/bsbm/v01/instances/dataFromProducer40/Producer40
http://www4.wiwiss.fu-berlin.de/bizer/bsbm/v01/instances/dataFromProducer79/Product8725;http://purl.org/dc/elements/1.1/publisher;http://www4.wiwiss.fu-berlin.de/bizer/bsbm/v01/instances/dataFromProducer40/Producer40
http://www4.wiwiss.fu-berlin.de/bizer/bsbm/v01/instances/dataFromProducer79/Product8725;http://purl.org/dc/elements/1.1/date;2001-01-08
http://www4.wiwiss.fu-berlin.de/bizer/bsbm/v01/instances/dataFromProducer3/Product5131;http://www.w3.org/1999/02/22-rdf-syntax-ns#type;http://www4.wiwiss.fu-berlin.de/bizer/bsbm/v01/vocabulary/Product
http://www4.wiwiss.fu-berlin.de/bizer/bsbm/v01/instances/dataFromProducer3/Product5131;http://www.w3.org/1999/02/22-rdf-syntax-ns#type;http://www4.wiwiss.fu-berlin.de/bizer/bsbm/v01/instances/ProductType122
http://www4.wiwiss.fu-berlin.de/bizer/bsbm/v01/instances/dataFromProducer3/Product5131;http://www.w3.org/2000/01/rdf-schema#label;pinchers lousing
http://www4.wiwiss.fu-berlin.de/bizer/bsbm/v01/instances/dataFromProducer3/Product5131;http://www.w3.org/2000/01/rdf-schema#comment;heirlooms operating myope reechoing benumbs teacups peninsular jealousness wharfingers rondeaux intertwines germy yanking wides philologist gasiform shoers shorn womenfolk scone predigests spermatic aneurism varlet actuary curdy accommodates uncommoner exiting cheesiness leprechauns analysts unpredictable shamus shares handpick syllabubs investments travellers wedded fluking zizzles limitative nihilisms deports gloms defrocks sandblasted wrackful hospitium manillas blessedly scarcest incompleteness scuffles prettifying totalitarians pibroch anthropoid osteopathies budgeters zoomorphs surfacer instants familiarizations unwisely libidinized rinsers silkscreening sleave landform geoducks birder shashlik fertilize lurked girthed reawaken clambered drogues hopsacking deputized cheaps reenters cham uncircumcised hibernal ducky destroyed causable kneads recurs cantrips stormed rattly parching migrator gamily finalism ceramists substitutive pleadable centralism entities sequenced
http://www4.wiwiss.fu-berlin.de/bizer/bsbm/v01/instances/dataFromProducer3/Product5131;http://www4.wiwiss.fu-berlin.de/bizer/bsbm/v01/vocabulary/productPropertyNumeric1;559
http://www4.wiwiss.fu-berlin.de/bizer/bsbm/v01/instances/dataFromProducer3/Product5131;http://www4.wiwiss.fu-berlin.de/bizer/bsbm/v01/vocabulary/productPropertyNumeric2;830
http://www4.wiwiss.fu-berlin.de/bizer/bsbm/v01/instances/dataFromProducer3/Product5131;http://www4.wiwiss.fu-berlin.de/bizer/bsbm/v01/vocabulary/productPropertyNumeric3;254
http://www4.wiwiss.fu-berlin.de/bizer/bsbm/v01/instances/dataFromProducer3/Product5131;http://www4.wiwiss.fu-berlin.de/bizer/bsbm/v01/vocabulary/productPropertyNumeric4;515
http://www4.wiwiss.fu-berlin.de/bizer/bsbm/v01/instances/dataFromProducer3/Product5131;http://www4.wiwiss.fu-berlin.de/bizer/bsbm/v01/vocabulary/productPropertyNumeric5;16
http://www4.wiwiss.fu-berlin.de/bizer/bsbm/v01/instances/dataFromProducer3/Product5131;http://www4.wiwiss.fu-berlin.de/bizer/bsbm/v01/vocabulary/productPropertyTextual1;truantry dimwits travellable
http://www4.wiwiss.fu-berlin.de/bizer/bsbm/v01/instances/dataFromProducer3/Product5131;http://www4.wiwiss.fu-berlin.de/bizer/bsbm/v01/vocabulary/productPropertyTextual2;nonseasonal taxiways currentness phaser unpenetrated libelant mongeese sunward wolver bombloads dogie amatively perplexed swindler misdid
http://www4.wiwiss.fu-berlin.de/bizer/bsbm/v01/instances/dataFromProducer3/Product5131;http://www4.wiwiss.fu-berlin.de/bizer/bsbm/v01/vocabulary/productPropertyTextual3;reproducer biparted vicing catnapers practicing
http://www4.wiwiss.fu-berlin.de/bizer/bsbm/v01/instances/dataFromProducer3/Product5131;http://www4.wiwiss.fu-berlin.de/bizer/bsbm/v01/vocabulary/productPropertyTextual4;virulently southeasters burgomaster countertenors
http://www4.wiwiss.fu-berlin.de/bizer/bsbm/v01/instances/dataFromProducer3/Product5131;http://www4.wiwiss.fu-berlin.de/bizer/bsbm/v01/vocabulary/productPropertyTextual5;eviller squushing outlawing
http://www4.wiwiss.fu-berlin.de/bizer/bsbm/v01/instances/dataFromProducer3/Product5131;http://www4.wiwiss.fu-berlin.de/bizer/bsbm/v01/vocabulary/productFeature;http://www4.wiwiss.fu-berlin.de/bizer/bsbm/v01/instances/ProductFeature3800
http://www4.wiwiss.fu-berlin.de/bizer/bsbm/v01/instances/dataFromProducer3/Product5131;http://www4.wiwiss.fu-berlin.de/bizer/bsbm/v01/vocabulary/productFeature;http://www4.wiwiss.fu-berlin.de/bizer/bsbm/v01/instances/ProductFeature3811
http://www4.wiwiss.fu-berlin.de/bizer/bsbm/v01/instances/dataFromProducer3/Product5131;http://www4.wiwiss.fu-berlin.de/bizer/bsbm/v01/vocabulary/productFeature;http://www4.wiwiss.fu-berlin.de/bizer/bsbm/v01/instances/ProductFeature3819
http://www4.wiwiss.fu-berlin.de/bizer/bsbm/v01/instances/dataFromProducer3/Product5131;http://www4.wiwiss.fu-berlin.de/bizer/bsbm/v01/vocabulary/productFeature;http://www4.wiwiss.fu-berlin.de/bizer/bsbm/v01/instances/ProductFeature3821
http://www4.wiwiss.fu-berlin.de/bizer/bsbm/v01/instances/dataFromProducer3/Product5131;http://www4.wiwiss.fu-berlin.de/bizer/bsbm/v01/vocabulary/productFeature;http://www4.wiwiss.fu-berlin.de/bizer/bsbm/v01/instances/ProductFeature3822
http://www4.wiwiss.fu-berlin.de/bizer/bsbm/v01/instances/dataFromProducer3/Product5131;http://www4.wiwiss.fu-berlin.de/bizer/bsbm/v01/vocabulary/productFeature;http://www4.wiwiss.fu-berlin.de/bizer/bsbm/v01/instances/ProductFeature3835
http://www4.wiwiss.fu-berlin.de/bizer/bsbm/v01/instances/dataFromProducer3/Product5131;http://www4.wiwiss.fu-berlin.de/bizer/bsbm/v01/vocabulary/productFeature;http://www4.wiwiss.fu-berlin.de/bizer/bsbm/v01/instances/ProductFeature574
http://www4.wiwiss.fu-berlin.de/bizer/bsbm/v01/instances/dataFromProducer3/Product5131;http://www4.wiwiss.fu-berlin.de/bizer/bsbm/v01/vocabulary/productFeature;http://www4.wiwiss.fu-berlin.de/bizer/bsbm/v01/instances/ProductFeature585
http://www4.wiwiss.fu-berlin.de/bizer/bsbm/v01/instances/dataFromProducer3/Product5131;http://www4.wiwiss.fu-berlin.de/bizer/bsbm/v01/vocabulary/productFeature;http://www4.wiwiss.fu-berlin.de/bizer/bsbm/v01/instances/ProductFeature590
http://www4.wiwiss.fu-berlin.de/bizer/bsbm/v01/instances/dataFromProducer3/Product5131;http://www4.wiwiss.fu-berlin.de/bizer/bsbm/v01/vocabulary/productFeature;http://www4.wiwiss.fu-berlin.de/bizer/bsbm/v01/instances/ProductFeature592
http://www4.wiwiss.fu-berlin.de/bizer/bsbm/v01/instances/dataFromProducer3/Product5131;http://www4.wiwiss.fu-berlin.de/bizer/bsbm/v01/vocabulary/productFeature;http://www4.wiwiss.fu-berlin.de/bizer/bsbm/v01/instances/ProductFeature593
http://www4.wiwiss.fu-berlin.de/bizer/bsbm/v01/instances/dataFromProducer3/Product5131;http://www4.wiwiss.fu-berlin.de/bizer/bsbm/v01/vocabulary/productFeature;http://www4.wiwiss.fu-berlin.de/bizer/bsbm/v01/instances/ProductFeature594
http://www4.wiwiss.fu-berlin.de/bizer/bsbm/v01/instances/dataFromProducer3/Product5131;http://www4.wiwiss.fu-berlin.de/bizer/bsbm/v01/vocabulary/productFeature;http://www4.wiwiss.fu-berlin.de/bizer/bsbm/v01/instances/ProductFeature601
http://www4.wiwiss.fu-berlin.de/bizer/bsbm/v01/instances/dataFromProducer3/Product5131;http://www4.wiwiss.fu-berlin.de/bizer/bsbm/v01/vocabulary/productFeature;http://www4.wiwiss.fu-berlin.de/bizer/bsbm/v01/instances/ProductFeature602
http://www4.wiwiss.fu-berlin.de/bizer/bsbm/v01/instances/dataFromProducer3/Product5131;http://www4.wiwiss.fu-berlin.de/bizer/bsbm/v01/vocabulary/productFeature;http://www4.wiwiss.fu-berlin.de/bizer/bsbm/v01/instances/ProductFeature24
http://www4.wiwiss.fu-berlin.de/bizer/bsbm/v01/instances/dataFromProducer3/Product5131;http://www4.wiwiss.fu-berlin.de/bizer/bsbm/v01/vocabulary/productFeature;http://www4.wiwiss.fu-berlin.de/bizer/bsbm/v01/instances/ProductFeature27
http://www4.wiwiss.fu-berlin.de/bizer/bsbm/v01/instances/dataFromProducer3/Product5131;http://www4.wiwiss.fu-berlin.de/bizer/bsbm/v01/vocabulary/productFeature;http://www4.wiwiss.fu-berlin.de/bizer/bsbm/v01/instances/ProductFeature31
http://www4.wiwiss.fu-berlin.de/bizer/bsbm/v01/instances/dataFromProducer3/Product5131;http://www4.wiwiss.fu-berlin.de/bizer/bsbm/v01/vocabulary/producer;http://www4.wiwiss.fu-berlin.de/bizer/bsbm/v01/instances/dataFromProducer40/Producer40
http://www4.wiwiss.fu-berlin.de/bizer/bsbm/v01/instances/dataFromProducer3/Product5131;http://purl.org/dc/elements/1.1/publisher;http://www4.wiwiss.fu-berlin.de/bizer/bsbm/v01/instances/dataFromProducer40/Producer40
http://www4.wiwiss.fu-berlin.de/bizer/bsbm/v01/instances/dataFromProducer3/Product5131;http://purl.org/dc/elements/1.1/date;2001-01-08
http://www4.wiwiss.fu-berlin.de/bizer/bsbm/v01/instances/dataFromProducer90/Product9298;http://www.w3.org/1999/02/22-rdf-syntax-ns#type;http://www4.wiwiss.fu-berlin.de/bizer/bsbm/v01/vocabulary/Product
http://www4.wiwiss.fu-berlin.de/bizer/bsbm/v01/instances/dataFromProducer90/Product9298;http://www.w3.org/1999/02/22-rdf-syntax-ns#type;http://www4.wiwiss.fu-berlin.de/bizer/bsbm/v01/instances/ProductType122
http://www4.wiwiss.fu-berlin.de/bizer/bsbm/v01/instances/dataFromProducer90/Product9298;http://www.w3.org/2000/01/rdf-schema#label;pinchers lousing
http://www4.wiwiss.fu-berlin.de/bizer/bsbm/v01/instances/dataFromProducer90/Product9298;http://www.w3.org/2000/01/rdf-schema#comment;heirlooms operating myope reechoing benumbs teacups peninsular jealousness wharfingers rondeaux intertwines germy yanking wides philologist gasiform shoers shorn womenfolk scone predigests spermatic aneurism varlet actuary curdy accommodates uncommoner exiting cheesiness leprechauns analysts unpredictable shamus shares handpick syllabubs investments travellers wedded fluking zizzles limitative nihilisms deports gloms defrocks sandblasted wrackful hospitium manillas blessedly scarcest incompleteness scuffles prettifying totalitarians pibroch anthropoid osteopathies budgeters zoomorphs surfacer instants familiarizations unwisely libidinized rinsers silkscreening sleave landform geoducks birder shashlik fertilize lurked girthed reawaken clambered drogues hopsacking deputized cheaps reenters cham uncircumcised hibernal ducky destroyed causable kneads recurs cantrips stormed rattly parching migrator gamily finalism ceramists substitutive pleadable centralism entities sequenced
http://www4.wiwiss.fu-berlin.de/bizer/bsbm/v01/instances/dataFromProducer90/Product9298;http://www4.wiwiss.fu-berlin.de/bizer/bsbm/v01/vocabulary/productPropertyNumeric1;559
http://www4.wiwiss.fu-berlin.de/bizer/bsbm/v01/instances/dataFromProducer90/Product9298;http://www4.wiwiss.fu-berlin.de/bizer/bsbm/v01/vocabulary/productPropertyNumeric2;830
http://www4.wiwiss.fu-berlin.de/bizer/bsbm/v01/instances/dataFromProducer90/Product9298;http://www4.wiwiss.fu-berlin.de/bizer/bsbm/v01/vocabulary/productPropertyNumeric3;254
http://www4.wiwiss.fu-berlin.de/bizer/bsbm/v01/instances/dataFromProducer90/Product9298;http://www4.wiwiss.fu-berlin.de/bizer/bsbm/v01/vocabulary/productPropertyNumeric4;515
http://www4.wiwiss.fu-berlin.de/bizer/bsbm/v01/instances/dataFromProducer90/Product9298;http://www4.wiwiss.fu-berlin.de/bizer/bsbm/v01/vocabulary/productPropertyNumeric5;16
http://www4.wiwiss.fu-berlin.de/bizer/bsbm/v01/instances/dataFromProducer90/Product9298;http://www4.wiwiss.fu-berlin.de/bizer/bsbm/v01/vocabulary/productPropertyTextual1;truantry dimwits travellable
http://www4.wiwiss.fu-berlin.de/bizer/bsbm/v01/instances/dataFromProducer90/Product9298;http://www4.wiwiss.fu-berlin.de/bizer/bsbm/v01/vocabulary/productPropertyTextual2;nonseasonal taxiways currentness phaser unpenetrated libelant mongeese sunward wolver bombloads dogie amatively perplexed swindler misdid
http://www4.wiwiss.fu-berlin.de/bizer/bsbm/v01/instances/dataFromProducer90/Product9298;http://www4.wiwiss.fu-berlin.de/bizer/bsbm/v01/vocabulary/productPropertyTextual3;reproducer biparted vicing catnapers practicing
http://www4.wiwiss.fu-berlin.de/bizer/bsbm/v01/instances/dataFromProducer90/Product9298;http://www4.wiwiss.fu-berlin.de/bizer/bsbm/v01/vocabulary/productPropertyTextual4;virulently southeasters burgomaster countertenors
http://www4.wiwiss.fu-berlin.de/bizer/bsbm/v01/instances/dataFromProducer90/Product9298;http://www4.wiwiss.fu-berlin.de/bizer/bsbm/v01/vocabulary/productPropertyTextual5;eviller squushing outlawing
http://www4.wiwiss.fu-berlin.de/bizer/bsbm/v01/instances/dataFromProducer90/Product9298;http://www4.wiwiss.fu-berlin.de/bizer/bsbm/v01/vocabulary/productFeature;http://www4.wiwiss.fu-berlin.de/bizer/bsbm/v01/instances/ProductFeature3800
http://www4.wiwiss.fu-berlin.de/bizer/bsbm/v01/instances/dataFromProducer90/Product9298;http://www4.wiwiss.fu-berlin.de/bizer/bsbm/v01/vocabulary/productFeature;http://www4.wiwiss.fu-berlin.de/bizer/bsbm/v01/instances/ProductFeature3811
http://www4.wiwiss.fu-berlin.de/bizer/bsbm/v01/instances/dataFromProducer90/Product9298;http://www4.wiwiss.fu-berlin.de/bizer/bsbm/v01/vocabulary/productFeature;http://www4.wiwiss.fu-berlin.de/bizer/bsbm/v01/instances/ProductFeature3819
http://www4.wiwiss.fu-berlin.de/bizer/bsbm/v01/instances/dataFromProducer90/Product9298;http://www4.wiwiss.fu-berlin.de/bizer/bsbm/v01/vocabulary/productFeature;http://www4.wiwiss.fu-berlin.de/bizer/bsbm/v01/instances/ProductFeature3821
http://www4.wiwiss.fu-berlin.de/bizer/bsbm/v01/instances/dataFromProducer90/Product9298;http://www4.wiwiss.fu-berlin.de/bizer/bsbm/v01/vocabulary/productFeature;http://www4.wiwiss.fu-berlin.de/bizer/bsbm/v01/instances/ProductFeature3822
http://www4.wiwiss.fu-berlin.de/bizer/bsbm/v01/instances/dataFromProducer90/Product9298;http://www4.wiwiss.fu-berlin.de/bizer/bsbm/v01/vocabulary/productFeature;http://www4.wiwiss.fu-berlin.de/bizer/bsbm/v01/instances/ProductFeature3835
http://www4.wiwiss.fu-berlin.de/bizer/bsbm/v01/instances/dataFromProducer90/Product9298;http://www4.wiwiss.fu-berlin.de/bizer/bsbm/v01/vocabulary/productFeature;http://www4.wiwiss.fu-berlin.de/bizer/bsbm/v01/instances/ProductFeature574
http://www4.wiwiss.fu-berlin.de/bizer/bsbm/v01/instances/dataFromProducer90/Product9298;http://www4.wiwiss.fu-berlin.de/bizer/bsbm/v01/vocabulary/productFeature;http://www4.wiwiss.fu-berlin.de/bizer/bsbm/v01/instances/ProductFeature585
http://www4.wiwiss.fu-berlin.de/bizer/bsbm/v01/instances/dataFromProducer90/Product9298;http://www4.wiwiss.fu-berlin.de/bizer/bsbm/v01/vocabulary/productFeature;http://www4.wiwiss.fu-berlin.de/bizer/bsbm/v01/instances/ProductFeature590
http://www4.wiwiss.fu-berlin.de/bizer/bsbm/v01/instances/dataFromProducer90/Product9298;http://www4.wiwiss.fu-berlin.de/bizer/bsbm/v01/vocabulary/productFeature;http://www4.wiwiss.fu-berlin.de/bizer/bsbm/v01/instances/ProductFeature592
http://www4.wiwiss.fu-berlin.de/bizer/bsbm/v01/instances/dataFromProducer90/Product9298;http://www4.wiwiss.fu-berlin.de/bizer/bsbm/v01/vocabulary/productFeature;http://www4.wiwiss.fu-berlin.de/bizer/bsbm/v01/instances/ProductFeature593
http://www4.wiwiss.fu-berlin.de/bizer/bsbm/v01/instances/dataFromProducer90/Product9298;http://www4.wiwiss.fu-berlin.de/bizer/bsbm/v01/vocabulary/productFeature;http://www4.wiwiss.fu-berlin.de/bizer/bsbm/v01/instances/ProductFeature594
http://www4.wiwiss.fu-berlin.de/bizer/bsbm/v01/instances/dataFromProducer90/Product9298;http://www4.wiwiss.fu-berlin.de/bizer/bsbm/v01/vocabulary/productFeature;http://www4.wiwiss.fu-berlin.de/bizer/bsbm/v01/instances/ProductFeature601
http://www4.wiwiss.fu-berlin.de/bizer/bsbm/v01/instances/dataFromProducer90/Product9298;http://www4.wiwiss.fu-berlin.de/bizer/bsbm/v01/vocabulary/productFeature;http://www4.wiwiss.fu-berlin.de/bizer/bsbm/v01/instances/ProductFeature602
http://www4.wiwiss.fu-berlin.de/bizer/bsbm/v01/instances/dataFromProducer90/Product9298;http://www4.wiwiss.fu-berlin.de/bizer/bsbm/v01/vocabulary/productFeature;http://www4.wiwiss.fu-berlin.de/bizer/bsbm/v01/instances/ProductFeature24
http://www4.wiwiss.fu-berlin.de/bizer/bsbm/v01/instances/dataFromProducer90/Product9298;http://www4.wiwiss.fu-berlin.de/bizer/bsbm/v01/vocabulary/productFeature;http://www4.wiwiss.fu-berlin.de/bizer/bsbm/v01/instances/ProductFeature27
http://www4.wiwiss.fu-berlin.de/bizer/bsbm/v01/instances/dataFromProducer90/Product9298;http://www4.wiwiss.fu-berlin.de/bizer/bsbm/v01/vocabulary/productFeature;http://www4.wiwiss.fu-berlin.de/bizer/bsbm/v01/instances/ProductFeature31
http://www4.wiwiss.fu-berlin.de/bizer/bsbm/v01/instances/dataFromProducer90/Product9298;http://www4.wiwiss.fu-berlin.de/bizer/bsbm/v01/vocabulary/producer;http://www4.wiwiss.fu-berlin.de/bizer/bsbm/v01/instances/dataFromProducer40/Producer40
http://www4.wiwiss.fu-berlin.de/bizer/bsbm/v01/instances/dataFromProducer90/Product9298;http://purl.org/dc/elements/1.1/publisher;http://www4.wiwiss.fu-berlin.de/bizer/bsbm/v01/instances/dataFromProducer40/Producer40
http://www4.wiwiss.fu-berlin.de/bizer/bsbm/v01/instances/dataFromProducer90/Product9298;http://purl.org/dc/elements/1.1/date;2001-01-08
http://www4.wiwiss.fu-berlin.de/bizer/bsbm/v01/instances/dataFromProducer40/Product6834;http://www.w3.org/1999/02/22-rdf-syntax-ns#type;http://www4.wiwiss.fu-berlin.de/bizer/bsbm/v01/vocabulary/Product
http://www4.wiwiss.fu-berlin.de/bizer/bsbm/v01/instances/dataFromProducer40/Product6834;http://www.w3.org/1999/02/22-rdf-syntax-ns#type;http://www4.wiwiss.fu-berlin.de/bizer/bsbm/v01/instances/ProductType122
http://www4.wiwiss.fu-berlin.de/bizer/bsbm/v01/instances/dataFromProducer40/Product6834;http://www.w3.org/2000/01/rdf-schema#label;pinchers lousing
http://www4.wiwiss.fu-berlin.de/bizer/bsbm/v01/instances/dataFromProducer40/Product6834;http://www.w3.org/2000/01/rdf-schema#comment;heirlooms operating myope reechoing benumbs teacups peninsular jealousness wharfingers rondeaux intertwines germy yanking wides philologist gasiform shoers shorn womenfolk scone predigests spermatic aneurism varlet actuary curdy accommodates uncommoner exiting cheesiness leprechauns analysts unpredictable shamus shares handpick syllabubs investments travellers wedded fluking zizzles limitative nihilisms deports gloms defrocks sandblasted wrackful hospitium manillas blessedly scarcest incompleteness scuffles prettifying totalitarians pibroch anthropoid osteopathies budgeters zoomorphs surfacer instants familiarizations unwisely libidinized rinsers silkscreening sleave landform geoducks birder shashlik fertilize lurked girthed reawaken clambered drogues hopsacking deputized cheaps reenters cham uncircumcised hibernal ducky destroyed causable kneads recurs cantrips stormed rattly parching migrator gamily finalism ceramists substitutive pleadable centralism entities sequenced
http://www4.wiwiss.fu-berlin.de/bizer/bsbm/v01/instances/dataFromProducer40/Product6834;http://www4.wiwiss.fu-berlin.de/bizer/bsbm/v01/vocabulary/productPropertyNumeric1;559
http://www4.wiwiss.fu-berlin.de/bizer/bsbm/v01/instances/dataFromProducer40/Product6834;http://www4.wiwiss.fu-berlin.de/bizer/bsbm/v01/vocabulary/productPropertyNumeric2;830
http://www4.wiwiss.fu-berlin.de/bizer/bsbm/v01/instances/dataFromProducer40/Product6834;http://www4.wiwiss.fu-berlin.de/bizer/bsbm/v01/vocabulary/productPropertyNumeric3;254
http://www4.wiwiss.fu-berlin.de/bizer/bsbm/v01/instances/dataFromProducer40/Product6834;http://www4.wiwiss.fu-berlin.de/bizer/bsbm/v01/vocabulary/productPropertyNumeric4;515
http://www4.wiwiss.fu-berlin.de/bizer/bsbm/v01/instances/dataFromProducer40/Product6834;http://www4.wiwiss.fu-berlin.de/bizer/bsbm/v01/vocabulary/productPropertyNumeric5;16
http://www4.wiwiss.fu-berlin.de/bizer/bsbm/v01/instances/dataFromProducer40/Product6834;http://www4.wiwiss.fu-berlin.de/bizer/bsbm/v01/vocabulary/productPropertyTextual1;truantry dimwits travellable
http://www4.wiwiss.fu-berlin.de/bizer/bsbm/v01/instances/dataFromProducer40/Product6834;http://www4.wiwiss.fu-berlin.de/bizer/bsbm/v01/vocabulary/productPropertyTextual2;nonseasonal taxiways currentness phaser unpenetrated libelant mongeese sunward wolver bombloads dogie amatively perplexed swindler misdid
http://www4.wiwiss.fu-berlin.de/bizer/bsbm/v01/instances/dataFromProducer40/Product6834;http://www4.wiwiss.fu-berlin.de/bizer/bsbm/v01/vocabulary/productPropertyTextual3;reproducer biparted vicing catnapers practicing
http://www4.wiwiss.fu-berlin.de/bizer/bsbm/v01/instances/dataFromProducer40/Product6834;http://www4.wiwiss.fu-berlin.de/bizer/bsbm/v01/vocabulary/productPropertyTextual4;virulently southeasters burgomaster countertenors
http://www4.wiwiss.fu-berlin.de/bizer/bsbm/v01/instances/dataFromProducer40/Product6834;http://www4.wiwiss.fu-berlin.de/bizer/bsbm/v01/vocabulary/productPropertyTextual5;eviller squushing outlawing
http://www4.wiwiss.fu-berlin.de/bizer/bsbm/v01/instances/dataFromProducer40/Product6834;http://www4.wiwiss.fu-berlin.de/bizer/bsbm/v01/vocabulary/productFeature;http://www4.wiwiss.fu-berlin.de/bizer/bsbm/v01/instances/ProductFeature3800
http://www4.wiwiss.fu-berlin.de/bizer/bsbm/v01/instances/dataFromProducer40/Product6834;http://www4.wiwiss.fu-berlin.de/bizer/bsbm/v01/vocabulary/productFeature;http://www4.wiwiss.fu-berlin.de/bizer/bsbm/v01/instances/ProductFeature3811
http://www4.wiwiss.fu-berlin.de/bizer/bsbm/v01/instances/dataFromProducer40/Product6834;http://www4.wiwiss.fu-berlin.de/bizer/bsbm/v01/vocabulary/productFeature;http://www4.wiwiss.fu-berlin.de/bizer/bsbm/v01/instances/ProductFeature3819
http://www4.wiwiss.fu-berlin.de/bizer/bsbm/v01/instances/dataFromProducer40/Product6834;http://www4.wiwiss.fu-berlin.de/bizer/bsbm/v01/vocabulary/productFeature;http://www4.wiwiss.fu-berlin.de/bizer/bsbm/v01/instances/ProductFeature3821
http://www4.wiwiss.fu-berlin.de/bizer/bsbm/v01/instances/dataFromProducer40/Product6834;http://www4.wiwiss.fu-berlin.de/bizer/bsbm/v01/vocabulary/productFeature;http://www4.wiwiss.fu-berlin.de/bizer/bsbm/v01/instances/ProductFeature3822
http://www4.wiwiss.fu-berlin.de/bizer/bsbm/v01/instances/dataFromProducer40/Product6834;http://www4.wiwiss.fu-berlin.de/bizer/bsbm/v01/vocabulary/productFeature;http://www4.wiwiss.fu-berlin.de/bizer/bsbm/v01/instances/ProductFeature3835
http://www4.wiwiss.fu-berlin.de/bizer/bsbm/v01/instances/dataFromProducer40/Product6834;http://www4.wiwiss.fu-berlin.de/bizer/bsbm/v01/vocabulary/productFeature;http://www4.wiwiss.fu-berlin.de/bizer/bsbm/v01/instances/ProductFeature574
http://www4.wiwiss.fu-berlin.de/bizer/bsbm/v01/instances/dataFromProducer40/Product6834;http://www4.wiwiss.fu-berlin.de/bizer/bsbm/v01/vocabulary/productFeature;http://www4.wiwiss.fu-berlin.de/bizer/bsbm/v01/instances/ProductFeature585
http://www4.wiwiss.fu-berlin.de/bizer/bsbm/v01/instances/dataFromProducer40/Product6834;http://www4.wiwiss.fu-berlin.de/bizer/bsbm/v01/vocabulary/productFeature;http://www4.wiwiss.fu-berlin.de/bizer/bsbm/v01/instances/ProductFeature590
http://www4.wiwiss.fu-berlin.de/bizer/bsbm/v01/instances/dataFromProducer40/Product6834;http://www4.wiwiss.fu-berlin.de/bizer/bsbm/v01/vocabulary/productFeature;http://www4.wiwiss.fu-berlin.de/bizer/bsbm/v01/instances/ProductFeature592
http://www4.wiwiss.fu-berlin.de/bizer/bsbm/v01/instances/dataFromProducer40/Product6834;http://www4.wiwiss.fu-berlin.de/bizer/bsbm/v01/vocabulary/productFeature;http://www4.wiwiss.fu-berlin.de/bizer/bsbm/v01/instances/ProductFeature593
http://www4.wiwiss.fu-berlin.de/bizer/bsbm/v01/instances/dataFromProducer40/Product6834;http://www4.wiwiss.fu-berlin.de/bizer/bsbm/v01/vocabulary/productFeature;http://www4.wiwiss.fu-berlin.de/bizer/bsbm/v01/instances/ProductFeature594
http://www4.wiwiss.fu-berlin.de/bizer/bsbm/v01/instances/dataFromProducer40/Product6834;http://www4.wiwiss.fu-berlin.de/bizer/bsbm/v01/vocabulary/productFeature;http://www4.wiwiss.fu-berlin.de/bizer/bsbm/v01/instances/ProductFeature601
http://www4.wiwiss.fu-berlin.de/bizer/bsbm/v01/instances/dataFromProducer40/Product6834;http://www4.wiwiss.fu-berlin.de/bizer/bsbm/v01/vocabulary/productFeature;http://www4.wiwiss.fu-berlin.de/bizer/bsbm/v01/instances/ProductFeature602
http://www4.wiwiss.fu-berlin.de/bizer/bsbm/v01/instances/dataFromProducer40/Product6834;http://www4.wiwiss.fu-berlin.de/bizer/bsbm/v01/vocabulary/productFeature;http://www4.wiwiss.fu-berlin.de/bizer/bsbm/v01/instances/ProductFeature24
http://www4.wiwiss.fu-berlin.de/bizer/bsbm/v01/instances/dataFromProducer40/Product6834;http://www4.wiwiss.fu-berlin.de/bizer/bsbm/v01/vocabulary/productFeature;http://www4.wiwiss.fu-berlin.de/bizer/bsbm/v01/instances/ProductFeature27
http://www4.wiwiss.fu-berlin.de/bizer/bsbm/v01/instances/dataFromProducer40/Product6834;http://www4.wiwiss.fu-berlin.de/bizer/bsbm/v01/vocabulary/productFeature;http://www4.wiwiss.fu-berlin.de/bizer/bsbm/v01/instances/ProductFeature31
http://www4.wiwiss.fu-berlin.de/bizer/bsbm/v01/instances/dataFromProducer40/Product6834;http://www4.wiwiss.fu-berlin.de/bizer/bsbm/v01/vocabulary/producer;http://www4.wiwiss.fu-berlin.de/bizer/bsbm/v01/instances/dataFromProducer40/Producer40
http://www4.wiwiss.fu-berlin.de/bizer/bsbm/v01/instances/dataFromProducer40/Product6834;http://purl.org/dc/elements/1.1/publisher;http://www4.wiwiss.fu-berlin.de/bizer/bsbm/v01/instances/dataFromProducer40/Producer40
http://www4.wiwiss.fu-berlin.de/bizer/bsbm/v01/instances/dataFromProducer40/Product6834;http://purl.org/dc/elements/1.1/date;2001-01-08
http://www4.wiwiss.fu-berlin.de/bizer/bsbm/v01/instances/dataFromProducer4/Product5153;http://www.w3.org/1999/02/22-rdf-syntax-ns#type;http://www4.wiwiss.fu-berlin.de/bizer/bsbm/v01/vocabulary/Product
http://www4.wiwiss.fu-berlin.de/bizer/bsbm/v01/instances/dataFromProducer4/Product5153;http://www.w3.org/1999/02/22-rdf-syntax-ns#type;http://www4.wiwiss.fu-berlin.de/bizer/bsbm/v01/instances/ProductType122
http://www4.wiwiss.fu-berlin.de/bizer/bsbm/v01/instances/dataFromProducer4/Product5153;http://www.w3.org/2000/01/rdf-schema#label;pinchers lousing
http://www4.wiwiss.fu-berlin.de/bizer/bsbm/v01/instances/dataFromProducer4/Product5153;http://www.w3.org/2000/01/rdf-schema#comment;heirlooms operating myope reechoing benumbs teacups peninsular jealousness wharfingers rondeaux intertwines germy yanking wides philologist gasiform shoers shorn womenfolk scone predigests spermatic aneurism varlet actuary curdy accommodates uncommoner exiting cheesiness leprechauns analysts unpredictable shamus shares handpick syllabubs investments travellers wedded fluking zizzles limitative nihilisms deports gloms defrocks sandblasted wrackful hospitium manillas blessedly scarcest incompleteness scuffles prettifying totalitarians pibroch anthropoid osteopathies budgeters zoomorphs surfacer instants familiarizations unwisely libidinized rinsers silkscreening sleave landform geoducks birder shashlik fertilize lurked girthed reawaken clambered drogues hopsacking deputized cheaps reenters cham uncircumcised hibernal ducky destroyed causable kneads recurs cantrips stormed rattly parching migrator gamily finalism ceramists substitutive pleadable centralism entities sequenced
http://www4.wiwiss.fu-berlin.de/bizer/bsbm/v01/instances/dataFromProducer4/Product5153;http://www4.wiwiss.fu-berlin.de/bizer/bsbm/v01/vocabulary/productPropertyNumeric1;559
http://www4.wiwiss.fu-berlin.de/bizer/bsbm/v01/instances/dataFromProducer4/Product5153;http://www4.wiwiss.fu-berlin.de/bizer/bsbm/v01/vocabulary/productPropertyNumeric2;830
http://www4.wiwiss.fu-berlin.de/bizer/bsbm/v01/instances/dataFromProducer4/Product5153;http://www4.wiwiss.fu-berlin.de/bizer/bsbm/v01/vocabulary/productPropertyNumeric3;254
http://www4.wiwiss.fu-berlin.de/bizer/bsbm/v01/instances/dataFromProducer4/Product5153;http://www4.wiwiss.fu-berlin.de/bizer/bsbm/v01/vocabulary/productPropertyNumeric4;515
http://www4.wiwiss.fu-berlin.de/bizer/bsbm/v01/instances/dataFromProducer4/Product5153;http://www4.wiwiss.fu-berlin.de/bizer/bsbm/v01/vocabulary/productPropertyNumeric5;16
http://www4.wiwiss.fu-berlin.de/bizer/bsbm/v01/instances/dataFromProducer4/Product5153;http://www4.wiwiss.fu-berlin.de/bizer/bsbm/v01/vocabulary/productPropertyTextual1;truantry dimwits travellable
http://www4.wiwiss.fu-berlin.de/bizer/bsbm/v01/instances/dataFromProducer4/Product5153;http://www4.wiwiss.fu-berlin.de/bizer/bsbm/v01/vocabulary/productPropertyTextual2;nonseasonal taxiways currentness phaser unpenetrated libelant mongeese sunward wolver bombloads dogie amatively perplexed swindler misdid
http://www4.wiwiss.fu-berlin.de/bizer/bsbm/v01/instances/dataFromProducer4/Product5153;http://www4.wiwiss.fu-berlin.de/bizer/bsbm/v01/vocabulary/productPropertyTextual3;reproducer biparted vicing catnapers practicing
http://www4.wiwiss.fu-berlin.de/bizer/bsbm/v01/instances/dataFromProducer4/Product5153;http://www4.wiwiss.fu-berlin.de/bizer/bsbm/v01/vocabulary/productPropertyTextual4;virulently southeasters burgomaster countertenors
http://www4.wiwiss.fu-berlin.de/bizer/bsbm/v01/instances/dataFromProducer4/Product5153;http://www4.wiwiss.fu-berlin.de/bizer/bsbm/v01/vocabulary/productPropertyTextual5;eviller squushing outlawing
http://www4.wiwiss.fu-berlin.de/bizer/bsbm/v01/instances/dataFromProducer4/Product5153;http://www4.wiwiss.fu-berlin.de/bizer/bsbm/v01/vocabulary/productFeature;http://www4.wiwiss.fu-berlin.de/bizer/bsbm/v01/instances/ProductFeature3800
http://www4.wiwiss.fu-berlin.de/bizer/bsbm/v01/instances/dataFromProducer4/Product5153;http://www4.wiwiss.fu-berlin.de/bizer/bsbm/v01/vocabulary/productFeature;http://www4.wiwiss.fu-berlin.de/bizer/bsbm/v01/instances/ProductFeature3811
http://www4.wiwiss.fu-berlin.de/bizer/bsbm/v01/instances/dataFromProducer4/Product5153;http://www4.wiwiss.fu-berlin.de/bizer/bsbm/v01/vocabulary/productFeature;http://www4.wiwiss.fu-berlin.de/bizer/bsbm/v01/instances/ProductFeature3819
http://www4.wiwiss.fu-berlin.de/bizer/bsbm/v01/instances/dataFromProducer4/Product5153;http://www4.wiwiss.fu-berlin.de/bizer/bsbm/v01/vocabulary/productFeature;http://www4.wiwiss.fu-berlin.de/bizer/bsbm/v01/instances/ProductFeature3821
http://www4.wiwiss.fu-berlin.de/bizer/bsbm/v01/instances/dataFromProducer4/Product5153;http://www4.wiwiss.fu-berlin.de/bizer/bsbm/v01/vocabulary/productFeature;http://www4.wiwiss.fu-berlin.de/bizer/bsbm/v01/instances/ProductFeature3822
http://www4.wiwiss.fu-berlin.de/bizer/bsbm/v01/instances/dataFromProducer4/Product5153;http://www4.wiwiss.fu-berlin.de/bizer/bsbm/v01/vocabulary/productFeature;http://www4.wiwiss.fu-berlin.de/bizer/bsbm/v01/instances/ProductFeature3835
http://www4.wiwiss.fu-berlin.de/bizer/bsbm/v01/instances/dataFromProducer4/Product5153;http://www4.wiwiss.fu-berlin.de/bizer/bsbm/v01/vocabulary/productFeature;http://www4.wiwiss.fu-berlin.de/bizer/bsbm/v01/instances/ProductFeature574
http://www4.wiwiss.fu-berlin.de/bizer/bsbm/v01/instances/dataFromProducer4/Product5153;http://www4.wiwiss.fu-berlin.de/bizer/bsbm/v01/vocabulary/productFeature;http://www4.wiwiss.fu-berlin.de/bizer/bsbm/v01/instances/ProductFeature585
http://www4.wiwiss.fu-berlin.de/bizer/bsbm/v01/instances/dataFromProducer4/Product5153;http://www4.wiwiss.fu-berlin.de/bizer/bsbm/v01/vocabulary/productFeature;http://www4.wiwiss.fu-berlin.de/bizer/bsbm/v01/instances/ProductFeature590
http://www4.wiwiss.fu-berlin.de/bizer/bsbm/v01/instances/dataFromProducer4/Product5153;http://www4.wiwiss.fu-berlin.de/bizer/bsbm/v01/vocabulary/productFeature;http://www4.wiwiss.fu-berlin.de/bizer/bsbm/v01/instances/ProductFeature592
http://www4.wiwiss.fu-berlin.de/bizer/bsbm/v01/instances/dataFromProducer4/Product5153;http://www4.wiwiss.fu-berlin.de/bizer/bsbm/v01/vocabulary/productFeature;http://www4.wiwiss.fu-berlin.de/bizer/bsbm/v01/instances/ProductFeature593
http://www4.wiwiss.fu-berlin.de/bizer/bsbm/v01/instances/dataFromProducer4/Product5153;http://www4.wiwiss.fu-berlin.de/bizer/bsbm/v01/vocabulary/productFeature;http://www4.wiwiss.fu-berlin.de/bizer/bsbm/v01/instances/ProductFeature594
http://www4.wiwiss.fu-berlin.de/bizer/bsbm/v01/instances/dataFromProducer4/Product5153;http://www4.wiwiss.fu-berlin.de/bizer/bsbm/v01/vocabulary/productFeature;http://www4.wiwiss.fu-berlin.de/bizer/bsbm/v01/instances/ProductFeature601
http://www4.wiwiss.fu-berlin.de/bizer/bsbm/v01/instances/dataFromProducer4/Product5153;http://www4.wiwiss.fu-berlin.de/bizer/bsbm/v01/vocabulary/productFeature;http://www4.wiwiss.fu-berlin.de/bizer/bsbm/v01/instances/ProductFeature602
http://www4.wiwiss.fu-berlin.de/bizer/bsbm/v01/instances/dataFromProducer4/Product5153;http://www4.wiwiss.fu-berlin.de/bizer/bsbm/v01/vocabulary/productFeature;http://www4.wiwiss.fu-berlin.de/bizer/bsbm/v01/instances/ProductFeature24
http://www4.wiwiss.fu-berlin.de/bizer/bsbm/v01/instances/dataFromProducer4/Product5153;http://www4.wiwiss.fu-berlin.de/bizer/bsbm/v01/vocabulary/productFeature;http://www4.wiwiss.fu-berlin.de/bizer/bsbm/v01/instances/ProductFeature27
http://www4.wiwiss.fu-berlin.de/bizer/bsbm/v01/instances/dataFromProducer4/Product5153;http://www4.wiwiss.fu-berlin.de/bizer/bsbm/v01/vocabulary/productFeature;http://www4.wiwiss.fu-berlin.de/bizer/bsbm/v01/instances/ProductFeature31
http://www4.wiwiss.fu-berlin.de/bizer/bsbm/v01/instances/dataFromProducer4/Product5153;http://www4.wiwiss.fu-berlin.de/bizer/bsbm/v01/vocabulary/producer;http://www4.wiwiss.fu-berlin.de/bizer/bsbm/v01/instances/dataFromProducer40/Producer40
http://www4.wiwiss.fu-berlin.de/bizer/bsbm/v01/instances/dataFromProducer4/Product5153;http://purl.org/dc/elements/1.1/publisher;http://www4.wiwiss.fu-berlin.de/bizer/bsbm/v01/instances/dataFromProducer40/Producer40
http://www4.wiwiss.fu-berlin.de/bizer/bsbm/v01/instances/dataFromProducer4/Product5153;http://purl.org/dc/elements/1.1/date;2001-01-08
http://www4.wiwiss.fu-berlin.de/bizer/bsbm/v01/instances/dataFromProducer84/Product8987;http://www.w3.org/1999/02/22-rdf-syntax-ns#type;http://www4.wiwiss.fu-berlin.de/bizer/bsbm/v01/vocabulary/Product
http://www4.wiwiss.fu-berlin.de/bizer/bsbm/v01/instances/dataFromProducer84/Product8987;http://www.w3.org/1999/02/22-rdf-syntax-ns#type;http://www4.wiwiss.fu-berlin.de/bizer/bsbm/v01/instances/ProductType122
http://www4.wiwiss.fu-berlin.de/bizer/bsbm/v01/instances/dataFromProducer84/Product8987;http://www.w3.org/2000/01/rdf-schema#label;pinchers lousing
http://www4.wiwiss.fu-berlin.de/bizer/bsbm/v01/instances/dataFromProducer84/Product8987;http://www.w3.org/2000/01/rdf-schema#comment;heirlooms operating myope reechoing benumbs teacups peninsular jealousness wharfingers rondeaux intertwines germy yanking wides philologist gasiform shoers shorn womenfolk scone predigests spermatic aneurism varlet actuary curdy accommodates uncommoner exiting cheesiness leprechauns analysts unpredictable shamus shares handpick syllabubs investments travellers wedded fluking zizzles limitative nihilisms deports gloms defrocks sandblasted wrackful hospitium manillas blessedly scarcest incompleteness scuffles prettifying totalitarians pibroch anthropoid osteopathies budgeters zoomorphs surfacer instants familiarizations unwisely libidinized rinsers silkscreening sleave landform geoducks birder shashlik fertilize lurked girthed reawaken clambered drogues hopsacking deputized cheaps reenters cham uncircumcised hibernal ducky destroyed causable kneads recurs cantrips stormed rattly parching migrator gamily finalism ceramists substitutive pleadable centralism entities sequenced
http://www4.wiwiss.fu-berlin.de/bizer/bsbm/v01/instances/dataFromProducer84/Product8987;http://www4.wiwiss.fu-berlin.de/bizer/bsbm/v01/vocabulary/productPropertyNumeric1;559
http://www4.wiwiss.fu-berlin.de/bizer/bsbm/v01/instances/dataFromProducer84/Product8987;http://www4.wiwiss.fu-berlin.de/bizer/bsbm/v01/vocabulary/productPropertyNumeric2;830
http://www4.wiwiss.fu-berlin.de/bizer/bsbm/v01/instances/dataFromProducer84/Product8987;http://www4.wiwiss.fu-berlin.de/bizer/bsbm/v01/vocabulary/productPropertyNumeric3;254
http://www4.wiwiss.fu-berlin.de/bizer/bsbm/v01/instances/dataFromProducer84/Product8987;http://www4.wiwiss.fu-berlin.de/bizer/bsbm/v01/vocabulary/productPropertyNumeric4;515
http://www4.wiwiss.fu-berlin.de/bizer/bsbm/v01/instances/dataFromProducer84/Product8987;http://www4.wiwiss.fu-berlin.de/bizer/bsbm/v01/vocabulary/productPropertyNumeric5;16
http://www4.wiwiss.fu-berlin.de/bizer/bsbm/v01/instances/dataFromProducer84/Product8987;http://www4.wiwiss.fu-berlin.de/bizer/bsbm/v01/vocabulary/productPropertyTextual1;truantry dimwits travellable
http://www4.wiwiss.fu-berlin.de/bizer/bsbm/v01/instances/dataFromProducer84/Product8987;http://www4.wiwiss.fu-berlin.de/bizer/bsbm/v01/vocabulary/productPropertyTextual2;nonseasonal taxiways currentness phaser unpenetrated libelant mongeese sunward wolver bombloads dogie amatively perplexed swindler misdid
http://www4.wiwiss.fu-berlin.de/bizer/bsbm/v01/instances/dataFromProducer84/Product8987;http://www4.wiwiss.fu-berlin.de/bizer/bsbm/v01/vocabulary/productPropertyTextual3;reproducer biparted vicing catnapers practicing
http://www4.wiwiss.fu-berlin.de/bizer/bsbm/v01/instances/dataFromProducer84/Product8987;http://www4.wiwiss.fu-berlin.de/bizer/bsbm/v01/vocabulary/productPropertyTextual4;virulently southeasters burgomaster countertenors
http://www4.wiwiss.fu-berlin.de/bizer/bsbm/v01/instances/dataFromProducer84/Product8987;http://www4.wiwiss.fu-berlin.de/bizer/bsbm/v01/vocabulary/productPropertyTextual5;eviller squushing outlawing
http://www4.wiwiss.fu-berlin.de/bizer/bsbm/v01/instances/dataFromProducer84/Product8987;http://www4.wiwiss.fu-berlin.de/bizer/bsbm/v01/vocabulary/productFeature;http://www4.wiwiss.fu-berlin.de/bizer/bsbm/v01/instances/ProductFeature3800
http://www4.wiwiss.fu-berlin.de/bizer/bsbm/v01/instances/dataFromProducer84/Product8987;http://www4.wiwiss.fu-berlin.de/bizer/bsbm/v01/vocabulary/productFeature;http://www4.wiwiss.fu-berlin.de/bizer/bsbm/v01/instances/ProductFeature3811
http://www4.wiwiss.fu-berlin.de/bizer/bsbm/v01/instances/dataFromProducer84/Product8987;http://www4.wiwiss.fu-berlin.de/bizer/bsbm/v01/vocabulary/productFeature;http://www4.wiwiss.fu-berlin.de/bizer/bsbm/v01/instances/ProductFeature3819
http://www4.wiwiss.fu-berlin.de/bizer/bsbm/v01/instances/dataFromProducer84/Product8987;http://www4.wiwiss.fu-berlin.de/bizer/bsbm/v01/vocabulary/productFeature;http://www4.wiwiss.fu-berlin.de/bizer/bsbm/v01/instances/ProductFeature3821
http://www4.wiwiss.fu-berlin.de/bizer/bsbm/v01/instances/dataFromProducer84/Product8987;http://www4.wiwiss.fu-berlin.de/bizer/bsbm/v01/vocabulary/productFeature;http://www4.wiwiss.fu-berlin.de/bizer/bsbm/v01/instances/ProductFeature3822
http://www4.wiwiss.fu-berlin.de/bizer/bsbm/v01/instances/dataFromProducer84/Product8987;http://www4.wiwiss.fu-berlin.de/bizer/bsbm/v01/vocabulary/productFeature;http://www4.wiwiss.fu-berlin.de/bizer/bsbm/v01/instances/ProductFeature3835
http://www4.wiwiss.fu-berlin.de/bizer/bsbm/v01/instances/dataFromProducer84/Product8987;http://www4.wiwiss.fu-berlin.de/bizer/bsbm/v01/vocabulary/productFeature;http://www4.wiwiss.fu-berlin.de/bizer/bsbm/v01/instances/ProductFeature574
http://www4.wiwiss.fu-berlin.de/bizer/bsbm/v01/instances/dataFromProducer84/Product8987;http://www4.wiwiss.fu-berlin.de/bizer/bsbm/v01/vocabulary/productFeature;http://www4.wiwiss.fu-berlin.de/bizer/bsbm/v01/instances/ProductFeature585
http://www4.wiwiss.fu-berlin.de/bizer/bsbm/v01/instances/dataFromProducer84/Product8987;http://www4.wiwiss.fu-berlin.de/bizer/bsbm/v01/vocabulary/productFeature;http://www4.wiwiss.fu-berlin.de/bizer/bsbm/v01/instances/ProductFeature590
http://www4.wiwiss.fu-berlin.de/bizer/bsbm/v01/instances/dataFromProducer84/Product8987;http://www4.wiwiss.fu-berlin.de/bizer/bsbm/v01/vocabulary/productFeature;http://www4.wiwiss.fu-berlin.de/bizer/bsbm/v01/instances/ProductFeature592
http://www4.wiwiss.fu-berlin.de/bizer/bsbm/v01/instances/dataFromProducer84/Product8987;http://www4.wiwiss.fu-berlin.de/bizer/bsbm/v01/vocabulary/productFeature;http://www4.wiwiss.fu-berlin.de/bizer/bsbm/v01/instances/ProductFeature593
http://www4.wiwiss.fu-berlin.de/bizer/bsbm/v01/instances/dataFromProducer84/Product8987;http://www4.wiwiss.fu-berlin.de/bizer/bsbm/v01/vocabulary/productFeature;http://www4.wiwiss.fu-berlin.de/bizer/bsbm/v01/instances/ProductFeature594
http://www4.wiwiss.fu-berlin.de/bizer/bsbm/v01/instances/dataFromProducer84/Product8987;http://www4.wiwiss.fu-berlin.de/bizer/bsbm/v01/vocabulary/productFeature;http://www4.wiwiss.fu-berlin.de/bizer/bsbm/v01/instances/ProductFeature601
http://www4.wiwiss.fu-berlin.de/bizer/bsbm/v01/instances/dataFromProducer84/Product8987;http://www4.wiwiss.fu-berlin.de/bizer/bsbm/v01/vocabulary/productFeature;http://www4.wiwiss.fu-berlin.de/bizer/bsbm/v01/instances/ProductFeature602
http://www4.wiwiss.fu-berlin.de/bizer/bsbm/v01/instances/dataFromProducer84/Product8987;http://www4.wiwiss.fu-berlin.de/bizer/bsbm/v01/vocabulary/productFeature;http://www4.wiwiss.fu-berlin.de/bizer/bsbm/v01/instances/ProductFeature24
http://www4.wiwiss.fu-berlin.de/bizer/bsbm/v01/instances/dataFromProducer84/Product8987;http://www4.wiwiss.fu-berlin.de/bizer/bsbm/v01/vocabulary/productFeature;http://www4.wiwiss.fu-berlin.de/bizer/bsbm/v01/instances/ProductFeature27
http://www4.wiwiss.fu-berlin.de/bizer/bsbm/v01/instances/dataFromProducer84/Product8987;http://www4.wiwiss.fu-berlin.de/bizer/bsbm/v01/vocabulary/productFeature;http://www4.wiwiss.fu-berlin.de/bizer/bsbm/v01/instances/ProductFeature31
http://www4.wiwiss.fu-berlin.de/bizer/bsbm/v01/instances/dataFromProducer84/Product8987;http://www4.wiwiss.fu-berlin.de/bizer/bsbm/v01/vocabulary/producer;http://www4.wiwiss.fu-berlin.de/bizer/bsbm/v01/instances/dataFromProducer40/Producer40
http://www4.wiwiss.fu-berlin.de/bizer/bsbm/v01/instances/dataFromProducer84/Product8987;http://purl.org/dc/elements/1.1/publisher;http://www4.wiwiss.fu-berlin.de/bizer/bsbm/v01/instances/dataFromProducer40/Producer40
http://www4.wiwiss.fu-berlin.de/bizer/bsbm/v01/instances/dataFromProducer84/Product8987;http://purl.org/dc/elements/1.1/date;2001-01-08
http://www4.wiwiss.fu-berlin.de/bizer/bsbm/v01/instances/dataFromProducer45/Product7124;http://www.w3.org/1999/02/22-rdf-syntax-ns#type;http://www4.wiwiss.fu-berlin.de/bizer/bsbm/v01/vocabulary/Product
http://www4.wiwiss.fu-berlin.de/bizer/bsbm/v01/instances/dataFromProducer45/Product7124;http://www.w3.org/1999/02/22-rdf-syntax-ns#type;http://www4.wiwiss.fu-berlin.de/bizer/bsbm/v01/instances/ProductType122
http://www4.wiwiss.fu-berlin.de/bizer/bsbm/v01/instances/dataFromProducer45/Product7124;http://www.w3.org/2000/01/rdf-schema#label;pinchers lousing
http://www4.wiwiss.fu-berlin.de/bizer/bsbm/v01/instances/dataFromProducer45/Product7124;http://www.w3.org/2000/01/rdf-schema#comment;heirlooms operating myope reechoing benumbs teacups peninsular jealousness wharfingers rondeaux intertwines germy yanking wides philologist gasiform shoers shorn womenfolk scone predigests spermatic aneurism varlet actuary curdy accommodates uncommoner exiting cheesiness leprechauns analysts unpredictable shamus shares handpick syllabubs investments travellers wedded fluking zizzles limitative nihilisms deports gloms defrocks sandblasted wrackful hospitium manillas blessedly scarcest incompleteness scuffles prettifying totalitarians pibroch anthropoid osteopathies budgeters zoomorphs surfacer instants familiarizations unwisely libidinized rinsers silkscreening sleave landform geoducks birder shashlik fertilize lurked girthed reawaken clambered drogues hopsacking deputized cheaps reenters cham uncircumcised hibernal ducky destroyed causable kneads recurs cantrips stormed rattly parching migrator gamily finalism ceramists substitutive pleadable centralism entities sequenced
http://www4.wiwiss.fu-berlin.de/bizer/bsbm/v01/instances/dataFromProducer45/Product7124;http://www4.wiwiss.fu-berlin.de/bizer/bsbm/v01/vocabulary/productPropertyNumeric1;559
http://www4.wiwiss.fu-berlin.de/bizer/bsbm/v01/instances/dataFromProducer45/Product7124;http://www4.wiwiss.fu-berlin.de/bizer/bsbm/v01/vocabulary/productPropertyNumeric2;830
http://www4.wiwiss.fu-berlin.de/bizer/bsbm/v01/instances/dataFromProducer45/Product7124;http://www4.wiwiss.fu-berlin.de/bizer/bsbm/v01/vocabulary/productPropertyNumeric3;254
http://www4.wiwiss.fu-berlin.de/bizer/bsbm/v01/instances/dataFromProducer45/Product7124;http://www4.wiwiss.fu-berlin.de/bizer/bsbm/v01/vocabulary/productPropertyNumeric4;515
http://www4.wiwiss.fu-berlin.de/bizer/bsbm/v01/instances/dataFromProducer45/Product7124;http://www4.wiwiss.fu-berlin.de/bizer/bsbm/v01/vocabulary/productPropertyNumeric5;16
http://www4.wiwiss.fu-berlin.de/bizer/bsbm/v01/instances/dataFromProducer45/Product7124;http://www4.wiwiss.fu-berlin.de/bizer/bsbm/v01/vocabulary/productPropertyTextual1;truantry dimwits travellable
http://www4.wiwiss.fu-berlin.de/bizer/bsbm/v01/instances/dataFromProducer45/Product7124;http://www4.wiwiss.fu-berlin.de/bizer/bsbm/v01/vocabulary/productPropertyTextual2;nonseasonal taxiways currentness phaser unpenetrated libelant mongeese sunward wolver bombloads dogie amatively perplexed swindler misdid
http://www4.wiwiss.fu-berlin.de/bizer/bsbm/v01/instances/dataFromProducer45/Product7124;http://www4.wiwiss.fu-berlin.de/bizer/bsbm/v01/vocabulary/productPropertyTextual3;reproducer biparted vicing catnapers practicing
http://www4.wiwiss.fu-berlin.de/bizer/bsbm/v01/instances/dataFromProducer45/Product7124;http://www4.wiwiss.fu-berlin.de/bizer/bsbm/v01/vocabulary/productPropertyTextual4;virulently southeasters burgomaster countertenors
http://www4.wiwiss.fu-berlin.de/bizer/bsbm/v01/instances/dataFromProducer45/Product7124;http://www4.wiwiss.fu-berlin.de/bizer/bsbm/v01/vocabulary/productPropertyTextual5;eviller squushing outlawing
http://www4.wiwiss.fu-berlin.de/bizer/bsbm/v01/instances/dataFromProducer45/Product7124;http://www4.wiwiss.fu-berlin.de/bizer/bsbm/v01/vocabulary/productFeature;http://www4.wiwiss.fu-berlin.de/bizer/bsbm/v01/instances/ProductFeature3800
http://www4.wiwiss.fu-berlin.de/bizer/bsbm/v01/instances/dataFromProducer45/Product7124;http://www4.wiwiss.fu-berlin.de/bizer/bsbm/v01/vocabulary/productFeature;http://www4.wiwiss.fu-berlin.de/bizer/bsbm/v01/instances/ProductFeature3811
http://www4.wiwiss.fu-berlin.de/bizer/bsbm/v01/instances/dataFromProducer45/Product7124;http://www4.wiwiss.fu-berlin.de/bizer/bsbm/v01/vocabulary/productFeature;http://www4.wiwiss.fu-berlin.de/bizer/bsbm/v01/instances/ProductFeature3819
http://www4.wiwiss.fu-berlin.de/bizer/bsbm/v01/instances/dataFromProducer45/Product7124;http://www4.wiwiss.fu-berlin.de/bizer/bsbm/v01/vocabulary/productFeature;http://www4.wiwiss.fu-berlin.de/bizer/bsbm/v01/instances/ProductFeature3821
http://www4.wiwiss.fu-berlin.de/bizer/bsbm/v01/instances/dataFromProducer45/Product7124;http://www4.wiwiss.fu-berlin.de/bizer/bsbm/v01/vocabulary/productFeature;http://www4.wiwiss.fu-berlin.de/bizer/bsbm/v01/instances/ProductFeature3822
http://www4.wiwiss.fu-berlin.de/bizer/bsbm/v01/instances/dataFromProducer45/Product7124;http://www4.wiwiss.fu-berlin.de/bizer/bsbm/v01/vocabulary/productFeature;http://www4.wiwiss.fu-berlin.de/bizer/bsbm/v01/instances/ProductFeature3835
http://www4.wiwiss.fu-berlin.de/bizer/bsbm/v01/instances/dataFromProducer45/Product7124;http://www4.wiwiss.fu-berlin.de/bizer/bsbm/v01/vocabulary/productFeature;http://www4.wiwiss.fu-berlin.de/bizer/bsbm/v01/instances/ProductFeature574
http://www4.wiwiss.fu-berlin.de/bizer/bsbm/v01/instances/dataFromProducer45/Product7124;http://www4.wiwiss.fu-berlin.de/bizer/bsbm/v01/vocabulary/productFeature;http://www4.wiwiss.fu-berlin.de/bizer/bsbm/v01/instances/ProductFeature585
http://www4.wiwiss.fu-berlin.de/bizer/bsbm/v01/instances/dataFromProducer45/Product7124;http://www4.wiwiss.fu-berlin.de/bizer/bsbm/v01/vocabulary/productFeature;http://www4.wiwiss.fu-berlin.de/bizer/bsbm/v01/instances/ProductFeature590
http://www4.wiwiss.fu-berlin.de/bizer/bsbm/v01/instances/dataFromProducer45/Product7124;http://www4.wiwiss.fu-berlin.de/bizer/bsbm/v01/vocabulary/productFeature;http://www4.wiwiss.fu-berlin.de/bizer/bsbm/v01/instances/ProductFeature592
http://www4.wiwiss.fu-berlin.de/bizer/bsbm/v01/instances/dataFromProducer45/Product7124;http://www4.wiwiss.fu-berlin.de/bizer/bsbm/v01/vocabulary/productFeature;http://www4.wiwiss.fu-berlin.de/bizer/bsbm/v01/instances/ProductFeature593
http://www4.wiwiss.fu-berlin.de/bizer/bsbm/v01/instances/dataFromProducer45/Product7124;http://www4.wiwiss.fu-berlin.de/bizer/bsbm/v01/vocabulary/productFeature;http://www4.wiwiss.fu-berlin.de/bizer/bsbm/v01/instances/ProductFeature594
http://www4.wiwiss.fu-berlin.de/bizer/bsbm/v01/instances/dataFromProducer45/Product7124;http://www4.wiwiss.fu-berlin.de/bizer/bsbm/v01/vocabulary/productFeature;http://www4.wiwiss.fu-berlin.de/bizer/bsbm/v01/instances/ProductFeature601
http://www4.wiwiss.fu-berlin.de/bizer/bsbm/v01/instances/dataFromProducer45/Product7124;http://www4.wiwiss.fu-berlin.de/bizer/bsbm/v01/vocabulary/productFeature;http://www4.wiwiss.fu-berlin.de/bizer/bsbm/v01/instances/ProductFeature602
http://www4.wiwiss.fu-berlin.de/bizer/bsbm/v01/instances/dataFromProducer45/Product7124;http://www4.wiwiss.fu-berlin.de/bizer/bsbm/v01/vocabulary/productFeature;http://www4.wiwiss.fu-berlin.de/bizer/bsbm/v01/instances/ProductFeature24
http://www4.wiwiss.fu-berlin.de/bizer/bsbm/v01/instances/dataFromProducer45/Product7124;http://www4.wiwiss.fu-berlin.de/bizer/bsbm/v01/vocabulary/productFeature;http://www4.wiwiss.fu-berlin.de/bizer/bsbm/v01/instances/ProductFeature27
http://www4.wiwiss.fu-berlin.de/bizer/bsbm/v01/instances/dataFromProducer45/Product7124;http://www4.wiwiss.fu-berlin.de/bizer/bsbm/v01/vocabulary/productFeature;http://www4.wiwiss.fu-berlin.de/bizer/bsbm/v01/instances/ProductFeature31
http://www4.wiwiss.fu-berlin.de/bizer/bsbm/v01/instances/dataFromProducer45/Product7124;http://www4.wiwiss.fu-berlin.de/bizer/bsbm/v01/vocabulary/producer;http://www4.wiwiss.fu-berlin.de/bizer/bsbm/v01/instances/dataFromProducer40/Producer40
http://www4.wiwiss.fu-berlin.de/bizer/bsbm/v01/instances/dataFromProducer45/Product7124;http://purl.org/dc/elements/1.1/publisher;http://www4.wiwiss.fu-berlin.de/bizer/bsbm/v01/instances/dataFromProducer40/Producer40
http://www4.wiwiss.fu-berlin.de/bizer/bsbm/v01/instances/dataFromProducer45/Product7124;http://purl.org/dc/elements/1.1/date;2001-01-08
http://www4.wiwiss.fu-berlin.de/bizer/bsbm/v01/instances/dataFromProducer3/Product5135;http://www.w3.org/1999/02/22-rdf-syntax-ns#type;http://www4.wiwiss.fu-berlin.de/bizer/bsbm/v01/vocabulary/Product
http://www4.wiwiss.fu-berlin.de/bizer/bsbm/v01/instances/dataFromProducer3/Product5135;http://www.w3.org/1999/02/22-rdf-syntax-ns#type;http://www4.wiwiss.fu-berlin.de/bizer/bsbm/v01/instances/ProductType122
http://www4.wiwiss.fu-berlin.de/bizer/bsbm/v01/instances/dataFromProducer3/Product5135;http://www.w3.org/2000/01/rdf-schema#label;pinchers lousing
http://www4.wiwiss.fu-berlin.de/bizer/bsbm/v01/instances/dataFromProducer3/Product5135;http://www.w3.org/2000/01/rdf-schema#comment;heirlooms operating myope reechoing benumbs teacups peninsular jealousness wharfingers rondeaux intertwines germy yanking wides philologist gasiform shoers shorn womenfolk scone predigests spermatic aneurism varlet actuary curdy accommodates uncommoner exiting cheesiness leprechauns analysts unpredictable shamus shares handpick syllabubs investments travellers wedded fluking zizzles limitative nihilisms deports gloms defrocks sandblasted wrackful hospitium manillas blessedly scarcest incompleteness scuffles prettifying totalitarians pibroch anthropoid osteopathies budgeters zoomorphs surfacer instants familiarizations unwisely libidinized rinsers silkscreening sleave landform geoducks birder shashlik fertilize lurked girthed reawaken clambered drogues hopsacking deputized cheaps reenters cham uncircumcised hibernal ducky destroyed causable kneads recurs cantrips stormed rattly parching migrator gamily finalism ceramists substitutive pleadable centralism entities sequenced
http://www4.wiwiss.fu-berlin.de/bizer/bsbm/v01/instances/dataFromProducer3/Product5135;http://www4.wiwiss.fu-berlin.de/bizer/bsbm/v01/vocabulary/productPropertyNumeric1;559
http://www4.wiwiss.fu-berlin.de/bizer/bsbm/v01/instances/dataFromProducer3/Product5135;http://www4.wiwiss.fu-berlin.de/bizer/bsbm/v01/vocabulary/productPropertyNumeric2;830
http://www4.wiwiss.fu-berlin.de/bizer/bsbm/v01/instances/dataFromProducer3/Product5135;http://www4.wiwiss.fu-berlin.de/bizer/bsbm/v01/vocabulary/productPropertyNumeric3;254
http://www4.wiwiss.fu-berlin.de/bizer/bsbm/v01/instances/dataFromProducer3/Product5135;http://www4.wiwiss.fu-berlin.de/bizer/bsbm/v01/vocabulary/productPropertyNumeric4;515
http://www4.wiwiss.fu-berlin.de/bizer/bsbm/v01/instances/dataFromProducer3/Product5135;http://www4.wiwiss.fu-berlin.de/bizer/bsbm/v01/vocabulary/productPropertyNumeric5;16
http://www4.wiwiss.fu-berlin.de/bizer/bsbm/v01/instances/dataFromProducer3/Product5135;http://www4.wiwiss.fu-berlin.de/bizer/bsbm/v01/vocabulary/productPropertyTextual1;truantry dimwits travellable
http://www4.wiwiss.fu-berlin.de/bizer/bsbm/v01/instances/dataFromProducer3/Product5135;http://www4.wiwiss.fu-berlin.de/bizer/bsbm/v01/vocabulary/productPropertyTextual2;nonseasonal taxiways currentness phaser unpenetrated libelant mongeese sunward wolver bombloads dogie amatively perplexed swindler misdid
http://www4.wiwiss.fu-berlin.de/bizer/bsbm/v01/instances/dataFromProducer3/Product5135;http://www4.wiwiss.fu-berlin.de/bizer/bsbm/v01/vocabulary/productPropertyTextual3;reproducer biparted vicing catnapers practicing
http://www4.wiwiss.fu-berlin.de/bizer/bsbm/v01/instances/dataFromProducer3/Product5135;http://www4.wiwiss.fu-berlin.de/bizer/bsbm/v01/vocabulary/productPropertyTextual4;virulently southeasters burgomaster countertenors
http://www4.wiwiss.fu-berlin.de/bizer/bsbm/v01/instances/dataFromProducer3/Product5135;http://www4.wiwiss.fu-berlin.de/bizer/bsbm/v01/vocabulary/productPropertyTextual5;eviller squushing outlawing
http://www4.wiwiss.fu-berlin.de/bizer/bsbm/v01/instances/dataFromProducer3/Product5135;http://www4.wiwiss.fu-berlin.de/bizer/bsbm/v01/vocabulary/productFeature;http://www4.wiwiss.fu-berlin.de/bizer/bsbm/v01/instances/ProductFeature3800
http://www4.wiwiss.fu-berlin.de/bizer/bsbm/v01/instances/dataFromProducer3/Product5135;http://www4.wiwiss.fu-berlin.de/bizer/bsbm/v01/vocabulary/productFeature;http://www4.wiwiss.fu-berlin.de/bizer/bsbm/v01/instances/ProductFeature3811
http://www4.wiwiss.fu-berlin.de/bizer/bsbm/v01/instances/dataFromProducer3/Product5135;http://www4.wiwiss.fu-berlin.de/bizer/bsbm/v01/vocabulary/productFeature;http://www4.wiwiss.fu-berlin.de/bizer/bsbm/v01/instances/ProductFeature3819
http://www4.wiwiss.fu-berlin.de/bizer/bsbm/v01/instances/dataFromProducer3/Product5135;http://www4.wiwiss.fu-berlin.de/bizer/bsbm/v01/vocabulary/productFeature;http://www4.wiwiss.fu-berlin.de/bizer/bsbm/v01/instances/ProductFeature3821
http://www4.wiwiss.fu-berlin.de/bizer/bsbm/v01/instances/dataFromProducer3/Product5135;http://www4.wiwiss.fu-berlin.de/bizer/bsbm/v01/vocabulary/productFeature;http://www4.wiwiss.fu-berlin.de/bizer/bsbm/v01/instances/ProductFeature3822
http://www4.wiwiss.fu-berlin.de/bizer/bsbm/v01/instances/dataFromProducer3/Product5135;http://www4.wiwiss.fu-berlin.de/bizer/bsbm/v01/vocabulary/productFeature;http://www4.wiwiss.fu-berlin.de/bizer/bsbm/v01/instances/ProductFeature3835
http://www4.wiwiss.fu-berlin.de/bizer/bsbm/v01/instances/dataFromProducer3/Product5135;http://www4.wiwiss.fu-berlin.de/bizer/bsbm/v01/vocabulary/productFeature;http://www4.wiwiss.fu-berlin.de/bizer/bsbm/v01/instances/ProductFeature574
http://www4.wiwiss.fu-berlin.de/bizer/bsbm/v01/instances/dataFromProducer3/Product5135;http://www4.wiwiss.fu-berlin.de/bizer/bsbm/v01/vocabulary/productFeature;http://www4.wiwiss.fu-berlin.de/bizer/bsbm/v01/instances/ProductFeature585
http://www4.wiwiss.fu-berlin.de/bizer/bsbm/v01/instances/dataFromProducer3/Product5135;http://www4.wiwiss.fu-berlin.de/bizer/bsbm/v01/vocabulary/productFeature;http://www4.wiwiss.fu-berlin.de/bizer/bsbm/v01/instances/ProductFeature590
http://www4.wiwiss.fu-berlin.de/bizer/bsbm/v01/instances/dataFromProducer3/Product5135;http://www4.wiwiss.fu-berlin.de/bizer/bsbm/v01/vocabulary/productFeature;http://www4.wiwiss.fu-berlin.de/bizer/bsbm/v01/instances/ProductFeature592
http://www4.wiwiss.fu-berlin.de/bizer/bsbm/v01/instances/dataFromProducer3/Product5135;http://www4.wiwiss.fu-berlin.de/bizer/bsbm/v01/vocabulary/productFeature;http://www4.wiwiss.fu-berlin.de/bizer/bsbm/v01/instances/ProductFeature593
http://www4.wiwiss.fu-berlin.de/bizer/bsbm/v01/instances/dataFromProducer3/Product5135;http://www4.wiwiss.fu-berlin.de/bizer/bsbm/v01/vocabulary/productFeature;http://www4.wiwiss.fu-berlin.de/bizer/bsbm/v01/instances/ProductFeature594
http://www4.wiwiss.fu-berlin.de/bizer/bsbm/v01/instances/dataFromProducer3/Product5135;http://www4.wiwiss.fu-berlin.de/bizer/bsbm/v01/vocabulary/productFeature;http://www4.wiwiss.fu-berlin.de/bizer/bsbm/v01/instances/ProductFeature601
http://www4.wiwiss.fu-berlin.de/bizer/bsbm/v01/instances/dataFromProducer3/Product5135;http://www4.wiwiss.fu-berlin.de/bizer/bsbm/v01/vocabulary/productFeature;http://www4.wiwiss.fu-berlin.de/bizer/bsbm/v01/instances/ProductFeature602
http://www4.wiwiss.fu-berlin.de/bizer/bsbm/v01/instances/dataFromProducer3/Product5135;http://www4.wiwiss.fu-berlin.de/bizer/bsbm/v01/vocabulary/productFeature;http://www4.wiwiss.fu-berlin.de/bizer/bsbm/v01/instances/ProductFeature24
http://www4.wiwiss.fu-berlin.de/bizer/bsbm/v01/instances/dataFromProducer3/Product5135;http://www4.wiwiss.fu-berlin.de/bizer/bsbm/v01/vocabulary/productFeature;http://www4.wiwiss.fu-berlin.de/bizer/bsbm/v01/instances/ProductFeature27
http://www4.wiwiss.fu-berlin.de/bizer/bsbm/v01/instances/dataFromProducer3/Product5135;http://www4.wiwiss.fu-berlin.de/bizer/bsbm/v01/vocabulary/productFeature;http://www4.wiwiss.fu-berlin.de/bizer/bsbm/v01/instances/ProductFeature31
http://www4.wiwiss.fu-berlin.de/bizer/bsbm/v01/instances/dataFromProducer3/Product5135;http://www4.wiwiss.fu-berlin.de/bizer/bsbm/v01/vocabulary/producer;http://www4.wiwiss.fu-berlin.de/bizer/bsbm/v01/instances/dataFromProducer40/Producer40
http://www4.wiwiss.fu-berlin.de/bizer/bsbm/v01/instances/dataFromProducer3/Product5135;http://purl.org/dc/elements/1.1/publisher;http://www4.wiwiss.fu-berlin.de/bizer/bsbm/v01/instances/dataFromProducer40/Producer40
http://www4.wiwiss.fu-berlin.de/bizer/bsbm/v01/instances/dataFromProducer3/Product5135;http://purl.org/dc/elements/1.1/date;2001-01-08
http://www4.wiwiss.fu-berlin.de/bizer/bsbm/v01/instances/dataFromProducer59/Product7721;http://www.w3.org/1999/02/22-rdf-syntax-ns#type;http://www4.wiwiss.fu-berlin.de/bizer/bsbm/v01/vocabulary/Product
http://www4.wiwiss.fu-berlin.de/bizer/bsbm/v01/instances/dataFromProducer59/Product7721;http://www.w3.org/1999/02/22-rdf-syntax-ns#type;http://www4.wiwiss.fu-berlin.de/bizer/bsbm/v01/instances/ProductType122
http://www4.wiwiss.fu-berlin.de/bizer/bsbm/v01/instances/dataFromProducer59/Product7721;http://www.w3.org/2000/01/rdf-schema#label;pinchers lousing
http://www4.wiwiss.fu-berlin.de/bizer/bsbm/v01/instances/dataFromProducer59/Product7721;http://www.w3.org/2000/01/rdf-schema#comment;heirlooms operating myope reechoing benumbs teacups peninsular jealousness wharfingers rondeaux intertwines germy yanking wides philologist gasiform shoers shorn womenfolk scone predigests spermatic aneurism varlet actuary curdy accommodates uncommoner exiting cheesiness leprechauns analysts unpredictable shamus shares handpick syllabubs investments travellers wedded fluking zizzles limitative nihilisms deports gloms defrocks sandblasted wrackful hospitium manillas blessedly scarcest incompleteness scuffles prettifying totalitarians pibroch anthropoid osteopathies budgeters zoomorphs surfacer instants familiarizations unwisely libidinized rinsers silkscreening sleave landform geoducks birder shashlik fertilize lurked girthed reawaken clambered drogues hopsacking deputized cheaps reenters cham uncircumcised hibernal ducky destroyed causable kneads recurs cantrips stormed rattly parching migrator gamily finalism ceramists substitutive pleadable centralism entities sequenced
http://www4.wiwiss.fu-berlin.de/bizer/bsbm/v01/instances/dataFromProducer59/Product7721;http://www4.wiwiss.fu-berlin.de/bizer/bsbm/v01/vocabulary/productPropertyNumeric1;559
http://www4.wiwiss.fu-berlin.de/bizer/bsbm/v01/instances/dataFromProducer59/Product7721;http://www4.wiwiss.fu-berlin.de/bizer/bsbm/v01/vocabulary/productPropertyNumeric2;830
http://www4.wiwiss.fu-berlin.de/bizer/bsbm/v01/instances/dataFromProducer59/Product7721;http://www4.wiwiss.fu-berlin.de/bizer/bsbm/v01/vocabulary/productPropertyNumeric3;254
http://www4.wiwiss.fu-berlin.de/bizer/bsbm/v01/instances/dataFromProducer59/Product7721;http://www4.wiwiss.fu-berlin.de/bizer/bsbm/v01/vocabulary/productPropertyNumeric4;515
http://www4.wiwiss.fu-berlin.de/bizer/bsbm/v01/instances/dataFromProducer59/Product7721;http://www4.wiwiss.fu-berlin.de/bizer/bsbm/v01/vocabulary/productPropertyNumeric5;16
http://www4.wiwiss.fu-berlin.de/bizer/bsbm/v01/instances/dataFromProducer59/Product7721;http://www4.wiwiss.fu-berlin.de/bizer/bsbm/v01/vocabulary/productPropertyTextual1;truantry dimwits travellable
http://www4.wiwiss.fu-berlin.de/bizer/bsbm/v01/instances/dataFromProducer59/Product7721;http://www4.wiwiss.fu-berlin.de/bizer/bsbm/v01/vocabulary/productPropertyTextual2;nonseasonal taxiways currentness phaser unpenetrated libelant mongeese sunward wolver bombloads dogie amatively perplexed swindler misdid
http://www4.wiwiss.fu-berlin.de/bizer/bsbm/v01/instances/dataFromProducer59/Product7721;http://www4.wiwiss.fu-berlin.de/bizer/bsbm/v01/vocabulary/productPropertyTextual3;reproducer biparted vicing catnapers practicing
http://www4.wiwiss.fu-berlin.de/bizer/bsbm/v01/instances/dataFromProducer59/Product7721;http://www4.wiwiss.fu-berlin.de/bizer/bsbm/v01/vocabulary/productPropertyTextual4;virulently southeasters burgomaster countertenors
http://www4.wiwiss.fu-berlin.de/bizer/bsbm/v01/instances/dataFromProducer59/Product7721;http://www4.wiwiss.fu-berlin.de/bizer/bsbm/v01/vocabulary/productPropertyTextual5;eviller squushing outlawing
http://www4.wiwiss.fu-berlin.de/bizer/bsbm/v01/instances/dataFromProducer59/Product7721;http://www4.wiwiss.fu-berlin.de/bizer/bsbm/v01/vocabulary/productFeature;http://www4.wiwiss.fu-berlin.de/bizer/bsbm/v01/instances/ProductFeature3800
http://www4.wiwiss.fu-berlin.de/bizer/bsbm/v01/instances/dataFromProducer59/Product7721;http://www4.wiwiss.fu-berlin.de/bizer/bsbm/v01/vocabulary/productFeature;http://www4.wiwiss.fu-berlin.de/bizer/bsbm/v01/instances/ProductFeature3811
http://www4.wiwiss.fu-berlin.de/bizer/bsbm/v01/instances/dataFromProducer59/Product7721;http://www4.wiwiss.fu-berlin.de/bizer/bsbm/v01/vocabulary/productFeature;http://www4.wiwiss.fu-berlin.de/bizer/bsbm/v01/instances/ProductFeature3819
http://www4.wiwiss.fu-berlin.de/bizer/bsbm/v01/instances/dataFromProducer59/Product7721;http://www4.wiwiss.fu-berlin.de/bizer/bsbm/v01/vocabulary/productFeature;http://www4.wiwiss.fu-berlin.de/bizer/bsbm/v01/instances/ProductFeature3821
http://www4.wiwiss.fu-berlin.de/bizer/bsbm/v01/instances/dataFromProducer59/Product7721;http://www4.wiwiss.fu-berlin.de/bizer/bsbm/v01/vocabulary/productFeature;http://www4.wiwiss.fu-berlin.de/bizer/bsbm/v01/instances/ProductFeature3822
http://www4.wiwiss.fu-berlin.de/bizer/bsbm/v01/instances/dataFromProducer59/Product7721;http://www4.wiwiss.fu-berlin.de/bizer/bsbm/v01/vocabulary/productFeature;http://www4.wiwiss.fu-berlin.de/bizer/bsbm/v01/instances/ProductFeature3835
http://www4.wiwiss.fu-berlin.de/bizer/bsbm/v01/instances/dataFromProducer59/Product7721;http://www4.wiwiss.fu-berlin.de/bizer/bsbm/v01/vocabulary/productFeature;http://www4.wiwiss.fu-berlin.de/bizer/bsbm/v01/instances/ProductFeature574
http://www4.wiwiss.fu-berlin.de/bizer/bsbm/v01/instances/dataFromProducer59/Product7721;http://www4.wiwiss.fu-berlin.de/bizer/bsbm/v01/vocabulary/productFeature;http://www4.wiwiss.fu-berlin.de/bizer/bsbm/v01/instances/ProductFeature585
http://www4.wiwiss.fu-berlin.de/bizer/bsbm/v01/instances/dataFromProducer59/Product7721;http://www4.wiwiss.fu-berlin.de/bizer/bsbm/v01/vocabulary/productFeature;http://www4.wiwiss.fu-berlin.de/bizer/bsbm/v01/instances/ProductFeature590
http://www4.wiwiss.fu-berlin.de/bizer/bsbm/v01/instances/dataFromProducer59/Product7721;http://www4.wiwiss.fu-berlin.de/bizer/bsbm/v01/vocabulary/productFeature;http://www4.wiwiss.fu-berlin.de/bizer/bsbm/v01/instances/ProductFeature592
http://www4.wiwiss.fu-berlin.de/bizer/bsbm/v01/instances/dataFromProducer59/Product7721;http://www4.wiwiss.fu-berlin.de/bizer/bsbm/v01/vocabulary/productFeature;http://www4.wiwiss.fu-berlin.de/bizer/bsbm/v01/instances/ProductFeature593
http://www4.wiwiss.fu-berlin.de/bizer/bsbm/v01/instances/dataFromProducer59/Product7721;http://www4.wiwiss.fu-berlin.de/bizer/bsbm/v01/vocabulary/productFeature;http://www4.wiwiss.fu-berlin.de/bizer/bsbm/v01/instances/ProductFeature594
http://www4.wiwiss.fu-berlin.de/bizer/bsbm/v01/instances/dataFromProducer59/Product7721;http://www4.wiwiss.fu-berlin.de/bizer/bsbm/v01/vocabulary/productFeature;http://www4.wiwiss.fu-berlin.de/bizer/bsbm/v01/instances/ProductFeature601
http://www4.wiwiss.fu-berlin.de/bizer/bsbm/v01/instances/dataFromProducer59/Product7721;http://www4.wiwiss.fu-berlin.de/bizer/bsbm/v01/vocabulary/productFeature;http://www4.wiwiss.fu-berlin.de/bizer/bsbm/v01/instances/ProductFeature602
http://www4.wiwiss.fu-berlin.de/bizer/bsbm/v01/instances/dataFromProducer59/Product7721;http://www4.wiwiss.fu-berlin.de/bizer/bsbm/v01/vocabulary/productFeature;http://www4.wiwiss.fu-berlin.de/bizer/bsbm/v01/instances/ProductFeature24
http://www4.wiwiss.fu-berlin.de/bizer/bsbm/v01/instances/dataFromProducer59/Product7721;http://www4.wiwiss.fu-berlin.de/bizer/bsbm/v01/vocabulary/productFeature;http://www4.wiwiss.fu-berlin.de/bizer/bsbm/v01/instances/ProductFeature27
http://www4.wiwiss.fu-berlin.de/bizer/bsbm/v01/instances/dataFromProducer59/Product7721;http://www4.wiwiss.fu-berlin.de/bizer/bsbm/v01/vocabulary/productFeature;http://www4.wiwiss.fu-berlin.de/bizer/bsbm/v01/instances/ProductFeature31
http://www4.wiwiss.fu-berlin.de/bizer/bsbm/v01/instances/dataFromProducer59/Product7721;http://www4.wiwiss.fu-berlin.de/bizer/bsbm/v01/vocabulary/producer;http://www4.wiwiss.fu-berlin.de/bizer/bsbm/v01/instances/dataFromProducer40/Producer40
http://www4.wiwiss.fu-berlin.de/bizer/bsbm/v01/instances/dataFromProducer59/Product7721;http://purl.org/dc/elements/1.1/publisher;http://www4.wiwiss.fu-berlin.de/bizer/bsbm/v01/instances/dataFromProducer40/Producer40
http://www4.wiwiss.fu-berlin.de/bizer/bsbm/v01/instances/dataFromProducer59/Product7721;http://purl.org/dc/elements/1.1/date;2001-01-08
http://www4.wiwiss.fu-berlin.de/bizer/bsbm/v01/instances/dataFromProducer5/Product5204;http://www.w3.org/1999/02/22-rdf-syntax-ns#type;http://www4.wiwiss.fu-berlin.de/bizer/bsbm/v01/vocabulary/Product
http://www4.wiwiss.fu-berlin.de/bizer/bsbm/v01/instances/dataFromProducer5/Product5204;http://www.w3.org/1999/02/22-rdf-syntax-ns#type;http://www4.wiwiss.fu-berlin.de/bizer/bsbm/v01/instances/ProductType122
http://www4.wiwiss.fu-berlin.de/bizer/bsbm/v01/instances/dataFromProducer5/Product5204;http://www.w3.org/2000/01/rdf-schema#label;pinchers lousing
http://www4.wiwiss.fu-berlin.de/bizer/bsbm/v01/instances/dataFromProducer5/Product5204;http://www.w3.org/2000/01/rdf-schema#comment;heirlooms operating myope reechoing benumbs teacups peninsular jealousness wharfingers rondeaux intertwines germy yanking wides philologist gasiform shoers shorn womenfolk scone predigests spermatic aneurism varlet actuary curdy accommodates uncommoner exiting cheesiness leprechauns analysts unpredictable shamus shares handpick syllabubs investments travellers wedded fluking zizzles limitative nihilisms deports gloms defrocks sandblasted wrackful hospitium manillas blessedly scarcest incompleteness scuffles prettifying totalitarians pibroch anthropoid osteopathies budgeters zoomorphs surfacer instants familiarizations unwisely libidinized rinsers silkscreening sleave landform geoducks birder shashlik fertilize lurked girthed reawaken clambered drogues hopsacking deputized cheaps reenters cham uncircumcised hibernal ducky destroyed causable kneads recurs cantrips stormed rattly parching migrator gamily finalism ceramists substitutive pleadable centralism entities sequenced
http://www4.wiwiss.fu-berlin.de/bizer/bsbm/v01/instances/dataFromProducer5/Product5204;http://www4.wiwiss.fu-berlin.de/bizer/bsbm/v01/vocabulary/productPropertyNumeric1;559
http://www4.wiwiss.fu-berlin.de/bizer/bsbm/v01/instances/dataFromProducer5/Product5204;http://www4.wiwiss.fu-berlin.de/bizer/bsbm/v01/vocabulary/productPropertyNumeric2;830
http://www4.wiwiss.fu-berlin.de/bizer/bsbm/v01/instances/dataFromProducer5/Product5204;http://www4.wiwiss.fu-berlin.de/bizer/bsbm/v01/vocabulary/productPropertyNumeric3;254
http://www4.wiwiss.fu-berlin.de/bizer/bsbm/v01/instances/dataFromProducer5/Product5204;http://www4.wiwiss.fu-berlin.de/bizer/bsbm/v01/vocabulary/productPropertyNumeric4;515
http://www4.wiwiss.fu-berlin.de/bizer/bsbm/v01/instances/dataFromProducer5/Product5204;http://www4.wiwiss.fu-berlin.de/bizer/bsbm/v01/vocabulary/productPropertyNumeric5;16
http://www4.wiwiss.fu-berlin.de/bizer/bsbm/v01/instances/dataFromProducer5/Product5204;http://www4.wiwiss.fu-berlin.de/bizer/bsbm/v01/vocabulary/productPropertyTextual1;truantry dimwits travellable
http://www4.wiwiss.fu-berlin.de/bizer/bsbm/v01/instances/dataFromProducer5/Product5204;http://www4.wiwiss.fu-berlin.de/bizer/bsbm/v01/vocabulary/productPropertyTextual2;nonseasonal taxiways currentness phaser unpenetrated libelant mongeese sunward wolver bombloads dogie amatively perplexed swindler misdid
http://www4.wiwiss.fu-berlin.de/bizer/bsbm/v01/instances/dataFromProducer5/Product5204;http://www4.wiwiss.fu-berlin.de/bizer/bsbm/v01/vocabulary/productPropertyTextual3;reproducer biparted vicing catnapers practicing
http://www4.wiwiss.fu-berlin.de/bizer/bsbm/v01/instances/dataFromProducer5/Product5204;http://www4.wiwiss.fu-berlin.de/bizer/bsbm/v01/vocabulary/productPropertyTextual4;virulently southeasters burgomaster countertenors
http://www4.wiwiss.fu-berlin.de/bizer/bsbm/v01/instances/dataFromProducer5/Product5204;http://www4.wiwiss.fu-berlin.de/bizer/bsbm/v01/vocabulary/productPropertyTextual5;eviller squushing outlawing
http://www4.wiwiss.fu-berlin.de/bizer/bsbm/v01/instances/dataFromProducer5/Product5204;http://www4.wiwiss.fu-berlin.de/bizer/bsbm/v01/vocabulary/productFeature;http://www4.wiwiss.fu-berlin.de/bizer/bsbm/v01/instances/ProductFeature3800
http://www4.wiwiss.fu-berlin.de/bizer/bsbm/v01/instances/dataFromProducer5/Product5204;http://www4.wiwiss.fu-berlin.de/bizer/bsbm/v01/vocabulary/productFeature;http://www4.wiwiss.fu-berlin.de/bizer/bsbm/v01/instances/ProductFeature3811
http://www4.wiwiss.fu-berlin.de/bizer/bsbm/v01/instances/dataFromProducer5/Product5204;http://www4.wiwiss.fu-berlin.de/bizer/bsbm/v01/vocabulary/productFeature;http://www4.wiwiss.fu-berlin.de/bizer/bsbm/v01/instances/ProductFeature3819
http://www4.wiwiss.fu-berlin.de/bizer/bsbm/v01/instances/dataFromProducer5/Product5204;http://www4.wiwiss.fu-berlin.de/bizer/bsbm/v01/vocabulary/productFeature;http://www4.wiwiss.fu-berlin.de/bizer/bsbm/v01/instances/ProductFeature3821
http://www4.wiwiss.fu-berlin.de/bizer/bsbm/v01/instances/dataFromProducer5/Product5204;http://www4.wiwiss.fu-berlin.de/bizer/bsbm/v01/vocabulary/productFeature;http://www4.wiwiss.fu-berlin.de/bizer/bsbm/v01/instances/ProductFeature3822
http://www4.wiwiss.fu-berlin.de/bizer/bsbm/v01/instances/dataFromProducer5/Product5204;http://www4.wiwiss.fu-berlin.de/bizer/bsbm/v01/vocabulary/productFeature;http://www4.wiwiss.fu-berlin.de/bizer/bsbm/v01/instances/ProductFeature3835
http://www4.wiwiss.fu-berlin.de/bizer/bsbm/v01/instances/dataFromProducer5/Product5204;http://www4.wiwiss.fu-berlin.de/bizer/bsbm/v01/vocabulary/productFeature;http://www4.wiwiss.fu-berlin.de/bizer/bsbm/v01/instances/ProductFeature574
http://www4.wiwiss.fu-berlin.de/bizer/bsbm/v01/instances/dataFromProducer5/Product5204;http://www4.wiwiss.fu-berlin.de/bizer/bsbm/v01/vocabulary/productFeature;http://www4.wiwiss.fu-berlin.de/bizer/bsbm/v01/instances/ProductFeature585
http://www4.wiwiss.fu-berlin.de/bizer/bsbm/v01/instances/dataFromProducer5/Product5204;http://www4.wiwiss.fu-berlin.de/bizer/bsbm/v01/vocabulary/productFeature;http://www4.wiwiss.fu-berlin.de/bizer/bsbm/v01/instances/ProductFeature590
http://www4.wiwiss.fu-berlin.de/bizer/bsbm/v01/instances/dataFromProducer5/Product5204;http://www4.wiwiss.fu-berlin.de/bizer/bsbm/v01/vocabulary/productFeature;http://www4.wiwiss.fu-berlin.de/bizer/bsbm/v01/instances/ProductFeature592
http://www4.wiwiss.fu-berlin.de/bizer/bsbm/v01/instances/dataFromProducer5/Product5204;http://www4.wiwiss.fu-berlin.de/bizer/bsbm/v01/vocabulary/productFeature;http://www4.wiwiss.fu-berlin.de/bizer/bsbm/v01/instances/ProductFeature593
http://www4.wiwiss.fu-berlin.de/bizer/bsbm/v01/instances/dataFromProducer5/Product5204;http://www4.wiwiss.fu-berlin.de/bizer/bsbm/v01/vocabulary/productFeature;http://www4.wiwiss.fu-berlin.de/bizer/bsbm/v01/instances/ProductFeature594
http://www4.wiwiss.fu-berlin.de/bizer/bsbm/v01/instances/dataFromProducer5/Product5204;http://www4.wiwiss.fu-berlin.de/bizer/bsbm/v01/vocabulary/productFeature;http://www4.wiwiss.fu-berlin.de/bizer/bsbm/v01/instances/ProductFeature601
http://www4.wiwiss.fu-berlin.de/bizer/bsbm/v01/instances/dataFromProducer5/Product5204;http://www4.wiwiss.fu-berlin.de/bizer/bsbm/v01/vocabulary/productFeature;http://www4.wiwiss.fu-berlin.de/bizer/bsbm/v01/instances/ProductFeature602
http://www4.wiwiss.fu-berlin.de/bizer/bsbm/v01/instances/dataFromProducer5/Product5204;http://www4.wiwiss.fu-berlin.de/bizer/bsbm/v01/vocabulary/productFeature;http://www4.wiwiss.fu-berlin.de/bizer/bsbm/v01/instances/ProductFeature24
http://www4.wiwiss.fu-berlin.de/bizer/bsbm/v01/instances/dataFromProducer5/Product5204;http://www4.wiwiss.fu-berlin.de/bizer/bsbm/v01/vocabulary/productFeature;http://www4.wiwiss.fu-berlin.de/bizer/bsbm/v01/instances/ProductFeature27
http://www4.wiwiss.fu-berlin.de/bizer/bsbm/v01/instances/dataFromProducer5/Product5204;http://www4.wiwiss.fu-berlin.de/bizer/bsbm/v01/vocabulary/productFeature;http://www4.wiwiss.fu-berlin.de/bizer/bsbm/v01/instances/ProductFeature31
http://www4.wiwiss.fu-berlin.de/bizer/bsbm/v01/instances/dataFromProducer5/Product5204;http://www4.wiwiss.fu-berlin.de/bizer/bsbm/v01/vocabulary/producer;http://www4.wiwiss.fu-berlin.de/bizer/bsbm/v01/instances/dataFromProducer40/Producer40
http://www4.wiwiss.fu-berlin.de/bizer/bsbm/v01/instances/dataFromProducer5/Product5204;http://purl.org/dc/elements/1.1/publisher;http://www4.wiwiss.fu-berlin.de/bizer/bsbm/v01/instances/dataFromProducer40/Producer40
http://www4.wiwiss.fu-berlin.de/bizer/bsbm/v01/instances/dataFromProducer5/Product5204;http://purl.org/dc/elements/1.1/date;2001-01-08
http://www4.wiwiss.fu-berlin.de/bizer/bsbm/v01/instances/dataFromProducer39/Product6755;http://www.w3.org/1999/02/22-rdf-syntax-ns#type;http://www4.wiwiss.fu-berlin.de/bizer/bsbm/v01/vocabulary/Product
http://www4.wiwiss.fu-berlin.de/bizer/bsbm/v01/instances/dataFromProducer39/Product6755;http://www.w3.org/1999/02/22-rdf-syntax-ns#type;http://www4.wiwiss.fu-berlin.de/bizer/bsbm/v01/instances/ProductType122
http://www4.wiwiss.fu-berlin.de/bizer/bsbm/v01/instances/dataFromProducer39/Product6755;http://www.w3.org/2000/01/rdf-schema#label;pinchers lousing
http://www4.wiwiss.fu-berlin.de/bizer/bsbm/v01/instances/dataFromProducer39/Product6755;http://www.w3.org/2000/01/rdf-schema#comment;heirlooms operating myope reechoing benumbs teacups peninsular jealousness wharfingers rondeaux intertwines germy yanking wides philologist gasiform shoers shorn womenfolk scone predigests spermatic aneurism varlet actuary curdy accommodates uncommoner exiting cheesiness leprechauns analysts unpredictable shamus shares handpick syllabubs investments travellers wedded fluking zizzles limitative nihilisms deports gloms defrocks sandblasted wrackful hospitium manillas blessedly scarcest incompleteness scuffles prettifying totalitarians pibroch anthropoid osteopathies budgeters zoomorphs surfacer instants familiarizations unwisely libidinized rinsers silkscreening sleave landform geoducks birder shashlik fertilize lurked girthed reawaken clambered drogues hopsacking deputized cheaps reenters cham uncircumcised hibernal ducky destroyed causable kneads recurs cantrips stormed rattly parching migrator gamily finalism ceramists substitutive pleadable centralism entities sequenced
http://www4.wiwiss.fu-berlin.de/bizer/bsbm/v01/instances/dataFromProducer39/Product6755;http://www4.wiwiss.fu-berlin.de/bizer/bsbm/v01/vocabulary/productPropertyNumeric1;559
http://www4.wiwiss.fu-berlin.de/bizer/bsbm/v01/instances/dataFromProducer39/Product6755;http://www4.wiwiss.fu-berlin.de/bizer/bsbm/v01/vocabulary/productPropertyNumeric2;830
http://www4.wiwiss.fu-berlin.de/bizer/bsbm/v01/instances/dataFromProducer39/Product6755;http://www4.wiwiss.fu-berlin.de/bizer/bsbm/v01/vocabulary/productPropertyNumeric3;254
http://www4.wiwiss.fu-berlin.de/bizer/bsbm/v01/instances/dataFromProducer39/Product6755;http://www4.wiwiss.fu-berlin.de/bizer/bsbm/v01/vocabulary/productPropertyNumeric4;515
http://www4.wiwiss.fu-berlin.de/bizer/bsbm/v01/instances/dataFromProducer39/Product6755;http://www4.wiwiss.fu-berlin.de/bizer/bsbm/v01/vocabulary/productPropertyNumeric5;16
http://www4.wiwiss.fu-berlin.de/bizer/bsbm/v01/instances/dataFromProducer39/Product6755;http://www4.wiwiss.fu-berlin.de/bizer/bsbm/v01/vocabulary/productPropertyTextual1;truantry dimwits travellable
http://www4.wiwiss.fu-berlin.de/bizer/bsbm/v01/instances/dataFromProducer39/Product6755;http://www4.wiwiss.fu-berlin.de/bizer/bsbm/v01/vocabulary/productPropertyTextual2;nonseasonal taxiways currentness phaser unpenetrated libelant mongeese sunward wolver bombloads dogie amatively perplexed swindler misdid
http://www4.wiwiss.fu-berlin.de/bizer/bsbm/v01/instances/dataFromProducer39/Product6755;http://www4.wiwiss.fu-berlin.de/bizer/bsbm/v01/vocabulary/productPropertyTextual3;reproducer biparted vicing catnapers practicing
http://www4.wiwiss.fu-berlin.de/bizer/bsbm/v01/instances/dataFromProducer39/Product6755;http://www4.wiwiss.fu-berlin.de/bizer/bsbm/v01/vocabulary/productPropertyTextual4;virulently southeasters burgomaster countertenors
http://www4.wiwiss.fu-berlin.de/bizer/bsbm/v01/instances/dataFromProducer39/Product6755;http://www4.wiwiss.fu-berlin.de/bizer/bsbm/v01/vocabulary/productPropertyTextual5;eviller squushing outlawing
http://www4.wiwiss.fu-berlin.de/bizer/bsbm/v01/instances/dataFromProducer39/Product6755;http://www4.wiwiss.fu-berlin.de/bizer/bsbm/v01/vocabulary/productFeature;http://www4.wiwiss.fu-berlin.de/bizer/bsbm/v01/instances/ProductFeature3800
http://www4.wiwiss.fu-berlin.de/bizer/bsbm/v01/instances/dataFromProducer39/Product6755;http://www4.wiwiss.fu-berlin.de/bizer/bsbm/v01/vocabulary/productFeature;http://www4.wiwiss.fu-berlin.de/bizer/bsbm/v01/instances/ProductFeature3811
http://www4.wiwiss.fu-berlin.de/bizer/bsbm/v01/instances/dataFromProducer39/Product6755;http://www4.wiwiss.fu-berlin.de/bizer/bsbm/v01/vocabulary/productFeature;http://www4.wiwiss.fu-berlin.de/bizer/bsbm/v01/instances/ProductFeature3819
http://www4.wiwiss.fu-berlin.de/bizer/bsbm/v01/instances/dataFromProducer39/Product6755;http://www4.wiwiss.fu-berlin.de/bizer/bsbm/v01/vocabulary/productFeature;http://www4.wiwiss.fu-berlin.de/bizer/bsbm/v01/instances/ProductFeature3821
http://www4.wiwiss.fu-berlin.de/bizer/bsbm/v01/instances/dataFromProducer39/Product6755;http://www4.wiwiss.fu-berlin.de/bizer/bsbm/v01/vocabulary/productFeature;http://www4.wiwiss.fu-berlin.de/bizer/bsbm/v01/instances/ProductFeature3822
http://www4.wiwiss.fu-berlin.de/bizer/bsbm/v01/instances/dataFromProducer39/Product6755;http://www4.wiwiss.fu-berlin.de/bizer/bsbm/v01/vocabulary/productFeature;http://www4.wiwiss.fu-berlin.de/bizer/bsbm/v01/instances/ProductFeature3835
http://www4.wiwiss.fu-berlin.de/bizer/bsbm/v01/instances/dataFromProducer39/Product6755;http://www4.wiwiss.fu-berlin.de/bizer/bsbm/v01/vocabulary/productFeature;http://www4.wiwiss.fu-berlin.de/bizer/bsbm/v01/instances/ProductFeature574
http://www4.wiwiss.fu-berlin.de/bizer/bsbm/v01/instances/dataFromProducer39/Product6755;http://www4.wiwiss.fu-berlin.de/bizer/bsbm/v01/vocabulary/productFeature;http://www4.wiwiss.fu-berlin.de/bizer/bsbm/v01/instances/ProductFeature585
http://www4.wiwiss.fu-berlin.de/bizer/bsbm/v01/instances/dataFromProducer39/Product6755;http://www4.wiwiss.fu-berlin.de/bizer/bsbm/v01/vocabulary/productFeature;http://www4.wiwiss.fu-berlin.de/bizer/bsbm/v01/instances/ProductFeature590
http://www4.wiwiss.fu-berlin.de/bizer/bsbm/v01/instances/dataFromProducer39/Product6755;http://www4.wiwiss.fu-berlin.de/bizer/bsbm/v01/vocabulary/productFeature;http://www4.wiwiss.fu-berlin.de/bizer/bsbm/v01/instances/ProductFeature592
http://www4.wiwiss.fu-berlin.de/bizer/bsbm/v01/instances/dataFromProducer39/Product6755;http://www4.wiwiss.fu-berlin.de/bizer/bsbm/v01/vocabulary/productFeature;http://www4.wiwiss.fu-berlin.de/bizer/bsbm/v01/instances/ProductFeature593
http://www4.wiwiss.fu-berlin.de/bizer/bsbm/v01/instances/dataFromProducer39/Product6755;http://www4.wiwiss.fu-berlin.de/bizer/bsbm/v01/vocabulary/productFeature;http://www4.wiwiss.fu-berlin.de/bizer/bsbm/v01/instances/ProductFeature594
http://www4.wiwiss.fu-berlin.de/bizer/bsbm/v01/instances/dataFromProducer39/Product6755;http://www4.wiwiss.fu-berlin.de/bizer/bsbm/v01/vocabulary/productFeature;http://www4.wiwiss.fu-berlin.de/bizer/bsbm/v01/instances/ProductFeature601
http://www4.wiwiss.fu-berlin.de/bizer/bsbm/v01/instances/dataFromProducer39/Product6755;http://www4.wiwiss.fu-berlin.de/bizer/bsbm/v01/vocabulary/productFeature;http://www4.wiwiss.fu-berlin.de/bizer/bsbm/v01/instances/ProductFeature602
http://www4.wiwiss.fu-berlin.de/bizer/bsbm/v01/instances/dataFromProducer39/Product6755;http://www4.wiwiss.fu-berlin.de/bizer/bsbm/v01/vocabulary/productFeature;http://www4.wiwiss.fu-berlin.de/bizer/bsbm/v01/instances/ProductFeature24
http://www4.wiwiss.fu-berlin.de/bizer/bsbm/v01/instances/dataFromProducer39/Product6755;http://www4.wiwiss.fu-berlin.de/bizer/bsbm/v01/vocabulary/productFeature;http://www4.wiwiss.fu-berlin.de/bizer/bsbm/v01/instances/ProductFeature27
http://www4.wiwiss.fu-berlin.de/bizer/bsbm/v01/instances/dataFromProducer39/Product6755;http://www4.wiwiss.fu-berlin.de/bizer/bsbm/v01/vocabulary/productFeature;http://www4.wiwiss.fu-berlin.de/bizer/bsbm/v01/instances/ProductFeature31
http://www4.wiwiss.fu-berlin.de/bizer/bsbm/v01/instances/dataFromProducer39/Product6755;http://www4.wiwiss.fu-berlin.de/bizer/bsbm/v01/vocabulary/producer;http://www4.wiwiss.fu-berlin.de/bizer/bsbm/v01/instances/dataFromProducer40/Producer40
http://www4.wiwiss.fu-berlin.de/bizer/bsbm/v01/instances/dataFromProducer39/Product6755;http://purl.org/dc/elements/1.1/publisher;http://www4.wiwiss.fu-berlin.de/bizer/bsbm/v01/instances/dataFromProducer40/Producer40
http://www4.wiwiss.fu-berlin.de/bizer/bsbm/v01/instances/dataFromProducer39/Product6755;http://purl.org/dc/elements/1.1/date;2001-01-08
http://www4.wiwiss.fu-berlin.de/bizer/bsbm/v01/instances/dataFromProducer9/Product5406;http://www.w3.org/1999/02/22-rdf-syntax-ns#type;http://www4.wiwiss.fu-berlin.de/bizer/bsbm/v01/vocabulary/Product
http://www4.wiwiss.fu-berlin.de/bizer/bsbm/v01/instances/dataFromProducer9/Product5406;http://www.w3.org/1999/02/22-rdf-syntax-ns#type;http://www4.wiwiss.fu-berlin.de/bizer/bsbm/v01/instances/ProductType122
http://www4.wiwiss.fu-berlin.de/bizer/bsbm/v01/instances/dataFromProducer9/Product5406;http://www.w3.org/2000/01/rdf-schema#label;pinchers lousing
http://www4.wiwiss.fu-berlin.de/bizer/bsbm/v01/instances/dataFromProducer9/Product5406;http://www.w3.org/2000/01/rdf-schema#comment;heirlooms operating myope reechoing benumbs teacups peninsular jealousness wharfingers rondeaux intertwines germy yanking wides philologist gasiform shoers shorn womenfolk scone predigests spermatic aneurism varlet actuary curdy accommodates uncommoner exiting cheesiness leprechauns analysts unpredictable shamus shares handpick syllabubs investments travellers wedded fluking zizzles limitative nihilisms deports gloms defrocks sandblasted wrackful hospitium manillas blessedly scarcest incompleteness scuffles prettifying totalitarians pibroch anthropoid osteopathies budgeters zoomorphs surfacer instants familiarizations unwisely libidinized rinsers silkscreening sleave landform geoducks birder shashlik fertilize lurked girthed reawaken clambered drogues hopsacking deputized cheaps reenters cham uncircumcised hibernal ducky destroyed causable kneads recurs cantrips stormed rattly parching migrator gamily finalism ceramists substitutive pleadable centralism entities sequenced
http://www4.wiwiss.fu-berlin.de/bizer/bsbm/v01/instances/dataFromProducer9/Product5406;http://www4.wiwiss.fu-berlin.de/bizer/bsbm/v01/vocabulary/productPropertyNumeric1;559
http://www4.wiwiss.fu-berlin.de/bizer/bsbm/v01/instances/dataFromProducer9/Product5406;http://www4.wiwiss.fu-berlin.de/bizer/bsbm/v01/vocabulary/productPropertyNumeric2;830
http://www4.wiwiss.fu-berlin.de/bizer/bsbm/v01/instances/dataFromProducer9/Product5406;http://www4.wiwiss.fu-berlin.de/bizer/bsbm/v01/vocabulary/productPropertyNumeric3;254
http://www4.wiwiss.fu-berlin.de/bizer/bsbm/v01/instances/dataFromProducer9/Product5406;http://www4.wiwiss.fu-berlin.de/bizer/bsbm/v01/vocabulary/productPropertyNumeric4;515
http://www4.wiwiss.fu-berlin.de/bizer/bsbm/v01/instances/dataFromProducer9/Product5406;http://www4.wiwiss.fu-berlin.de/bizer/bsbm/v01/vocabulary/productPropertyNumeric5;16
http://www4.wiwiss.fu-berlin.de/bizer/bsbm/v01/instances/dataFromProducer9/Product5406;http://www4.wiwiss.fu-berlin.de/bizer/bsbm/v01/vocabulary/productPropertyTextual1;truantry dimwits travellable
http://www4.wiwiss.fu-berlin.de/bizer/bsbm/v01/instances/dataFromProducer9/Product5406;http://www4.wiwiss.fu-berlin.de/bizer/bsbm/v01/vocabulary/productPropertyTextual2;nonseasonal taxiways currentness phaser unpenetrated libelant mongeese sunward wolver bombloads dogie amatively perplexed swindler misdid
http://www4.wiwiss.fu-berlin.de/bizer/bsbm/v01/instances/dataFromProducer9/Product5406;http://www4.wiwiss.fu-berlin.de/bizer/bsbm/v01/vocabulary/productPropertyTextual3;reproducer biparted vicing catnapers practicing
http://www4.wiwiss.fu-berlin.de/bizer/bsbm/v01/instances/dataFromProducer9/Product5406;http://www4.wiwiss.fu-berlin.de/bizer/bsbm/v01/vocabulary/productPropertyTextual4;virulently southeasters burgomaster countertenors
http://www4.wiwiss.fu-berlin.de/bizer/bsbm/v01/instances/dataFromProducer9/Product5406;http://www4.wiwiss.fu-berlin.de/bizer/bsbm/v01/vocabulary/productPropertyTextual5;eviller squushing outlawing
http://www4.wiwiss.fu-berlin.de/bizer/bsbm/v01/instances/dataFromProducer9/Product5406;http://www4.wiwiss.fu-berlin.de/bizer/bsbm/v01/vocabulary/productFeature;http://www4.wiwiss.fu-berlin.de/bizer/bsbm/v01/instances/ProductFeature3800
http://www4.wiwiss.fu-berlin.de/bizer/bsbm/v01/instances/dataFromProducer9/Product5406;http://www4.wiwiss.fu-berlin.de/bizer/bsbm/v01/vocabulary/productFeature;http://www4.wiwiss.fu-berlin.de/bizer/bsbm/v01/instances/ProductFeature3811
http://www4.wiwiss.fu-berlin.de/bizer/bsbm/v01/instances/dataFromProducer9/Product5406;http://www4.wiwiss.fu-berlin.de/bizer/bsbm/v01/vocabulary/productFeature;http://www4.wiwiss.fu-berlin.de/bizer/bsbm/v01/instances/ProductFeature3819
http://www4.wiwiss.fu-berlin.de/bizer/bsbm/v01/instances/dataFromProducer9/Product5406;http://www4.wiwiss.fu-berlin.de/bizer/bsbm/v01/vocabulary/productFeature;http://www4.wiwiss.fu-berlin.de/bizer/bsbm/v01/instances/ProductFeature3821
http://www4.wiwiss.fu-berlin.de/bizer/bsbm/v01/instances/dataFromProducer9/Product5406;http://www4.wiwiss.fu-berlin.de/bizer/bsbm/v01/vocabulary/productFeature;http://www4.wiwiss.fu-berlin.de/bizer/bsbm/v01/instances/ProductFeature3822
http://www4.wiwiss.fu-berlin.de/bizer/bsbm/v01/instances/dataFromProducer9/Product5406;http://www4.wiwiss.fu-berlin.de/bizer/bsbm/v01/vocabulary/productFeature;http://www4.wiwiss.fu-berlin.de/bizer/bsbm/v01/instances/ProductFeature3835
http://www4.wiwiss.fu-berlin.de/bizer/bsbm/v01/instances/dataFromProducer9/Product5406;http://www4.wiwiss.fu-berlin.de/bizer/bsbm/v01/vocabulary/productFeature;http://www4.wiwiss.fu-berlin.de/bizer/bsbm/v01/instances/ProductFeature574
http://www4.wiwiss.fu-berlin.de/bizer/bsbm/v01/instances/dataFromProducer9/Product5406;http://www4.wiwiss.fu-berlin.de/bizer/bsbm/v01/vocabulary/productFeature;http://www4.wiwiss.fu-berlin.de/bizer/bsbm/v01/instances/ProductFeature585
http://www4.wiwiss.fu-berlin.de/bizer/bsbm/v01/instances/dataFromProducer9/Product5406;http://www4.wiwiss.fu-berlin.de/bizer/bsbm/v01/vocabulary/productFeature;http://www4.wiwiss.fu-berlin.de/bizer/bsbm/v01/instances/ProductFeature590
http://www4.wiwiss.fu-berlin.de/bizer/bsbm/v01/instances/dataFromProducer9/Product5406;http://www4.wiwiss.fu-berlin.de/bizer/bsbm/v01/vocabulary/productFeature;http://www4.wiwiss.fu-berlin.de/bizer/bsbm/v01/instances/ProductFeature592
http://www4.wiwiss.fu-berlin.de/bizer/bsbm/v01/instances/dataFromProducer9/Product5406;http://www4.wiwiss.fu-berlin.de/bizer/bsbm/v01/vocabulary/productFeature;http://www4.wiwiss.fu-berlin.de/bizer/bsbm/v01/instances/ProductFeature593
http://www4.wiwiss.fu-berlin.de/bizer/bsbm/v01/instances/dataFromProducer9/Product5406;http://www4.wiwiss.fu-berlin.de/bizer/bsbm/v01/vocabulary/productFeature;http://www4.wiwiss.fu-berlin.de/bizer/bsbm/v01/instances/ProductFeature594
http://www4.wiwiss.fu-berlin.de/bizer/bsbm/v01/instances/dataFromProducer9/Product5406;http://www4.wiwiss.fu-berlin.de/bizer/bsbm/v01/vocabulary/productFeature;http://www4.wiwiss.fu-berlin.de/bizer/bsbm/v01/instances/ProductFeature601
http://www4.wiwiss.fu-berlin.de/bizer/bsbm/v01/instances/dataFromProducer9/Product5406;http://www4.wiwiss.fu-berlin.de/bizer/bsbm/v01/vocabulary/productFeature;http://www4.wiwiss.fu-berlin.de/bizer/bsbm/v01/instances/ProductFeature602
http://www4.wiwiss.fu-berlin.de/bizer/bsbm/v01/instances/dataFromProducer9/Product5406;http://www4.wiwiss.fu-berlin.de/bizer/bsbm/v01/vocabulary/productFeature;http://www4.wiwiss.fu-berlin.de/bizer/bsbm/v01/instances/ProductFeature24
http://www4.wiwiss.fu-berlin.de/bizer/bsbm/v01/instances/dataFromProducer9/Product5406;http://www4.wiwiss.fu-berlin.de/bizer/bsbm/v01/vocabulary/productFeature;http://www4.wiwiss.fu-berlin.de/bizer/bsbm/v01/instances/ProductFeature27
http://www4.wiwiss.fu-berlin.de/bizer/bsbm/v01/instances/dataFromProducer9/Product5406;http://www4.wiwiss.fu-berlin.de/bizer/bsbm/v01/vocabulary/productFeature;http://www4.wiwiss.fu-berlin.de/bizer/bsbm/v01/instances/ProductFeature31
http://www4.wiwiss.fu-berlin.de/bizer/bsbm/v01/instances/dataFromProducer9/Product5406;http://www4.wiwiss.fu-berlin.de/bizer/bsbm/v01/vocabulary/producer;http://www4.wiwiss.fu-berlin.de/bizer/bsbm/v01/instances/dataFromProducer40/Producer40
http://www4.wiwiss.fu-berlin.de/bizer/bsbm/v01/instances/dataFromProducer9/Product5406;http://purl.org/dc/elements/1.1/publisher;http://www4.wiwiss.fu-berlin.de/bizer/bsbm/v01/instances/dataFromProducer40/Producer40
http://www4.wiwiss.fu-berlin.de/bizer/bsbm/v01/instances/dataFromProducer9/Product5406;http://purl.org/dc/elements/1.1/date;2001-01-08
http://www4.wiwiss.fu-berlin.de/bizer/bsbm/v01/instances/dataFromProducer10/Product5477;http://www.w3.org/1999/02/22-rdf-syntax-ns#type;http://www4.wiwiss.fu-berlin.de/bizer/bsbm/v01/vocabulary/Product
http://www4.wiwiss.fu-berlin.de/bizer/bsbm/v01/instances/dataFromProducer10/Product5477;http://www.w3.org/1999/02/22-rdf-syntax-ns#type;http://www4.wiwiss.fu-berlin.de/bizer/bsbm/v01/instances/ProductType122
http://www4.wiwiss.fu-berlin.de/bizer/bsbm/v01/instances/dataFromProducer10/Product5477;http://www.w3.org/2000/01/rdf-schema#label;pinchers lousing
http://www4.wiwiss.fu-berlin.de/bizer/bsbm/v01/instances/dataFromProducer10/Product5477;http://www.w3.org/2000/01/rdf-schema#comment;heirlooms operating myope reechoing benumbs teacups peninsular jealousness wharfingers rondeaux intertwines germy yanking wides philologist gasiform shoers shorn womenfolk scone predigests spermatic aneurism varlet actuary curdy accommodates uncommoner exiting cheesiness leprechauns analysts unpredictable shamus shares handpick syllabubs investments travellers wedded fluking zizzles limitative nihilisms deports gloms defrocks sandblasted wrackful hospitium manillas blessedly scarcest incompleteness scuffles prettifying totalitarians pibroch anthropoid osteopathies budgeters zoomorphs surfacer instants familiarizations unwisely libidinized rinsers silkscreening sleave landform geoducks birder shashlik fertilize lurked girthed reawaken clambered drogues hopsacking deputized cheaps reenters cham uncircumcised hibernal ducky destroyed causable kneads recurs cantrips stormed rattly parching migrator gamily finalism ceramists substitutive pleadable centralism entities sequenced
http://www4.wiwiss.fu-berlin.de/bizer/bsbm/v01/instances/dataFromProducer10/Product5477;http://www4.wiwiss.fu-berlin.de/bizer/bsbm/v01/vocabulary/productPropertyNumeric1;559
http://www4.wiwiss.fu-berlin.de/bizer/bsbm/v01/instances/dataFromProducer10/Product5477;http://www4.wiwiss.fu-berlin.de/bizer/bsbm/v01/vocabulary/productPropertyNumeric2;830
http://www4.wiwiss.fu-berlin.de/bizer/bsbm/v01/instances/dataFromProducer10/Product5477;http://www4.wiwiss.fu-berlin.de/bizer/bsbm/v01/vocabulary/productPropertyNumeric3;254
http://www4.wiwiss.fu-berlin.de/bizer/bsbm/v01/instances/dataFromProducer10/Product5477;http://www4.wiwiss.fu-berlin.de/bizer/bsbm/v01/vocabulary/productPropertyNumeric4;515
http://www4.wiwiss.fu-berlin.de/bizer/bsbm/v01/instances/dataFromProducer10/Product5477;http://www4.wiwiss.fu-berlin.de/bizer/bsbm/v01/vocabulary/productPropertyNumeric5;16
http://www4.wiwiss.fu-berlin.de/bizer/bsbm/v01/instances/dataFromProducer10/Product5477;http://www4.wiwiss.fu-berlin.de/bizer/bsbm/v01/vocabulary/productPropertyTextual1;truantry dimwits travellable
http://www4.wiwiss.fu-berlin.de/bizer/bsbm/v01/instances/dataFromProducer10/Product5477;http://www4.wiwiss.fu-berlin.de/bizer/bsbm/v01/vocabulary/productPropertyTextual2;nonseasonal taxiways currentness phaser unpenetrated libelant mongeese sunward wolver bombloads dogie amatively perplexed swindler misdid
http://www4.wiwiss.fu-berlin.de/bizer/bsbm/v01/instances/dataFromProducer10/Product5477;http://www4.wiwiss.fu-berlin.de/bizer/bsbm/v01/vocabulary/productPropertyTextual3;reproducer biparted vicing catnapers practicing
http://www4.wiwiss.fu-berlin.de/bizer/bsbm/v01/instances/dataFromProducer10/Product5477;http://www4.wiwiss.fu-berlin.de/bizer/bsbm/v01/vocabulary/productPropertyTextual4;virulently southeasters burgomaster countertenors
http://www4.wiwiss.fu-berlin.de/bizer/bsbm/v01/instances/dataFromProducer10/Product5477;http://www4.wiwiss.fu-berlin.de/bizer/bsbm/v01/vocabulary/productPropertyTextual5;eviller squushing outlawing
http://www4.wiwiss.fu-berlin.de/bizer/bsbm/v01/instances/dataFromProducer10/Product5477;http://www4.wiwiss.fu-berlin.de/bizer/bsbm/v01/vocabulary/productFeature;http://www4.wiwiss.fu-berlin.de/bizer/bsbm/v01/instances/ProductFeature3800
http://www4.wiwiss.fu-berlin.de/bizer/bsbm/v01/instances/dataFromProducer10/Product5477;http://www4.wiwiss.fu-berlin.de/bizer/bsbm/v01/vocabulary/productFeature;http://www4.wiwiss.fu-berlin.de/bizer/bsbm/v01/instances/ProductFeature3811
http://www4.wiwiss.fu-berlin.de/bizer/bsbm/v01/instances/dataFromProducer10/Product5477;http://www4.wiwiss.fu-berlin.de/bizer/bsbm/v01/vocabulary/productFeature;http://www4.wiwiss.fu-berlin.de/bizer/bsbm/v01/instances/ProductFeature3819
http://www4.wiwiss.fu-berlin.de/bizer/bsbm/v01/instances/dataFromProducer10/Product5477;http://www4.wiwiss.fu-berlin.de/bizer/bsbm/v01/vocabulary/productFeature;http://www4.wiwiss.fu-berlin.de/bizer/bsbm/v01/instances/ProductFeature3821
http://www4.wiwiss.fu-berlin.de/bizer/bsbm/v01/instances/dataFromProducer10/Product5477;http://www4.wiwiss.fu-berlin.de/bizer/bsbm/v01/vocabulary/productFeature;http://www4.wiwiss.fu-berlin.de/bizer/bsbm/v01/instances/ProductFeature3822
http://www4.wiwiss.fu-berlin.de/bizer/bsbm/v01/instances/dataFromProducer10/Product5477;http://www4.wiwiss.fu-berlin.de/bizer/bsbm/v01/vocabulary/productFeature;http://www4.wiwiss.fu-berlin.de/bizer/bsbm/v01/instances/ProductFeature3835
http://www4.wiwiss.fu-berlin.de/bizer/bsbm/v01/instances/dataFromProducer10/Product5477;http://www4.wiwiss.fu-berlin.de/bizer/bsbm/v01/vocabulary/productFeature;http://www4.wiwiss.fu-berlin.de/bizer/bsbm/v01/instances/ProductFeature574
http://www4.wiwiss.fu-berlin.de/bizer/bsbm/v01/instances/dataFromProducer10/Product5477;http://www4.wiwiss.fu-berlin.de/bizer/bsbm/v01/vocabulary/productFeature;http://www4.wiwiss.fu-berlin.de/bizer/bsbm/v01/instances/ProductFeature585
http://www4.wiwiss.fu-berlin.de/bizer/bsbm/v01/instances/dataFromProducer10/Product5477;http://www4.wiwiss.fu-berlin.de/bizer/bsbm/v01/vocabulary/productFeature;http://www4.wiwiss.fu-berlin.de/bizer/bsbm/v01/instances/ProductFeature590
http://www4.wiwiss.fu-berlin.de/bizer/bsbm/v01/instances/dataFromProducer10/Product5477;http://www4.wiwiss.fu-berlin.de/bizer/bsbm/v01/vocabulary/productFeature;http://www4.wiwiss.fu-berlin.de/bizer/bsbm/v01/instances/ProductFeature592
http://www4.wiwiss.fu-berlin.de/bizer/bsbm/v01/instances/dataFromProducer10/Product5477;http://www4.wiwiss.fu-berlin.de/bizer/bsbm/v01/vocabulary/productFeature;http://www4.wiwiss.fu-berlin.de/bizer/bsbm/v01/instances/ProductFeature593
http://www4.wiwiss.fu-berlin.de/bizer/bsbm/v01/instances/dataFromProducer10/Product5477;http://www4.wiwiss.fu-berlin.de/bizer/bsbm/v01/vocabulary/productFeature;http://www4.wiwiss.fu-berlin.de/bizer/bsbm/v01/instances/ProductFeature594
http://www4.wiwiss.fu-berlin.de/bizer/bsbm/v01/instances/dataFromProducer10/Product5477;http://www4.wiwiss.fu-berlin.de/bizer/bsbm/v01/vocabulary/productFeature;http://www4.wiwiss.fu-berlin.de/bizer/bsbm/v01/instances/ProductFeature601
http://www4.wiwiss.fu-berlin.de/bizer/bsbm/v01/instances/dataFromProducer10/Product5477;http://www4.wiwiss.fu-berlin.de/bizer/bsbm/v01/vocabulary/productFeature;http://www4.wiwiss.fu-berlin.de/bizer/bsbm/v01/instances/ProductFeature602
http://www4.wiwiss.fu-berlin.de/bizer/bsbm/v01/instances/dataFromProducer10/Product5477;http://www4.wiwiss.fu-berlin.de/bizer/bsbm/v01/vocabulary/productFeature;http://www4.wiwiss.fu-berlin.de/bizer/bsbm/v01/instances/ProductFeature24
http://www4.wiwiss.fu-berlin.de/bizer/bsbm/v01/instances/dataFromProducer10/Product5477;http://www4.wiwiss.fu-berlin.de/bizer/bsbm/v01/vocabulary/productFeature;http://www4.wiwiss.fu-berlin.de/bizer/bsbm/v01/instances/ProductFeature27
http://www4.wiwiss.fu-berlin.de/bizer/bsbm/v01/instances/dataFromProducer10/Product5477;http://www4.wiwiss.fu-berlin.de/bizer/bsbm/v01/vocabulary/productFeature;http://www4.wiwiss.fu-berlin.de/bizer/bsbm/v01/instances/ProductFeature31
http://www4.wiwiss.fu-berlin.de/bizer/bsbm/v01/instances/dataFromProducer10/Product5477;http://www4.wiwiss.fu-berlin.de/bizer/bsbm/v01/vocabulary/producer;http://www4.wiwiss.fu-berlin.de/bizer/bsbm/v01/instances/dataFromProducer40/Producer40
http://www4.wiwiss.fu-berlin.de/bizer/bsbm/v01/instances/dataFromProducer10/Product5477;http://purl.org/dc/elements/1.1/publisher;http://www4.wiwiss.fu-berlin.de/bizer/bsbm/v01/instances/dataFromProducer40/Producer40
http://www4.wiwiss.fu-berlin.de/bizer/bsbm/v01/instances/dataFromProducer10/Product5477;http://purl.org/dc/elements/1.1/date;2001-01-08
http://www4.wiwiss.fu-berlin.de/bizer/bsbm/v01/instances/dataFromProducer63/Product7955;http://www.w3.org/1999/02/22-rdf-syntax-ns#type;http://www4.wiwiss.fu-berlin.de/bizer/bsbm/v01/vocabulary/Product
http://www4.wiwiss.fu-berlin.de/bizer/bsbm/v01/instances/dataFromProducer63/Product7955;http://www.w3.org/1999/02/22-rdf-syntax-ns#type;http://www4.wiwiss.fu-berlin.de/bizer/bsbm/v01/instances/ProductType122
http://www4.wiwiss.fu-berlin.de/bizer/bsbm/v01/instances/dataFromProducer63/Product7955;http://www.w3.org/2000/01/rdf-schema#label;pinchers lousing
http://www4.wiwiss.fu-berlin.de/bizer/bsbm/v01/instances/dataFromProducer63/Product7955;http://www.w3.org/2000/01/rdf-schema#comment;heirlooms operating myope reechoing benumbs teacups peninsular jealousness wharfingers rondeaux intertwines germy yanking wides philologist gasiform shoers shorn womenfolk scone predigests spermatic aneurism varlet actuary curdy accommodates uncommoner exiting cheesiness leprechauns analysts unpredictable shamus shares handpick syllabubs investments travellers wedded fluking zizzles limitative nihilisms deports gloms defrocks sandblasted wrackful hospitium manillas blessedly scarcest incompleteness scuffles prettifying totalitarians pibroch anthropoid osteopathies budgeters zoomorphs surfacer instants familiarizations unwisely libidinized rinsers silkscreening sleave landform geoducks birder shashlik fertilize lurked girthed reawaken clambered drogues hopsacking deputized cheaps reenters cham uncircumcised hibernal ducky destroyed causable kneads recurs cantrips stormed rattly parching migrator gamily finalism ceramists substitutive pleadable centralism entities sequenced
http://www4.wiwiss.fu-berlin.de/bizer/bsbm/v01/instances/dataFromProducer63/Product7955;http://www4.wiwiss.fu-berlin.de/bizer/bsbm/v01/vocabulary/productPropertyNumeric1;559
http://www4.wiwiss.fu-berlin.de/bizer/bsbm/v01/instances/dataFromProducer63/Product7955;http://www4.wiwiss.fu-berlin.de/bizer/bsbm/v01/vocabulary/productPropertyNumeric2;830
http://www4.wiwiss.fu-berlin.de/bizer/bsbm/v01/instances/dataFromProducer63/Product7955;http://www4.wiwiss.fu-berlin.de/bizer/bsbm/v01/vocabulary/productPropertyNumeric3;254
http://www4.wiwiss.fu-berlin.de/bizer/bsbm/v01/instances/dataFromProducer63/Product7955;http://www4.wiwiss.fu-berlin.de/bizer/bsbm/v01/vocabulary/productPropertyNumeric4;515
http://www4.wiwiss.fu-berlin.de/bizer/bsbm/v01/instances/dataFromProducer63/Product7955;http://www4.wiwiss.fu-berlin.de/bizer/bsbm/v01/vocabulary/productPropertyNumeric5;16
http://www4.wiwiss.fu-berlin.de/bizer/bsbm/v01/instances/dataFromProducer63/Product7955;http://www4.wiwiss.fu-berlin.de/bizer/bsbm/v01/vocabulary/productPropertyTextual1;truantry dimwits travellable
http://www4.wiwiss.fu-berlin.de/bizer/bsbm/v01/instances/dataFromProducer63/Product7955;http://www4.wiwiss.fu-berlin.de/bizer/bsbm/v01/vocabulary/productPropertyTextual2;nonseasonal taxiways currentness phaser unpenetrated libelant mongeese sunward wolver bombloads dogie amatively perplexed swindler misdid
http://www4.wiwiss.fu-berlin.de/bizer/bsbm/v01/instances/dataFromProducer63/Product7955;http://www4.wiwiss.fu-berlin.de/bizer/bsbm/v01/vocabulary/productPropertyTextual3;reproducer biparted vicing catnapers practicing
http://www4.wiwiss.fu-berlin.de/bizer/bsbm/v01/instances/dataFromProducer63/Product7955;http://www4.wiwiss.fu-berlin.de/bizer/bsbm/v01/vocabulary/productPropertyTextual4;virulently southeasters burgomaster countertenors
http://www4.wiwiss.fu-berlin.de/bizer/bsbm/v01/instances/dataFromProducer63/Product7955;http://www4.wiwiss.fu-berlin.de/bizer/bsbm/v01/vocabulary/productPropertyTextual5;eviller squushing outlawing
http://www4.wiwiss.fu-berlin.de/bizer/bsbm/v01/instances/dataFromProducer63/Product7955;http://www4.wiwiss.fu-berlin.de/bizer/bsbm/v01/vocabulary/productFeature;http://www4.wiwiss.fu-berlin.de/bizer/bsbm/v01/instances/ProductFeature3800
http://www4.wiwiss.fu-berlin.de/bizer/bsbm/v01/instances/dataFromProducer63/Product7955;http://www4.wiwiss.fu-berlin.de/bizer/bsbm/v01/vocabulary/productFeature;http://www4.wiwiss.fu-berlin.de/bizer/bsbm/v01/instances/ProductFeature3811
http://www4.wiwiss.fu-berlin.de/bizer/bsbm/v01/instances/dataFromProducer63/Product7955;http://www4.wiwiss.fu-berlin.de/bizer/bsbm/v01/vocabulary/productFeature;http://www4.wiwiss.fu-berlin.de/bizer/bsbm/v01/instances/ProductFeature3819
http://www4.wiwiss.fu-berlin.de/bizer/bsbm/v01/instances/dataFromProducer63/Product7955;http://www4.wiwiss.fu-berlin.de/bizer/bsbm/v01/vocabulary/productFeature;http://www4.wiwiss.fu-berlin.de/bizer/bsbm/v01/instances/ProductFeature3821
http://www4.wiwiss.fu-berlin.de/bizer/bsbm/v01/instances/dataFromProducer63/Product7955;http://www4.wiwiss.fu-berlin.de/bizer/bsbm/v01/vocabulary/productFeature;http://www4.wiwiss.fu-berlin.de/bizer/bsbm/v01/instances/ProductFeature3822
http://www4.wiwiss.fu-berlin.de/bizer/bsbm/v01/instances/dataFromProducer63/Product7955;http://www4.wiwiss.fu-berlin.de/bizer/bsbm/v01/vocabulary/productFeature;http://www4.wiwiss.fu-berlin.de/bizer/bsbm/v01/instances/ProductFeature3835
http://www4.wiwiss.fu-berlin.de/bizer/bsbm/v01/instances/dataFromProducer63/Product7955;http://www4.wiwiss.fu-berlin.de/bizer/bsbm/v01/vocabulary/productFeature;http://www4.wiwiss.fu-berlin.de/bizer/bsbm/v01/instances/ProductFeature574
http://www4.wiwiss.fu-berlin.de/bizer/bsbm/v01/instances/dataFromProducer63/Product7955;http://www4.wiwiss.fu-berlin.de/bizer/bsbm/v01/vocabulary/productFeature;http://www4.wiwiss.fu-berlin.de/bizer/bsbm/v01/instances/ProductFeature585
http://www4.wiwiss.fu-berlin.de/bizer/bsbm/v01/instances/dataFromProducer63/Product7955;http://www4.wiwiss.fu-berlin.de/bizer/bsbm/v01/vocabulary/productFeature;http://www4.wiwiss.fu-berlin.de/bizer/bsbm/v01/instances/ProductFeature590
http://www4.wiwiss.fu-berlin.de/bizer/bsbm/v01/instances/dataFromProducer63/Product7955;http://www4.wiwiss.fu-berlin.de/bizer/bsbm/v01/vocabulary/productFeature;http://www4.wiwiss.fu-berlin.de/bizer/bsbm/v01/instances/ProductFeature592
http://www4.wiwiss.fu-berlin.de/bizer/bsbm/v01/instances/dataFromProducer63/Product7955;http://www4.wiwiss.fu-berlin.de/bizer/bsbm/v01/vocabulary/productFeature;http://www4.wiwiss.fu-berlin.de/bizer/bsbm/v01/instances/ProductFeature593
http://www4.wiwiss.fu-berlin.de/bizer/bsbm/v01/instances/dataFromProducer63/Product7955;http://www4.wiwiss.fu-berlin.de/bizer/bsbm/v01/vocabulary/productFeature;http://www4.wiwiss.fu-berlin.de/bizer/bsbm/v01/instances/ProductFeature594
http://www4.wiwiss.fu-berlin.de/bizer/bsbm/v01/instances/dataFromProducer63/Product7955;http://www4.wiwiss.fu-berlin.de/bizer/bsbm/v01/vocabulary/productFeature;http://www4.wiwiss.fu-berlin.de/bizer/bsbm/v01/instances/ProductFeature601
http://www4.wiwiss.fu-berlin.de/bizer/bsbm/v01/instances/dataFromProducer63/Product7955;http://www4.wiwiss.fu-berlin.de/bizer/bsbm/v01/vocabulary/productFeature;http://www4.wiwiss.fu-berlin.de/bizer/bsbm/v01/instances/ProductFeature602
http://www4.wiwiss.fu-berlin.de/bizer/bsbm/v01/instances/dataFromProducer63/Product7955;http://www4.wiwiss.fu-berlin.de/bizer/bsbm/v01/vocabulary/productFeature;http://www4.wiwiss.fu-berlin.de/bizer/bsbm/v01/instances/ProductFeature24
http://www4.wiwiss.fu-berlin.de/bizer/bsbm/v01/instances/dataFromProducer63/Product7955;http://www4.wiwiss.fu-berlin.de/bizer/bsbm/v01/vocabulary/productFeature;http://www4.wiwiss.fu-berlin.de/bizer/bsbm/v01/instances/ProductFeature27
http://www4.wiwiss.fu-berlin.de/bizer/bsbm/v01/instances/dataFromProducer63/Product7955;http://www4.wiwiss.fu-berlin.de/bizer/bsbm/v01/vocabulary/productFeature;http://www4.wiwiss.fu-berlin.de/bizer/bsbm/v01/instances/ProductFeature31
http://www4.wiwiss.fu-berlin.de/bizer/bsbm/v01/instances/dataFromProducer63/Product7955;http://www4.wiwiss.fu-berlin.de/bizer/bsbm/v01/vocabulary/producer;http://www4.wiwiss.fu-berlin.de/bizer/bsbm/v01/instances/dataFromProducer40/Producer40
http://www4.wiwiss.fu-berlin.de/bizer/bsbm/v01/instances/dataFromProducer63/Product7955;http://purl.org/dc/elements/1.1/publisher;http://www4.wiwiss.fu-berlin.de/bizer/bsbm/v01/instances/dataFromProducer40/Producer40
http://www4.wiwiss.fu-berlin.de/bizer/bsbm/v01/instances/dataFromProducer63/Product7955;http://purl.org/dc/elements/1.1/date;2001-01-08
http://www4.wiwiss.fu-berlin.de/bizer/bsbm/v01/instances/dataFromProducer101/Product9740;http://www.w3.org/1999/02/22-rdf-syntax-ns#type;http://www4.wiwiss.fu-berlin.de/bizer/bsbm/v01/vocabulary/Product
http://www4.wiwiss.fu-berlin.de/bizer/bsbm/v01/instances/dataFromProducer101/Product9740;http://www.w3.org/1999/02/22-rdf-syntax-ns#type;http://www4.wiwiss.fu-berlin.de/bizer/bsbm/v01/instances/ProductType122
http://www4.wiwiss.fu-berlin.de/bizer/bsbm/v01/instances/dataFromProducer101/Product9740;http://www.w3.org/2000/01/rdf-schema#label;pinchers lousing
http://www4.wiwiss.fu-berlin.de/bizer/bsbm/v01/instances/dataFromProducer101/Product9740;http://www.w3.org/2000/01/rdf-schema#comment;heirlooms operating myope reechoing benumbs teacups peninsular jealousness wharfingers rondeaux intertwines germy yanking wides philologist gasiform shoers shorn womenfolk scone predigests spermatic aneurism varlet actuary curdy accommodates uncommoner exiting cheesiness leprechauns analysts unpredictable shamus shares handpick syllabubs investments travellers wedded fluking zizzles limitative nihilisms deports gloms defrocks sandblasted wrackful hospitium manillas blessedly scarcest incompleteness scuffles prettifying totalitarians pibroch anthropoid osteopathies budgeters zoomorphs surfacer instants familiarizations unwisely libidinized rinsers silkscreening sleave landform geoducks birder shashlik fertilize lurked girthed reawaken clambered drogues hopsacking deputized cheaps reenters cham uncircumcised hibernal ducky destroyed causable kneads recurs cantrips stormed rattly parching migrator gamily finalism ceramists substitutive pleadable centralism entities sequenced
http://www4.wiwiss.fu-berlin.de/bizer/bsbm/v01/instances/dataFromProducer101/Product9740;http://www4.wiwiss.fu-berlin.de/bizer/bsbm/v01/vocabulary/productPropertyNumeric1;559
http://www4.wiwiss.fu-berlin.de/bizer/bsbm/v01/instances/dataFromProducer101/Product9740;http://www4.wiwiss.fu-berlin.de/bizer/bsbm/v01/vocabulary/productPropertyNumeric2;830
http://www4.wiwiss.fu-berlin.de/bizer/bsbm/v01/instances/dataFromProducer101/Product9740;http://www4.wiwiss.fu-berlin.de/bizer/bsbm/v01/vocabulary/productPropertyNumeric3;254
http://www4.wiwiss.fu-berlin.de/bizer/bsbm/v01/instances/dataFromProducer101/Product9740;http://www4.wiwiss.fu-berlin.de/bizer/bsbm/v01/vocabulary/productPropertyNumeric4;515
http://www4.wiwiss.fu-berlin.de/bizer/bsbm/v01/instances/dataFromProducer101/Product9740;http://www4.wiwiss.fu-berlin.de/bizer/bsbm/v01/vocabulary/productPropertyNumeric5;16
http://www4.wiwiss.fu-berlin.de/bizer/bsbm/v01/instances/dataFromProducer101/Product9740;http://www4.wiwiss.fu-berlin.de/bizer/bsbm/v01/vocabulary/productPropertyTextual1;truantry dimwits travellable
http://www4.wiwiss.fu-berlin.de/bizer/bsbm/v01/instances/dataFromProducer101/Product9740;http://www4.wiwiss.fu-berlin.de/bizer/bsbm/v01/vocabulary/productPropertyTextual2;nonseasonal taxiways currentness phaser unpenetrated libelant mongeese sunward wolver bombloads dogie amatively perplexed swindler misdid
http://www4.wiwiss.fu-berlin.de/bizer/bsbm/v01/instances/dataFromProducer101/Product9740;http://www4.wiwiss.fu-berlin.de/bizer/bsbm/v01/vocabulary/productPropertyTextual3;reproducer biparted vicing catnapers practicing
http://www4.wiwiss.fu-berlin.de/bizer/bsbm/v01/instances/dataFromProducer101/Product9740;http://www4.wiwiss.fu-berlin.de/bizer/bsbm/v01/vocabulary/productPropertyTextual4;virulently southeasters burgomaster countertenors
http://www4.wiwiss.fu-berlin.de/bizer/bsbm/v01/instances/dataFromProducer101/Product9740;http://www4.wiwiss.fu-berlin.de/bizer/bsbm/v01/vocabulary/productPropertyTextual5;eviller squushing outlawing
http://www4.wiwiss.fu-berlin.de/bizer/bsbm/v01/instances/dataFromProducer101/Product9740;http://www4.wiwiss.fu-berlin.de/bizer/bsbm/v01/vocabulary/productFeature;http://www4.wiwiss.fu-berlin.de/bizer/bsbm/v01/instances/ProductFeature3800
http://www4.wiwiss.fu-berlin.de/bizer/bsbm/v01/instances/dataFromProducer101/Product9740;http://www4.wiwiss.fu-berlin.de/bizer/bsbm/v01/vocabulary/productFeature;http://www4.wiwiss.fu-berlin.de/bizer/bsbm/v01/instances/ProductFeature3811
http://www4.wiwiss.fu-berlin.de/bizer/bsbm/v01/instances/dataFromProducer101/Product9740;http://www4.wiwiss.fu-berlin.de/bizer/bsbm/v01/vocabulary/productFeature;http://www4.wiwiss.fu-berlin.de/bizer/bsbm/v01/instances/ProductFeature3819
http://www4.wiwiss.fu-berlin.de/bizer/bsbm/v01/instances/dataFromProducer101/Product9740;http://www4.wiwiss.fu-berlin.de/bizer/bsbm/v01/vocabulary/productFeature;http://www4.wiwiss.fu-berlin.de/bizer/bsbm/v01/instances/ProductFeature3821
http://www4.wiwiss.fu-berlin.de/bizer/bsbm/v01/instances/dataFromProducer101/Product9740;http://www4.wiwiss.fu-berlin.de/bizer/bsbm/v01/vocabulary/productFeature;http://www4.wiwiss.fu-berlin.de/bizer/bsbm/v01/instances/ProductFeature3822
http://www4.wiwiss.fu-berlin.de/bizer/bsbm/v01/instances/dataFromProducer101/Product9740;http://www4.wiwiss.fu-berlin.de/bizer/bsbm/v01/vocabulary/productFeature;http://www4.wiwiss.fu-berlin.de/bizer/bsbm/v01/instances/ProductFeature3835
http://www4.wiwiss.fu-berlin.de/bizer/bsbm/v01/instances/dataFromProducer101/Product9740;http://www4.wiwiss.fu-berlin.de/bizer/bsbm/v01/vocabulary/productFeature;http://www4.wiwiss.fu-berlin.de/bizer/bsbm/v01/instances/ProductFeature574
http://www4.wiwiss.fu-berlin.de/bizer/bsbm/v01/instances/dataFromProducer101/Product9740;http://www4.wiwiss.fu-berlin.de/bizer/bsbm/v01/vocabulary/productFeature;http://www4.wiwiss.fu-berlin.de/bizer/bsbm/v01/instances/ProductFeature585
http://www4.wiwiss.fu-berlin.de/bizer/bsbm/v01/instances/dataFromProducer101/Product9740;http://www4.wiwiss.fu-berlin.de/bizer/bsbm/v01/vocabulary/productFeature;http://www4.wiwiss.fu-berlin.de/bizer/bsbm/v01/instances/ProductFeature590
http://www4.wiwiss.fu-berlin.de/bizer/bsbm/v01/instances/dataFromProducer101/Product9740;http://www4.wiwiss.fu-berlin.de/bizer/bsbm/v01/vocabulary/productFeature;http://www4.wiwiss.fu-berlin.de/bizer/bsbm/v01/instances/ProductFeature592
http://www4.wiwiss.fu-berlin.de/bizer/bsbm/v01/instances/dataFromProducer101/Product9740;http://www4.wiwiss.fu-berlin.de/bizer/bsbm/v01/vocabulary/productFeature;http://www4.wiwiss.fu-berlin.de/bizer/bsbm/v01/instances/ProductFeature593
http://www4.wiwiss.fu-berlin.de/bizer/bsbm/v01/instances/dataFromProducer101/Product9740;http://www4.wiwiss.fu-berlin.de/bizer/bsbm/v01/vocabulary/productFeature;http://www4.wiwiss.fu-berlin.de/bizer/bsbm/v01/instances/ProductFeature594
http://www4.wiwiss.fu-berlin.de/bizer/bsbm/v01/instances/dataFromProducer101/Product9740;http://www4.wiwiss.fu-berlin.de/bizer/bsbm/v01/vocabulary/productFeature;http://www4.wiwiss.fu-berlin.de/bizer/bsbm/v01/instances/ProductFeature601
http://www4.wiwiss.fu-berlin.de/bizer/bsbm/v01/instances/dataFromProducer101/Product9740;http://www4.wiwiss.fu-berlin.de/bizer/bsbm/v01/vocabulary/productFeature;http://www4.wiwiss.fu-berlin.de/bizer/bsbm/v01/instances/ProductFeature602
http://www4.wiwiss.fu-berlin.de/bizer/bsbm/v01/instances/dataFromProducer101/Product9740;http://www4.wiwiss.fu-berlin.de/bizer/bsbm/v01/vocabulary/productFeature;http://www4.wiwiss.fu-berlin.de/bizer/bsbm/v01/instances/ProductFeature24
http://www4.wiwiss.fu-berlin.de/bizer/bsbm/v01/instances/dataFromProducer101/Product9740;http://www4.wiwiss.fu-berlin.de/bizer/bsbm/v01/vocabulary/productFeature;http://www4.wiwiss.fu-berlin.de/bizer/bsbm/v01/instances/ProductFeature27
http://www4.wiwiss.fu-berlin.de/bizer/bsbm/v01/instances/dataFromProducer101/Product9740;http://www4.wiwiss.fu-berlin.de/bizer/bsbm/v01/vocabulary/productFeature;http://www4.wiwiss.fu-berlin.de/bizer/bsbm/v01/instances/ProductFeature31
http://www4.wiwiss.fu-berlin.de/bizer/bsbm/v01/instances/dataFromProducer101/Product9740;http://www4.wiwiss.fu-berlin.de/bizer/bsbm/v01/vocabulary/producer;http://www4.wiwiss.fu-berlin.de/bizer/bsbm/v01/instances/dataFromProducer40/Producer40
http://www4.wiwiss.fu-berlin.de/bizer/bsbm/v01/instances/dataFromProducer101/Product9740;http://purl.org/dc/elements/1.1/publisher;http://www4.wiwiss.fu-berlin.de/bizer/bsbm/v01/instances/dataFromProducer40/Producer40
http://www4.wiwiss.fu-berlin.de/bizer/bsbm/v01/instances/dataFromProducer101/Product9740;http://purl.org/dc/elements/1.1/date;2001-01-08
http://www4.wiwiss.fu-berlin.de/bizer/bsbm/v01/instances/dataFromProducer20/Product5937;http://www.w3.org/1999/02/22-rdf-syntax-ns#type;http://www4.wiwiss.fu-berlin.de/bizer/bsbm/v01/vocabulary/Product
http://www4.wiwiss.fu-berlin.de/bizer/bsbm/v01/instances/dataFromProducer20/Product5937;http://www.w3.org/1999/02/22-rdf-syntax-ns#type;http://www4.wiwiss.fu-berlin.de/bizer/bsbm/v01/instances/ProductType122
http://www4.wiwiss.fu-berlin.de/bizer/bsbm/v01/instances/dataFromProducer20/Product5937;http://www.w3.org/2000/01/rdf-schema#label;pinchers lousing
http://www4.wiwiss.fu-berlin.de/bizer/bsbm/v01/instances/dataFromProducer20/Product5937;http://www.w3.org/2000/01/rdf-schema#comment;heirlooms operating myope reechoing benumbs teacups peninsular jealousness wharfingers rondeaux intertwines germy yanking wides philologist gasiform shoers shorn womenfolk scone predigests spermatic aneurism varlet actuary curdy accommodates uncommoner exiting cheesiness leprechauns analysts unpredictable shamus shares handpick syllabubs investments travellers wedded fluking zizzles limitative nihilisms deports gloms defrocks sandblasted wrackful hospitium manillas blessedly scarcest incompleteness scuffles prettifying totalitarians pibroch anthropoid osteopathies budgeters zoomorphs surfacer instants familiarizations unwisely libidinized rinsers silkscreening sleave landform geoducks birder shashlik fertilize lurked girthed reawaken clambered drogues hopsacking deputized cheaps reenters cham uncircumcised hibernal ducky destroyed causable kneads recurs cantrips stormed rattly parching migrator gamily finalism ceramists substitutive pleadable centralism entities sequenced
http://www4.wiwiss.fu-berlin.de/bizer/bsbm/v01/instances/dataFromProducer20/Product5937;http://www4.wiwiss.fu-berlin.de/bizer/bsbm/v01/vocabulary/productPropertyNumeric1;559
http://www4.wiwiss.fu-berlin.de/bizer/bsbm/v01/instances/dataFromProducer20/Product5937;http://www4.wiwiss.fu-berlin.de/bizer/bsbm/v01/vocabulary/productPropertyNumeric2;830
http://www4.wiwiss.fu-berlin.de/bizer/bsbm/v01/instances/dataFromProducer20/Product5937;http://www4.wiwiss.fu-berlin.de/bizer/bsbm/v01/vocabulary/productPropertyNumeric3;254
http://www4.wiwiss.fu-berlin.de/bizer/bsbm/v01/instances/dataFromProducer20/Product5937;http://www4.wiwiss.fu-berlin.de/bizer/bsbm/v01/vocabulary/productPropertyNumeric4;515
http://www4.wiwiss.fu-berlin.de/bizer/bsbm/v01/instances/dataFromProducer20/Product5937;http://www4.wiwiss.fu-berlin.de/bizer/bsbm/v01/vocabulary/productPropertyNumeric5;16
http://www4.wiwiss.fu-berlin.de/bizer/bsbm/v01/instances/dataFromProducer20/Product5937;http://www4.wiwiss.fu-berlin.de/bizer/bsbm/v01/vocabulary/productPropertyTextual1;truantry dimwits travellable
http://www4.wiwiss.fu-berlin.de/bizer/bsbm/v01/instances/dataFromProducer20/Product5937;http://www4.wiwiss.fu-berlin.de/bizer/bsbm/v01/vocabulary/productPropertyTextual2;nonseasonal taxiways currentness phaser unpenetrated libelant mongeese sunward wolver bombloads dogie amatively perplexed swindler misdid
http://www4.wiwiss.fu-berlin.de/bizer/bsbm/v01/instances/dataFromProducer20/Product5937;http://www4.wiwiss.fu-berlin.de/bizer/bsbm/v01/vocabulary/productPropertyTextual3;reproducer biparted vicing catnapers practicing
http://www4.wiwiss.fu-berlin.de/bizer/bsbm/v01/instances/dataFromProducer20/Product5937;http://www4.wiwiss.fu-berlin.de/bizer/bsbm/v01/vocabulary/productPropertyTextual4;virulently southeasters burgomaster countertenors
http://www4.wiwiss.fu-berlin.de/bizer/bsbm/v01/instances/dataFromProducer20/Product5937;http://www4.wiwiss.fu-berlin.de/bizer/bsbm/v01/vocabulary/productPropertyTextual5;eviller squushing outlawing
http://www4.wiwiss.fu-berlin.de/bizer/bsbm/v01/instances/dataFromProducer20/Product5937;http://www4.wiwiss.fu-berlin.de/bizer/bsbm/v01/vocabulary/productFeature;http://www4.wiwiss.fu-berlin.de/bizer/bsbm/v01/instances/ProductFeature3800
http://www4.wiwiss.fu-berlin.de/bizer/bsbm/v01/instances/dataFromProducer20/Product5937;http://www4.wiwiss.fu-berlin.de/bizer/bsbm/v01/vocabulary/productFeature;http://www4.wiwiss.fu-berlin.de/bizer/bsbm/v01/instances/ProductFeature3811
http://www4.wiwiss.fu-berlin.de/bizer/bsbm/v01/instances/dataFromProducer20/Product5937;http://www4.wiwiss.fu-berlin.de/bizer/bsbm/v01/vocabulary/productFeature;http://www4.wiwiss.fu-berlin.de/bizer/bsbm/v01/instances/ProductFeature3819
http://www4.wiwiss.fu-berlin.de/bizer/bsbm/v01/instances/dataFromProducer20/Product5937;http://www4.wiwiss.fu-berlin.de/bizer/bsbm/v01/vocabulary/productFeature;http://www4.wiwiss.fu-berlin.de/bizer/bsbm/v01/instances/ProductFeature3821
http://www4.wiwiss.fu-berlin.de/bizer/bsbm/v01/instances/dataFromProducer20/Product5937;http://www4.wiwiss.fu-berlin.de/bizer/bsbm/v01/vocabulary/productFeature;http://www4.wiwiss.fu-berlin.de/bizer/bsbm/v01/instances/ProductFeature3822
http://www4.wiwiss.fu-berlin.de/bizer/bsbm/v01/instances/dataFromProducer20/Product5937;http://www4.wiwiss.fu-berlin.de/bizer/bsbm/v01/vocabulary/productFeature;http://www4.wiwiss.fu-berlin.de/bizer/bsbm/v01/instances/ProductFeature3835
http://www4.wiwiss.fu-berlin.de/bizer/bsbm/v01/instances/dataFromProducer20/Product5937;http://www4.wiwiss.fu-berlin.de/bizer/bsbm/v01/vocabulary/productFeature;http://www4.wiwiss.fu-berlin.de/bizer/bsbm/v01/instances/ProductFeature574
http://www4.wiwiss.fu-berlin.de/bizer/bsbm/v01/instances/dataFromProducer20/Product5937;http://www4.wiwiss.fu-berlin.de/bizer/bsbm/v01/vocabulary/productFeature;http://www4.wiwiss.fu-berlin.de/bizer/bsbm/v01/instances/ProductFeature585
http://www4.wiwiss.fu-berlin.de/bizer/bsbm/v01/instances/dataFromProducer20/Product5937;http://www4.wiwiss.fu-berlin.de/bizer/bsbm/v01/vocabulary/productFeature;http://www4.wiwiss.fu-berlin.de/bizer/bsbm/v01/instances/ProductFeature590
http://www4.wiwiss.fu-berlin.de/bizer/bsbm/v01/instances/dataFromProducer20/Product5937;http://www4.wiwiss.fu-berlin.de/bizer/bsbm/v01/vocabulary/productFeature;http://www4.wiwiss.fu-berlin.de/bizer/bsbm/v01/instances/ProductFeature592
http://www4.wiwiss.fu-berlin.de/bizer/bsbm/v01/instances/dataFromProducer20/Product5937;http://www4.wiwiss.fu-berlin.de/bizer/bsbm/v01/vocabulary/productFeature;http://www4.wiwiss.fu-berlin.de/bizer/bsbm/v01/instances/ProductFeature593
http://www4.wiwiss.fu-berlin.de/bizer/bsbm/v01/instances/dataFromProducer20/Product5937;http://www4.wiwiss.fu-berlin.de/bizer/bsbm/v01/vocabulary/productFeature;http://www4.wiwiss.fu-berlin.de/bizer/bsbm/v01/instances/ProductFeature594
http://www4.wiwiss.fu-berlin.de/bizer/bsbm/v01/instances/dataFromProducer20/Product5937;http://www4.wiwiss.fu-berlin.de/bizer/bsbm/v01/vocabulary/productFeature;http://www4.wiwiss.fu-berlin.de/bizer/bsbm/v01/instances/ProductFeature601
http://www4.wiwiss.fu-berlin.de/bizer/bsbm/v01/instances/dataFromProducer20/Product5937;http://www4.wiwiss.fu-berlin.de/bizer/bsbm/v01/vocabulary/productFeature;http://www4.wiwiss.fu-berlin.de/bizer/bsbm/v01/instances/ProductFeature602
http://www4.wiwiss.fu-berlin.de/bizer/bsbm/v01/instances/dataFromProducer20/Product5937;http://www4.wiwiss.fu-berlin.de/bizer/bsbm/v01/vocabulary/productFeature;http://www4.wiwiss.fu-berlin.de/bizer/bsbm/v01/instances/ProductFeature24
http://www4.wiwiss.fu-berlin.de/bizer/bsbm/v01/instances/dataFromProducer20/Product5937;http://www4.wiwiss.fu-berlin.de/bizer/bsbm/v01/vocabulary/productFeature;http://www4.wiwiss.fu-berlin.de/bizer/bsbm/v01/instances/ProductFeature27
http://www4.wiwiss.fu-berlin.de/bizer/bsbm/v01/instances/dataFromProducer20/Product5937;http://www4.wiwiss.fu-berlin.de/bizer/bsbm/v01/vocabulary/productFeature;http://www4.wiwiss.fu-berlin.de/bizer/bsbm/v01/instances/ProductFeature31
http://www4.wiwiss.fu-berlin.de/bizer/bsbm/v01/instances/dataFromProducer20/Product5937;http://www4.wiwiss.fu-berlin.de/bizer/bsbm/v01/vocabulary/producer;http://www4.wiwiss.fu-berlin.de/bizer/bsbm/v01/instances/dataFromProducer40/Producer40
http://www4.wiwiss.fu-berlin.de/bizer/bsbm/v01/instances/dataFromProducer20/Product5937;http://purl.org/dc/elements/1.1/publisher;http://www4.wiwiss.fu-berlin.de/bizer/bsbm/v01/instances/dataFromProducer40/Producer40
http://www4.wiwiss.fu-berlin.de/bizer/bsbm/v01/instances/dataFromProducer20/Product5937;http://purl.org/dc/elements/1.1/date;2001-01-08
http://www4.wiwiss.fu-berlin.de/bizer/bsbm/v01/instances/dataFromProducer15/Product5683;http://www.w3.org/1999/02/22-rdf-syntax-ns#type;http://www4.wiwiss.fu-berlin.de/bizer/bsbm/v01/vocabulary/Product
http://www4.wiwiss.fu-berlin.de/bizer/bsbm/v01/instances/dataFromProducer15/Product5683;http://www.w3.org/1999/02/22-rdf-syntax-ns#type;http://www4.wiwiss.fu-berlin.de/bizer/bsbm/v01/instances/ProductType122
http://www4.wiwiss.fu-berlin.de/bizer/bsbm/v01/instances/dataFromProducer15/Product5683;http://www.w3.org/2000/01/rdf-schema#label;pinchers lousing
http://www4.wiwiss.fu-berlin.de/bizer/bsbm/v01/instances/dataFromProducer15/Product5683;http://www.w3.org/2000/01/rdf-schema#comment;heirlooms operating myope reechoing benumbs teacups peninsular jealousness wharfingers rondeaux intertwines germy yanking wides philologist gasiform shoers shorn womenfolk scone predigests spermatic aneurism varlet actuary curdy accommodates uncommoner exiting cheesiness leprechauns analysts unpredictable shamus shares handpick syllabubs investments travellers wedded fluking zizzles limitative nihilisms deports gloms defrocks sandblasted wrackful hospitium manillas blessedly scarcest incompleteness scuffles prettifying totalitarians pibroch anthropoid osteopathies budgeters zoomorphs surfacer instants familiarizations unwisely libidinized rinsers silkscreening sleave landform geoducks birder shashlik fertilize lurked girthed reawaken clambered drogues hopsacking deputized cheaps reenters cham uncircumcised hibernal ducky destroyed causable kneads recurs cantrips stormed rattly parching migrator gamily finalism ceramists substitutive pleadable centralism entities sequenced
http://www4.wiwiss.fu-berlin.de/bizer/bsbm/v01/instances/dataFromProducer15/Product5683;http://www4.wiwiss.fu-berlin.de/bizer/bsbm/v01/vocabulary/productPropertyNumeric1;559
http://www4.wiwiss.fu-berlin.de/bizer/bsbm/v01/instances/dataFromProducer15/Product5683;http://www4.wiwiss.fu-berlin.de/bizer/bsbm/v01/vocabulary/productPropertyNumeric2;830
http://www4.wiwiss.fu-berlin.de/bizer/bsbm/v01/instances/dataFromProducer15/Product5683;http://www4.wiwiss.fu-berlin.de/bizer/bsbm/v01/vocabulary/productPropertyNumeric3;254
http://www4.wiwiss.fu-berlin.de/bizer/bsbm/v01/instances/dataFromProducer15/Product5683;http://www4.wiwiss.fu-berlin.de/bizer/bsbm/v01/vocabulary/productPropertyNumeric4;515
http://www4.wiwiss.fu-berlin.de/bizer/bsbm/v01/instances/dataFromProducer15/Product5683;http://www4.wiwiss.fu-berlin.de/bizer/bsbm/v01/vocabulary/productPropertyNumeric5;16
http://www4.wiwiss.fu-berlin.de/bizer/bsbm/v01/instances/dataFromProducer15/Product5683;http://www4.wiwiss.fu-berlin.de/bizer/bsbm/v01/vocabulary/productPropertyTextual1;truantry dimwits travellable
http://www4.wiwiss.fu-berlin.de/bizer/bsbm/v01/instances/dataFromProducer15/Product5683;http://www4.wiwiss.fu-berlin.de/bizer/bsbm/v01/vocabulary/productPropertyTextual2;nonseasonal taxiways currentness phaser unpenetrated libelant mongeese sunward wolver bombloads dogie amatively perplexed swindler misdid
http://www4.wiwiss.fu-berlin.de/bizer/bsbm/v01/instances/dataFromProducer15/Product5683;http://www4.wiwiss.fu-berlin.de/bizer/bsbm/v01/vocabulary/productPropertyTextual3;reproducer biparted vicing catnapers practicing
http://www4.wiwiss.fu-berlin.de/bizer/bsbm/v01/instances/dataFromProducer15/Product5683;http://www4.wiwiss.fu-berlin.de/bizer/bsbm/v01/vocabulary/productPropertyTextual4;virulently southeasters burgomaster countertenors
http://www4.wiwiss.fu-berlin.de/bizer/bsbm/v01/instances/dataFromProducer15/Product5683;http://www4.wiwiss.fu-berlin.de/bizer/bsbm/v01/vocabulary/productPropertyTextual5;eviller squushing outlawing
http://www4.wiwiss.fu-berlin.de/bizer/bsbm/v01/instances/dataFromProducer15/Product5683;http://www4.wiwiss.fu-berlin.de/bizer/bsbm/v01/vocabulary/productFeature;http://www4.wiwiss.fu-berlin.de/bizer/bsbm/v01/instances/ProductFeature3800
http://www4.wiwiss.fu-berlin.de/bizer/bsbm/v01/instances/dataFromProducer15/Product5683;http://www4.wiwiss.fu-berlin.de/bizer/bsbm/v01/vocabulary/productFeature;http://www4.wiwiss.fu-berlin.de/bizer/bsbm/v01/instances/ProductFeature3811
http://www4.wiwiss.fu-berlin.de/bizer/bsbm/v01/instances/dataFromProducer15/Product5683;http://www4.wiwiss.fu-berlin.de/bizer/bsbm/v01/vocabulary/productFeature;http://www4.wiwiss.fu-berlin.de/bizer/bsbm/v01/instances/ProductFeature3819
http://www4.wiwiss.fu-berlin.de/bizer/bsbm/v01/instances/dataFromProducer15/Product5683;http://www4.wiwiss.fu-berlin.de/bizer/bsbm/v01/vocabulary/productFeature;http://www4.wiwiss.fu-berlin.de/bizer/bsbm/v01/instances/ProductFeature3821
http://www4.wiwiss.fu-berlin.de/bizer/bsbm/v01/instances/dataFromProducer15/Product5683;http://www4.wiwiss.fu-berlin.de/bizer/bsbm/v01/vocabulary/productFeature;http://www4.wiwiss.fu-berlin.de/bizer/bsbm/v01/instances/ProductFeature3822
http://www4.wiwiss.fu-berlin.de/bizer/bsbm/v01/instances/dataFromProducer15/Product5683;http://www4.wiwiss.fu-berlin.de/bizer/bsbm/v01/vocabulary/productFeature;http://www4.wiwiss.fu-berlin.de/bizer/bsbm/v01/instances/ProductFeature3835
http://www4.wiwiss.fu-berlin.de/bizer/bsbm/v01/instances/dataFromProducer15/Product5683;http://www4.wiwiss.fu-berlin.de/bizer/bsbm/v01/vocabulary/productFeature;http://www4.wiwiss.fu-berlin.de/bizer/bsbm/v01/instances/ProductFeature574
http://www4.wiwiss.fu-berlin.de/bizer/bsbm/v01/instances/dataFromProducer15/Product5683;http://www4.wiwiss.fu-berlin.de/bizer/bsbm/v01/vocabulary/productFeature;http://www4.wiwiss.fu-berlin.de/bizer/bsbm/v01/instances/ProductFeature585
http://www4.wiwiss.fu-berlin.de/bizer/bsbm/v01/instances/dataFromProducer15/Product5683;http://www4.wiwiss.fu-berlin.de/bizer/bsbm/v01/vocabulary/productFeature;http://www4.wiwiss.fu-berlin.de/bizer/bsbm/v01/instances/ProductFeature590
http://www4.wiwiss.fu-berlin.de/bizer/bsbm/v01/instances/dataFromProducer15/Product5683;http://www4.wiwiss.fu-berlin.de/bizer/bsbm/v01/vocabulary/productFeature;http://www4.wiwiss.fu-berlin.de/bizer/bsbm/v01/instances/ProductFeature592
http://www4.wiwiss.fu-berlin.de/bizer/bsbm/v01/instances/dataFromProducer15/Product5683;http://www4.wiwiss.fu-berlin.de/bizer/bsbm/v01/vocabulary/productFeature;http://www4.wiwiss.fu-berlin.de/bizer/bsbm/v01/instances/ProductFeature593
http://www4.wiwiss.fu-berlin.de/bizer/bsbm/v01/instances/dataFromProducer15/Product5683;http://www4.wiwiss.fu-berlin.de/bizer/bsbm/v01/vocabulary/productFeature;http://www4.wiwiss.fu-berlin.de/bizer/bsbm/v01/instances/ProductFeature594
http://www4.wiwiss.fu-berlin.de/bizer/bsbm/v01/instances/dataFromProducer15/Product5683;http://www4.wiwiss.fu-berlin.de/bizer/bsbm/v01/vocabulary/productFeature;http://www4.wiwiss.fu-berlin.de/bizer/bsbm/v01/instances/ProductFeature601
http://www4.wiwiss.fu-berlin.de/bizer/bsbm/v01/instances/dataFromProducer15/Product5683;http://www4.wiwiss.fu-berlin.de/bizer/bsbm/v01/vocabulary/productFeature;http://www4.wiwiss.fu-berlin.de/bizer/bsbm/v01/instances/ProductFeature602
http://www4.wiwiss.fu-berlin.de/bizer/bsbm/v01/instances/dataFromProducer15/Product5683;http://www4.wiwiss.fu-berlin.de/bizer/bsbm/v01/vocabulary/productFeature;http://www4.wiwiss.fu-berlin.de/bizer/bsbm/v01/instances/ProductFeature24
http://www4.wiwiss.fu-berlin.de/bizer/bsbm/v01/instances/dataFromProducer15/Product5683;http://www4.wiwiss.fu-berlin.de/bizer/bsbm/v01/vocabulary/productFeature;http://www4.wiwiss.fu-berlin.de/bizer/bsbm/v01/instances/ProductFeature27
http://www4.wiwiss.fu-berlin.de/bizer/bsbm/v01/instances/dataFromProducer15/Product5683;http://www4.wiwiss.fu-berlin.de/bizer/bsbm/v01/vocabulary/productFeature;http://www4.wiwiss.fu-berlin.de/bizer/bsbm/v01/instances/ProductFeature31
http://www4.wiwiss.fu-berlin.de/bizer/bsbm/v01/instances/dataFromProducer15/Product5683;http://www4.wiwiss.fu-berlin.de/bizer/bsbm/v01/vocabulary/producer;http://www4.wiwiss.fu-berlin.de/bizer/bsbm/v01/instances/dataFromProducer40/Producer40
http://www4.wiwiss.fu-berlin.de/bizer/bsbm/v01/instances/dataFromProducer15/Product5683;http://purl.org/dc/elements/1.1/publisher;http://www4.wiwiss.fu-berlin.de/bizer/bsbm/v01/instances/dataFromProducer40/Producer40
http://www4.wiwiss.fu-berlin.de/bizer/bsbm/v01/instances/dataFromProducer15/Product5683;http://purl.org/dc/elements/1.1/date;2001-01-08
http://www4.wiwiss.fu-berlin.de/bizer/bsbm/v01/instances/dataFromProducer36/Product6606;http://www.w3.org/1999/02/22-rdf-syntax-ns#type;http://www4.wiwiss.fu-berlin.de/bizer/bsbm/v01/vocabulary/Product
http://www4.wiwiss.fu-berlin.de/bizer/bsbm/v01/instances/dataFromProducer36/Product6606;http://www.w3.org/1999/02/22-rdf-syntax-ns#type;http://www4.wiwiss.fu-berlin.de/bizer/bsbm/v01/instances/ProductType122
http://www4.wiwiss.fu-berlin.de/bizer/bsbm/v01/instances/dataFromProducer36/Product6606;http://www.w3.org/2000/01/rdf-schema#label;pinchers lousing
http://www4.wiwiss.fu-berlin.de/bizer/bsbm/v01/instances/dataFromProducer36/Product6606;http://www.w3.org/2000/01/rdf-schema#comment;heirlooms operating myope reechoing benumbs teacups peninsular jealousness wharfingers rondeaux intertwines germy yanking wides philologist gasiform shoers shorn womenfolk scone predigests spermatic aneurism varlet actuary curdy accommodates uncommoner exiting cheesiness leprechauns analysts unpredictable shamus shares handpick syllabubs investments travellers wedded fluking zizzles limitative nihilisms deports gloms defrocks sandblasted wrackful hospitium manillas blessedly scarcest incompleteness scuffles prettifying totalitarians pibroch anthropoid osteopathies budgeters zoomorphs surfacer instants familiarizations unwisely libidinized rinsers silkscreening sleave landform geoducks birder shashlik fertilize lurked girthed reawaken clambered drogues hopsacking deputized cheaps reenters cham uncircumcised hibernal ducky destroyed causable kneads recurs cantrips stormed rattly parching migrator gamily finalism ceramists substitutive pleadable centralism entities sequenced
http://www4.wiwiss.fu-berlin.de/bizer/bsbm/v01/instances/dataFromProducer36/Product6606;http://www4.wiwiss.fu-berlin.de/bizer/bsbm/v01/vocabulary/productPropertyNumeric1;559
http://www4.wiwiss.fu-berlin.de/bizer/bsbm/v01/instances/dataFromProducer36/Product6606;http://www4.wiwiss.fu-berlin.de/bizer/bsbm/v01/vocabulary/productPropertyNumeric2;830
http://www4.wiwiss.fu-berlin.de/bizer/bsbm/v01/instances/dataFromProducer36/Product6606;http://www4.wiwiss.fu-berlin.de/bizer/bsbm/v01/vocabulary/productPropertyNumeric3;254
http://www4.wiwiss.fu-berlin.de/bizer/bsbm/v01/instances/dataFromProducer36/Product6606;http://www4.wiwiss.fu-berlin.de/bizer/bsbm/v01/vocabulary/productPropertyNumeric4;515
http://www4.wiwiss.fu-berlin.de/bizer/bsbm/v01/instances/dataFromProducer36/Product6606;http://www4.wiwiss.fu-berlin.de/bizer/bsbm/v01/vocabulary/productPropertyNumeric5;16
http://www4.wiwiss.fu-berlin.de/bizer/bsbm/v01/instances/dataFromProducer36/Product6606;http://www4.wiwiss.fu-berlin.de/bizer/bsbm/v01/vocabulary/productPropertyTextual1;truantry dimwits travellable
http://www4.wiwiss.fu-berlin.de/bizer/bsbm/v01/instances/dataFromProducer36/Product6606;http://www4.wiwiss.fu-berlin.de/bizer/bsbm/v01/vocabulary/productPropertyTextual2;nonseasonal taxiways currentness phaser unpenetrated libelant mongeese sunward wolver bombloads dogie amatively perplexed swindler misdid
http://www4.wiwiss.fu-berlin.de/bizer/bsbm/v01/instances/dataFromProducer36/Product6606;http://www4.wiwiss.fu-berlin.de/bizer/bsbm/v01/vocabulary/productPropertyTextual3;reproducer biparted vicing catnapers practicing
http://www4.wiwiss.fu-berlin.de/bizer/bsbm/v01/instances/dataFromProducer36/Product6606;http://www4.wiwiss.fu-berlin.de/bizer/bsbm/v01/vocabulary/productPropertyTextual4;virulently southeasters burgomaster countertenors
http://www4.wiwiss.fu-berlin.de/bizer/bsbm/v01/instances/dataFromProducer36/Product6606;http://www4.wiwiss.fu-berlin.de/bizer/bsbm/v01/vocabulary/productPropertyTextual5;eviller squushing outlawing
http://www4.wiwiss.fu-berlin.de/bizer/bsbm/v01/instances/dataFromProducer36/Product6606;http://www4.wiwiss.fu-berlin.de/bizer/bsbm/v01/vocabulary/productFeature;http://www4.wiwiss.fu-berlin.de/bizer/bsbm/v01/instances/ProductFeature3800
http://www4.wiwiss.fu-berlin.de/bizer/bsbm/v01/instances/dataFromProducer36/Product6606;http://www4.wiwiss.fu-berlin.de/bizer/bsbm/v01/vocabulary/productFeature;http://www4.wiwiss.fu-berlin.de/bizer/bsbm/v01/instances/ProductFeature3811
http://www4.wiwiss.fu-berlin.de/bizer/bsbm/v01/instances/dataFromProducer36/Product6606;http://www4.wiwiss.fu-berlin.de/bizer/bsbm/v01/vocabulary/productFeature;http://www4.wiwiss.fu-berlin.de/bizer/bsbm/v01/instances/ProductFeature3819
http://www4.wiwiss.fu-berlin.de/bizer/bsbm/v01/instances/dataFromProducer36/Product6606;http://www4.wiwiss.fu-berlin.de/bizer/bsbm/v01/vocabulary/productFeature;http://www4.wiwiss.fu-berlin.de/bizer/bsbm/v01/instances/ProductFeature3821
http://www4.wiwiss.fu-berlin.de/bizer/bsbm/v01/instances/dataFromProducer36/Product6606;http://www4.wiwiss.fu-berlin.de/bizer/bsbm/v01/vocabulary/productFeature;http://www4.wiwiss.fu-berlin.de/bizer/bsbm/v01/instances/ProductFeature3822
http://www4.wiwiss.fu-berlin.de/bizer/bsbm/v01/instances/dataFromProducer36/Product6606;http://www4.wiwiss.fu-berlin.de/bizer/bsbm/v01/vocabulary/productFeature;http://www4.wiwiss.fu-berlin.de/bizer/bsbm/v01/instances/ProductFeature3835
http://www4.wiwiss.fu-berlin.de/bizer/bsbm/v01/instances/dataFromProducer36/Product6606;http://www4.wiwiss.fu-berlin.de/bizer/bsbm/v01/vocabulary/productFeature;http://www4.wiwiss.fu-berlin.de/bizer/bsbm/v01/instances/ProductFeature574
http://www4.wiwiss.fu-berlin.de/bizer/bsbm/v01/instances/dataFromProducer36/Product6606;http://www4.wiwiss.fu-berlin.de/bizer/bsbm/v01/vocabulary/productFeature;http://www4.wiwiss.fu-berlin.de/bizer/bsbm/v01/instances/ProductFeature585
http://www4.wiwiss.fu-berlin.de/bizer/bsbm/v01/instances/dataFromProducer36/Product6606;http://www4.wiwiss.fu-berlin.de/bizer/bsbm/v01/vocabulary/productFeature;http://www4.wiwiss.fu-berlin.de/bizer/bsbm/v01/instances/ProductFeature590
http://www4.wiwiss.fu-berlin.de/bizer/bsbm/v01/instances/dataFromProducer36/Product6606;http://www4.wiwiss.fu-berlin.de/bizer/bsbm/v01/vocabulary/productFeature;http://www4.wiwiss.fu-berlin.de/bizer/bsbm/v01/instances/ProductFeature592
http://www4.wiwiss.fu-berlin.de/bizer/bsbm/v01/instances/dataFromProducer36/Product6606;http://www4.wiwiss.fu-berlin.de/bizer/bsbm/v01/vocabulary/productFeature;http://www4.wiwiss.fu-berlin.de/bizer/bsbm/v01/instances/ProductFeature593
http://www4.wiwiss.fu-berlin.de/bizer/bsbm/v01/instances/dataFromProducer36/Product6606;http://www4.wiwiss.fu-berlin.de/bizer/bsbm/v01/vocabulary/productFeature;http://www4.wiwiss.fu-berlin.de/bizer/bsbm/v01/instances/ProductFeature594
http://www4.wiwiss.fu-berlin.de/bizer/bsbm/v01/instances/dataFromProducer36/Product6606;http://www4.wiwiss.fu-berlin.de/bizer/bsbm/v01/vocabulary/productFeature;http://www4.wiwiss.fu-berlin.de/bizer/bsbm/v01/instances/ProductFeature601
http://www4.wiwiss.fu-berlin.de/bizer/bsbm/v01/instances/dataFromProducer36/Product6606;http://www4.wiwiss.fu-berlin.de/bizer/bsbm/v01/vocabulary/productFeature;http://www4.wiwiss.fu-berlin.de/bizer/bsbm/v01/instances/ProductFeature602
http://www4.wiwiss.fu-berlin.de/bizer/bsbm/v01/instances/dataFromProducer36/Product6606;http://www4.wiwiss.fu-berlin.de/bizer/bsbm/v01/vocabulary/productFeature;http://www4.wiwiss.fu-berlin.de/bizer/bsbm/v01/instances/ProductFeature24
http://www4.wiwiss.fu-berlin.de/bizer/bsbm/v01/instances/dataFromProducer36/Product6606;http://www4.wiwiss.fu-berlin.de/bizer/bsbm/v01/vocabulary/productFeature;http://www4.wiwiss.fu-berlin.de/bizer/bsbm/v01/instances/ProductFeature27
http://www4.wiwiss.fu-berlin.de/bizer/bsbm/v01/instances/dataFromProducer36/Product6606;http://www4.wiwiss.fu-berlin.de/bizer/bsbm/v01/vocabulary/productFeature;http://www4.wiwiss.fu-berlin.de/bizer/bsbm/v01/instances/ProductFeature31
http://www4.wiwiss.fu-berlin.de/bizer/bsbm/v01/instances/dataFromProducer36/Product6606;http://www4.wiwiss.fu-berlin.de/bizer/bsbm/v01/vocabulary/producer;http://www4.wiwiss.fu-berlin.de/bizer/bsbm/v01/instances/dataFromProducer40/Producer40
http://www4.wiwiss.fu-berlin.de/bizer/bsbm/v01/instances/dataFromProducer36/Product6606;http://purl.org/dc/elements/1.1/publisher;http://www4.wiwiss.fu-berlin.de/bizer/bsbm/v01/instances/dataFromProducer40/Producer40
http://www4.wiwiss.fu-berlin.de/bizer/bsbm/v01/instances/dataFromProducer36/Product6606;http://purl.org/dc/elements/1.1/date;2001-01-08
http://www4.wiwiss.fu-berlin.de/bizer/bsbm/v01/instances/dataFromProducer74/Product8501;http://www.w3.org/1999/02/22-rdf-syntax-ns#type;http://www4.wiwiss.fu-berlin.de/bizer/bsbm/v01/vocabulary/Product
http://www4.wiwiss.fu-berlin.de/bizer/bsbm/v01/instances/dataFromProducer74/Product8501;http://www.w3.org/1999/02/22-rdf-syntax-ns#type;http://www4.wiwiss.fu-berlin.de/bizer/bsbm/v01/instances/ProductType122
http://www4.wiwiss.fu-berlin.de/bizer/bsbm/v01/instances/dataFromProducer74/Product8501;http://www.w3.org/2000/01/rdf-schema#label;pinchers lousing
http://www4.wiwiss.fu-berlin.de/bizer/bsbm/v01/instances/dataFromProducer74/Product8501;http://www.w3.org/2000/01/rdf-schema#comment;heirlooms operating myope reechoing benumbs teacups peninsular jealousness wharfingers rondeaux intertwines germy yanking wides philologist gasiform shoers shorn womenfolk scone predigests spermatic aneurism varlet actuary curdy accommodates uncommoner exiting cheesiness leprechauns analysts unpredictable shamus shares handpick syllabubs investments travellers wedded fluking zizzles limitative nihilisms deports gloms defrocks sandblasted wrackful hospitium manillas blessedly scarcest incompleteness scuffles prettifying totalitarians pibroch anthropoid osteopathies budgeters zoomorphs surfacer instants familiarizations unwisely libidinized rinsers silkscreening sleave landform geoducks birder shashlik fertilize lurked girthed reawaken clambered drogues hopsacking deputized cheaps reenters cham uncircumcised hibernal ducky destroyed causable kneads recurs cantrips stormed rattly parching migrator gamily finalism ceramists substitutive pleadable centralism entities sequenced
http://www4.wiwiss.fu-berlin.de/bizer/bsbm/v01/instances/dataFromProducer74/Product8501;http://www4.wiwiss.fu-berlin.de/bizer/bsbm/v01/vocabulary/productPropertyNumeric1;559
http://www4.wiwiss.fu-berlin.de/bizer/bsbm/v01/instances/dataFromProducer74/Product8501;http://www4.wiwiss.fu-berlin.de/bizer/bsbm/v01/vocabulary/productPropertyNumeric2;830
http://www4.wiwiss.fu-berlin.de/bizer/bsbm/v01/instances/dataFromProducer74/Product8501;http://www4.wiwiss.fu-berlin.de/bizer/bsbm/v01/vocabulary/productPropertyNumeric3;254
http://www4.wiwiss.fu-berlin.de/bizer/bsbm/v01/instances/dataFromProducer74/Product8501;http://www4.wiwiss.fu-berlin.de/bizer/bsbm/v01/vocabulary/productPropertyNumeric4;515
http://www4.wiwiss.fu-berlin.de/bizer/bsbm/v01/instances/dataFromProducer74/Product8501;http://www4.wiwiss.fu-berlin.de/bizer/bsbm/v01/vocabulary/productPropertyNumeric5;16
http://www4.wiwiss.fu-berlin.de/bizer/bsbm/v01/instances/dataFromProducer74/Product8501;http://www4.wiwiss.fu-berlin.de/bizer/bsbm/v01/vocabulary/productPropertyTextual1;truantry dimwits travellable
http://www4.wiwiss.fu-berlin.de/bizer/bsbm/v01/instances/dataFromProducer74/Product8501;http://www4.wiwiss.fu-berlin.de/bizer/bsbm/v01/vocabulary/productPropertyTextual2;nonseasonal taxiways currentness phaser unpenetrated libelant mongeese sunward wolver bombloads dogie amatively perplexed swindler misdid
http://www4.wiwiss.fu-berlin.de/bizer/bsbm/v01/instances/dataFromProducer74/Product8501;http://www4.wiwiss.fu-berlin.de/bizer/bsbm/v01/vocabulary/productPropertyTextual3;reproducer biparted vicing catnapers practicing
http://www4.wiwiss.fu-berlin.de/bizer/bsbm/v01/instances/dataFromProducer74/Product8501;http://www4.wiwiss.fu-berlin.de/bizer/bsbm/v01/vocabulary/productPropertyTextual4;virulently southeasters burgomaster countertenors
http://www4.wiwiss.fu-berlin.de/bizer/bsbm/v01/instances/dataFromProducer74/Product8501;http://www4.wiwiss.fu-berlin.de/bizer/bsbm/v01/vocabulary/productPropertyTextual5;eviller squushing outlawing
http://www4.wiwiss.fu-berlin.de/bizer/bsbm/v01/instances/dataFromProducer74/Product8501;http://www4.wiwiss.fu-berlin.de/bizer/bsbm/v01/vocabulary/productFeature;http://www4.wiwiss.fu-berlin.de/bizer/bsbm/v01/instances/ProductFeature3800
http://www4.wiwiss.fu-berlin.de/bizer/bsbm/v01/instances/dataFromProducer74/Product8501;http://www4.wiwiss.fu-berlin.de/bizer/bsbm/v01/vocabulary/productFeature;http://www4.wiwiss.fu-berlin.de/bizer/bsbm/v01/instances/ProductFeature3811
http://www4.wiwiss.fu-berlin.de/bizer/bsbm/v01/instances/dataFromProducer74/Product8501;http://www4.wiwiss.fu-berlin.de/bizer/bsbm/v01/vocabulary/productFeature;http://www4.wiwiss.fu-berlin.de/bizer/bsbm/v01/instances/ProductFeature3819
http://www4.wiwiss.fu-berlin.de/bizer/bsbm/v01/instances/dataFromProducer74/Product8501;http://www4.wiwiss.fu-berlin.de/bizer/bsbm/v01/vocabulary/productFeature;http://www4.wiwiss.fu-berlin.de/bizer/bsbm/v01/instances/ProductFeature3821
http://www4.wiwiss.fu-berlin.de/bizer/bsbm/v01/instances/dataFromProducer74/Product8501;http://www4.wiwiss.fu-berlin.de/bizer/bsbm/v01/vocabulary/productFeature;http://www4.wiwiss.fu-berlin.de/bizer/bsbm/v01/instances/ProductFeature3822
http://www4.wiwiss.fu-berlin.de/bizer/bsbm/v01/instances/dataFromProducer74/Product8501;http://www4.wiwiss.fu-berlin.de/bizer/bsbm/v01/vocabulary/productFeature;http://www4.wiwiss.fu-berlin.de/bizer/bsbm/v01/instances/ProductFeature3835
http://www4.wiwiss.fu-berlin.de/bizer/bsbm/v01/instances/dataFromProducer74/Product8501;http://www4.wiwiss.fu-berlin.de/bizer/bsbm/v01/vocabulary/productFeature;http://www4.wiwiss.fu-berlin.de/bizer/bsbm/v01/instances/ProductFeature574
http://www4.wiwiss.fu-berlin.de/bizer/bsbm/v01/instances/dataFromProducer74/Product8501;http://www4.wiwiss.fu-berlin.de/bizer/bsbm/v01/vocabulary/productFeature;http://www4.wiwiss.fu-berlin.de/bizer/bsbm/v01/instances/ProductFeature585
http://www4.wiwiss.fu-berlin.de/bizer/bsbm/v01/instances/dataFromProducer74/Product8501;http://www4.wiwiss.fu-berlin.de/bizer/bsbm/v01/vocabulary/productFeature;http://www4.wiwiss.fu-berlin.de/bizer/bsbm/v01/instances/ProductFeature590
http://www4.wiwiss.fu-berlin.de/bizer/bsbm/v01/instances/dataFromProducer74/Product8501;http://www4.wiwiss.fu-berlin.de/bizer/bsbm/v01/vocabulary/productFeature;http://www4.wiwiss.fu-berlin.de/bizer/bsbm/v01/instances/ProductFeature592
http://www4.wiwiss.fu-berlin.de/bizer/bsbm/v01/instances/dataFromProducer74/Product8501;http://www4.wiwiss.fu-berlin.de/bizer/bsbm/v01/vocabulary/productFeature;http://www4.wiwiss.fu-berlin.de/bizer/bsbm/v01/instances/ProductFeature593
http://www4.wiwiss.fu-berlin.de/bizer/bsbm/v01/instances/dataFromProducer74/Product8501;http://www4.wiwiss.fu-berlin.de/bizer/bsbm/v01/vocabulary/productFeature;http://www4.wiwiss.fu-berlin.de/bizer/bsbm/v01/instances/ProductFeature594
http://www4.wiwiss.fu-berlin.de/bizer/bsbm/v01/instances/dataFromProducer74/Product8501;http://www4.wiwiss.fu-berlin.de/bizer/bsbm/v01/vocabulary/productFeature;http://www4.wiwiss.fu-berlin.de/bizer/bsbm/v01/instances/ProductFeature601
http://www4.wiwiss.fu-berlin.de/bizer/bsbm/v01/instances/dataFromProducer74/Product8501;http://www4.wiwiss.fu-berlin.de/bizer/bsbm/v01/vocabulary/productFeature;http://www4.wiwiss.fu-berlin.de/bizer/bsbm/v01/instances/ProductFeature602
http://www4.wiwiss.fu-berlin.de/bizer/bsbm/v01/instances/dataFromProducer74/Product8501;http://www4.wiwiss.fu-berlin.de/bizer/bsbm/v01/vocabulary/productFeature;http://www4.wiwiss.fu-berlin.de/bizer/bsbm/v01/instances/ProductFeature24
http://www4.wiwiss.fu-berlin.de/bizer/bsbm/v01/instances/dataFromProducer74/Product8501;http://www4.wiwiss.fu-berlin.de/bizer/bsbm/v01/vocabulary/productFeature;http://www4.wiwiss.fu-berlin.de/bizer/bsbm/v01/instances/ProductFeature27
http://www4.wiwiss.fu-berlin.de/bizer/bsbm/v01/instances/dataFromProducer74/Product8501;http://www4.wiwiss.fu-berlin.de/bizer/bsbm/v01/vocabulary/productFeature;http://www4.wiwiss.fu-berlin.de/bizer/bsbm/v01/instances/ProductFeature31
http://www4.wiwiss.fu-berlin.de/bizer/bsbm/v01/instances/dataFromProducer74/Product8501;http://www4.wiwiss.fu-berlin.de/bizer/bsbm/v01/vocabulary/producer;http://www4.wiwiss.fu-berlin.de/bizer/bsbm/v01/instances/dataFromProducer40/Producer40
http://www4.wiwiss.fu-berlin.de/bizer/bsbm/v01/instances/dataFromProducer74/Product8501;http://purl.org/dc/elements/1.1/publisher;http://www4.wiwiss.fu-berlin.de/bizer/bsbm/v01/instances/dataFromProducer40/Producer40
http://www4.wiwiss.fu-berlin.de/bizer/bsbm/v01/instances/dataFromProducer74/Product8501;http://purl.org/dc/elements/1.1/date;2001-01-08
http://www4.wiwiss.fu-berlin.de/bizer/bsbm/v01/instances/dataFromProducer101/Product9789;http://www.w3.org/1999/02/22-rdf-syntax-ns#type;http://www4.wiwiss.fu-berlin.de/bizer/bsbm/v01/vocabulary/Product
http://www4.wiwiss.fu-berlin.de/bizer/bsbm/v01/instances/dataFromProducer101/Product9789;http://www.w3.org/1999/02/22-rdf-syntax-ns#type;http://www4.wiwiss.fu-berlin.de/bizer/bsbm/v01/instances/ProductType122
http://www4.wiwiss.fu-berlin.de/bizer/bsbm/v01/instances/dataFromProducer101/Product9789;http://www.w3.org/2000/01/rdf-schema#label;pinchers lousing
http://www4.wiwiss.fu-berlin.de/bizer/bsbm/v01/instances/dataFromProducer101/Product9789;http://www.w3.org/2000/01/rdf-schema#comment;heirlooms operating myope reechoing benumbs teacups peninsular jealousness wharfingers rondeaux intertwines germy yanking wides philologist gasiform shoers shorn womenfolk scone predigests spermatic aneurism varlet actuary curdy accommodates uncommoner exiting cheesiness leprechauns analysts unpredictable shamus shares handpick syllabubs investments travellers wedded fluking zizzles limitative nihilisms deports gloms defrocks sandblasted wrackful hospitium manillas blessedly scarcest incompleteness scuffles prettifying totalitarians pibroch anthropoid osteopathies budgeters zoomorphs surfacer instants familiarizations unwisely libidinized rinsers silkscreening sleave landform geoducks birder shashlik fertilize lurked girthed reawaken clambered drogues hopsacking deputized cheaps reenters cham uncircumcised hibernal ducky destroyed causable kneads recurs cantrips stormed rattly parching migrator gamily finalism ceramists substitutive pleadable centralism entities sequenced
http://www4.wiwiss.fu-berlin.de/bizer/bsbm/v01/instances/dataFromProducer101/Product9789;http://www4.wiwiss.fu-berlin.de/bizer/bsbm/v01/vocabulary/productPropertyNumeric1;559
http://www4.wiwiss.fu-berlin.de/bizer/bsbm/v01/instances/dataFromProducer101/Product9789;http://www4.wiwiss.fu-berlin.de/bizer/bsbm/v01/vocabulary/productPropertyNumeric2;830
http://www4.wiwiss.fu-berlin.de/bizer/bsbm/v01/instances/dataFromProducer101/Product9789;http://www4.wiwiss.fu-berlin.de/bizer/bsbm/v01/vocabulary/productPropertyNumeric3;254
http://www4.wiwiss.fu-berlin.de/bizer/bsbm/v01/instances/dataFromProducer101/Product9789;http://www4.wiwiss.fu-berlin.de/bizer/bsbm/v01/vocabulary/productPropertyNumeric4;515
http://www4.wiwiss.fu-berlin.de/bizer/bsbm/v01/instances/dataFromProducer101/Product9789;http://www4.wiwiss.fu-berlin.de/bizer/bsbm/v01/vocabulary/productPropertyNumeric5;16
http://www4.wiwiss.fu-berlin.de/bizer/bsbm/v01/instances/dataFromProducer101/Product9789;http://www4.wiwiss.fu-berlin.de/bizer/bsbm/v01/vocabulary/productPropertyTextual1;truantry dimwits travellable
http://www4.wiwiss.fu-berlin.de/bizer/bsbm/v01/instances/dataFromProducer101/Product9789;http://www4.wiwiss.fu-berlin.de/bizer/bsbm/v01/vocabulary/productPropertyTextual2;nonseasonal taxiways currentness phaser unpenetrated libelant mongeese sunward wolver bombloads dogie amatively perplexed swindler misdid
http://www4.wiwiss.fu-berlin.de/bizer/bsbm/v01/instances/dataFromProducer101/Product9789;http://www4.wiwiss.fu-berlin.de/bizer/bsbm/v01/vocabulary/productPropertyTextual3;reproducer biparted vicing catnapers practicing
http://www4.wiwiss.fu-berlin.de/bizer/bsbm/v01/instances/dataFromProducer101/Product9789;http://www4.wiwiss.fu-berlin.de/bizer/bsbm/v01/vocabulary/productPropertyTextual4;virulently southeasters burgomaster countertenors
http://www4.wiwiss.fu-berlin.de/bizer/bsbm/v01/instances/dataFromProducer101/Product9789;http://www4.wiwiss.fu-berlin.de/bizer/bsbm/v01/vocabulary/productPropertyTextual5;eviller squushing outlawing
http://www4.wiwiss.fu-berlin.de/bizer/bsbm/v01/instances/dataFromProducer101/Product9789;http://www4.wiwiss.fu-berlin.de/bizer/bsbm/v01/vocabulary/productFeature;http://www4.wiwiss.fu-berlin.de/bizer/bsbm/v01/instances/ProductFeature3800
http://www4.wiwiss.fu-berlin.de/bizer/bsbm/v01/instances/dataFromProducer101/Product9789;http://www4.wiwiss.fu-berlin.de/bizer/bsbm/v01/vocabulary/productFeature;http://www4.wiwiss.fu-berlin.de/bizer/bsbm/v01/instances/ProductFeature3811
http://www4.wiwiss.fu-berlin.de/bizer/bsbm/v01/instances/dataFromProducer101/Product9789;http://www4.wiwiss.fu-berlin.de/bizer/bsbm/v01/vocabulary/productFeature;http://www4.wiwiss.fu-berlin.de/bizer/bsbm/v01/instances/ProductFeature3819
http://www4.wiwiss.fu-berlin.de/bizer/bsbm/v01/instances/dataFromProducer101/Product9789;http://www4.wiwiss.fu-berlin.de/bizer/bsbm/v01/vocabulary/productFeature;http://www4.wiwiss.fu-berlin.de/bizer/bsbm/v01/instances/ProductFeature3821
http://www4.wiwiss.fu-berlin.de/bizer/bsbm/v01/instances/dataFromProducer101/Product9789;http://www4.wiwiss.fu-berlin.de/bizer/bsbm/v01/vocabulary/productFeature;http://www4.wiwiss.fu-berlin.de/bizer/bsbm/v01/instances/ProductFeature3822
http://www4.wiwiss.fu-berlin.de/bizer/bsbm/v01/instances/dataFromProducer101/Product9789;http://www4.wiwiss.fu-berlin.de/bizer/bsbm/v01/vocabulary/productFeature;http://www4.wiwiss.fu-berlin.de/bizer/bsbm/v01/instances/ProductFeature3835
http://www4.wiwiss.fu-berlin.de/bizer/bsbm/v01/instances/dataFromProducer101/Product9789;http://www4.wiwiss.fu-berlin.de/bizer/bsbm/v01/vocabulary/productFeature;http://www4.wiwiss.fu-berlin.de/bizer/bsbm/v01/instances/ProductFeature574
http://www4.wiwiss.fu-berlin.de/bizer/bsbm/v01/instances/dataFromProducer101/Product9789;http://www4.wiwiss.fu-berlin.de/bizer/bsbm/v01/vocabulary/productFeature;http://www4.wiwiss.fu-berlin.de/bizer/bsbm/v01/instances/ProductFeature585
http://www4.wiwiss.fu-berlin.de/bizer/bsbm/v01/instances/dataFromProducer101/Product9789;http://www4.wiwiss.fu-berlin.de/bizer/bsbm/v01/vocabulary/productFeature;http://www4.wiwiss.fu-berlin.de/bizer/bsbm/v01/instances/ProductFeature590
http://www4.wiwiss.fu-berlin.de/bizer/bsbm/v01/instances/dataFromProducer101/Product9789;http://www4.wiwiss.fu-berlin.de/bizer/bsbm/v01/vocabulary/productFeature;http://www4.wiwiss.fu-berlin.de/bizer/bsbm/v01/instances/ProductFeature592
http://www4.wiwiss.fu-berlin.de/bizer/bsbm/v01/instances/dataFromProducer101/Product9789;http://www4.wiwiss.fu-berlin.de/bizer/bsbm/v01/vocabulary/productFeature;http://www4.wiwiss.fu-berlin.de/bizer/bsbm/v01/instances/ProductFeature593
http://www4.wiwiss.fu-berlin.de/bizer/bsbm/v01/instances/dataFromProducer101/Product9789;http://www4.wiwiss.fu-berlin.de/bizer/bsbm/v01/vocabulary/productFeature;http://www4.wiwiss.fu-berlin.de/bizer/bsbm/v01/instances/ProductFeature594
http://www4.wiwiss.fu-berlin.de/bizer/bsbm/v01/instances/dataFromProducer101/Product9789;http://www4.wiwiss.fu-berlin.de/bizer/bsbm/v01/vocabulary/productFeature;http://www4.wiwiss.fu-berlin.de/bizer/bsbm/v01/instances/ProductFeature601
http://www4.wiwiss.fu-berlin.de/bizer/bsbm/v01/instances/dataFromProducer101/Product9789;http://www4.wiwiss.fu-berlin.de/bizer/bsbm/v01/vocabulary/productFeature;http://www4.wiwiss.fu-berlin.de/bizer/bsbm/v01/instances/ProductFeature602
http://www4.wiwiss.fu-berlin.de/bizer/bsbm/v01/instances/dataFromProducer101/Product9789;http://www4.wiwiss.fu-berlin.de/bizer/bsbm/v01/vocabulary/productFeature;http://www4.wiwiss.fu-berlin.de/bizer/bsbm/v01/instances/ProductFeature24
http://www4.wiwiss.fu-berlin.de/bizer/bsbm/v01/instances/dataFromProducer101/Product9789;http://www4.wiwiss.fu-berlin.de/bizer/bsbm/v01/vocabulary/productFeature;http://www4.wiwiss.fu-berlin.de/bizer/bsbm/v01/instances/ProductFeature27
http://www4.wiwiss.fu-berlin.de/bizer/bsbm/v01/instances/dataFromProducer101/Product9789;http://www4.wiwiss.fu-berlin.de/bizer/bsbm/v01/vocabulary/productFeature;http://www4.wiwiss.fu-berlin.de/bizer/bsbm/v01/instances/ProductFeature31
http://www4.wiwiss.fu-berlin.de/bizer/bsbm/v01/instances/dataFromProducer101/Product9789;http://www4.wiwiss.fu-berlin.de/bizer/bsbm/v01/vocabulary/producer;http://www4.wiwiss.fu-berlin.de/bizer/bsbm/v01/instances/dataFromProducer40/Producer40
http://www4.wiwiss.fu-berlin.de/bizer/bsbm/v01/instances/dataFromProducer101/Product9789;http://purl.org/dc/elements/1.1/publisher;http://www4.wiwiss.fu-berlin.de/bizer/bsbm/v01/instances/dataFromProducer40/Producer40
http://www4.wiwiss.fu-berlin.de/bizer/bsbm/v01/instances/dataFromProducer101/Product9789;http://purl.org/dc/elements/1.1/date;2001-01-08
http://www4.wiwiss.fu-berlin.de/bizer/bsbm/v01/instances/dataFromProducer62/Product7896;http://www.w3.org/1999/02/22-rdf-syntax-ns#type;http://www4.wiwiss.fu-berlin.de/bizer/bsbm/v01/vocabulary/Product
http://www4.wiwiss.fu-berlin.de/bizer/bsbm/v01/instances/dataFromProducer62/Product7896;http://www.w3.org/1999/02/22-rdf-syntax-ns#type;http://www4.wiwiss.fu-berlin.de/bizer/bsbm/v01/instances/ProductType122
http://www4.wiwiss.fu-berlin.de/bizer/bsbm/v01/instances/dataFromProducer62/Product7896;http://www.w3.org/2000/01/rdf-schema#label;pinchers lousing
http://www4.wiwiss.fu-berlin.de/bizer/bsbm/v01/instances/dataFromProducer62/Product7896;http://www.w3.org/2000/01/rdf-schema#comment;heirlooms operating myope reechoing benumbs teacups peninsular jealousness wharfingers rondeaux intertwines germy yanking wides philologist gasiform shoers shorn womenfolk scone predigests spermatic aneurism varlet actuary curdy accommodates uncommoner exiting cheesiness leprechauns analysts unpredictable shamus shares handpick syllabubs investments travellers wedded fluking zizzles limitative nihilisms deports gloms defrocks sandblasted wrackful hospitium manillas blessedly scarcest incompleteness scuffles prettifying totalitarians pibroch anthropoid osteopathies budgeters zoomorphs surfacer instants familiarizations unwisely libidinized rinsers silkscreening sleave landform geoducks birder shashlik fertilize lurked girthed reawaken clambered drogues hopsacking deputized cheaps reenters cham uncircumcised hibernal ducky destroyed causable kneads recurs cantrips stormed rattly parching migrator gamily finalism ceramists substitutive pleadable centralism entities sequenced
http://www4.wiwiss.fu-berlin.de/bizer/bsbm/v01/instances/dataFromProducer62/Product7896;http://www4.wiwiss.fu-berlin.de/bizer/bsbm/v01/vocabulary/productPropertyNumeric1;559
http://www4.wiwiss.fu-berlin.de/bizer/bsbm/v01/instances/dataFromProducer62/Product7896;http://www4.wiwiss.fu-berlin.de/bizer/bsbm/v01/vocabulary/productPropertyNumeric2;830
http://www4.wiwiss.fu-berlin.de/bizer/bsbm/v01/instances/dataFromProducer62/Product7896;http://www4.wiwiss.fu-berlin.de/bizer/bsbm/v01/vocabulary/productPropertyNumeric3;254
http://www4.wiwiss.fu-berlin.de/bizer/bsbm/v01/instances/dataFromProducer62/Product7896;http://www4.wiwiss.fu-berlin.de/bizer/bsbm/v01/vocabulary/productPropertyNumeric4;515
http://www4.wiwiss.fu-berlin.de/bizer/bsbm/v01/instances/dataFromProducer62/Product7896;http://www4.wiwiss.fu-berlin.de/bizer/bsbm/v01/vocabulary/productPropertyNumeric5;16
http://www4.wiwiss.fu-berlin.de/bizer/bsbm/v01/instances/dataFromProducer62/Product7896;http://www4.wiwiss.fu-berlin.de/bizer/bsbm/v01/vocabulary/productPropertyTextual1;truantry dimwits travellable
http://www4.wiwiss.fu-berlin.de/bizer/bsbm/v01/instances/dataFromProducer62/Product7896;http://www4.wiwiss.fu-berlin.de/bizer/bsbm/v01/vocabulary/productPropertyTextual2;nonseasonal taxiways currentness phaser unpenetrated libelant mongeese sunward wolver bombloads dogie amatively perplexed swindler misdid
http://www4.wiwiss.fu-berlin.de/bizer/bsbm/v01/instances/dataFromProducer62/Product7896;http://www4.wiwiss.fu-berlin.de/bizer/bsbm/v01/vocabulary/productPropertyTextual3;reproducer biparted vicing catnapers practicing
http://www4.wiwiss.fu-berlin.de/bizer/bsbm/v01/instances/dataFromProducer62/Product7896;http://www4.wiwiss.fu-berlin.de/bizer/bsbm/v01/vocabulary/productPropertyTextual4;virulently southeasters burgomaster countertenors
http://www4.wiwiss.fu-berlin.de/bizer/bsbm/v01/instances/dataFromProducer62/Product7896;http://www4.wiwiss.fu-berlin.de/bizer/bsbm/v01/vocabulary/productPropertyTextual5;eviller squushing outlawing
http://www4.wiwiss.fu-berlin.de/bizer/bsbm/v01/instances/dataFromProducer62/Product7896;http://www4.wiwiss.fu-berlin.de/bizer/bsbm/v01/vocabulary/productFeature;http://www4.wiwiss.fu-berlin.de/bizer/bsbm/v01/instances/ProductFeature3800
http://www4.wiwiss.fu-berlin.de/bizer/bsbm/v01/instances/dataFromProducer62/Product7896;http://www4.wiwiss.fu-berlin.de/bizer/bsbm/v01/vocabulary/productFeature;http://www4.wiwiss.fu-berlin.de/bizer/bsbm/v01/instances/ProductFeature3811
http://www4.wiwiss.fu-berlin.de/bizer/bsbm/v01/instances/dataFromProducer62/Product7896;http://www4.wiwiss.fu-berlin.de/bizer/bsbm/v01/vocabulary/productFeature;http://www4.wiwiss.fu-berlin.de/bizer/bsbm/v01/instances/ProductFeature3819
http://www4.wiwiss.fu-berlin.de/bizer/bsbm/v01/instances/dataFromProducer62/Product7896;http://www4.wiwiss.fu-berlin.de/bizer/bsbm/v01/vocabulary/productFeature;http://www4.wiwiss.fu-berlin.de/bizer/bsbm/v01/instances/ProductFeature3821
http://www4.wiwiss.fu-berlin.de/bizer/bsbm/v01/instances/dataFromProducer62/Product7896;http://www4.wiwiss.fu-berlin.de/bizer/bsbm/v01/vocabulary/productFeature;http://www4.wiwiss.fu-berlin.de/bizer/bsbm/v01/instances/ProductFeature3822
http://www4.wiwiss.fu-berlin.de/bizer/bsbm/v01/instances/dataFromProducer62/Product7896;http://www4.wiwiss.fu-berlin.de/bizer/bsbm/v01/vocabulary/productFeature;http://www4.wiwiss.fu-berlin.de/bizer/bsbm/v01/instances/ProductFeature3835
http://www4.wiwiss.fu-berlin.de/bizer/bsbm/v01/instances/dataFromProducer62/Product7896;http://www4.wiwiss.fu-berlin.de/bizer/bsbm/v01/vocabulary/productFeature;http://www4.wiwiss.fu-berlin.de/bizer/bsbm/v01/instances/ProductFeature574
http://www4.wiwiss.fu-berlin.de/bizer/bsbm/v01/instances/dataFromProducer62/Product7896;http://www4.wiwiss.fu-berlin.de/bizer/bsbm/v01/vocabulary/productFeature;http://www4.wiwiss.fu-berlin.de/bizer/bsbm/v01/instances/ProductFeature585
http://www4.wiwiss.fu-berlin.de/bizer/bsbm/v01/instances/dataFromProducer62/Product7896;http://www4.wiwiss.fu-berlin.de/bizer/bsbm/v01/vocabulary/productFeature;http://www4.wiwiss.fu-berlin.de/bizer/bsbm/v01/instances/ProductFeature590
http://www4.wiwiss.fu-berlin.de/bizer/bsbm/v01/instances/dataFromProducer62/Product7896;http://www4.wiwiss.fu-berlin.de/bizer/bsbm/v01/vocabulary/productFeature;http://www4.wiwiss.fu-berlin.de/bizer/bsbm/v01/instances/ProductFeature592
http://www4.wiwiss.fu-berlin.de/bizer/bsbm/v01/instances/dataFromProducer62/Product7896;http://www4.wiwiss.fu-berlin.de/bizer/bsbm/v01/vocabulary/productFeature;http://www4.wiwiss.fu-berlin.de/bizer/bsbm/v01/instances/ProductFeature593
http://www4.wiwiss.fu-berlin.de/bizer/bsbm/v01/instances/dataFromProducer62/Product7896;http://www4.wiwiss.fu-berlin.de/bizer/bsbm/v01/vocabulary/productFeature;http://www4.wiwiss.fu-berlin.de/bizer/bsbm/v01/instances/ProductFeature594
http://www4.wiwiss.fu-berlin.de/bizer/bsbm/v01/instances/dataFromProducer62/Product7896;http://www4.wiwiss.fu-berlin.de/bizer/bsbm/v01/vocabulary/productFeature;http://www4.wiwiss.fu-berlin.de/bizer/bsbm/v01/instances/ProductFeature601
http://www4.wiwiss.fu-berlin.de/bizer/bsbm/v01/instances/dataFromProducer62/Product7896;http://www4.wiwiss.fu-berlin.de/bizer/bsbm/v01/vocabulary/productFeature;http://www4.wiwiss.fu-berlin.de/bizer/bsbm/v01/instances/ProductFeature602
http://www4.wiwiss.fu-berlin.de/bizer/bsbm/v01/instances/dataFromProducer62/Product7896;http://www4.wiwiss.fu-berlin.de/bizer/bsbm/v01/vocabulary/productFeature;http://www4.wiwiss.fu-berlin.de/bizer/bsbm/v01/instances/ProductFeature24
http://www4.wiwiss.fu-berlin.de/bizer/bsbm/v01/instances/dataFromProducer62/Product7896;http://www4.wiwiss.fu-berlin.de/bizer/bsbm/v01/vocabulary/productFeature;http://www4.wiwiss.fu-berlin.de/bizer/bsbm/v01/instances/ProductFeature27
http://www4.wiwiss.fu-berlin.de/bizer/bsbm/v01/instances/dataFromProducer62/Product7896;http://www4.wiwiss.fu-berlin.de/bizer/bsbm/v01/vocabulary/productFeature;http://www4.wiwiss.fu-berlin.de/bizer/bsbm/v01/instances/ProductFeature31
http://www4.wiwiss.fu-berlin.de/bizer/bsbm/v01/instances/dataFromProducer62/Product7896;http://www4.wiwiss.fu-berlin.de/bizer/bsbm/v01/vocabulary/producer;http://www4.wiwiss.fu-berlin.de/bizer/bsbm/v01/instances/dataFromProducer40/Producer40
http://www4.wiwiss.fu-berlin.de/bizer/bsbm/v01/instances/dataFromProducer62/Product7896;http://purl.org/dc/elements/1.1/publisher;http://www4.wiwiss.fu-berlin.de/bizer/bsbm/v01/instances/dataFromProducer40/Producer40
http://www4.wiwiss.fu-berlin.de/bizer/bsbm/v01/instances/dataFromProducer62/Product7896;http://purl.org/dc/elements/1.1/date;2001-01-08
http://www4.wiwiss.fu-berlin.de/bizer/bsbm/v01/instances/dataFromProducer26/Product6247;http://www.w3.org/1999/02/22-rdf-syntax-ns#type;http://www4.wiwiss.fu-berlin.de/bizer/bsbm/v01/vocabulary/Product
http://www4.wiwiss.fu-berlin.de/bizer/bsbm/v01/instances/dataFromProducer26/Product6247;http://www.w3.org/1999/02/22-rdf-syntax-ns#type;http://www4.wiwiss.fu-berlin.de/bizer/bsbm/v01/instances/ProductType122
http://www4.wiwiss.fu-berlin.de/bizer/bsbm/v01/instances/dataFromProducer26/Product6247;http://www.w3.org/2000/01/rdf-schema#label;pinchers lousing
http://www4.wiwiss.fu-berlin.de/bizer/bsbm/v01/instances/dataFromProducer26/Product6247;http://www.w3.org/2000/01/rdf-schema#comment;heirlooms operating myope reechoing benumbs teacups peninsular jealousness wharfingers rondeaux intertwines germy yanking wides philologist gasiform shoers shorn womenfolk scone predigests spermatic aneurism varlet actuary curdy accommodates uncommoner exiting cheesiness leprechauns analysts unpredictable shamus shares handpick syllabubs investments travellers wedded fluking zizzles limitative nihilisms deports gloms defrocks sandblasted wrackful hospitium manillas blessedly scarcest incompleteness scuffles prettifying totalitarians pibroch anthropoid osteopathies budgeters zoomorphs surfacer instants familiarizations unwisely libidinized rinsers silkscreening sleave landform geoducks birder shashlik fertilize lurked girthed reawaken clambered drogues hopsacking deputized cheaps reenters cham uncircumcised hibernal ducky destroyed causable kneads recurs cantrips stormed rattly parching migrator gamily finalism ceramists substitutive pleadable centralism entities sequenced
http://www4.wiwiss.fu-berlin.de/bizer/bsbm/v01/instances/dataFromProducer26/Product6247;http://www4.wiwiss.fu-berlin.de/bizer/bsbm/v01/vocabulary/productPropertyNumeric1;559
http://www4.wiwiss.fu-berlin.de/bizer/bsbm/v01/instances/dataFromProducer26/Product6247;http://www4.wiwiss.fu-berlin.de/bizer/bsbm/v01/vocabulary/productPropertyNumeric2;830
http://www4.wiwiss.fu-berlin.de/bizer/bsbm/v01/instances/dataFromProducer26/Product6247;http://www4.wiwiss.fu-berlin.de/bizer/bsbm/v01/vocabulary/productPropertyNumeric3;254
http://www4.wiwiss.fu-berlin.de/bizer/bsbm/v01/instances/dataFromProducer26/Product6247;http://www4.wiwiss.fu-berlin.de/bizer/bsbm/v01/vocabulary/productPropertyNumeric4;515
http://www4.wiwiss.fu-berlin.de/bizer/bsbm/v01/instances/dataFromProducer26/Product6247;http://www4.wiwiss.fu-berlin.de/bizer/bsbm/v01/vocabulary/productPropertyNumeric5;16
http://www4.wiwiss.fu-berlin.de/bizer/bsbm/v01/instances/dataFromProducer26/Product6247;http://www4.wiwiss.fu-berlin.de/bizer/bsbm/v01/vocabulary/productPropertyTextual1;truantry dimwits travellable
http://www4.wiwiss.fu-berlin.de/bizer/bsbm/v01/instances/dataFromProducer26/Product6247;http://www4.wiwiss.fu-berlin.de/bizer/bsbm/v01/vocabulary/productPropertyTextual2;nonseasonal taxiways currentness phaser unpenetrated libelant mongeese sunward wolver bombloads dogie amatively perplexed swindler misdid
http://www4.wiwiss.fu-berlin.de/bizer/bsbm/v01/instances/dataFromProducer26/Product6247;http://www4.wiwiss.fu-berlin.de/bizer/bsbm/v01/vocabulary/productPropertyTextual3;reproducer biparted vicing catnapers practicing
http://www4.wiwiss.fu-berlin.de/bizer/bsbm/v01/instances/dataFromProducer26/Product6247;http://www4.wiwiss.fu-berlin.de/bizer/bsbm/v01/vocabulary/productPropertyTextual4;virulently southeasters burgomaster countertenors
http://www4.wiwiss.fu-berlin.de/bizer/bsbm/v01/instances/dataFromProducer26/Product6247;http://www4.wiwiss.fu-berlin.de/bizer/bsbm/v01/vocabulary/productPropertyTextual5;eviller squushing outlawing
http://www4.wiwiss.fu-berlin.de/bizer/bsbm/v01/instances/dataFromProducer26/Product6247;http://www4.wiwiss.fu-berlin.de/bizer/bsbm/v01/vocabulary/productFeature;http://www4.wiwiss.fu-berlin.de/bizer/bsbm/v01/instances/ProductFeature3800
http://www4.wiwiss.fu-berlin.de/bizer/bsbm/v01/instances/dataFromProducer26/Product6247;http://www4.wiwiss.fu-berlin.de/bizer/bsbm/v01/vocabulary/productFeature;http://www4.wiwiss.fu-berlin.de/bizer/bsbm/v01/instances/ProductFeature3811
http://www4.wiwiss.fu-berlin.de/bizer/bsbm/v01/instances/dataFromProducer26/Product6247;http://www4.wiwiss.fu-berlin.de/bizer/bsbm/v01/vocabulary/productFeature;http://www4.wiwiss.fu-berlin.de/bizer/bsbm/v01/instances/ProductFeature3819
http://www4.wiwiss.fu-berlin.de/bizer/bsbm/v01/instances/dataFromProducer26/Product6247;http://www4.wiwiss.fu-berlin.de/bizer/bsbm/v01/vocabulary/productFeature;http://www4.wiwiss.fu-berlin.de/bizer/bsbm/v01/instances/ProductFeature3821
http://www4.wiwiss.fu-berlin.de/bizer/bsbm/v01/instances/dataFromProducer26/Product6247;http://www4.wiwiss.fu-berlin.de/bizer/bsbm/v01/vocabulary/productFeature;http://www4.wiwiss.fu-berlin.de/bizer/bsbm/v01/instances/ProductFeature3822
http://www4.wiwiss.fu-berlin.de/bizer/bsbm/v01/instances/dataFromProducer26/Product6247;http://www4.wiwiss.fu-berlin.de/bizer/bsbm/v01/vocabulary/productFeature;http://www4.wiwiss.fu-berlin.de/bizer/bsbm/v01/instances/ProductFeature3835
http://www4.wiwiss.fu-berlin.de/bizer/bsbm/v01/instances/dataFromProducer26/Product6247;http://www4.wiwiss.fu-berlin.de/bizer/bsbm/v01/vocabulary/productFeature;http://www4.wiwiss.fu-berlin.de/bizer/bsbm/v01/instances/ProductFeature574
http://www4.wiwiss.fu-berlin.de/bizer/bsbm/v01/instances/dataFromProducer26/Product6247;http://www4.wiwiss.fu-berlin.de/bizer/bsbm/v01/vocabulary/productFeature;http://www4.wiwiss.fu-berlin.de/bizer/bsbm/v01/instances/ProductFeature585
http://www4.wiwiss.fu-berlin.de/bizer/bsbm/v01/instances/dataFromProducer26/Product6247;http://www4.wiwiss.fu-berlin.de/bizer/bsbm/v01/vocabulary/productFeature;http://www4.wiwiss.fu-berlin.de/bizer/bsbm/v01/instances/ProductFeature590
http://www4.wiwiss.fu-berlin.de/bizer/bsbm/v01/instances/dataFromProducer26/Product6247;http://www4.wiwiss.fu-berlin.de/bizer/bsbm/v01/vocabulary/productFeature;http://www4.wiwiss.fu-berlin.de/bizer/bsbm/v01/instances/ProductFeature592
http://www4.wiwiss.fu-berlin.de/bizer/bsbm/v01/instances/dataFromProducer26/Product6247;http://www4.wiwiss.fu-berlin.de/bizer/bsbm/v01/vocabulary/productFeature;http://www4.wiwiss.fu-berlin.de/bizer/bsbm/v01/instances/ProductFeature593
http://www4.wiwiss.fu-berlin.de/bizer/bsbm/v01/instances/dataFromProducer26/Product6247;http://www4.wiwiss.fu-berlin.de/bizer/bsbm/v01/vocabulary/productFeature;http://www4.wiwiss.fu-berlin.de/bizer/bsbm/v01/instances/ProductFeature594
http://www4.wiwiss.fu-berlin.de/bizer/bsbm/v01/instances/dataFromProducer26/Product6247;http://www4.wiwiss.fu-berlin.de/bizer/bsbm/v01/vocabulary/productFeature;http://www4.wiwiss.fu-berlin.de/bizer/bsbm/v01/instances/ProductFeature601
http://www4.wiwiss.fu-berlin.de/bizer/bsbm/v01/instances/dataFromProducer26/Product6247;http://www4.wiwiss.fu-berlin.de/bizer/bsbm/v01/vocabulary/productFeature;http://www4.wiwiss.fu-berlin.de/bizer/bsbm/v01/instances/ProductFeature602
http://www4.wiwiss.fu-berlin.de/bizer/bsbm/v01/instances/dataFromProducer26/Product6247;http://www4.wiwiss.fu-berlin.de/bizer/bsbm/v01/vocabulary/productFeature;http://www4.wiwiss.fu-berlin.de/bizer/bsbm/v01/instances/ProductFeature24
http://www4.wiwiss.fu-berlin.de/bizer/bsbm/v01/instances/dataFromProducer26/Product6247;http://www4.wiwiss.fu-berlin.de/bizer/bsbm/v01/vocabulary/productFeature;http://www4.wiwiss.fu-berlin.de/bizer/bsbm/v01/instances/ProductFeature27
http://www4.wiwiss.fu-berlin.de/bizer/bsbm/v01/instances/dataFromProducer26/Product6247;http://www4.wiwiss.fu-berlin.de/bizer/bsbm/v01/vocabulary/productFeature;http://www4.wiwiss.fu-berlin.de/bizer/bsbm/v01/instances/ProductFeature31
http://www4.wiwiss.fu-berlin.de/bizer/bsbm/v01/instances/dataFromProducer26/Product6247;http://www4.wiwiss.fu-berlin.de/bizer/bsbm/v01/vocabulary/producer;http://www4.wiwiss.fu-berlin.de/bizer/bsbm/v01/instances/dataFromProducer40/Producer40
http://www4.wiwiss.fu-berlin.de/bizer/bsbm/v01/instances/dataFromProducer26/Product6247;http://purl.org/dc/elements/1.1/publisher;http://www4.wiwiss.fu-berlin.de/bizer/bsbm/v01/instances/dataFromProducer40/Producer40
http://www4.wiwiss.fu-berlin.de/bizer/bsbm/v01/instances/dataFromProducer26/Product6247;http://purl.org/dc/elements/1.1/date;2001-01-08
http://www4.wiwiss.fu-berlin.de/bizer/bsbm/v01/instances/dataFromProducer11/Product5492;http://www.w3.org/1999/02/22-rdf-syntax-ns#type;http://www4.wiwiss.fu-berlin.de/bizer/bsbm/v01/vocabulary/Product
http://www4.wiwiss.fu-berlin.de/bizer/bsbm/v01/instances/dataFromProducer11/Product5492;http://www.w3.org/1999/02/22-rdf-syntax-ns#type;http://www4.wiwiss.fu-berlin.de/bizer/bsbm/v01/instances/ProductType122
http://www4.wiwiss.fu-berlin.de/bizer/bsbm/v01/instances/dataFromProducer11/Product5492;http://www.w3.org/2000/01/rdf-schema#label;pinchers lousing
http://www4.wiwiss.fu-berlin.de/bizer/bsbm/v01/instances/dataFromProducer11/Product5492;http://www.w3.org/2000/01/rdf-schema#comment;heirlooms operating myope reechoing benumbs teacups peninsular jealousness wharfingers rondeaux intertwines germy yanking wides philologist gasiform shoers shorn womenfolk scone predigests spermatic aneurism varlet actuary curdy accommodates uncommoner exiting cheesiness leprechauns analysts unpredictable shamus shares handpick syllabubs investments travellers wedded fluking zizzles limitative nihilisms deports gloms defrocks sandblasted wrackful hospitium manillas blessedly scarcest incompleteness scuffles prettifying totalitarians pibroch anthropoid osteopathies budgeters zoomorphs surfacer instants familiarizations unwisely libidinized rinsers silkscreening sleave landform geoducks birder shashlik fertilize lurked girthed reawaken clambered drogues hopsacking deputized cheaps reenters cham uncircumcised hibernal ducky destroyed causable kneads recurs cantrips stormed rattly parching migrator gamily finalism ceramists substitutive pleadable centralism entities sequenced
http://www4.wiwiss.fu-berlin.de/bizer/bsbm/v01/instances/dataFromProducer11/Product5492;http://www4.wiwiss.fu-berlin.de/bizer/bsbm/v01/vocabulary/productPropertyNumeric1;559
http://www4.wiwiss.fu-berlin.de/bizer/bsbm/v01/instances/dataFromProducer11/Product5492;http://www4.wiwiss.fu-berlin.de/bizer/bsbm/v01/vocabulary/productPropertyNumeric2;830
http://www4.wiwiss.fu-berlin.de/bizer/bsbm/v01/instances/dataFromProducer11/Product5492;http://www4.wiwiss.fu-berlin.de/bizer/bsbm/v01/vocabulary/productPropertyNumeric3;254
http://www4.wiwiss.fu-berlin.de/bizer/bsbm/v01/instances/dataFromProducer11/Product5492;http://www4.wiwiss.fu-berlin.de/bizer/bsbm/v01/vocabulary/productPropertyNumeric4;515
http://www4.wiwiss.fu-berlin.de/bizer/bsbm/v01/instances/dataFromProducer11/Product5492;http://www4.wiwiss.fu-berlin.de/bizer/bsbm/v01/vocabulary/productPropertyNumeric5;16
http://www4.wiwiss.fu-berlin.de/bizer/bsbm/v01/instances/dataFromProducer11/Product5492;http://www4.wiwiss.fu-berlin.de/bizer/bsbm/v01/vocabulary/productPropertyTextual1;truantry dimwits travellable
http://www4.wiwiss.fu-berlin.de/bizer/bsbm/v01/instances/dataFromProducer11/Product5492;http://www4.wiwiss.fu-berlin.de/bizer/bsbm/v01/vocabulary/productPropertyTextual2;nonseasonal taxiways currentness phaser unpenetrated libelant mongeese sunward wolver bombloads dogie amatively perplexed swindler misdid
http://www4.wiwiss.fu-berlin.de/bizer/bsbm/v01/instances/dataFromProducer11/Product5492;http://www4.wiwiss.fu-berlin.de/bizer/bsbm/v01/vocabulary/productPropertyTextual3;reproducer biparted vicing catnapers practicing
http://www4.wiwiss.fu-berlin.de/bizer/bsbm/v01/instances/dataFromProducer11/Product5492;http://www4.wiwiss.fu-berlin.de/bizer/bsbm/v01/vocabulary/productPropertyTextual4;virulently southeasters burgomaster countertenors
http://www4.wiwiss.fu-berlin.de/bizer/bsbm/v01/instances/dataFromProducer11/Product5492;http://www4.wiwiss.fu-berlin.de/bizer/bsbm/v01/vocabulary/productPropertyTextual5;eviller squushing outlawing
http://www4.wiwiss.fu-berlin.de/bizer/bsbm/v01/instances/dataFromProducer11/Product5492;http://www4.wiwiss.fu-berlin.de/bizer/bsbm/v01/vocabulary/productFeature;http://www4.wiwiss.fu-berlin.de/bizer/bsbm/v01/instances/ProductFeature3800
http://www4.wiwiss.fu-berlin.de/bizer/bsbm/v01/instances/dataFromProducer11/Product5492;http://www4.wiwiss.fu-berlin.de/bizer/bsbm/v01/vocabulary/productFeature;http://www4.wiwiss.fu-berlin.de/bizer/bsbm/v01/instances/ProductFeature3811
http://www4.wiwiss.fu-berlin.de/bizer/bsbm/v01/instances/dataFromProducer11/Product5492;http://www4.wiwiss.fu-berlin.de/bizer/bsbm/v01/vocabulary/productFeature;http://www4.wiwiss.fu-berlin.de/bizer/bsbm/v01/instances/ProductFeature3819
http://www4.wiwiss.fu-berlin.de/bizer/bsbm/v01/instances/dataFromProducer11/Product5492;http://www4.wiwiss.fu-berlin.de/bizer/bsbm/v01/vocabulary/productFeature;http://www4.wiwiss.fu-berlin.de/bizer/bsbm/v01/instances/ProductFeature3821
http://www4.wiwiss.fu-berlin.de/bizer/bsbm/v01/instances/dataFromProducer11/Product5492;http://www4.wiwiss.fu-berlin.de/bizer/bsbm/v01/vocabulary/productFeature;http://www4.wiwiss.fu-berlin.de/bizer/bsbm/v01/instances/ProductFeature3822
http://www4.wiwiss.fu-berlin.de/bizer/bsbm/v01/instances/dataFromProducer11/Product5492;http://www4.wiwiss.fu-berlin.de/bizer/bsbm/v01/vocabulary/productFeature;http://www4.wiwiss.fu-berlin.de/bizer/bsbm/v01/instances/ProductFeature3835
http://www4.wiwiss.fu-berlin.de/bizer/bsbm/v01/instances/dataFromProducer11/Product5492;http://www4.wiwiss.fu-berlin.de/bizer/bsbm/v01/vocabulary/productFeature;http://www4.wiwiss.fu-berlin.de/bizer/bsbm/v01/instances/ProductFeature574
http://www4.wiwiss.fu-berlin.de/bizer/bsbm/v01/instances/dataFromProducer11/Product5492;http://www4.wiwiss.fu-berlin.de/bizer/bsbm/v01/vocabulary/productFeature;http://www4.wiwiss.fu-berlin.de/bizer/bsbm/v01/instances/ProductFeature585
http://www4.wiwiss.fu-berlin.de/bizer/bsbm/v01/instances/dataFromProducer11/Product5492;http://www4.wiwiss.fu-berlin.de/bizer/bsbm/v01/vocabulary/productFeature;http://www4.wiwiss.fu-berlin.de/bizer/bsbm/v01/instances/ProductFeature590
http://www4.wiwiss.fu-berlin.de/bizer/bsbm/v01/instances/dataFromProducer11/Product5492;http://www4.wiwiss.fu-berlin.de/bizer/bsbm/v01/vocabulary/productFeature;http://www4.wiwiss.fu-berlin.de/bizer/bsbm/v01/instances/ProductFeature592
http://www4.wiwiss.fu-berlin.de/bizer/bsbm/v01/instances/dataFromProducer11/Product5492;http://www4.wiwiss.fu-berlin.de/bizer/bsbm/v01/vocabulary/productFeature;http://www4.wiwiss.fu-berlin.de/bizer/bsbm/v01/instances/ProductFeature593
http://www4.wiwiss.fu-berlin.de/bizer/bsbm/v01/instances/dataFromProducer11/Product5492;http://www4.wiwiss.fu-berlin.de/bizer/bsbm/v01/vocabulary/productFeature;http://www4.wiwiss.fu-berlin.de/bizer/bsbm/v01/instances/ProductFeature594
http://www4.wiwiss.fu-berlin.de/bizer/bsbm/v01/instances/dataFromProducer11/Product5492;http://www4.wiwiss.fu-berlin.de/bizer/bsbm/v01/vocabulary/productFeature;http://www4.wiwiss.fu-berlin.de/bizer/bsbm/v01/instances/ProductFeature601
http://www4.wiwiss.fu-berlin.de/bizer/bsbm/v01/instances/dataFromProducer11/Product5492;http://www4.wiwiss.fu-berlin.de/bizer/bsbm/v01/vocabulary/productFeature;http://www4.wiwiss.fu-berlin.de/bizer/bsbm/v01/instances/ProductFeature602
http://www4.wiwiss.fu-berlin.de/bizer/bsbm/v01/instances/dataFromProducer11/Product5492;http://www4.wiwiss.fu-berlin.de/bizer/bsbm/v01/vocabulary/productFeature;http://www4.wiwiss.fu-berlin.de/bizer/bsbm/v01/instances/ProductFeature24
http://www4.wiwiss.fu-berlin.de/bizer/bsbm/v01/instances/dataFromProducer11/Product5492;http://www4.wiwiss.fu-berlin.de/bizer/bsbm/v01/vocabulary/productFeature;http://www4.wiwiss.fu-berlin.de/bizer/bsbm/v01/instances/ProductFeature27
http://www4.wiwiss.fu-berlin.de/bizer/bsbm/v01/instances/dataFromProducer11/Product5492;http://www4.wiwiss.fu-berlin.de/bizer/bsbm/v01/vocabulary/productFeature;http://www4.wiwiss.fu-berlin.de/bizer/bsbm/v01/instances/ProductFeature31
http://www4.wiwiss.fu-berlin.de/bizer/bsbm/v01/instances/dataFromProducer11/Product5492;http://www4.wiwiss.fu-berlin.de/bizer/bsbm/v01/vocabulary/producer;http://www4.wiwiss.fu-berlin.de/bizer/bsbm/v01/instances/dataFromProducer40/Producer40
http://www4.wiwiss.fu-berlin.de/bizer/bsbm/v01/instances/dataFromProducer11/Product5492;http://purl.org/dc/elements/1.1/publisher;http://www4.wiwiss.fu-berlin.de/bizer/bsbm/v01/instances/dataFromProducer40/Producer40
http://www4.wiwiss.fu-berlin.de/bizer/bsbm/v01/instances/dataFromProducer11/Product5492;http://purl.org/dc/elements/1.1/date;2001-01-08
http://www4.wiwiss.fu-berlin.de/bizer/bsbm/v01/instances/dataFromProducer40/Product6838;http://www.w3.org/1999/02/22-rdf-syntax-ns#type;http://www4.wiwiss.fu-berlin.de/bizer/bsbm/v01/vocabulary/Product
http://www4.wiwiss.fu-berlin.de/bizer/bsbm/v01/instances/dataFromProducer40/Product6838;http://www.w3.org/1999/02/22-rdf-syntax-ns#type;http://www4.wiwiss.fu-berlin.de/bizer/bsbm/v01/instances/ProductType122
http://www4.wiwiss.fu-berlin.de/bizer/bsbm/v01/instances/dataFromProducer40/Product6838;http://www.w3.org/2000/01/rdf-schema#label;pinchers lousing
http://www4.wiwiss.fu-berlin.de/bizer/bsbm/v01/instances/dataFromProducer40/Product6838;http://www.w3.org/2000/01/rdf-schema#comment;heirlooms operating myope reechoing benumbs teacups peninsular jealousness wharfingers rondeaux intertwines germy yanking wides philologist gasiform shoers shorn womenfolk scone predigests spermatic aneurism varlet actuary curdy accommodates uncommoner exiting cheesiness leprechauns analysts unpredictable shamus shares handpick syllabubs investments travellers wedded fluking zizzles limitative nihilisms deports gloms defrocks sandblasted wrackful hospitium manillas blessedly scarcest incompleteness scuffles prettifying totalitarians pibroch anthropoid osteopathies budgeters zoomorphs surfacer instants familiarizations unwisely libidinized rinsers silkscreening sleave landform geoducks birder shashlik fertilize lurked girthed reawaken clambered drogues hopsacking deputized cheaps reenters cham uncircumcised hibernal ducky destroyed causable kneads recurs cantrips stormed rattly parching migrator gamily finalism ceramists substitutive pleadable centralism entities sequenced
http://www4.wiwiss.fu-berlin.de/bizer/bsbm/v01/instances/dataFromProducer40/Product6838;http://www4.wiwiss.fu-berlin.de/bizer/bsbm/v01/vocabulary/productPropertyNumeric1;559
http://www4.wiwiss.fu-berlin.de/bizer/bsbm/v01/instances/dataFromProducer40/Product6838;http://www4.wiwiss.fu-berlin.de/bizer/bsbm/v01/vocabulary/productPropertyNumeric2;830
http://www4.wiwiss.fu-berlin.de/bizer/bsbm/v01/instances/dataFromProducer40/Product6838;http://www4.wiwiss.fu-berlin.de/bizer/bsbm/v01/vocabulary/productPropertyNumeric3;254
http://www4.wiwiss.fu-berlin.de/bizer/bsbm/v01/instances/dataFromProducer40/Product6838;http://www4.wiwiss.fu-berlin.de/bizer/bsbm/v01/vocabulary/productPropertyNumeric4;515
http://www4.wiwiss.fu-berlin.de/bizer/bsbm/v01/instances/dataFromProducer40/Product6838;http://www4.wiwiss.fu-berlin.de/bizer/bsbm/v01/vocabulary/productPropertyNumeric5;16
http://www4.wiwiss.fu-berlin.de/bizer/bsbm/v01/instances/dataFromProducer40/Product6838;http://www4.wiwiss.fu-berlin.de/bizer/bsbm/v01/vocabulary/productPropertyTextual1;truantry dimwits travellable
http://www4.wiwiss.fu-berlin.de/bizer/bsbm/v01/instances/dataFromProducer40/Product6838;http://www4.wiwiss.fu-berlin.de/bizer/bsbm/v01/vocabulary/productPropertyTextual2;nonseasonal taxiways currentness phaser unpenetrated libelant mongeese sunward wolver bombloads dogie amatively perplexed swindler misdid
http://www4.wiwiss.fu-berlin.de/bizer/bsbm/v01/instances/dataFromProducer40/Product6838;http://www4.wiwiss.fu-berlin.de/bizer/bsbm/v01/vocabulary/productPropertyTextual3;reproducer biparted vicing catnapers practicing
http://www4.wiwiss.fu-berlin.de/bizer/bsbm/v01/instances/dataFromProducer40/Product6838;http://www4.wiwiss.fu-berlin.de/bizer/bsbm/v01/vocabulary/productPropertyTextual4;virulently southeasters burgomaster countertenors
http://www4.wiwiss.fu-berlin.de/bizer/bsbm/v01/instances/dataFromProducer40/Product6838;http://www4.wiwiss.fu-berlin.de/bizer/bsbm/v01/vocabulary/productPropertyTextual5;eviller squushing outlawing
http://www4.wiwiss.fu-berlin.de/bizer/bsbm/v01/instances/dataFromProducer40/Product6838;http://www4.wiwiss.fu-berlin.de/bizer/bsbm/v01/vocabulary/productFeature;http://www4.wiwiss.fu-berlin.de/bizer/bsbm/v01/instances/ProductFeature3800
http://www4.wiwiss.fu-berlin.de/bizer/bsbm/v01/instances/dataFromProducer40/Product6838;http://www4.wiwiss.fu-berlin.de/bizer/bsbm/v01/vocabulary/productFeature;http://www4.wiwiss.fu-berlin.de/bizer/bsbm/v01/instances/ProductFeature3811
http://www4.wiwiss.fu-berlin.de/bizer/bsbm/v01/instances/dataFromProducer40/Product6838;http://www4.wiwiss.fu-berlin.de/bizer/bsbm/v01/vocabulary/productFeature;http://www4.wiwiss.fu-berlin.de/bizer/bsbm/v01/instances/ProductFeature3819
http://www4.wiwiss.fu-berlin.de/bizer/bsbm/v01/instances/dataFromProducer40/Product6838;http://www4.wiwiss.fu-berlin.de/bizer/bsbm/v01/vocabulary/productFeature;http://www4.wiwiss.fu-berlin.de/bizer/bsbm/v01/instances/ProductFeature3821
http://www4.wiwiss.fu-berlin.de/bizer/bsbm/v01/instances/dataFromProducer40/Product6838;http://www4.wiwiss.fu-berlin.de/bizer/bsbm/v01/vocabulary/productFeature;http://www4.wiwiss.fu-berlin.de/bizer/bsbm/v01/instances/ProductFeature3822
http://www4.wiwiss.fu-berlin.de/bizer/bsbm/v01/instances/dataFromProducer40/Product6838;http://www4.wiwiss.fu-berlin.de/bizer/bsbm/v01/vocabulary/productFeature;http://www4.wiwiss.fu-berlin.de/bizer/bsbm/v01/instances/ProductFeature3835
http://www4.wiwiss.fu-berlin.de/bizer/bsbm/v01/instances/dataFromProducer40/Product6838;http://www4.wiwiss.fu-berlin.de/bizer/bsbm/v01/vocabulary/productFeature;http://www4.wiwiss.fu-berlin.de/bizer/bsbm/v01/instances/ProductFeature574
http://www4.wiwiss.fu-berlin.de/bizer/bsbm/v01/instances/dataFromProducer40/Product6838;http://www4.wiwiss.fu-berlin.de/bizer/bsbm/v01/vocabulary/productFeature;http://www4.wiwiss.fu-berlin.de/bizer/bsbm/v01/instances/ProductFeature585
http://www4.wiwiss.fu-berlin.de/bizer/bsbm/v01/instances/dataFromProducer40/Product6838;http://www4.wiwiss.fu-berlin.de/bizer/bsbm/v01/vocabulary/productFeature;http://www4.wiwiss.fu-berlin.de/bizer/bsbm/v01/instances/ProductFeature590
http://www4.wiwiss.fu-berlin.de/bizer/bsbm/v01/instances/dataFromProducer40/Product6838;http://www4.wiwiss.fu-berlin.de/bizer/bsbm/v01/vocabulary/productFeature;http://www4.wiwiss.fu-berlin.de/bizer/bsbm/v01/instances/ProductFeature592
http://www4.wiwiss.fu-berlin.de/bizer/bsbm/v01/instances/dataFromProducer40/Product6838;http://www4.wiwiss.fu-berlin.de/bizer/bsbm/v01/vocabulary/productFeature;http://www4.wiwiss.fu-berlin.de/bizer/bsbm/v01/instances/ProductFeature593
http://www4.wiwiss.fu-berlin.de/bizer/bsbm/v01/instances/dataFromProducer40/Product6838;http://www4.wiwiss.fu-berlin.de/bizer/bsbm/v01/vocabulary/productFeature;http://www4.wiwiss.fu-berlin.de/bizer/bsbm/v01/instances/ProductFeature594
http://www4.wiwiss.fu-berlin.de/bizer/bsbm/v01/instances/dataFromProducer40/Product6838;http://www4.wiwiss.fu-berlin.de/bizer/bsbm/v01/vocabulary/productFeature;http://www4.wiwiss.fu-berlin.de/bizer/bsbm/v01/instances/ProductFeature601
http://www4.wiwiss.fu-berlin.de/bizer/bsbm/v01/instances/dataFromProducer40/Product6838;http://www4.wiwiss.fu-berlin.de/bizer/bsbm/v01/vocabulary/productFeature;http://www4.wiwiss.fu-berlin.de/bizer/bsbm/v01/instances/ProductFeature602
http://www4.wiwiss.fu-berlin.de/bizer/bsbm/v01/instances/dataFromProducer40/Product6838;http://www4.wiwiss.fu-berlin.de/bizer/bsbm/v01/vocabulary/productFeature;http://www4.wiwiss.fu-berlin.de/bizer/bsbm/v01/instances/ProductFeature24
http://www4.wiwiss.fu-berlin.de/bizer/bsbm/v01/instances/dataFromProducer40/Product6838;http://www4.wiwiss.fu-berlin.de/bizer/bsbm/v01/vocabulary/productFeature;http://www4.wiwiss.fu-berlin.de/bizer/bsbm/v01/instances/ProductFeature27
http://www4.wiwiss.fu-berlin.de/bizer/bsbm/v01/instances/dataFromProducer40/Product6838;http://www4.wiwiss.fu-berlin.de/bizer/bsbm/v01/vocabulary/productFeature;http://www4.wiwiss.fu-berlin.de/bizer/bsbm/v01/instances/ProductFeature31
http://www4.wiwiss.fu-berlin.de/bizer/bsbm/v01/instances/dataFromProducer40/Product6838;http://www4.wiwiss.fu-berlin.de/bizer/bsbm/v01/vocabulary/producer;http://www4.wiwiss.fu-berlin.de/bizer/bsbm/v01/instances/dataFromProducer40/Producer40
http://www4.wiwiss.fu-berlin.de/bizer/bsbm/v01/instances/dataFromProducer40/Product6838;http://purl.org/dc/elements/1.1/publisher;http://www4.wiwiss.fu-berlin.de/bizer/bsbm/v01/instances/dataFromProducer40/Producer40
http://www4.wiwiss.fu-berlin.de/bizer/bsbm/v01/instances/dataFromProducer40/Product6838;http://purl.org/dc/elements/1.1/date;2001-01-08
http://www4.wiwiss.fu-berlin.de/bizer/bsbm/v01/instances/dataFromProducer1/Product5023;http://www.w3.org/1999/02/22-rdf-syntax-ns#type;http://www4.wiwiss.fu-berlin.de/bizer/bsbm/v01/vocabulary/Product
http://www4.wiwiss.fu-berlin.de/bizer/bsbm/v01/instances/dataFromProducer1/Product5023;http://www.w3.org/1999/02/22-rdf-syntax-ns#type;http://www4.wiwiss.fu-berlin.de/bizer/bsbm/v01/instances/ProductType122
http://www4.wiwiss.fu-berlin.de/bizer/bsbm/v01/instances/dataFromProducer1/Product5023;http://www.w3.org/2000/01/rdf-schema#label;pinchers lousing
http://www4.wiwiss.fu-berlin.de/bizer/bsbm/v01/instances/dataFromProducer1/Product5023;http://www.w3.org/2000/01/rdf-schema#comment;heirlooms operating myope reechoing benumbs teacups peninsular jealousness wharfingers rondeaux intertwines germy yanking wides philologist gasiform shoers shorn womenfolk scone predigests spermatic aneurism varlet actuary curdy accommodates uncommoner exiting cheesiness leprechauns analysts unpredictable shamus shares handpick syllabubs investments travellers wedded fluking zizzles limitative nihilisms deports gloms defrocks sandblasted wrackful hospitium manillas blessedly scarcest incompleteness scuffles prettifying totalitarians pibroch anthropoid osteopathies budgeters zoomorphs surfacer instants familiarizations unwisely libidinized rinsers silkscreening sleave landform geoducks birder shashlik fertilize lurked girthed reawaken clambered drogues hopsacking deputized cheaps reenters cham uncircumcised hibernal ducky destroyed causable kneads recurs cantrips stormed rattly parching migrator gamily finalism ceramists substitutive pleadable centralism entities sequenced
http://www4.wiwiss.fu-berlin.de/bizer/bsbm/v01/instances/dataFromProducer1/Product5023;http://www4.wiwiss.fu-berlin.de/bizer/bsbm/v01/vocabulary/productPropertyNumeric1;559
http://www4.wiwiss.fu-berlin.de/bizer/bsbm/v01/instances/dataFromProducer1/Product5023;http://www4.wiwiss.fu-berlin.de/bizer/bsbm/v01/vocabulary/productPropertyNumeric2;830
http://www4.wiwiss.fu-berlin.de/bizer/bsbm/v01/instances/dataFromProducer1/Product5023;http://www4.wiwiss.fu-berlin.de/bizer/bsbm/v01/vocabulary/productPropertyNumeric3;254
http://www4.wiwiss.fu-berlin.de/bizer/bsbm/v01/instances/dataFromProducer1/Product5023;http://www4.wiwiss.fu-berlin.de/bizer/bsbm/v01/vocabulary/productPropertyNumeric4;515
http://www4.wiwiss.fu-berlin.de/bizer/bsbm/v01/instances/dataFromProducer1/Product5023;http://www4.wiwiss.fu-berlin.de/bizer/bsbm/v01/vocabulary/productPropertyNumeric5;16
http://www4.wiwiss.fu-berlin.de/bizer/bsbm/v01/instances/dataFromProducer1/Product5023;http://www4.wiwiss.fu-berlin.de/bizer/bsbm/v01/vocabulary/productPropertyTextual1;truantry dimwits travellable
http://www4.wiwiss.fu-berlin.de/bizer/bsbm/v01/instances/dataFromProducer1/Product5023;http://www4.wiwiss.fu-berlin.de/bizer/bsbm/v01/vocabulary/productPropertyTextual2;nonseasonal taxiways currentness phaser unpenetrated libelant mongeese sunward wolver bombloads dogie amatively perplexed swindler misdid
http://www4.wiwiss.fu-berlin.de/bizer/bsbm/v01/instances/dataFromProducer1/Product5023;http://www4.wiwiss.fu-berlin.de/bizer/bsbm/v01/vocabulary/productPropertyTextual3;reproducer biparted vicing catnapers practicing
http://www4.wiwiss.fu-berlin.de/bizer/bsbm/v01/instances/dataFromProducer1/Product5023;http://www4.wiwiss.fu-berlin.de/bizer/bsbm/v01/vocabulary/productPropertyTextual4;virulently southeasters burgomaster countertenors
http://www4.wiwiss.fu-berlin.de/bizer/bsbm/v01/instances/dataFromProducer1/Product5023;http://www4.wiwiss.fu-berlin.de/bizer/bsbm/v01/vocabulary/productPropertyTextual5;eviller squushing outlawing
http://www4.wiwiss.fu-berlin.de/bizer/bsbm/v01/instances/dataFromProducer1/Product5023;http://www4.wiwiss.fu-berlin.de/bizer/bsbm/v01/vocabulary/productFeature;http://www4.wiwiss.fu-berlin.de/bizer/bsbm/v01/instances/ProductFeature3800
http://www4.wiwiss.fu-berlin.de/bizer/bsbm/v01/instances/dataFromProducer1/Product5023;http://www4.wiwiss.fu-berlin.de/bizer/bsbm/v01/vocabulary/productFeature;http://www4.wiwiss.fu-berlin.de/bizer/bsbm/v01/instances/ProductFeature3811
http://www4.wiwiss.fu-berlin.de/bizer/bsbm/v01/instances/dataFromProducer1/Product5023;http://www4.wiwiss.fu-berlin.de/bizer/bsbm/v01/vocabulary/productFeature;http://www4.wiwiss.fu-berlin.de/bizer/bsbm/v01/instances/ProductFeature3819
http://www4.wiwiss.fu-berlin.de/bizer/bsbm/v01/instances/dataFromProducer1/Product5023;http://www4.wiwiss.fu-berlin.de/bizer/bsbm/v01/vocabulary/productFeature;http://www4.wiwiss.fu-berlin.de/bizer/bsbm/v01/instances/ProductFeature3821
http://www4.wiwiss.fu-berlin.de/bizer/bsbm/v01/instances/dataFromProducer1/Product5023;http://www4.wiwiss.fu-berlin.de/bizer/bsbm/v01/vocabulary/productFeature;http://www4.wiwiss.fu-berlin.de/bizer/bsbm/v01/instances/ProductFeature3822
http://www4.wiwiss.fu-berlin.de/bizer/bsbm/v01/instances/dataFromProducer1/Product5023;http://www4.wiwiss.fu-berlin.de/bizer/bsbm/v01/vocabulary/productFeature;http://www4.wiwiss.fu-berlin.de/bizer/bsbm/v01/instances/ProductFeature3835
http://www4.wiwiss.fu-berlin.de/bizer/bsbm/v01/instances/dataFromProducer1/Product5023;http://www4.wiwiss.fu-berlin.de/bizer/bsbm/v01/vocabulary/productFeature;http://www4.wiwiss.fu-berlin.de/bizer/bsbm/v01/instances/ProductFeature574
http://www4.wiwiss.fu-berlin.de/bizer/bsbm/v01/instances/dataFromProducer1/Product5023;http://www4.wiwiss.fu-berlin.de/bizer/bsbm/v01/vocabulary/productFeature;http://www4.wiwiss.fu-berlin.de/bizer/bsbm/v01/instances/ProductFeature585
http://www4.wiwiss.fu-berlin.de/bizer/bsbm/v01/instances/dataFromProducer1/Product5023;http://www4.wiwiss.fu-berlin.de/bizer/bsbm/v01/vocabulary/productFeature;http://www4.wiwiss.fu-berlin.de/bizer/bsbm/v01/instances/ProductFeature590
http://www4.wiwiss.fu-berlin.de/bizer/bsbm/v01/instances/dataFromProducer1/Product5023;http://www4.wiwiss.fu-berlin.de/bizer/bsbm/v01/vocabulary/productFeature;http://www4.wiwiss.fu-berlin.de/bizer/bsbm/v01/instances/ProductFeature592
http://www4.wiwiss.fu-berlin.de/bizer/bsbm/v01/instances/dataFromProducer1/Product5023;http://www4.wiwiss.fu-berlin.de/bizer/bsbm/v01/vocabulary/productFeature;http://www4.wiwiss.fu-berlin.de/bizer/bsbm/v01/instances/ProductFeature593
http://www4.wiwiss.fu-berlin.de/bizer/bsbm/v01/instances/dataFromProducer1/Product5023;http://www4.wiwiss.fu-berlin.de/bizer/bsbm/v01/vocabulary/productFeature;http://www4.wiwiss.fu-berlin.de/bizer/bsbm/v01/instances/ProductFeature594
http://www4.wiwiss.fu-berlin.de/bizer/bsbm/v01/instances/dataFromProducer1/Product5023;http://www4.wiwiss.fu-berlin.de/bizer/bsbm/v01/vocabulary/productFeature;http://www4.wiwiss.fu-berlin.de/bizer/bsbm/v01/instances/ProductFeature601
http://www4.wiwiss.fu-berlin.de/bizer/bsbm/v01/instances/dataFromProducer1/Product5023;http://www4.wiwiss.fu-berlin.de/bizer/bsbm/v01/vocabulary/productFeature;http://www4.wiwiss.fu-berlin.de/bizer/bsbm/v01/instances/ProductFeature602
http://www4.wiwiss.fu-berlin.de/bizer/bsbm/v01/instances/dataFromProducer1/Product5023;http://www4.wiwiss.fu-berlin.de/bizer/bsbm/v01/vocabulary/productFeature;http://www4.wiwiss.fu-berlin.de/bizer/bsbm/v01/instances/ProductFeature24
http://www4.wiwiss.fu-berlin.de/bizer/bsbm/v01/instances/dataFromProducer1/Product5023;http://www4.wiwiss.fu-berlin.de/bizer/bsbm/v01/vocabulary/productFeature;http://www4.wiwiss.fu-berlin.de/bizer/bsbm/v01/instances/ProductFeature27
http://www4.wiwiss.fu-berlin.de/bizer/bsbm/v01/instances/dataFromProducer1/Product5023;http://www4.wiwiss.fu-berlin.de/bizer/bsbm/v01/vocabulary/productFeature;http://www4.wiwiss.fu-berlin.de/bizer/bsbm/v01/instances/ProductFeature31
http://www4.wiwiss.fu-berlin.de/bizer/bsbm/v01/instances/dataFromProducer1/Product5023;http://www4.wiwiss.fu-berlin.de/bizer/bsbm/v01/vocabulary/producer;http://www4.wiwiss.fu-berlin.de/bizer/bsbm/v01/instances/dataFromProducer40/Producer40
http://www4.wiwiss.fu-berlin.de/bizer/bsbm/v01/instances/dataFromProducer1/Product5023;http://purl.org/dc/elements/1.1/publisher;http://www4.wiwiss.fu-berlin.de/bizer/bsbm/v01/instances/dataFromProducer40/Producer40
http://www4.wiwiss.fu-berlin.de/bizer/bsbm/v01/instances/dataFromProducer1/Product5023;http://purl.org/dc/elements/1.1/date;2001-01-08
http://www4.wiwiss.fu-berlin.de/bizer/bsbm/v01/instances/dataFromProducer11/Product5501;http://www.w3.org/1999/02/22-rdf-syntax-ns#type;http://www4.wiwiss.fu-berlin.de/bizer/bsbm/v01/vocabulary/Product
http://www4.wiwiss.fu-berlin.de/bizer/bsbm/v01/instances/dataFromProducer11/Product5501;http://www.w3.org/1999/02/22-rdf-syntax-ns#type;http://www4.wiwiss.fu-berlin.de/bizer/bsbm/v01/instances/ProductType122
http://www4.wiwiss.fu-berlin.de/bizer/bsbm/v01/instances/dataFromProducer11/Product5501;http://www.w3.org/2000/01/rdf-schema#label;pinchers lousing
http://www4.wiwiss.fu-berlin.de/bizer/bsbm/v01/instances/dataFromProducer11/Product5501;http://www.w3.org/2000/01/rdf-schema#comment;heirlooms operating myope reechoing benumbs teacups peninsular jealousness wharfingers rondeaux intertwines germy yanking wides philologist gasiform shoers shorn womenfolk scone predigests spermatic aneurism varlet actuary curdy accommodates uncommoner exiting cheesiness leprechauns analysts unpredictable shamus shares handpick syllabubs investments travellers wedded fluking zizzles limitative nihilisms deports gloms defrocks sandblasted wrackful hospitium manillas blessedly scarcest incompleteness scuffles prettifying totalitarians pibroch anthropoid osteopathies budgeters zoomorphs surfacer instants familiarizations unwisely libidinized rinsers silkscreening sleave landform geoducks birder shashlik fertilize lurked girthed reawaken clambered drogues hopsacking deputized cheaps reenters cham uncircumcised hibernal ducky destroyed causable kneads recurs cantrips stormed rattly parching migrator gamily finalism ceramists substitutive pleadable centralism entities sequenced
http://www4.wiwiss.fu-berlin.de/bizer/bsbm/v01/instances/dataFromProducer11/Product5501;http://www4.wiwiss.fu-berlin.de/bizer/bsbm/v01/vocabulary/productPropertyNumeric1;559
http://www4.wiwiss.fu-berlin.de/bizer/bsbm/v01/instances/dataFromProducer11/Product5501;http://www4.wiwiss.fu-berlin.de/bizer/bsbm/v01/vocabulary/productPropertyNumeric2;830
http://www4.wiwiss.fu-berlin.de/bizer/bsbm/v01/instances/dataFromProducer11/Product5501;http://www4.wiwiss.fu-berlin.de/bizer/bsbm/v01/vocabulary/productPropertyNumeric3;254
http://www4.wiwiss.fu-berlin.de/bizer/bsbm/v01/instances/dataFromProducer11/Product5501;http://www4.wiwiss.fu-berlin.de/bizer/bsbm/v01/vocabulary/productPropertyNumeric4;515
http://www4.wiwiss.fu-berlin.de/bizer/bsbm/v01/instances/dataFromProducer11/Product5501;http://www4.wiwiss.fu-berlin.de/bizer/bsbm/v01/vocabulary/productPropertyNumeric5;16
http://www4.wiwiss.fu-berlin.de/bizer/bsbm/v01/instances/dataFromProducer11/Product5501;http://www4.wiwiss.fu-berlin.de/bizer/bsbm/v01/vocabulary/productPropertyTextual1;truantry dimwits travellable
http://www4.wiwiss.fu-berlin.de/bizer/bsbm/v01/instances/dataFromProducer11/Product5501;http://www4.wiwiss.fu-berlin.de/bizer/bsbm/v01/vocabulary/productPropertyTextual2;nonseasonal taxiways currentness phaser unpenetrated libelant mongeese sunward wolver bombloads dogie amatively perplexed swindler misdid
http://www4.wiwiss.fu-berlin.de/bizer/bsbm/v01/instances/dataFromProducer11/Product5501;http://www4.wiwiss.fu-berlin.de/bizer/bsbm/v01/vocabulary/productPropertyTextual3;reproducer biparted vicing catnapers practicing
http://www4.wiwiss.fu-berlin.de/bizer/bsbm/v01/instances/dataFromProducer11/Product5501;http://www4.wiwiss.fu-berlin.de/bizer/bsbm/v01/vocabulary/productPropertyTextual4;virulently southeasters burgomaster countertenors
http://www4.wiwiss.fu-berlin.de/bizer/bsbm/v01/instances/dataFromProducer11/Product5501;http://www4.wiwiss.fu-berlin.de/bizer/bsbm/v01/vocabulary/productPropertyTextual5;eviller squushing outlawing
http://www4.wiwiss.fu-berlin.de/bizer/bsbm/v01/instances/dataFromProducer11/Product5501;http://www4.wiwiss.fu-berlin.de/bizer/bsbm/v01/vocabulary/productFeature;http://www4.wiwiss.fu-berlin.de/bizer/bsbm/v01/instances/ProductFeature3800
http://www4.wiwiss.fu-berlin.de/bizer/bsbm/v01/instances/dataFromProducer11/Product5501;http://www4.wiwiss.fu-berlin.de/bizer/bsbm/v01/vocabulary/productFeature;http://www4.wiwiss.fu-berlin.de/bizer/bsbm/v01/instances/ProductFeature3811
http://www4.wiwiss.fu-berlin.de/bizer/bsbm/v01/instances/dataFromProducer11/Product5501;http://www4.wiwiss.fu-berlin.de/bizer/bsbm/v01/vocabulary/productFeature;http://www4.wiwiss.fu-berlin.de/bizer/bsbm/v01/instances/ProductFeature3819
http://www4.wiwiss.fu-berlin.de/bizer/bsbm/v01/instances/dataFromProducer11/Product5501;http://www4.wiwiss.fu-berlin.de/bizer/bsbm/v01/vocabulary/productFeature;http://www4.wiwiss.fu-berlin.de/bizer/bsbm/v01/instances/ProductFeature3821
http://www4.wiwiss.fu-berlin.de/bizer/bsbm/v01/instances/dataFromProducer11/Product5501;http://www4.wiwiss.fu-berlin.de/bizer/bsbm/v01/vocabulary/productFeature;http://www4.wiwiss.fu-berlin.de/bizer/bsbm/v01/instances/ProductFeature3822
http://www4.wiwiss.fu-berlin.de/bizer/bsbm/v01/instances/dataFromProducer11/Product5501;http://www4.wiwiss.fu-berlin.de/bizer/bsbm/v01/vocabulary/productFeature;http://www4.wiwiss.fu-berlin.de/bizer/bsbm/v01/instances/ProductFeature3835
http://www4.wiwiss.fu-berlin.de/bizer/bsbm/v01/instances/dataFromProducer11/Product5501;http://www4.wiwiss.fu-berlin.de/bizer/bsbm/v01/vocabulary/productFeature;http://www4.wiwiss.fu-berlin.de/bizer/bsbm/v01/instances/ProductFeature574
http://www4.wiwiss.fu-berlin.de/bizer/bsbm/v01/instances/dataFromProducer11/Product5501;http://www4.wiwiss.fu-berlin.de/bizer/bsbm/v01/vocabulary/productFeature;http://www4.wiwiss.fu-berlin.de/bizer/bsbm/v01/instances/ProductFeature585
http://www4.wiwiss.fu-berlin.de/bizer/bsbm/v01/instances/dataFromProducer11/Product5501;http://www4.wiwiss.fu-berlin.de/bizer/bsbm/v01/vocabulary/productFeature;http://www4.wiwiss.fu-berlin.de/bizer/bsbm/v01/instances/ProductFeature590
http://www4.wiwiss.fu-berlin.de/bizer/bsbm/v01/instances/dataFromProducer11/Product5501;http://www4.wiwiss.fu-berlin.de/bizer/bsbm/v01/vocabulary/productFeature;http://www4.wiwiss.fu-berlin.de/bizer/bsbm/v01/instances/ProductFeature592
http://www4.wiwiss.fu-berlin.de/bizer/bsbm/v01/instances/dataFromProducer11/Product5501;http://www4.wiwiss.fu-berlin.de/bizer/bsbm/v01/vocabulary/productFeature;http://www4.wiwiss.fu-berlin.de/bizer/bsbm/v01/instances/ProductFeature593
http://www4.wiwiss.fu-berlin.de/bizer/bsbm/v01/instances/dataFromProducer11/Product5501;http://www4.wiwiss.fu-berlin.de/bizer/bsbm/v01/vocabulary/productFeature;http://www4.wiwiss.fu-berlin.de/bizer/bsbm/v01/instances/ProductFeature594
http://www4.wiwiss.fu-berlin.de/bizer/bsbm/v01/instances/dataFromProducer11/Product5501;http://www4.wiwiss.fu-berlin.de/bizer/bsbm/v01/vocabulary/productFeature;http://www4.wiwiss.fu-berlin.de/bizer/bsbm/v01/instances/ProductFeature601
http://www4.wiwiss.fu-berlin.de/bizer/bsbm/v01/instances/dataFromProducer11/Product5501;http://www4.wiwiss.fu-berlin.de/bizer/bsbm/v01/vocabulary/productFeature;http://www4.wiwiss.fu-berlin.de/bizer/bsbm/v01/instances/ProductFeature602
http://www4.wiwiss.fu-berlin.de/bizer/bsbm/v01/instances/dataFromProducer11/Product5501;http://www4.wiwiss.fu-berlin.de/bizer/bsbm/v01/vocabulary/productFeature;http://www4.wiwiss.fu-berlin.de/bizer/bsbm/v01/instances/ProductFeature24
http://www4.wiwiss.fu-berlin.de/bizer/bsbm/v01/instances/dataFromProducer11/Product5501;http://www4.wiwiss.fu-berlin.de/bizer/bsbm/v01/vocabulary/productFeature;http://www4.wiwiss.fu-berlin.de/bizer/bsbm/v01/instances/ProductFeature27
http://www4.wiwiss.fu-berlin.de/bizer/bsbm/v01/instances/dataFromProducer11/Product5501;http://www4.wiwiss.fu-berlin.de/bizer/bsbm/v01/vocabulary/productFeature;http://www4.wiwiss.fu-berlin.de/bizer/bsbm/v01/instances/ProductFeature31
http://www4.wiwiss.fu-berlin.de/bizer/bsbm/v01/instances/dataFromProducer11/Product5501;http://www4.wiwiss.fu-berlin.de/bizer/bsbm/v01/vocabulary/producer;http://www4.wiwiss.fu-berlin.de/bizer/bsbm/v01/instances/dataFromProducer40/Producer40
http://www4.wiwiss.fu-berlin.de/bizer/bsbm/v01/instances/dataFromProducer11/Product5501;http://purl.org/dc/elements/1.1/publisher;http://www4.wiwiss.fu-berlin.de/bizer/bsbm/v01/instances/dataFromProducer40/Producer40
http://www4.wiwiss.fu-berlin.de/bizer/bsbm/v01/instances/dataFromProducer11/Product5501;http://purl.org/dc/elements/1.1/date;2001-01-08
