http://www4.wiwiss.fu-berlin.de/bizer/bsbm/v01/instances/dataFrom/Product70;http://www4.wiwiss.fu-berlin.de/bizer/bsbm/v01/vocabulary/productFeature;http://www4.wiwiss.fu-berlin.de/bizer/bsbm/v01/instances/ProductFeature416
http://www4.wiwiss.fu-berlin.de/bizer/bsbm/v01/instances/dataFrom/Product70;http://www4.wiwiss.fu-berlin.de/bizer/bsbm/v01/vocabulary/productFeature;http://www4.wiwiss.fu-berlin.de/bizer/bsbm/v01/instances/ProductFeature416
http://www4.wiwiss.fu-berlin.de/bizer/bsbm/v01/instances/dataFrom/Product70;http://www4.wiwiss.fu-berlin.de/bizer/bsbm/v01/vocabulary/productFeature;http://www4.wiwiss.fu-berlin.de/bizer/bsbm/v01/instances/ProductFeature418
http://www4.wiwiss.fu-berlin.de/bizer/bsbm/v01/instances/dataFrom/Product70;http://www4.wiwiss.fu-berlin.de/bizer/bsbm/v01/vocabulary/productFeature;http://www4.wiwiss.fu-berlin.de/bizer/bsbm/v01/instances/ProductFeature418
http://www4.wiwiss.fu-berlin.de/bizer/bsbm/v01/instances/dataFrom/Product70;http://www4.wiwiss.fu-berlin.de/bizer/bsbm/v01/vocabulary/productFeature;http://www4.wiwiss.fu-berlin.de/bizer/bsbm/v01/instances/ProductFeature418
http://www4.wiwiss.fu-berlin.de/bizer/bsbm/v01/instances/dataFrom/Product70;http://www4.wiwiss.fu-berlin.de/bizer/bsbm/v01/vocabulary/productFeature;http://www4.wiwiss.fu-berlin.de/bizer/bsbm/v01/instances/ProductFeature428
http://www4.wiwiss.fu-berlin.de/bizer/bsbm/v01/instances/dataFrom/Product70;http://www4.wiwiss.fu-berlin.de/bizer/bsbm/v01/vocabulary/productFeature;http://www4.wiwiss.fu-berlin.de/bizer/bsbm/v01/instances/ProductFeature428
http://www4.wiwiss.fu-berlin.de/bizer/bsbm/v01/instances/dataFrom/Product70;http://www4.wiwiss.fu-berlin.de/bizer/bsbm/v01/vocabulary/productFeature;http://www4.wiwiss.fu-berlin.de/bizer/bsbm/v01/instances/ProductFeature430
http://www4.wiwiss.fu-berlin.de/bizer/bsbm/v01/instances/dataFrom/Product70;http://www4.wiwiss.fu-berlin.de/bizer/bsbm/v01/vocabulary/productFeature;http://www4.wiwiss.fu-berlin.de/bizer/bsbm/v01/instances/ProductFeature430
http://www4.wiwiss.fu-berlin.de/bizer/bsbm/v01/instances/dataFrom/Product70;http://www4.wiwiss.fu-berlin.de/bizer/bsbm/v01/vocabulary/productFeature;http://www4.wiwiss.fu-berlin.de/bizer/bsbm/v01/instances/ProductFeature430
http://www4.wiwiss.fu-berlin.de/bizer/bsbm/v01/instances/dataFrom/Product70;http://www4.wiwiss.fu-berlin.de/bizer/bsbm/v01/vocabulary/productFeature;http://www4.wiwiss.fu-berlin.de/bizer/bsbm/v01/instances/ProductFeature432
http://www4.wiwiss.fu-berlin.de/bizer/bsbm/v01/instances/dataFrom/Product70;http://www4.wiwiss.fu-berlin.de/bizer/bsbm/v01/vocabulary/productFeature;http://www4.wiwiss.fu-berlin.de/bizer/bsbm/v01/instances/ProductFeature432
http://www4.wiwiss.fu-berlin.de/bizer/bsbm/v01/instances/dataFrom/Product70;http://www4.wiwiss.fu-berlin.de/bizer/bsbm/v01/vocabulary/productFeature;http://www4.wiwiss.fu-berlin.de/bizer/bsbm/v01/instances/ProductFeature432
http://www4.wiwiss.fu-berlin.de/bizer/bsbm/v01/instances/dataFrom/Product70;http://www4.wiwiss.fu-berlin.de/bizer/bsbm/v01/vocabulary/productFeature;http://www4.wiwiss.fu-berlin.de/bizer/bsbm/v01/instances/ProductFeature433
http://www4.wiwiss.fu-berlin.de/bizer/bsbm/v01/instances/dataFrom/Product70;http://www4.wiwiss.fu-berlin.de/bizer/bsbm/v01/vocabulary/productFeature;http://www4.wiwiss.fu-berlin.de/bizer/bsbm/v01/instances/ProductFeature433
http://www4.wiwiss.fu-berlin.de/bizer/bsbm/v01/instances/dataFrom/Product70;http://www4.wiwiss.fu-berlin.de/bizer/bsbm/v01/vocabulary/productFeature;http://www4.wiwiss.fu-berlin.de/bizer/bsbm/v01/instances/ProductFeature445
http://www4.wiwiss.fu-berlin.de/bizer/bsbm/v01/instances/dataFrom/Product70;http://www4.wiwiss.fu-berlin.de/bizer/bsbm/v01/vocabulary/productFeature;http://www4.wiwiss.fu-berlin.de/bizer/bsbm/v01/instances/ProductFeature445
http://www4.wiwiss.fu-berlin.de/bizer/bsbm/v01/instances/dataFrom/Product70;http://www4.wiwiss.fu-berlin.de/bizer/bsbm/v01/vocabulary/productFeature;http://www4.wiwiss.fu-berlin.de/bizer/bsbm/v01/instances/ProductFeature445
http://www4.wiwiss.fu-berlin.de/bizer/bsbm/v01/instances/dataFrom/Product70;http://www4.wiwiss.fu-berlin.de/bizer/bsbm/v01/vocabulary/productFeature;http://www4.wiwiss.fu-berlin.de/bizer/bsbm/v01/instances/ProductFeature449
http://www4.wiwiss.fu-berlin.de/bizer/bsbm/v01/instances/dataFrom/Product70;http://www4.wiwiss.fu-berlin.de/bizer/bsbm/v01/vocabulary/productFeature;http://www4.wiwiss.fu-berlin.de/bizer/bsbm/v01/instances/ProductFeature449
http://www4.wiwiss.fu-berlin.de/bizer/bsbm/v01/instances/dataFrom/Product70;http://www4.wiwiss.fu-berlin.de/bizer/bsbm/v01/vocabulary/productFeature;http://www4.wiwiss.fu-berlin.de/bizer/bsbm/v01/instances/ProductFeature449
http://www4.wiwiss.fu-berlin.de/bizer/bsbm/v01/instances/dataFrom/Product70;http://www4.wiwiss.fu-berlin.de/bizer/bsbm/v01/vocabulary/productFeature;http://www4.wiwiss.fu-berlin.de/bizer/bsbm/v01/instances/ProductFeature451
http://www4.wiwiss.fu-berlin.de/bizer/bsbm/v01/instances/dataFrom/Product70;http://www4.wiwiss.fu-berlin.de/bizer/bsbm/v01/vocabulary/productFeature;http://www4.wiwiss.fu-berlin.de/bizer/bsbm/v01/instances/ProductFeature451
http://www4.wiwiss.fu-berlin.de/bizer/bsbm/v01/instances/dataFrom/Product70;http://www4.wiwiss.fu-berlin.de/bizer/bsbm/v01/vocabulary/productFeature;http://www4.wiwiss.fu-berlin.de/bizer/bsbm/v01/instances/ProductFeature451
http://www4.wiwiss.fu-berlin.de/bizer/bsbm/v01/instances/dataFrom/Product70;http://www4.wiwiss.fu-berlin.de/bizer/bsbm/v01/vocabulary/productFeature;http://www4.wiwiss.fu-berlin.de/bizer/bsbm/v01/instances/ProductFeature451
http://www4.wiwiss.fu-berlin.de/bizer/bsbm/v01/instances/dataFrom/Product54;http://www4.wiwiss.fu-berlin.de/bizer/bsbm/v01/vocabulary/productFeature;http://www4.wiwiss.fu-berlin.de/bizer/bsbm/v01/instances/ProductFeature416
http://www4.wiwiss.fu-berlin.de/bizer/bsbm/v01/instances/dataFrom/Product54;http://www4.wiwiss.fu-berlin.de/bizer/bsbm/v01/vocabulary/productFeature;http://www4.wiwiss.fu-berlin.de/bizer/bsbm/v01/instances/ProductFeature416
http://www4.wiwiss.fu-berlin.de/bizer/bsbm/v01/instances/dataFrom/Product54;http://www4.wiwiss.fu-berlin.de/bizer/bsbm/v01/vocabulary/productFeature;http://www4.wiwiss.fu-berlin.de/bizer/bsbm/v01/instances/ProductFeature418
http://www4.wiwiss.fu-berlin.de/bizer/bsbm/v01/instances/dataFrom/Product54;http://www4.wiwiss.fu-berlin.de/bizer/bsbm/v01/vocabulary/productFeature;http://www4.wiwiss.fu-berlin.de/bizer/bsbm/v01/instances/ProductFeature418
http://www4.wiwiss.fu-berlin.de/bizer/bsbm/v01/instances/dataFrom/Product54;http://www4.wiwiss.fu-berlin.de/bizer/bsbm/v01/vocabulary/productFeature;http://www4.wiwiss.fu-berlin.de/bizer/bsbm/v01/instances/ProductFeature418
http://www4.wiwiss.fu-berlin.de/bizer/bsbm/v01/instances/dataFrom/Product54;http://www4.wiwiss.fu-berlin.de/bizer/bsbm/v01/vocabulary/productFeature;http://www4.wiwiss.fu-berlin.de/bizer/bsbm/v01/instances/ProductFeature428
http://www4.wiwiss.fu-berlin.de/bizer/bsbm/v01/instances/dataFrom/Product54;http://www4.wiwiss.fu-berlin.de/bizer/bsbm/v01/vocabulary/productFeature;http://www4.wiwiss.fu-berlin.de/bizer/bsbm/v01/instances/ProductFeature428
http://www4.wiwiss.fu-berlin.de/bizer/bsbm/v01/instances/dataFrom/Product54;http://www4.wiwiss.fu-berlin.de/bizer/bsbm/v01/vocabulary/productFeature;http://www4.wiwiss.fu-berlin.de/bizer/bsbm/v01/instances/ProductFeature430
http://www4.wiwiss.fu-berlin.de/bizer/bsbm/v01/instances/dataFrom/Product54;http://www4.wiwiss.fu-berlin.de/bizer/bsbm/v01/vocabulary/productFeature;http://www4.wiwiss.fu-berlin.de/bizer/bsbm/v01/instances/ProductFeature430
http://www4.wiwiss.fu-berlin.de/bizer/bsbm/v01/instances/dataFrom/Product54;http://www4.wiwiss.fu-berlin.de/bizer/bsbm/v01/vocabulary/productFeature;http://www4.wiwiss.fu-berlin.de/bizer/bsbm/v01/instances/ProductFeature430
http://www4.wiwiss.fu-berlin.de/bizer/bsbm/v01/instances/dataFrom/Product54;http://www4.wiwiss.fu-berlin.de/bizer/bsbm/v01/vocabulary/productFeature;http://www4.wiwiss.fu-berlin.de/bizer/bsbm/v01/instances/ProductFeature432
http://www4.wiwiss.fu-berlin.de/bizer/bsbm/v01/instances/dataFrom/Product54;http://www4.wiwiss.fu-berlin.de/bizer/bsbm/v01/vocabulary/productFeature;http://www4.wiwiss.fu-berlin.de/bizer/bsbm/v01/instances/ProductFeature432
http://www4.wiwiss.fu-berlin.de/bizer/bsbm/v01/instances/dataFrom/Product54;http://www4.wiwiss.fu-berlin.de/bizer/bsbm/v01/vocabulary/productFeature;http://www4.wiwiss.fu-berlin.de/bizer/bsbm/v01/instances/ProductFeature432
http://www4.wiwiss.fu-berlin.de/bizer/bsbm/v01/instances/dataFrom/Product54;http://www4.wiwiss.fu-berlin.de/bizer/bsbm/v01/vocabulary/productFeature;http://www4.wiwiss.fu-berlin.de/bizer/bsbm/v01/instances/ProductFeature433
http://www4.wiwiss.fu-berlin.de/bizer/bsbm/v01/instances/dataFrom/Product54;http://www4.wiwiss.fu-berlin.de/bizer/bsbm/v01/vocabulary/productFeature;http://www4.wiwiss.fu-berlin.de/bizer/bsbm/v01/instances/ProductFeature433
http://www4.wiwiss.fu-berlin.de/bizer/bsbm/v01/instances/dataFrom/Product54;http://www4.wiwiss.fu-berlin.de/bizer/bsbm/v01/vocabulary/productFeature;http://www4.wiwiss.fu-berlin.de/bizer/bsbm/v01/instances/ProductFeature445
http://www4.wiwiss.fu-berlin.de/bizer/bsbm/v01/instances/dataFrom/Product54;http://www4.wiwiss.fu-berlin.de/bizer/bsbm/v01/vocabulary/productFeature;http://www4.wiwiss.fu-berlin.de/bizer/bsbm/v01/instances/ProductFeature445
http://www4.wiwiss.fu-berlin.de/bizer/bsbm/v01/instances/dataFrom/Product54;http://www4.wiwiss.fu-berlin.de/bizer/bsbm/v01/vocabulary/productFeature;http://www4.wiwiss.fu-berlin.de/bizer/bsbm/v01/instances/ProductFeature445
http://www4.wiwiss.fu-berlin.de/bizer/bsbm/v01/instances/dataFrom/Product54;http://www4.wiwiss.fu-berlin.de/bizer/bsbm/v01/vocabulary/productFeature;http://www4.wiwiss.fu-berlin.de/bizer/bsbm/v01/instances/ProductFeature449
http://www4.wiwiss.fu-berlin.de/bizer/bsbm/v01/instances/dataFrom/Product54;http://www4.wiwiss.fu-berlin.de/bizer/bsbm/v01/vocabulary/productFeature;http://www4.wiwiss.fu-berlin.de/bizer/bsbm/v01/instances/ProductFeature449
http://www4.wiwiss.fu-berlin.de/bizer/bsbm/v01/instances/dataFrom/Product54;http://www4.wiwiss.fu-berlin.de/bizer/bsbm/v01/vocabulary/productFeature;http://www4.wiwiss.fu-berlin.de/bizer/bsbm/v01/instances/ProductFeature449
http://www4.wiwiss.fu-berlin.de/bizer/bsbm/v01/instances/dataFrom/Product54;http://www4.wiwiss.fu-berlin.de/bizer/bsbm/v01/vocabulary/productFeature;http://www4.wiwiss.fu-berlin.de/bizer/bsbm/v01/instances/ProductFeature451
http://www4.wiwiss.fu-berlin.de/bizer/bsbm/v01/instances/dataFrom/Product54;http://www4.wiwiss.fu-berlin.de/bizer/bsbm/v01/vocabulary/productFeature;http://www4.wiwiss.fu-berlin.de/bizer/bsbm/v01/instances/ProductFeature451
http://www4.wiwiss.fu-berlin.de/bizer/bsbm/v01/instances/dataFrom/Product54;http://www4.wiwiss.fu-berlin.de/bizer/bsbm/v01/vocabulary/productFeature;http://www4.wiwiss.fu-berlin.de/bizer/bsbm/v01/instances/ProductFeature451
http://www4.wiwiss.fu-berlin.de/bizer/bsbm/v01/instances/dataFrom/Product54;http://www4.wiwiss.fu-berlin.de/bizer/bsbm/v01/vocabulary/productFeature;http://www4.wiwiss.fu-berlin.de/bizer/bsbm/v01/instances/ProductFeature451
http://www4.wiwiss.fu-berlin.de/bizer/bsbm/v01/instances/dataFrom/Product85;http://www4.wiwiss.fu-berlin.de/bizer/bsbm/v01/vocabulary/productFeature;http://www4.wiwiss.fu-berlin.de/bizer/bsbm/v01/instances/ProductFeature416
http://www4.wiwiss.fu-berlin.de/bizer/bsbm/v01/instances/dataFrom/Product85;http://www4.wiwiss.fu-berlin.de/bizer/bsbm/v01/vocabulary/productFeature;http://www4.wiwiss.fu-berlin.de/bizer/bsbm/v01/instances/ProductFeature416
http://www4.wiwiss.fu-berlin.de/bizer/bsbm/v01/instances/dataFrom/Product85;http://www4.wiwiss.fu-berlin.de/bizer/bsbm/v01/vocabulary/productFeature;http://www4.wiwiss.fu-berlin.de/bizer/bsbm/v01/instances/ProductFeature418
http://www4.wiwiss.fu-berlin.de/bizer/bsbm/v01/instances/dataFrom/Product85;http://www4.wiwiss.fu-berlin.de/bizer/bsbm/v01/vocabulary/productFeature;http://www4.wiwiss.fu-berlin.de/bizer/bsbm/v01/instances/ProductFeature418
http://www4.wiwiss.fu-berlin.de/bizer/bsbm/v01/instances/dataFrom/Product85;http://www4.wiwiss.fu-berlin.de/bizer/bsbm/v01/vocabulary/productFeature;http://www4.wiwiss.fu-berlin.de/bizer/bsbm/v01/instances/ProductFeature418
http://www4.wiwiss.fu-berlin.de/bizer/bsbm/v01/instances/dataFrom/Product85;http://www4.wiwiss.fu-berlin.de/bizer/bsbm/v01/vocabulary/productFeature;http://www4.wiwiss.fu-berlin.de/bizer/bsbm/v01/instances/ProductFeature428
http://www4.wiwiss.fu-berlin.de/bizer/bsbm/v01/instances/dataFrom/Product85;http://www4.wiwiss.fu-berlin.de/bizer/bsbm/v01/vocabulary/productFeature;http://www4.wiwiss.fu-berlin.de/bizer/bsbm/v01/instances/ProductFeature428
http://www4.wiwiss.fu-berlin.de/bizer/bsbm/v01/instances/dataFrom/Product85;http://www4.wiwiss.fu-berlin.de/bizer/bsbm/v01/vocabulary/productFeature;http://www4.wiwiss.fu-berlin.de/bizer/bsbm/v01/instances/ProductFeature430
http://www4.wiwiss.fu-berlin.de/bizer/bsbm/v01/instances/dataFrom/Product85;http://www4.wiwiss.fu-berlin.de/bizer/bsbm/v01/vocabulary/productFeature;http://www4.wiwiss.fu-berlin.de/bizer/bsbm/v01/instances/ProductFeature430
http://www4.wiwiss.fu-berlin.de/bizer/bsbm/v01/instances/dataFrom/Product85;http://www4.wiwiss.fu-berlin.de/bizer/bsbm/v01/vocabulary/productFeature;http://www4.wiwiss.fu-berlin.de/bizer/bsbm/v01/instances/ProductFeature430
http://www4.wiwiss.fu-berlin.de/bizer/bsbm/v01/instances/dataFrom/Product85;http://www4.wiwiss.fu-berlin.de/bizer/bsbm/v01/vocabulary/productFeature;http://www4.wiwiss.fu-berlin.de/bizer/bsbm/v01/instances/ProductFeature432
http://www4.wiwiss.fu-berlin.de/bizer/bsbm/v01/instances/dataFrom/Product85;http://www4.wiwiss.fu-berlin.de/bizer/bsbm/v01/vocabulary/productFeature;http://www4.wiwiss.fu-berlin.de/bizer/bsbm/v01/instances/ProductFeature432
http://www4.wiwiss.fu-berlin.de/bizer/bsbm/v01/instances/dataFrom/Product85;http://www4.wiwiss.fu-berlin.de/bizer/bsbm/v01/vocabulary/productFeature;http://www4.wiwiss.fu-berlin.de/bizer/bsbm/v01/instances/ProductFeature432
http://www4.wiwiss.fu-berlin.de/bizer/bsbm/v01/instances/dataFrom/Product85;http://www4.wiwiss.fu-berlin.de/bizer/bsbm/v01/vocabulary/productFeature;http://www4.wiwiss.fu-berlin.de/bizer/bsbm/v01/instances/ProductFeature433
http://www4.wiwiss.fu-berlin.de/bizer/bsbm/v01/instances/dataFrom/Product85;http://www4.wiwiss.fu-berlin.de/bizer/bsbm/v01/vocabulary/productFeature;http://www4.wiwiss.fu-berlin.de/bizer/bsbm/v01/instances/ProductFeature433
http://www4.wiwiss.fu-berlin.de/bizer/bsbm/v01/instances/dataFrom/Product85;http://www4.wiwiss.fu-berlin.de/bizer/bsbm/v01/vocabulary/productFeature;http://www4.wiwiss.fu-berlin.de/bizer/bsbm/v01/instances/ProductFeature445
http://www4.wiwiss.fu-berlin.de/bizer/bsbm/v01/instances/dataFrom/Product85;http://www4.wiwiss.fu-berlin.de/bizer/bsbm/v01/vocabulary/productFeature;http://www4.wiwiss.fu-berlin.de/bizer/bsbm/v01/instances/ProductFeature445
http://www4.wiwiss.fu-berlin.de/bizer/bsbm/v01/instances/dataFrom/Product85;http://www4.wiwiss.fu-berlin.de/bizer/bsbm/v01/vocabulary/productFeature;http://www4.wiwiss.fu-berlin.de/bizer/bsbm/v01/instances/ProductFeature445
http://www4.wiwiss.fu-berlin.de/bizer/bsbm/v01/instances/dataFrom/Product85;http://www4.wiwiss.fu-berlin.de/bizer/bsbm/v01/vocabulary/productFeature;http://www4.wiwiss.fu-berlin.de/bizer/bsbm/v01/instances/ProductFeature449
http://www4.wiwiss.fu-berlin.de/bizer/bsbm/v01/instances/dataFrom/Product85;http://www4.wiwiss.fu-berlin.de/bizer/bsbm/v01/vocabulary/productFeature;http://www4.wiwiss.fu-berlin.de/bizer/bsbm/v01/instances/ProductFeature449
http://www4.wiwiss.fu-berlin.de/bizer/bsbm/v01/instances/dataFrom/Product85;http://www4.wiwiss.fu-berlin.de/bizer/bsbm/v01/vocabulary/productFeature;http://www4.wiwiss.fu-berlin.de/bizer/bsbm/v01/instances/ProductFeature449
http://www4.wiwiss.fu-berlin.de/bizer/bsbm/v01/instances/dataFrom/Product85;http://www4.wiwiss.fu-berlin.de/bizer/bsbm/v01/vocabulary/productFeature;http://www4.wiwiss.fu-berlin.de/bizer/bsbm/v01/instances/ProductFeature451
http://www4.wiwiss.fu-berlin.de/bizer/bsbm/v01/instances/dataFrom/Product85;http://www4.wiwiss.fu-berlin.de/bizer/bsbm/v01/vocabulary/productFeature;http://www4.wiwiss.fu-berlin.de/bizer/bsbm/v01/instances/ProductFeature451
http://www4.wiwiss.fu-berlin.de/bizer/bsbm/v01/instances/dataFrom/Product85;http://www4.wiwiss.fu-berlin.de/bizer/bsbm/v01/vocabulary/productFeature;http://www4.wiwiss.fu-berlin.de/bizer/bsbm/v01/instances/ProductFeature451
http://www4.wiwiss.fu-berlin.de/bizer/bsbm/v01/instances/dataFrom/Product85;http://www4.wiwiss.fu-berlin.de/bizer/bsbm/v01/vocabulary/productFeature;http://www4.wiwiss.fu-berlin.de/bizer/bsbm/v01/instances/ProductFeature451
http://www4.wiwiss.fu-berlin.de/bizer/bsbm/v01/instances/dataFrom/Product79;http://www4.wiwiss.fu-berlin.de/bizer/bsbm/v01/vocabulary/productFeature;http://www4.wiwiss.fu-berlin.de/bizer/bsbm/v01/instances/ProductFeature416
http://www4.wiwiss.fu-berlin.de/bizer/bsbm/v01/instances/dataFrom/Product79;http://www4.wiwiss.fu-berlin.de/bizer/bsbm/v01/vocabulary/productFeature;http://www4.wiwiss.fu-berlin.de/bizer/bsbm/v01/instances/ProductFeature416
http://www4.wiwiss.fu-berlin.de/bizer/bsbm/v01/instances/dataFrom/Product79;http://www4.wiwiss.fu-berlin.de/bizer/bsbm/v01/vocabulary/productFeature;http://www4.wiwiss.fu-berlin.de/bizer/bsbm/v01/instances/ProductFeature418
http://www4.wiwiss.fu-berlin.de/bizer/bsbm/v01/instances/dataFrom/Product79;http://www4.wiwiss.fu-berlin.de/bizer/bsbm/v01/vocabulary/productFeature;http://www4.wiwiss.fu-berlin.de/bizer/bsbm/v01/instances/ProductFeature418
http://www4.wiwiss.fu-berlin.de/bizer/bsbm/v01/instances/dataFrom/Product79;http://www4.wiwiss.fu-berlin.de/bizer/bsbm/v01/vocabulary/productFeature;http://www4.wiwiss.fu-berlin.de/bizer/bsbm/v01/instances/ProductFeature418
http://www4.wiwiss.fu-berlin.de/bizer/bsbm/v01/instances/dataFrom/Product79;http://www4.wiwiss.fu-berlin.de/bizer/bsbm/v01/vocabulary/productFeature;http://www4.wiwiss.fu-berlin.de/bizer/bsbm/v01/instances/ProductFeature428
http://www4.wiwiss.fu-berlin.de/bizer/bsbm/v01/instances/dataFrom/Product79;http://www4.wiwiss.fu-berlin.de/bizer/bsbm/v01/vocabulary/productFeature;http://www4.wiwiss.fu-berlin.de/bizer/bsbm/v01/instances/ProductFeature428
http://www4.wiwiss.fu-berlin.de/bizer/bsbm/v01/instances/dataFrom/Product79;http://www4.wiwiss.fu-berlin.de/bizer/bsbm/v01/vocabulary/productFeature;http://www4.wiwiss.fu-berlin.de/bizer/bsbm/v01/instances/ProductFeature430
http://www4.wiwiss.fu-berlin.de/bizer/bsbm/v01/instances/dataFrom/Product79;http://www4.wiwiss.fu-berlin.de/bizer/bsbm/v01/vocabulary/productFeature;http://www4.wiwiss.fu-berlin.de/bizer/bsbm/v01/instances/ProductFeature430
http://www4.wiwiss.fu-berlin.de/bizer/bsbm/v01/instances/dataFrom/Product79;http://www4.wiwiss.fu-berlin.de/bizer/bsbm/v01/vocabulary/productFeature;http://www4.wiwiss.fu-berlin.de/bizer/bsbm/v01/instances/ProductFeature430
http://www4.wiwiss.fu-berlin.de/bizer/bsbm/v01/instances/dataFrom/Product79;http://www4.wiwiss.fu-berlin.de/bizer/bsbm/v01/vocabulary/productFeature;http://www4.wiwiss.fu-berlin.de/bizer/bsbm/v01/instances/ProductFeature432
http://www4.wiwiss.fu-berlin.de/bizer/bsbm/v01/instances/dataFrom/Product79;http://www4.wiwiss.fu-berlin.de/bizer/bsbm/v01/vocabulary/productFeature;http://www4.wiwiss.fu-berlin.de/bizer/bsbm/v01/instances/ProductFeature432
http://www4.wiwiss.fu-berlin.de/bizer/bsbm/v01/instances/dataFrom/Product79;http://www4.wiwiss.fu-berlin.de/bizer/bsbm/v01/vocabulary/productFeature;http://www4.wiwiss.fu-berlin.de/bizer/bsbm/v01/instances/ProductFeature432
http://www4.wiwiss.fu-berlin.de/bizer/bsbm/v01/instances/dataFrom/Product79;http://www4.wiwiss.fu-berlin.de/bizer/bsbm/v01/vocabulary/productFeature;http://www4.wiwiss.fu-berlin.de/bizer/bsbm/v01/instances/ProductFeature433
http://www4.wiwiss.fu-berlin.de/bizer/bsbm/v01/instances/dataFrom/Product79;http://www4.wiwiss.fu-berlin.de/bizer/bsbm/v01/vocabulary/productFeature;http://www4.wiwiss.fu-berlin.de/bizer/bsbm/v01/instances/ProductFeature433
http://www4.wiwiss.fu-berlin.de/bizer/bsbm/v01/instances/dataFrom/Product79;http://www4.wiwiss.fu-berlin.de/bizer/bsbm/v01/vocabulary/productFeature;http://www4.wiwiss.fu-berlin.de/bizer/bsbm/v01/instances/ProductFeature445
http://www4.wiwiss.fu-berlin.de/bizer/bsbm/v01/instances/dataFrom/Product79;http://www4.wiwiss.fu-berlin.de/bizer/bsbm/v01/vocabulary/productFeature;http://www4.wiwiss.fu-berlin.de/bizer/bsbm/v01/instances/ProductFeature445
http://www4.wiwiss.fu-berlin.de/bizer/bsbm/v01/instances/dataFrom/Product79;http://www4.wiwiss.fu-berlin.de/bizer/bsbm/v01/vocabulary/productFeature;http://www4.wiwiss.fu-berlin.de/bizer/bsbm/v01/instances/ProductFeature445
http://www4.wiwiss.fu-berlin.de/bizer/bsbm/v01/instances/dataFrom/Product79;http://www4.wiwiss.fu-berlin.de/bizer/bsbm/v01/vocabulary/productFeature;http://www4.wiwiss.fu-berlin.de/bizer/bsbm/v01/instances/ProductFeature449
http://www4.wiwiss.fu-berlin.de/bizer/bsbm/v01/instances/dataFrom/Product79;http://www4.wiwiss.fu-berlin.de/bizer/bsbm/v01/vocabulary/productFeature;http://www4.wiwiss.fu-berlin.de/bizer/bsbm/v01/instances/ProductFeature449
http://www4.wiwiss.fu-berlin.de/bizer/bsbm/v01/instances/dataFrom/Product79;http://www4.wiwiss.fu-berlin.de/bizer/bsbm/v01/vocabulary/productFeature;http://www4.wiwiss.fu-berlin.de/bizer/bsbm/v01/instances/ProductFeature449
http://www4.wiwiss.fu-berlin.de/bizer/bsbm/v01/instances/dataFrom/Product79;http://www4.wiwiss.fu-berlin.de/bizer/bsbm/v01/vocabulary/productFeature;http://www4.wiwiss.fu-berlin.de/bizer/bsbm/v01/instances/ProductFeature451
http://www4.wiwiss.fu-berlin.de/bizer/bsbm/v01/instances/dataFrom/Product79;http://www4.wiwiss.fu-berlin.de/bizer/bsbm/v01/vocabulary/productFeature;http://www4.wiwiss.fu-berlin.de/bizer/bsbm/v01/instances/ProductFeature451
http://www4.wiwiss.fu-berlin.de/bizer/bsbm/v01/instances/dataFrom/Product79;http://www4.wiwiss.fu-berlin.de/bizer/bsbm/v01/vocabulary/productFeature;http://www4.wiwiss.fu-berlin.de/bizer/bsbm/v01/instances/ProductFeature451
http://www4.wiwiss.fu-berlin.de/bizer/bsbm/v01/instances/dataFrom/Product79;http://www4.wiwiss.fu-berlin.de/bizer/bsbm/v01/vocabulary/productFeature;http://www4.wiwiss.fu-berlin.de/bizer/bsbm/v01/instances/ProductFeature451
http://www4.wiwiss.fu-berlin.de/bizer/bsbm/v01/instances/dataFrom/Product26;http://www4.wiwiss.fu-berlin.de/bizer/bsbm/v01/vocabulary/productFeature;http://www4.wiwiss.fu-berlin.de/bizer/bsbm/v01/instances/ProductFeature416
http://www4.wiwiss.fu-berlin.de/bizer/bsbm/v01/instances/dataFrom/Product26;http://www4.wiwiss.fu-berlin.de/bizer/bsbm/v01/vocabulary/productFeature;http://www4.wiwiss.fu-berlin.de/bizer/bsbm/v01/instances/ProductFeature416
http://www4.wiwiss.fu-berlin.de/bizer/bsbm/v01/instances/dataFrom/Product26;http://www4.wiwiss.fu-berlin.de/bizer/bsbm/v01/vocabulary/productFeature;http://www4.wiwiss.fu-berlin.de/bizer/bsbm/v01/instances/ProductFeature418
http://www4.wiwiss.fu-berlin.de/bizer/bsbm/v01/instances/dataFrom/Product26;http://www4.wiwiss.fu-berlin.de/bizer/bsbm/v01/vocabulary/productFeature;http://www4.wiwiss.fu-berlin.de/bizer/bsbm/v01/instances/ProductFeature418
http://www4.wiwiss.fu-berlin.de/bizer/bsbm/v01/instances/dataFrom/Product26;http://www4.wiwiss.fu-berlin.de/bizer/bsbm/v01/vocabulary/productFeature;http://www4.wiwiss.fu-berlin.de/bizer/bsbm/v01/instances/ProductFeature418
http://www4.wiwiss.fu-berlin.de/bizer/bsbm/v01/instances/dataFrom/Product26;http://www4.wiwiss.fu-berlin.de/bizer/bsbm/v01/vocabulary/productFeature;http://www4.wiwiss.fu-berlin.de/bizer/bsbm/v01/instances/ProductFeature428
http://www4.wiwiss.fu-berlin.de/bizer/bsbm/v01/instances/dataFrom/Product26;http://www4.wiwiss.fu-berlin.de/bizer/bsbm/v01/vocabulary/productFeature;http://www4.wiwiss.fu-berlin.de/bizer/bsbm/v01/instances/ProductFeature428
http://www4.wiwiss.fu-berlin.de/bizer/bsbm/v01/instances/dataFrom/Product26;http://www4.wiwiss.fu-berlin.de/bizer/bsbm/v01/vocabulary/productFeature;http://www4.wiwiss.fu-berlin.de/bizer/bsbm/v01/instances/ProductFeature430
http://www4.wiwiss.fu-berlin.de/bizer/bsbm/v01/instances/dataFrom/Product26;http://www4.wiwiss.fu-berlin.de/bizer/bsbm/v01/vocabulary/productFeature;http://www4.wiwiss.fu-berlin.de/bizer/bsbm/v01/instances/ProductFeature430
http://www4.wiwiss.fu-berlin.de/bizer/bsbm/v01/instances/dataFrom/Product26;http://www4.wiwiss.fu-berlin.de/bizer/bsbm/v01/vocabulary/productFeature;http://www4.wiwiss.fu-berlin.de/bizer/bsbm/v01/instances/ProductFeature430
http://www4.wiwiss.fu-berlin.de/bizer/bsbm/v01/instances/dataFrom/Product26;http://www4.wiwiss.fu-berlin.de/bizer/bsbm/v01/vocabulary/productFeature;http://www4.wiwiss.fu-berlin.de/bizer/bsbm/v01/instances/ProductFeature432
http://www4.wiwiss.fu-berlin.de/bizer/bsbm/v01/instances/dataFrom/Product26;http://www4.wiwiss.fu-berlin.de/bizer/bsbm/v01/vocabulary/productFeature;http://www4.wiwiss.fu-berlin.de/bizer/bsbm/v01/instances/ProductFeature432
http://www4.wiwiss.fu-berlin.de/bizer/bsbm/v01/instances/dataFrom/Product26;http://www4.wiwiss.fu-berlin.de/bizer/bsbm/v01/vocabulary/productFeature;http://www4.wiwiss.fu-berlin.de/bizer/bsbm/v01/instances/ProductFeature432
http://www4.wiwiss.fu-berlin.de/bizer/bsbm/v01/instances/dataFrom/Product26;http://www4.wiwiss.fu-berlin.de/bizer/bsbm/v01/vocabulary/productFeature;http://www4.wiwiss.fu-berlin.de/bizer/bsbm/v01/instances/ProductFeature433
http://www4.wiwiss.fu-berlin.de/bizer/bsbm/v01/instances/dataFrom/Product26;http://www4.wiwiss.fu-berlin.de/bizer/bsbm/v01/vocabulary/productFeature;http://www4.wiwiss.fu-berlin.de/bizer/bsbm/v01/instances/ProductFeature433
http://www4.wiwiss.fu-berlin.de/bizer/bsbm/v01/instances/dataFrom/Product26;http://www4.wiwiss.fu-berlin.de/bizer/bsbm/v01/vocabulary/productFeature;http://www4.wiwiss.fu-berlin.de/bizer/bsbm/v01/instances/ProductFeature445
http://www4.wiwiss.fu-berlin.de/bizer/bsbm/v01/instances/dataFrom/Product26;http://www4.wiwiss.fu-berlin.de/bizer/bsbm/v01/vocabulary/productFeature;http://www4.wiwiss.fu-berlin.de/bizer/bsbm/v01/instances/ProductFeature445
http://www4.wiwiss.fu-berlin.de/bizer/bsbm/v01/instances/dataFrom/Product26;http://www4.wiwiss.fu-berlin.de/bizer/bsbm/v01/vocabulary/productFeature;http://www4.wiwiss.fu-berlin.de/bizer/bsbm/v01/instances/ProductFeature445
http://www4.wiwiss.fu-berlin.de/bizer/bsbm/v01/instances/dataFrom/Product26;http://www4.wiwiss.fu-berlin.de/bizer/bsbm/v01/vocabulary/productFeature;http://www4.wiwiss.fu-berlin.de/bizer/bsbm/v01/instances/ProductFeature449
http://www4.wiwiss.fu-berlin.de/bizer/bsbm/v01/instances/dataFrom/Product26;http://www4.wiwiss.fu-berlin.de/bizer/bsbm/v01/vocabulary/productFeature;http://www4.wiwiss.fu-berlin.de/bizer/bsbm/v01/instances/ProductFeature449
http://www4.wiwiss.fu-berlin.de/bizer/bsbm/v01/instances/dataFrom/Product26;http://www4.wiwiss.fu-berlin.de/bizer/bsbm/v01/vocabulary/productFeature;http://www4.wiwiss.fu-berlin.de/bizer/bsbm/v01/instances/ProductFeature449
http://www4.wiwiss.fu-berlin.de/bizer/bsbm/v01/instances/dataFrom/Product26;http://www4.wiwiss.fu-berlin.de/bizer/bsbm/v01/vocabulary/productFeature;http://www4.wiwiss.fu-berlin.de/bizer/bsbm/v01/instances/ProductFeature451
http://www4.wiwiss.fu-berlin.de/bizer/bsbm/v01/instances/dataFrom/Product26;http://www4.wiwiss.fu-berlin.de/bizer/bsbm/v01/vocabulary/productFeature;http://www4.wiwiss.fu-berlin.de/bizer/bsbm/v01/instances/ProductFeature451
http://www4.wiwiss.fu-berlin.de/bizer/bsbm/v01/instances/dataFrom/Product26;http://www4.wiwiss.fu-berlin.de/bizer/bsbm/v01/vocabulary/productFeature;http://www4.wiwiss.fu-berlin.de/bizer/bsbm/v01/instances/ProductFeature451
http://www4.wiwiss.fu-berlin.de/bizer/bsbm/v01/instances/dataFrom/Product26;http://www4.wiwiss.fu-berlin.de/bizer/bsbm/v01/vocabulary/productFeature;http://www4.wiwiss.fu-berlin.de/bizer/bsbm/v01/instances/ProductFeature451
http://www4.wiwiss.fu-berlin.de/bizer/bsbm/v01/instances/dataFrom/Product9;http://www4.wiwiss.fu-berlin.de/bizer/bsbm/v01/vocabulary/productFeature;http://www4.wiwiss.fu-berlin.de/bizer/bsbm/v01/instances/ProductFeature416
http://www4.wiwiss.fu-berlin.de/bizer/bsbm/v01/instances/dataFrom/Product9;http://www4.wiwiss.fu-berlin.de/bizer/bsbm/v01/vocabulary/productFeature;http://www4.wiwiss.fu-berlin.de/bizer/bsbm/v01/instances/ProductFeature416
http://www4.wiwiss.fu-berlin.de/bizer/bsbm/v01/instances/dataFrom/Product9;http://www4.wiwiss.fu-berlin.de/bizer/bsbm/v01/vocabulary/productFeature;http://www4.wiwiss.fu-berlin.de/bizer/bsbm/v01/instances/ProductFeature418
http://www4.wiwiss.fu-berlin.de/bizer/bsbm/v01/instances/dataFrom/Product9;http://www4.wiwiss.fu-berlin.de/bizer/bsbm/v01/vocabulary/productFeature;http://www4.wiwiss.fu-berlin.de/bizer/bsbm/v01/instances/ProductFeature418
http://www4.wiwiss.fu-berlin.de/bizer/bsbm/v01/instances/dataFrom/Product9;http://www4.wiwiss.fu-berlin.de/bizer/bsbm/v01/vocabulary/productFeature;http://www4.wiwiss.fu-berlin.de/bizer/bsbm/v01/instances/ProductFeature418
http://www4.wiwiss.fu-berlin.de/bizer/bsbm/v01/instances/dataFrom/Product9;http://www4.wiwiss.fu-berlin.de/bizer/bsbm/v01/vocabulary/productFeature;http://www4.wiwiss.fu-berlin.de/bizer/bsbm/v01/instances/ProductFeature428
http://www4.wiwiss.fu-berlin.de/bizer/bsbm/v01/instances/dataFrom/Product9;http://www4.wiwiss.fu-berlin.de/bizer/bsbm/v01/vocabulary/productFeature;http://www4.wiwiss.fu-berlin.de/bizer/bsbm/v01/instances/ProductFeature428
http://www4.wiwiss.fu-berlin.de/bizer/bsbm/v01/instances/dataFrom/Product9;http://www4.wiwiss.fu-berlin.de/bizer/bsbm/v01/vocabulary/productFeature;http://www4.wiwiss.fu-berlin.de/bizer/bsbm/v01/instances/ProductFeature430
http://www4.wiwiss.fu-berlin.de/bizer/bsbm/v01/instances/dataFrom/Product9;http://www4.wiwiss.fu-berlin.de/bizer/bsbm/v01/vocabulary/productFeature;http://www4.wiwiss.fu-berlin.de/bizer/bsbm/v01/instances/ProductFeature430
http://www4.wiwiss.fu-berlin.de/bizer/bsbm/v01/instances/dataFrom/Product9;http://www4.wiwiss.fu-berlin.de/bizer/bsbm/v01/vocabulary/productFeature;http://www4.wiwiss.fu-berlin.de/bizer/bsbm/v01/instances/ProductFeature430
http://www4.wiwiss.fu-berlin.de/bizer/bsbm/v01/instances/dataFrom/Product9;http://www4.wiwiss.fu-berlin.de/bizer/bsbm/v01/vocabulary/productFeature;http://www4.wiwiss.fu-berlin.de/bizer/bsbm/v01/instances/ProductFeature432
http://www4.wiwiss.fu-berlin.de/bizer/bsbm/v01/instances/dataFrom/Product9;http://www4.wiwiss.fu-berlin.de/bizer/bsbm/v01/vocabulary/productFeature;http://www4.wiwiss.fu-berlin.de/bizer/bsbm/v01/instances/ProductFeature432
http://www4.wiwiss.fu-berlin.de/bizer/bsbm/v01/instances/dataFrom/Product9;http://www4.wiwiss.fu-berlin.de/bizer/bsbm/v01/vocabulary/productFeature;http://www4.wiwiss.fu-berlin.de/bizer/bsbm/v01/instances/ProductFeature432
http://www4.wiwiss.fu-berlin.de/bizer/bsbm/v01/instances/dataFrom/Product9;http://www4.wiwiss.fu-berlin.de/bizer/bsbm/v01/vocabulary/productFeature;http://www4.wiwiss.fu-berlin.de/bizer/bsbm/v01/instances/ProductFeature433
http://www4.wiwiss.fu-berlin.de/bizer/bsbm/v01/instances/dataFrom/Product9;http://www4.wiwiss.fu-berlin.de/bizer/bsbm/v01/vocabulary/productFeature;http://www4.wiwiss.fu-berlin.de/bizer/bsbm/v01/instances/ProductFeature433
http://www4.wiwiss.fu-berlin.de/bizer/bsbm/v01/instances/dataFrom/Product9;http://www4.wiwiss.fu-berlin.de/bizer/bsbm/v01/vocabulary/productFeature;http://www4.wiwiss.fu-berlin.de/bizer/bsbm/v01/instances/ProductFeature445
http://www4.wiwiss.fu-berlin.de/bizer/bsbm/v01/instances/dataFrom/Product9;http://www4.wiwiss.fu-berlin.de/bizer/bsbm/v01/vocabulary/productFeature;http://www4.wiwiss.fu-berlin.de/bizer/bsbm/v01/instances/ProductFeature445
http://www4.wiwiss.fu-berlin.de/bizer/bsbm/v01/instances/dataFrom/Product9;http://www4.wiwiss.fu-berlin.de/bizer/bsbm/v01/vocabulary/productFeature;http://www4.wiwiss.fu-berlin.de/bizer/bsbm/v01/instances/ProductFeature445
http://www4.wiwiss.fu-berlin.de/bizer/bsbm/v01/instances/dataFrom/Product9;http://www4.wiwiss.fu-berlin.de/bizer/bsbm/v01/vocabulary/productFeature;http://www4.wiwiss.fu-berlin.de/bizer/bsbm/v01/instances/ProductFeature449
http://www4.wiwiss.fu-berlin.de/bizer/bsbm/v01/instances/dataFrom/Product9;http://www4.wiwiss.fu-berlin.de/bizer/bsbm/v01/vocabulary/productFeature;http://www4.wiwiss.fu-berlin.de/bizer/bsbm/v01/instances/ProductFeature449
http://www4.wiwiss.fu-berlin.de/bizer/bsbm/v01/instances/dataFrom/Product9;http://www4.wiwiss.fu-berlin.de/bizer/bsbm/v01/vocabulary/productFeature;http://www4.wiwiss.fu-berlin.de/bizer/bsbm/v01/instances/ProductFeature449
http://www4.wiwiss.fu-berlin.de/bizer/bsbm/v01/instances/dataFrom/Product9;http://www4.wiwiss.fu-berlin.de/bizer/bsbm/v01/vocabulary/productFeature;http://www4.wiwiss.fu-berlin.de/bizer/bsbm/v01/instances/ProductFeature451
http://www4.wiwiss.fu-berlin.de/bizer/bsbm/v01/instances/dataFrom/Product9;http://www4.wiwiss.fu-berlin.de/bizer/bsbm/v01/vocabulary/productFeature;http://www4.wiwiss.fu-berlin.de/bizer/bsbm/v01/instances/ProductFeature451
http://www4.wiwiss.fu-berlin.de/bizer/bsbm/v01/instances/dataFrom/Product9;http://www4.wiwiss.fu-berlin.de/bizer/bsbm/v01/vocabulary/productFeature;http://www4.wiwiss.fu-berlin.de/bizer/bsbm/v01/instances/ProductFeature451
http://www4.wiwiss.fu-berlin.de/bizer/bsbm/v01/instances/dataFrom/Product9;http://www4.wiwiss.fu-berlin.de/bizer/bsbm/v01/vocabulary/productFeature;http://www4.wiwiss.fu-berlin.de/bizer/bsbm/v01/instances/ProductFeature451
http://www4.wiwiss.fu-berlin.de/bizer/bsbm/v01/instances/dataFrom/Product43;http://www4.wiwiss.fu-berlin.de/bizer/bsbm/v01/vocabulary/productFeature;http://www4.wiwiss.fu-berlin.de/bizer/bsbm/v01/instances/ProductFeature416
http://www4.wiwiss.fu-berlin.de/bizer/bsbm/v01/instances/dataFrom/Product43;http://www4.wiwiss.fu-berlin.de/bizer/bsbm/v01/vocabulary/productFeature;http://www4.wiwiss.fu-berlin.de/bizer/bsbm/v01/instances/ProductFeature416
http://www4.wiwiss.fu-berlin.de/bizer/bsbm/v01/instances/dataFrom/Product43;http://www4.wiwiss.fu-berlin.de/bizer/bsbm/v01/vocabulary/productFeature;http://www4.wiwiss.fu-berlin.de/bizer/bsbm/v01/instances/ProductFeature418
http://www4.wiwiss.fu-berlin.de/bizer/bsbm/v01/instances/dataFrom/Product43;http://www4.wiwiss.fu-berlin.de/bizer/bsbm/v01/vocabulary/productFeature;http://www4.wiwiss.fu-berlin.de/bizer/bsbm/v01/instances/ProductFeature418
http://www4.wiwiss.fu-berlin.de/bizer/bsbm/v01/instances/dataFrom/Product43;http://www4.wiwiss.fu-berlin.de/bizer/bsbm/v01/vocabulary/productFeature;http://www4.wiwiss.fu-berlin.de/bizer/bsbm/v01/instances/ProductFeature418
http://www4.wiwiss.fu-berlin.de/bizer/bsbm/v01/instances/dataFrom/Product43;http://www4.wiwiss.fu-berlin.de/bizer/bsbm/v01/vocabulary/productFeature;http://www4.wiwiss.fu-berlin.de/bizer/bsbm/v01/instances/ProductFeature428
http://www4.wiwiss.fu-berlin.de/bizer/bsbm/v01/instances/dataFrom/Product43;http://www4.wiwiss.fu-berlin.de/bizer/bsbm/v01/vocabulary/productFeature;http://www4.wiwiss.fu-berlin.de/bizer/bsbm/v01/instances/ProductFeature428
http://www4.wiwiss.fu-berlin.de/bizer/bsbm/v01/instances/dataFrom/Product43;http://www4.wiwiss.fu-berlin.de/bizer/bsbm/v01/vocabulary/productFeature;http://www4.wiwiss.fu-berlin.de/bizer/bsbm/v01/instances/ProductFeature430
http://www4.wiwiss.fu-berlin.de/bizer/bsbm/v01/instances/dataFrom/Product43;http://www4.wiwiss.fu-berlin.de/bizer/bsbm/v01/vocabulary/productFeature;http://www4.wiwiss.fu-berlin.de/bizer/bsbm/v01/instances/ProductFeature430
http://www4.wiwiss.fu-berlin.de/bizer/bsbm/v01/instances/dataFrom/Product43;http://www4.wiwiss.fu-berlin.de/bizer/bsbm/v01/vocabulary/productFeature;http://www4.wiwiss.fu-berlin.de/bizer/bsbm/v01/instances/ProductFeature430
http://www4.wiwiss.fu-berlin.de/bizer/bsbm/v01/instances/dataFrom/Product43;http://www4.wiwiss.fu-berlin.de/bizer/bsbm/v01/vocabulary/productFeature;http://www4.wiwiss.fu-berlin.de/bizer/bsbm/v01/instances/ProductFeature432
http://www4.wiwiss.fu-berlin.de/bizer/bsbm/v01/instances/dataFrom/Product43;http://www4.wiwiss.fu-berlin.de/bizer/bsbm/v01/vocabulary/productFeature;http://www4.wiwiss.fu-berlin.de/bizer/bsbm/v01/instances/ProductFeature432
http://www4.wiwiss.fu-berlin.de/bizer/bsbm/v01/instances/dataFrom/Product43;http://www4.wiwiss.fu-berlin.de/bizer/bsbm/v01/vocabulary/productFeature;http://www4.wiwiss.fu-berlin.de/bizer/bsbm/v01/instances/ProductFeature432
http://www4.wiwiss.fu-berlin.de/bizer/bsbm/v01/instances/dataFrom/Product43;http://www4.wiwiss.fu-berlin.de/bizer/bsbm/v01/vocabulary/productFeature;http://www4.wiwiss.fu-berlin.de/bizer/bsbm/v01/instances/ProductFeature433
http://www4.wiwiss.fu-berlin.de/bizer/bsbm/v01/instances/dataFrom/Product43;http://www4.wiwiss.fu-berlin.de/bizer/bsbm/v01/vocabulary/productFeature;http://www4.wiwiss.fu-berlin.de/bizer/bsbm/v01/instances/ProductFeature433
http://www4.wiwiss.fu-berlin.de/bizer/bsbm/v01/instances/dataFrom/Product43;http://www4.wiwiss.fu-berlin.de/bizer/bsbm/v01/vocabulary/productFeature;http://www4.wiwiss.fu-berlin.de/bizer/bsbm/v01/instances/ProductFeature445
http://www4.wiwiss.fu-berlin.de/bizer/bsbm/v01/instances/dataFrom/Product43;http://www4.wiwiss.fu-berlin.de/bizer/bsbm/v01/vocabulary/productFeature;http://www4.wiwiss.fu-berlin.de/bizer/bsbm/v01/instances/ProductFeature445
http://www4.wiwiss.fu-berlin.de/bizer/bsbm/v01/instances/dataFrom/Product43;http://www4.wiwiss.fu-berlin.de/bizer/bsbm/v01/vocabulary/productFeature;http://www4.wiwiss.fu-berlin.de/bizer/bsbm/v01/instances/ProductFeature445
http://www4.wiwiss.fu-berlin.de/bizer/bsbm/v01/instances/dataFrom/Product43;http://www4.wiwiss.fu-berlin.de/bizer/bsbm/v01/vocabulary/productFeature;http://www4.wiwiss.fu-berlin.de/bizer/bsbm/v01/instances/ProductFeature449
http://www4.wiwiss.fu-berlin.de/bizer/bsbm/v01/instances/dataFrom/Product43;http://www4.wiwiss.fu-berlin.de/bizer/bsbm/v01/vocabulary/productFeature;http://www4.wiwiss.fu-berlin.de/bizer/bsbm/v01/instances/ProductFeature449
http://www4.wiwiss.fu-berlin.de/bizer/bsbm/v01/instances/dataFrom/Product43;http://www4.wiwiss.fu-berlin.de/bizer/bsbm/v01/vocabulary/productFeature;http://www4.wiwiss.fu-berlin.de/bizer/bsbm/v01/instances/ProductFeature449
http://www4.wiwiss.fu-berlin.de/bizer/bsbm/v01/instances/dataFrom/Product43;http://www4.wiwiss.fu-berlin.de/bizer/bsbm/v01/vocabulary/productFeature;http://www4.wiwiss.fu-berlin.de/bizer/bsbm/v01/instances/ProductFeature451
http://www4.wiwiss.fu-berlin.de/bizer/bsbm/v01/instances/dataFrom/Product43;http://www4.wiwiss.fu-berlin.de/bizer/bsbm/v01/vocabulary/productFeature;http://www4.wiwiss.fu-berlin.de/bizer/bsbm/v01/instances/ProductFeature451
http://www4.wiwiss.fu-berlin.de/bizer/bsbm/v01/instances/dataFrom/Product43;http://www4.wiwiss.fu-berlin.de/bizer/bsbm/v01/vocabulary/productFeature;http://www4.wiwiss.fu-berlin.de/bizer/bsbm/v01/instances/ProductFeature451
http://www4.wiwiss.fu-berlin.de/bizer/bsbm/v01/instances/dataFrom/Product43;http://www4.wiwiss.fu-berlin.de/bizer/bsbm/v01/vocabulary/productFeature;http://www4.wiwiss.fu-berlin.de/bizer/bsbm/v01/instances/ProductFeature451
http://www4.wiwiss.fu-berlin.de/bizer/bsbm/v01/instances/dataFrom/Product56;http://www4.wiwiss.fu-berlin.de/bizer/bsbm/v01/vocabulary/productFeature;http://www4.wiwiss.fu-berlin.de/bizer/bsbm/v01/instances/ProductFeature416
http://www4.wiwiss.fu-berlin.de/bizer/bsbm/v01/instances/dataFrom/Product56;http://www4.wiwiss.fu-berlin.de/bizer/bsbm/v01/vocabulary/productFeature;http://www4.wiwiss.fu-berlin.de/bizer/bsbm/v01/instances/ProductFeature416
http://www4.wiwiss.fu-berlin.de/bizer/bsbm/v01/instances/dataFrom/Product56;http://www4.wiwiss.fu-berlin.de/bizer/bsbm/v01/vocabulary/productFeature;http://www4.wiwiss.fu-berlin.de/bizer/bsbm/v01/instances/ProductFeature418
http://www4.wiwiss.fu-berlin.de/bizer/bsbm/v01/instances/dataFrom/Product56;http://www4.wiwiss.fu-berlin.de/bizer/bsbm/v01/vocabulary/productFeature;http://www4.wiwiss.fu-berlin.de/bizer/bsbm/v01/instances/ProductFeature418
http://www4.wiwiss.fu-berlin.de/bizer/bsbm/v01/instances/dataFrom/Product56;http://www4.wiwiss.fu-berlin.de/bizer/bsbm/v01/vocabulary/productFeature;http://www4.wiwiss.fu-berlin.de/bizer/bsbm/v01/instances/ProductFeature418
http://www4.wiwiss.fu-berlin.de/bizer/bsbm/v01/instances/dataFrom/Product56;http://www4.wiwiss.fu-berlin.de/bizer/bsbm/v01/vocabulary/productFeature;http://www4.wiwiss.fu-berlin.de/bizer/bsbm/v01/instances/ProductFeature428
http://www4.wiwiss.fu-berlin.de/bizer/bsbm/v01/instances/dataFrom/Product56;http://www4.wiwiss.fu-berlin.de/bizer/bsbm/v01/vocabulary/productFeature;http://www4.wiwiss.fu-berlin.de/bizer/bsbm/v01/instances/ProductFeature428
http://www4.wiwiss.fu-berlin.de/bizer/bsbm/v01/instances/dataFrom/Product56;http://www4.wiwiss.fu-berlin.de/bizer/bsbm/v01/vocabulary/productFeature;http://www4.wiwiss.fu-berlin.de/bizer/bsbm/v01/instances/ProductFeature430
http://www4.wiwiss.fu-berlin.de/bizer/bsbm/v01/instances/dataFrom/Product56;http://www4.wiwiss.fu-berlin.de/bizer/bsbm/v01/vocabulary/productFeature;http://www4.wiwiss.fu-berlin.de/bizer/bsbm/v01/instances/ProductFeature430
http://www4.wiwiss.fu-berlin.de/bizer/bsbm/v01/instances/dataFrom/Product56;http://www4.wiwiss.fu-berlin.de/bizer/bsbm/v01/vocabulary/productFeature;http://www4.wiwiss.fu-berlin.de/bizer/bsbm/v01/instances/ProductFeature430
http://www4.wiwiss.fu-berlin.de/bizer/bsbm/v01/instances/dataFrom/Product56;http://www4.wiwiss.fu-berlin.de/bizer/bsbm/v01/vocabulary/productFeature;http://www4.wiwiss.fu-berlin.de/bizer/bsbm/v01/instances/ProductFeature432
http://www4.wiwiss.fu-berlin.de/bizer/bsbm/v01/instances/dataFrom/Product56;http://www4.wiwiss.fu-berlin.de/bizer/bsbm/v01/vocabulary/productFeature;http://www4.wiwiss.fu-berlin.de/bizer/bsbm/v01/instances/ProductFeature432
http://www4.wiwiss.fu-berlin.de/bizer/bsbm/v01/instances/dataFrom/Product56;http://www4.wiwiss.fu-berlin.de/bizer/bsbm/v01/vocabulary/productFeature;http://www4.wiwiss.fu-berlin.de/bizer/bsbm/v01/instances/ProductFeature432
http://www4.wiwiss.fu-berlin.de/bizer/bsbm/v01/instances/dataFrom/Product56;http://www4.wiwiss.fu-berlin.de/bizer/bsbm/v01/vocabulary/productFeature;http://www4.wiwiss.fu-berlin.de/bizer/bsbm/v01/instances/ProductFeature433
http://www4.wiwiss.fu-berlin.de/bizer/bsbm/v01/instances/dataFrom/Product56;http://www4.wiwiss.fu-berlin.de/bizer/bsbm/v01/vocabulary/productFeature;http://www4.wiwiss.fu-berlin.de/bizer/bsbm/v01/instances/ProductFeature433
http://www4.wiwiss.fu-berlin.de/bizer/bsbm/v01/instances/dataFrom/Product56;http://www4.wiwiss.fu-berlin.de/bizer/bsbm/v01/vocabulary/productFeature;http://www4.wiwiss.fu-berlin.de/bizer/bsbm/v01/instances/ProductFeature445
http://www4.wiwiss.fu-berlin.de/bizer/bsbm/v01/instances/dataFrom/Product56;http://www4.wiwiss.fu-berlin.de/bizer/bsbm/v01/vocabulary/productFeature;http://www4.wiwiss.fu-berlin.de/bizer/bsbm/v01/instances/ProductFeature445
http://www4.wiwiss.fu-berlin.de/bizer/bsbm/v01/instances/dataFrom/Product56;http://www4.wiwiss.fu-berlin.de/bizer/bsbm/v01/vocabulary/productFeature;http://www4.wiwiss.fu-berlin.de/bizer/bsbm/v01/instances/ProductFeature445
http://www4.wiwiss.fu-berlin.de/bizer/bsbm/v01/instances/dataFrom/Product56;http://www4.wiwiss.fu-berlin.de/bizer/bsbm/v01/vocabulary/productFeature;http://www4.wiwiss.fu-berlin.de/bizer/bsbm/v01/instances/ProductFeature449
http://www4.wiwiss.fu-berlin.de/bizer/bsbm/v01/instances/dataFrom/Product56;http://www4.wiwiss.fu-berlin.de/bizer/bsbm/v01/vocabulary/productFeature;http://www4.wiwiss.fu-berlin.de/bizer/bsbm/v01/instances/ProductFeature449
http://www4.wiwiss.fu-berlin.de/bizer/bsbm/v01/instances/dataFrom/Product56;http://www4.wiwiss.fu-berlin.de/bizer/bsbm/v01/vocabulary/productFeature;http://www4.wiwiss.fu-berlin.de/bizer/bsbm/v01/instances/ProductFeature449
http://www4.wiwiss.fu-berlin.de/bizer/bsbm/v01/instances/dataFrom/Product56;http://www4.wiwiss.fu-berlin.de/bizer/bsbm/v01/vocabulary/productFeature;http://www4.wiwiss.fu-berlin.de/bizer/bsbm/v01/instances/ProductFeature451
http://www4.wiwiss.fu-berlin.de/bizer/bsbm/v01/instances/dataFrom/Product56;http://www4.wiwiss.fu-berlin.de/bizer/bsbm/v01/vocabulary/productFeature;http://www4.wiwiss.fu-berlin.de/bizer/bsbm/v01/instances/ProductFeature451
http://www4.wiwiss.fu-berlin.de/bizer/bsbm/v01/instances/dataFrom/Product56;http://www4.wiwiss.fu-berlin.de/bizer/bsbm/v01/vocabulary/productFeature;http://www4.wiwiss.fu-berlin.de/bizer/bsbm/v01/instances/ProductFeature451
http://www4.wiwiss.fu-berlin.de/bizer/bsbm/v01/instances/dataFrom/Product56;http://www4.wiwiss.fu-berlin.de/bizer/bsbm/v01/vocabulary/productFeature;http://www4.wiwiss.fu-berlin.de/bizer/bsbm/v01/instances/ProductFeature451
http://www4.wiwiss.fu-berlin.de/bizer/bsbm/v01/instances/dataFrom/Product78;http://www4.wiwiss.fu-berlin.de/bizer/bsbm/v01/vocabulary/productFeature;http://www4.wiwiss.fu-berlin.de/bizer/bsbm/v01/instances/ProductFeature416
http://www4.wiwiss.fu-berlin.de/bizer/bsbm/v01/instances/dataFrom/Product78;http://www4.wiwiss.fu-berlin.de/bizer/bsbm/v01/vocabulary/productFeature;http://www4.wiwiss.fu-berlin.de/bizer/bsbm/v01/instances/ProductFeature416
http://www4.wiwiss.fu-berlin.de/bizer/bsbm/v01/instances/dataFrom/Product78;http://www4.wiwiss.fu-berlin.de/bizer/bsbm/v01/vocabulary/productFeature;http://www4.wiwiss.fu-berlin.de/bizer/bsbm/v01/instances/ProductFeature418
http://www4.wiwiss.fu-berlin.de/bizer/bsbm/v01/instances/dataFrom/Product78;http://www4.wiwiss.fu-berlin.de/bizer/bsbm/v01/vocabulary/productFeature;http://www4.wiwiss.fu-berlin.de/bizer/bsbm/v01/instances/ProductFeature418
http://www4.wiwiss.fu-berlin.de/bizer/bsbm/v01/instances/dataFrom/Product78;http://www4.wiwiss.fu-berlin.de/bizer/bsbm/v01/vocabulary/productFeature;http://www4.wiwiss.fu-berlin.de/bizer/bsbm/v01/instances/ProductFeature418
http://www4.wiwiss.fu-berlin.de/bizer/bsbm/v01/instances/dataFrom/Product78;http://www4.wiwiss.fu-berlin.de/bizer/bsbm/v01/vocabulary/productFeature;http://www4.wiwiss.fu-berlin.de/bizer/bsbm/v01/instances/ProductFeature428
http://www4.wiwiss.fu-berlin.de/bizer/bsbm/v01/instances/dataFrom/Product78;http://www4.wiwiss.fu-berlin.de/bizer/bsbm/v01/vocabulary/productFeature;http://www4.wiwiss.fu-berlin.de/bizer/bsbm/v01/instances/ProductFeature428
http://www4.wiwiss.fu-berlin.de/bizer/bsbm/v01/instances/dataFrom/Product78;http://www4.wiwiss.fu-berlin.de/bizer/bsbm/v01/vocabulary/productFeature;http://www4.wiwiss.fu-berlin.de/bizer/bsbm/v01/instances/ProductFeature430
http://www4.wiwiss.fu-berlin.de/bizer/bsbm/v01/instances/dataFrom/Product78;http://www4.wiwiss.fu-berlin.de/bizer/bsbm/v01/vocabulary/productFeature;http://www4.wiwiss.fu-berlin.de/bizer/bsbm/v01/instances/ProductFeature430
http://www4.wiwiss.fu-berlin.de/bizer/bsbm/v01/instances/dataFrom/Product78;http://www4.wiwiss.fu-berlin.de/bizer/bsbm/v01/vocabulary/productFeature;http://www4.wiwiss.fu-berlin.de/bizer/bsbm/v01/instances/ProductFeature430
http://www4.wiwiss.fu-berlin.de/bizer/bsbm/v01/instances/dataFrom/Product78;http://www4.wiwiss.fu-berlin.de/bizer/bsbm/v01/vocabulary/productFeature;http://www4.wiwiss.fu-berlin.de/bizer/bsbm/v01/instances/ProductFeature432
http://www4.wiwiss.fu-berlin.de/bizer/bsbm/v01/instances/dataFrom/Product78;http://www4.wiwiss.fu-berlin.de/bizer/bsbm/v01/vocabulary/productFeature;http://www4.wiwiss.fu-berlin.de/bizer/bsbm/v01/instances/ProductFeature432
http://www4.wiwiss.fu-berlin.de/bizer/bsbm/v01/instances/dataFrom/Product78;http://www4.wiwiss.fu-berlin.de/bizer/bsbm/v01/vocabulary/productFeature;http://www4.wiwiss.fu-berlin.de/bizer/bsbm/v01/instances/ProductFeature432
http://www4.wiwiss.fu-berlin.de/bizer/bsbm/v01/instances/dataFrom/Product78;http://www4.wiwiss.fu-berlin.de/bizer/bsbm/v01/vocabulary/productFeature;http://www4.wiwiss.fu-berlin.de/bizer/bsbm/v01/instances/ProductFeature433
http://www4.wiwiss.fu-berlin.de/bizer/bsbm/v01/instances/dataFrom/Product78;http://www4.wiwiss.fu-berlin.de/bizer/bsbm/v01/vocabulary/productFeature;http://www4.wiwiss.fu-berlin.de/bizer/bsbm/v01/instances/ProductFeature433
http://www4.wiwiss.fu-berlin.de/bizer/bsbm/v01/instances/dataFrom/Product78;http://www4.wiwiss.fu-berlin.de/bizer/bsbm/v01/vocabulary/productFeature;http://www4.wiwiss.fu-berlin.de/bizer/bsbm/v01/instances/ProductFeature445
http://www4.wiwiss.fu-berlin.de/bizer/bsbm/v01/instances/dataFrom/Product78;http://www4.wiwiss.fu-berlin.de/bizer/bsbm/v01/vocabulary/productFeature;http://www4.wiwiss.fu-berlin.de/bizer/bsbm/v01/instances/ProductFeature445
http://www4.wiwiss.fu-berlin.de/bizer/bsbm/v01/instances/dataFrom/Product78;http://www4.wiwiss.fu-berlin.de/bizer/bsbm/v01/vocabulary/productFeature;http://www4.wiwiss.fu-berlin.de/bizer/bsbm/v01/instances/ProductFeature445
http://www4.wiwiss.fu-berlin.de/bizer/bsbm/v01/instances/dataFrom/Product78;http://www4.wiwiss.fu-berlin.de/bizer/bsbm/v01/vocabulary/productFeature;http://www4.wiwiss.fu-berlin.de/bizer/bsbm/v01/instances/ProductFeature449
http://www4.wiwiss.fu-berlin.de/bizer/bsbm/v01/instances/dataFrom/Product78;http://www4.wiwiss.fu-berlin.de/bizer/bsbm/v01/vocabulary/productFeature;http://www4.wiwiss.fu-berlin.de/bizer/bsbm/v01/instances/ProductFeature449
http://www4.wiwiss.fu-berlin.de/bizer/bsbm/v01/instances/dataFrom/Product78;http://www4.wiwiss.fu-berlin.de/bizer/bsbm/v01/vocabulary/productFeature;http://www4.wiwiss.fu-berlin.de/bizer/bsbm/v01/instances/ProductFeature449
http://www4.wiwiss.fu-berlin.de/bizer/bsbm/v01/instances/dataFrom/Product78;http://www4.wiwiss.fu-berlin.de/bizer/bsbm/v01/vocabulary/productFeature;http://www4.wiwiss.fu-berlin.de/bizer/bsbm/v01/instances/ProductFeature451
http://www4.wiwiss.fu-berlin.de/bizer/bsbm/v01/instances/dataFrom/Product78;http://www4.wiwiss.fu-berlin.de/bizer/bsbm/v01/vocabulary/productFeature;http://www4.wiwiss.fu-berlin.de/bizer/bsbm/v01/instances/ProductFeature451
http://www4.wiwiss.fu-berlin.de/bizer/bsbm/v01/instances/dataFrom/Product78;http://www4.wiwiss.fu-berlin.de/bizer/bsbm/v01/vocabulary/productFeature;http://www4.wiwiss.fu-berlin.de/bizer/bsbm/v01/instances/ProductFeature451
http://www4.wiwiss.fu-berlin.de/bizer/bsbm/v01/instances/dataFrom/Product78;http://www4.wiwiss.fu-berlin.de/bizer/bsbm/v01/vocabulary/productFeature;http://www4.wiwiss.fu-berlin.de/bizer/bsbm/v01/instances/ProductFeature451
http://www4.wiwiss.fu-berlin.de/bizer/bsbm/v01/instances/dataFrom/Product28;http://www4.wiwiss.fu-berlin.de/bizer/bsbm/v01/vocabulary/productFeature;http://www4.wiwiss.fu-berlin.de/bizer/bsbm/v01/instances/ProductFeature416
http://www4.wiwiss.fu-berlin.de/bizer/bsbm/v01/instances/dataFrom/Product28;http://www4.wiwiss.fu-berlin.de/bizer/bsbm/v01/vocabulary/productFeature;http://www4.wiwiss.fu-berlin.de/bizer/bsbm/v01/instances/ProductFeature416
http://www4.wiwiss.fu-berlin.de/bizer/bsbm/v01/instances/dataFrom/Product28;http://www4.wiwiss.fu-berlin.de/bizer/bsbm/v01/vocabulary/productFeature;http://www4.wiwiss.fu-berlin.de/bizer/bsbm/v01/instances/ProductFeature418
http://www4.wiwiss.fu-berlin.de/bizer/bsbm/v01/instances/dataFrom/Product28;http://www4.wiwiss.fu-berlin.de/bizer/bsbm/v01/vocabulary/productFeature;http://www4.wiwiss.fu-berlin.de/bizer/bsbm/v01/instances/ProductFeature418
http://www4.wiwiss.fu-berlin.de/bizer/bsbm/v01/instances/dataFrom/Product28;http://www4.wiwiss.fu-berlin.de/bizer/bsbm/v01/vocabulary/productFeature;http://www4.wiwiss.fu-berlin.de/bizer/bsbm/v01/instances/ProductFeature418
http://www4.wiwiss.fu-berlin.de/bizer/bsbm/v01/instances/dataFrom/Product28;http://www4.wiwiss.fu-berlin.de/bizer/bsbm/v01/vocabulary/productFeature;http://www4.wiwiss.fu-berlin.de/bizer/bsbm/v01/instances/ProductFeature428
http://www4.wiwiss.fu-berlin.de/bizer/bsbm/v01/instances/dataFrom/Product28;http://www4.wiwiss.fu-berlin.de/bizer/bsbm/v01/vocabulary/productFeature;http://www4.wiwiss.fu-berlin.de/bizer/bsbm/v01/instances/ProductFeature428
http://www4.wiwiss.fu-berlin.de/bizer/bsbm/v01/instances/dataFrom/Product28;http://www4.wiwiss.fu-berlin.de/bizer/bsbm/v01/vocabulary/productFeature;http://www4.wiwiss.fu-berlin.de/bizer/bsbm/v01/instances/ProductFeature430
http://www4.wiwiss.fu-berlin.de/bizer/bsbm/v01/instances/dataFrom/Product28;http://www4.wiwiss.fu-berlin.de/bizer/bsbm/v01/vocabulary/productFeature;http://www4.wiwiss.fu-berlin.de/bizer/bsbm/v01/instances/ProductFeature430
http://www4.wiwiss.fu-berlin.de/bizer/bsbm/v01/instances/dataFrom/Product28;http://www4.wiwiss.fu-berlin.de/bizer/bsbm/v01/vocabulary/productFeature;http://www4.wiwiss.fu-berlin.de/bizer/bsbm/v01/instances/ProductFeature430
http://www4.wiwiss.fu-berlin.de/bizer/bsbm/v01/instances/dataFrom/Product28;http://www4.wiwiss.fu-berlin.de/bizer/bsbm/v01/vocabulary/productFeature;http://www4.wiwiss.fu-berlin.de/bizer/bsbm/v01/instances/ProductFeature432
http://www4.wiwiss.fu-berlin.de/bizer/bsbm/v01/instances/dataFrom/Product28;http://www4.wiwiss.fu-berlin.de/bizer/bsbm/v01/vocabulary/productFeature;http://www4.wiwiss.fu-berlin.de/bizer/bsbm/v01/instances/ProductFeature432
http://www4.wiwiss.fu-berlin.de/bizer/bsbm/v01/instances/dataFrom/Product28;http://www4.wiwiss.fu-berlin.de/bizer/bsbm/v01/vocabulary/productFeature;http://www4.wiwiss.fu-berlin.de/bizer/bsbm/v01/instances/ProductFeature432
http://www4.wiwiss.fu-berlin.de/bizer/bsbm/v01/instances/dataFrom/Product28;http://www4.wiwiss.fu-berlin.de/bizer/bsbm/v01/vocabulary/productFeature;http://www4.wiwiss.fu-berlin.de/bizer/bsbm/v01/instances/ProductFeature433
http://www4.wiwiss.fu-berlin.de/bizer/bsbm/v01/instances/dataFrom/Product28;http://www4.wiwiss.fu-berlin.de/bizer/bsbm/v01/vocabulary/productFeature;http://www4.wiwiss.fu-berlin.de/bizer/bsbm/v01/instances/ProductFeature433
http://www4.wiwiss.fu-berlin.de/bizer/bsbm/v01/instances/dataFrom/Product28;http://www4.wiwiss.fu-berlin.de/bizer/bsbm/v01/vocabulary/productFeature;http://www4.wiwiss.fu-berlin.de/bizer/bsbm/v01/instances/ProductFeature445
http://www4.wiwiss.fu-berlin.de/bizer/bsbm/v01/instances/dataFrom/Product28;http://www4.wiwiss.fu-berlin.de/bizer/bsbm/v01/vocabulary/productFeature;http://www4.wiwiss.fu-berlin.de/bizer/bsbm/v01/instances/ProductFeature445
http://www4.wiwiss.fu-berlin.de/bizer/bsbm/v01/instances/dataFrom/Product28;http://www4.wiwiss.fu-berlin.de/bizer/bsbm/v01/vocabulary/productFeature;http://www4.wiwiss.fu-berlin.de/bizer/bsbm/v01/instances/ProductFeature445
http://www4.wiwiss.fu-berlin.de/bizer/bsbm/v01/instances/dataFrom/Product28;http://www4.wiwiss.fu-berlin.de/bizer/bsbm/v01/vocabulary/productFeature;http://www4.wiwiss.fu-berlin.de/bizer/bsbm/v01/instances/ProductFeature449
http://www4.wiwiss.fu-berlin.de/bizer/bsbm/v01/instances/dataFrom/Product28;http://www4.wiwiss.fu-berlin.de/bizer/bsbm/v01/vocabulary/productFeature;http://www4.wiwiss.fu-berlin.de/bizer/bsbm/v01/instances/ProductFeature449
http://www4.wiwiss.fu-berlin.de/bizer/bsbm/v01/instances/dataFrom/Product28;http://www4.wiwiss.fu-berlin.de/bizer/bsbm/v01/vocabulary/productFeature;http://www4.wiwiss.fu-berlin.de/bizer/bsbm/v01/instances/ProductFeature449
http://www4.wiwiss.fu-berlin.de/bizer/bsbm/v01/instances/dataFrom/Product28;http://www4.wiwiss.fu-berlin.de/bizer/bsbm/v01/vocabulary/productFeature;http://www4.wiwiss.fu-berlin.de/bizer/bsbm/v01/instances/ProductFeature451
http://www4.wiwiss.fu-berlin.de/bizer/bsbm/v01/instances/dataFrom/Product28;http://www4.wiwiss.fu-berlin.de/bizer/bsbm/v01/vocabulary/productFeature;http://www4.wiwiss.fu-berlin.de/bizer/bsbm/v01/instances/ProductFeature451
http://www4.wiwiss.fu-berlin.de/bizer/bsbm/v01/instances/dataFrom/Product28;http://www4.wiwiss.fu-berlin.de/bizer/bsbm/v01/vocabulary/productFeature;http://www4.wiwiss.fu-berlin.de/bizer/bsbm/v01/instances/ProductFeature451
http://www4.wiwiss.fu-berlin.de/bizer/bsbm/v01/instances/dataFrom/Product28;http://www4.wiwiss.fu-berlin.de/bizer/bsbm/v01/vocabulary/productFeature;http://www4.wiwiss.fu-berlin.de/bizer/bsbm/v01/instances/ProductFeature451
http://www4.wiwiss.fu-berlin.de/bizer/bsbm/v01/instances/dataFrom/Product38;http://www4.wiwiss.fu-berlin.de/bizer/bsbm/v01/vocabulary/productFeature;http://www4.wiwiss.fu-berlin.de/bizer/bsbm/v01/instances/ProductFeature416
http://www4.wiwiss.fu-berlin.de/bizer/bsbm/v01/instances/dataFrom/Product38;http://www4.wiwiss.fu-berlin.de/bizer/bsbm/v01/vocabulary/productFeature;http://www4.wiwiss.fu-berlin.de/bizer/bsbm/v01/instances/ProductFeature416
http://www4.wiwiss.fu-berlin.de/bizer/bsbm/v01/instances/dataFrom/Product38;http://www4.wiwiss.fu-berlin.de/bizer/bsbm/v01/vocabulary/productFeature;http://www4.wiwiss.fu-berlin.de/bizer/bsbm/v01/instances/ProductFeature418
http://www4.wiwiss.fu-berlin.de/bizer/bsbm/v01/instances/dataFrom/Product38;http://www4.wiwiss.fu-berlin.de/bizer/bsbm/v01/vocabulary/productFeature;http://www4.wiwiss.fu-berlin.de/bizer/bsbm/v01/instances/ProductFeature418
http://www4.wiwiss.fu-berlin.de/bizer/bsbm/v01/instances/dataFrom/Product38;http://www4.wiwiss.fu-berlin.de/bizer/bsbm/v01/vocabulary/productFeature;http://www4.wiwiss.fu-berlin.de/bizer/bsbm/v01/instances/ProductFeature418
http://www4.wiwiss.fu-berlin.de/bizer/bsbm/v01/instances/dataFrom/Product38;http://www4.wiwiss.fu-berlin.de/bizer/bsbm/v01/vocabulary/productFeature;http://www4.wiwiss.fu-berlin.de/bizer/bsbm/v01/instances/ProductFeature428
http://www4.wiwiss.fu-berlin.de/bizer/bsbm/v01/instances/dataFrom/Product38;http://www4.wiwiss.fu-berlin.de/bizer/bsbm/v01/vocabulary/productFeature;http://www4.wiwiss.fu-berlin.de/bizer/bsbm/v01/instances/ProductFeature428
http://www4.wiwiss.fu-berlin.de/bizer/bsbm/v01/instances/dataFrom/Product38;http://www4.wiwiss.fu-berlin.de/bizer/bsbm/v01/vocabulary/productFeature;http://www4.wiwiss.fu-berlin.de/bizer/bsbm/v01/instances/ProductFeature430
http://www4.wiwiss.fu-berlin.de/bizer/bsbm/v01/instances/dataFrom/Product38;http://www4.wiwiss.fu-berlin.de/bizer/bsbm/v01/vocabulary/productFeature;http://www4.wiwiss.fu-berlin.de/bizer/bsbm/v01/instances/ProductFeature430
http://www4.wiwiss.fu-berlin.de/bizer/bsbm/v01/instances/dataFrom/Product38;http://www4.wiwiss.fu-berlin.de/bizer/bsbm/v01/vocabulary/productFeature;http://www4.wiwiss.fu-berlin.de/bizer/bsbm/v01/instances/ProductFeature430
http://www4.wiwiss.fu-berlin.de/bizer/bsbm/v01/instances/dataFrom/Product38;http://www4.wiwiss.fu-berlin.de/bizer/bsbm/v01/vocabulary/productFeature;http://www4.wiwiss.fu-berlin.de/bizer/bsbm/v01/instances/ProductFeature432
http://www4.wiwiss.fu-berlin.de/bizer/bsbm/v01/instances/dataFrom/Product38;http://www4.wiwiss.fu-berlin.de/bizer/bsbm/v01/vocabulary/productFeature;http://www4.wiwiss.fu-berlin.de/bizer/bsbm/v01/instances/ProductFeature432
http://www4.wiwiss.fu-berlin.de/bizer/bsbm/v01/instances/dataFrom/Product38;http://www4.wiwiss.fu-berlin.de/bizer/bsbm/v01/vocabulary/productFeature;http://www4.wiwiss.fu-berlin.de/bizer/bsbm/v01/instances/ProductFeature432
http://www4.wiwiss.fu-berlin.de/bizer/bsbm/v01/instances/dataFrom/Product38;http://www4.wiwiss.fu-berlin.de/bizer/bsbm/v01/vocabulary/productFeature;http://www4.wiwiss.fu-berlin.de/bizer/bsbm/v01/instances/ProductFeature433
http://www4.wiwiss.fu-berlin.de/bizer/bsbm/v01/instances/dataFrom/Product38;http://www4.wiwiss.fu-berlin.de/bizer/bsbm/v01/vocabulary/productFeature;http://www4.wiwiss.fu-berlin.de/bizer/bsbm/v01/instances/ProductFeature433
http://www4.wiwiss.fu-berlin.de/bizer/bsbm/v01/instances/dataFrom/Product38;http://www4.wiwiss.fu-berlin.de/bizer/bsbm/v01/vocabulary/productFeature;http://www4.wiwiss.fu-berlin.de/bizer/bsbm/v01/instances/ProductFeature445
http://www4.wiwiss.fu-berlin.de/bizer/bsbm/v01/instances/dataFrom/Product38;http://www4.wiwiss.fu-berlin.de/bizer/bsbm/v01/vocabulary/productFeature;http://www4.wiwiss.fu-berlin.de/bizer/bsbm/v01/instances/ProductFeature445
http://www4.wiwiss.fu-berlin.de/bizer/bsbm/v01/instances/dataFrom/Product38;http://www4.wiwiss.fu-berlin.de/bizer/bsbm/v01/vocabulary/productFeature;http://www4.wiwiss.fu-berlin.de/bizer/bsbm/v01/instances/ProductFeature445
http://www4.wiwiss.fu-berlin.de/bizer/bsbm/v01/instances/dataFrom/Product38;http://www4.wiwiss.fu-berlin.de/bizer/bsbm/v01/vocabulary/productFeature;http://www4.wiwiss.fu-berlin.de/bizer/bsbm/v01/instances/ProductFeature449
http://www4.wiwiss.fu-berlin.de/bizer/bsbm/v01/instances/dataFrom/Product38;http://www4.wiwiss.fu-berlin.de/bizer/bsbm/v01/vocabulary/productFeature;http://www4.wiwiss.fu-berlin.de/bizer/bsbm/v01/instances/ProductFeature449
http://www4.wiwiss.fu-berlin.de/bizer/bsbm/v01/instances/dataFrom/Product38;http://www4.wiwiss.fu-berlin.de/bizer/bsbm/v01/vocabulary/productFeature;http://www4.wiwiss.fu-berlin.de/bizer/bsbm/v01/instances/ProductFeature449
http://www4.wiwiss.fu-berlin.de/bizer/bsbm/v01/instances/dataFrom/Product38;http://www4.wiwiss.fu-berlin.de/bizer/bsbm/v01/vocabulary/productFeature;http://www4.wiwiss.fu-berlin.de/bizer/bsbm/v01/instances/ProductFeature451
http://www4.wiwiss.fu-berlin.de/bizer/bsbm/v01/instances/dataFrom/Product38;http://www4.wiwiss.fu-berlin.de/bizer/bsbm/v01/vocabulary/productFeature;http://www4.wiwiss.fu-berlin.de/bizer/bsbm/v01/instances/ProductFeature451
http://www4.wiwiss.fu-berlin.de/bizer/bsbm/v01/instances/dataFrom/Product38;http://www4.wiwiss.fu-berlin.de/bizer/bsbm/v01/vocabulary/productFeature;http://www4.wiwiss.fu-berlin.de/bizer/bsbm/v01/instances/ProductFeature451
http://www4.wiwiss.fu-berlin.de/bizer/bsbm/v01/instances/dataFrom/Product38;http://www4.wiwiss.fu-berlin.de/bizer/bsbm/v01/vocabulary/productFeature;http://www4.wiwiss.fu-berlin.de/bizer/bsbm/v01/instances/ProductFeature451
http://www4.wiwiss.fu-berlin.de/bizer/bsbm/v01/instances/dataFrom/Product41;http://www4.wiwiss.fu-berlin.de/bizer/bsbm/v01/vocabulary/productFeature;http://www4.wiwiss.fu-berlin.de/bizer/bsbm/v01/instances/ProductFeature416
http://www4.wiwiss.fu-berlin.de/bizer/bsbm/v01/instances/dataFrom/Product41;http://www4.wiwiss.fu-berlin.de/bizer/bsbm/v01/vocabulary/productFeature;http://www4.wiwiss.fu-berlin.de/bizer/bsbm/v01/instances/ProductFeature416
http://www4.wiwiss.fu-berlin.de/bizer/bsbm/v01/instances/dataFrom/Product41;http://www4.wiwiss.fu-berlin.de/bizer/bsbm/v01/vocabulary/productFeature;http://www4.wiwiss.fu-berlin.de/bizer/bsbm/v01/instances/ProductFeature418
http://www4.wiwiss.fu-berlin.de/bizer/bsbm/v01/instances/dataFrom/Product41;http://www4.wiwiss.fu-berlin.de/bizer/bsbm/v01/vocabulary/productFeature;http://www4.wiwiss.fu-berlin.de/bizer/bsbm/v01/instances/ProductFeature418
http://www4.wiwiss.fu-berlin.de/bizer/bsbm/v01/instances/dataFrom/Product41;http://www4.wiwiss.fu-berlin.de/bizer/bsbm/v01/vocabulary/productFeature;http://www4.wiwiss.fu-berlin.de/bizer/bsbm/v01/instances/ProductFeature418
http://www4.wiwiss.fu-berlin.de/bizer/bsbm/v01/instances/dataFrom/Product41;http://www4.wiwiss.fu-berlin.de/bizer/bsbm/v01/vocabulary/productFeature;http://www4.wiwiss.fu-berlin.de/bizer/bsbm/v01/instances/ProductFeature428
http://www4.wiwiss.fu-berlin.de/bizer/bsbm/v01/instances/dataFrom/Product41;http://www4.wiwiss.fu-berlin.de/bizer/bsbm/v01/vocabulary/productFeature;http://www4.wiwiss.fu-berlin.de/bizer/bsbm/v01/instances/ProductFeature428
http://www4.wiwiss.fu-berlin.de/bizer/bsbm/v01/instances/dataFrom/Product41;http://www4.wiwiss.fu-berlin.de/bizer/bsbm/v01/vocabulary/productFeature;http://www4.wiwiss.fu-berlin.de/bizer/bsbm/v01/instances/ProductFeature430
http://www4.wiwiss.fu-berlin.de/bizer/bsbm/v01/instances/dataFrom/Product41;http://www4.wiwiss.fu-berlin.de/bizer/bsbm/v01/vocabulary/productFeature;http://www4.wiwiss.fu-berlin.de/bizer/bsbm/v01/instances/ProductFeature430
http://www4.wiwiss.fu-berlin.de/bizer/bsbm/v01/instances/dataFrom/Product41;http://www4.wiwiss.fu-berlin.de/bizer/bsbm/v01/vocabulary/productFeature;http://www4.wiwiss.fu-berlin.de/bizer/bsbm/v01/instances/ProductFeature430
http://www4.wiwiss.fu-berlin.de/bizer/bsbm/v01/instances/dataFrom/Product41;http://www4.wiwiss.fu-berlin.de/bizer/bsbm/v01/vocabulary/productFeature;http://www4.wiwiss.fu-berlin.de/bizer/bsbm/v01/instances/ProductFeature432
http://www4.wiwiss.fu-berlin.de/bizer/bsbm/v01/instances/dataFrom/Product41;http://www4.wiwiss.fu-berlin.de/bizer/bsbm/v01/vocabulary/productFeature;http://www4.wiwiss.fu-berlin.de/bizer/bsbm/v01/instances/ProductFeature432
http://www4.wiwiss.fu-berlin.de/bizer/bsbm/v01/instances/dataFrom/Product41;http://www4.wiwiss.fu-berlin.de/bizer/bsbm/v01/vocabulary/productFeature;http://www4.wiwiss.fu-berlin.de/bizer/bsbm/v01/instances/ProductFeature432
http://www4.wiwiss.fu-berlin.de/bizer/bsbm/v01/instances/dataFrom/Product41;http://www4.wiwiss.fu-berlin.de/bizer/bsbm/v01/vocabulary/productFeature;http://www4.wiwiss.fu-berlin.de/bizer/bsbm/v01/instances/ProductFeature433
http://www4.wiwiss.fu-berlin.de/bizer/bsbm/v01/instances/dataFrom/Product41;http://www4.wiwiss.fu-berlin.de/bizer/bsbm/v01/vocabulary/productFeature;http://www4.wiwiss.fu-berlin.de/bizer/bsbm/v01/instances/ProductFeature433
http://www4.wiwiss.fu-berlin.de/bizer/bsbm/v01/instances/dataFrom/Product41;http://www4.wiwiss.fu-berlin.de/bizer/bsbm/v01/vocabulary/productFeature;http://www4.wiwiss.fu-berlin.de/bizer/bsbm/v01/instances/ProductFeature445
http://www4.wiwiss.fu-berlin.de/bizer/bsbm/v01/instances/dataFrom/Product41;http://www4.wiwiss.fu-berlin.de/bizer/bsbm/v01/vocabulary/productFeature;http://www4.wiwiss.fu-berlin.de/bizer/bsbm/v01/instances/ProductFeature445
http://www4.wiwiss.fu-berlin.de/bizer/bsbm/v01/instances/dataFrom/Product41;http://www4.wiwiss.fu-berlin.de/bizer/bsbm/v01/vocabulary/productFeature;http://www4.wiwiss.fu-berlin.de/bizer/bsbm/v01/instances/ProductFeature445
http://www4.wiwiss.fu-berlin.de/bizer/bsbm/v01/instances/dataFrom/Product41;http://www4.wiwiss.fu-berlin.de/bizer/bsbm/v01/vocabulary/productFeature;http://www4.wiwiss.fu-berlin.de/bizer/bsbm/v01/instances/ProductFeature449
http://www4.wiwiss.fu-berlin.de/bizer/bsbm/v01/instances/dataFrom/Product41;http://www4.wiwiss.fu-berlin.de/bizer/bsbm/v01/vocabulary/productFeature;http://www4.wiwiss.fu-berlin.de/bizer/bsbm/v01/instances/ProductFeature449
http://www4.wiwiss.fu-berlin.de/bizer/bsbm/v01/instances/dataFrom/Product41;http://www4.wiwiss.fu-berlin.de/bizer/bsbm/v01/vocabulary/productFeature;http://www4.wiwiss.fu-berlin.de/bizer/bsbm/v01/instances/ProductFeature449
http://www4.wiwiss.fu-berlin.de/bizer/bsbm/v01/instances/dataFrom/Product41;http://www4.wiwiss.fu-berlin.de/bizer/bsbm/v01/vocabulary/productFeature;http://www4.wiwiss.fu-berlin.de/bizer/bsbm/v01/instances/ProductFeature451
http://www4.wiwiss.fu-berlin.de/bizer/bsbm/v01/instances/dataFrom/Product41;http://www4.wiwiss.fu-berlin.de/bizer/bsbm/v01/vocabulary/productFeature;http://www4.wiwiss.fu-berlin.de/bizer/bsbm/v01/instances/ProductFeature451
http://www4.wiwiss.fu-berlin.de/bizer/bsbm/v01/instances/dataFrom/Product41;http://www4.wiwiss.fu-berlin.de/bizer/bsbm/v01/vocabulary/productFeature;http://www4.wiwiss.fu-berlin.de/bizer/bsbm/v01/instances/ProductFeature451
http://www4.wiwiss.fu-berlin.de/bizer/bsbm/v01/instances/dataFrom/Product41;http://www4.wiwiss.fu-berlin.de/bizer/bsbm/v01/vocabulary/productFeature;http://www4.wiwiss.fu-berlin.de/bizer/bsbm/v01/instances/ProductFeature451
http://www4.wiwiss.fu-berlin.de/bizer/bsbm/v01/instances/dataFrom/Product76;http://www4.wiwiss.fu-berlin.de/bizer/bsbm/v01/vocabulary/productFeature;http://www4.wiwiss.fu-berlin.de/bizer/bsbm/v01/instances/ProductFeature416
http://www4.wiwiss.fu-berlin.de/bizer/bsbm/v01/instances/dataFrom/Product76;http://www4.wiwiss.fu-berlin.de/bizer/bsbm/v01/vocabulary/productFeature;http://www4.wiwiss.fu-berlin.de/bizer/bsbm/v01/instances/ProductFeature416
http://www4.wiwiss.fu-berlin.de/bizer/bsbm/v01/instances/dataFrom/Product76;http://www4.wiwiss.fu-berlin.de/bizer/bsbm/v01/vocabulary/productFeature;http://www4.wiwiss.fu-berlin.de/bizer/bsbm/v01/instances/ProductFeature418
http://www4.wiwiss.fu-berlin.de/bizer/bsbm/v01/instances/dataFrom/Product76;http://www4.wiwiss.fu-berlin.de/bizer/bsbm/v01/vocabulary/productFeature;http://www4.wiwiss.fu-berlin.de/bizer/bsbm/v01/instances/ProductFeature418
http://www4.wiwiss.fu-berlin.de/bizer/bsbm/v01/instances/dataFrom/Product76;http://www4.wiwiss.fu-berlin.de/bizer/bsbm/v01/vocabulary/productFeature;http://www4.wiwiss.fu-berlin.de/bizer/bsbm/v01/instances/ProductFeature418
http://www4.wiwiss.fu-berlin.de/bizer/bsbm/v01/instances/dataFrom/Product76;http://www4.wiwiss.fu-berlin.de/bizer/bsbm/v01/vocabulary/productFeature;http://www4.wiwiss.fu-berlin.de/bizer/bsbm/v01/instances/ProductFeature428
http://www4.wiwiss.fu-berlin.de/bizer/bsbm/v01/instances/dataFrom/Product76;http://www4.wiwiss.fu-berlin.de/bizer/bsbm/v01/vocabulary/productFeature;http://www4.wiwiss.fu-berlin.de/bizer/bsbm/v01/instances/ProductFeature428
http://www4.wiwiss.fu-berlin.de/bizer/bsbm/v01/instances/dataFrom/Product76;http://www4.wiwiss.fu-berlin.de/bizer/bsbm/v01/vocabulary/productFeature;http://www4.wiwiss.fu-berlin.de/bizer/bsbm/v01/instances/ProductFeature430
http://www4.wiwiss.fu-berlin.de/bizer/bsbm/v01/instances/dataFrom/Product76;http://www4.wiwiss.fu-berlin.de/bizer/bsbm/v01/vocabulary/productFeature;http://www4.wiwiss.fu-berlin.de/bizer/bsbm/v01/instances/ProductFeature430
http://www4.wiwiss.fu-berlin.de/bizer/bsbm/v01/instances/dataFrom/Product76;http://www4.wiwiss.fu-berlin.de/bizer/bsbm/v01/vocabulary/productFeature;http://www4.wiwiss.fu-berlin.de/bizer/bsbm/v01/instances/ProductFeature430
http://www4.wiwiss.fu-berlin.de/bizer/bsbm/v01/instances/dataFrom/Product76;http://www4.wiwiss.fu-berlin.de/bizer/bsbm/v01/vocabulary/productFeature;http://www4.wiwiss.fu-berlin.de/bizer/bsbm/v01/instances/ProductFeature432
http://www4.wiwiss.fu-berlin.de/bizer/bsbm/v01/instances/dataFrom/Product76;http://www4.wiwiss.fu-berlin.de/bizer/bsbm/v01/vocabulary/productFeature;http://www4.wiwiss.fu-berlin.de/bizer/bsbm/v01/instances/ProductFeature432
http://www4.wiwiss.fu-berlin.de/bizer/bsbm/v01/instances/dataFrom/Product76;http://www4.wiwiss.fu-berlin.de/bizer/bsbm/v01/vocabulary/productFeature;http://www4.wiwiss.fu-berlin.de/bizer/bsbm/v01/instances/ProductFeature432
http://www4.wiwiss.fu-berlin.de/bizer/bsbm/v01/instances/dataFrom/Product76;http://www4.wiwiss.fu-berlin.de/bizer/bsbm/v01/vocabulary/productFeature;http://www4.wiwiss.fu-berlin.de/bizer/bsbm/v01/instances/ProductFeature433
http://www4.wiwiss.fu-berlin.de/bizer/bsbm/v01/instances/dataFrom/Product76;http://www4.wiwiss.fu-berlin.de/bizer/bsbm/v01/vocabulary/productFeature;http://www4.wiwiss.fu-berlin.de/bizer/bsbm/v01/instances/ProductFeature433
http://www4.wiwiss.fu-berlin.de/bizer/bsbm/v01/instances/dataFrom/Product76;http://www4.wiwiss.fu-berlin.de/bizer/bsbm/v01/vocabulary/productFeature;http://www4.wiwiss.fu-berlin.de/bizer/bsbm/v01/instances/ProductFeature445
http://www4.wiwiss.fu-berlin.de/bizer/bsbm/v01/instances/dataFrom/Product76;http://www4.wiwiss.fu-berlin.de/bizer/bsbm/v01/vocabulary/productFeature;http://www4.wiwiss.fu-berlin.de/bizer/bsbm/v01/instances/ProductFeature445
http://www4.wiwiss.fu-berlin.de/bizer/bsbm/v01/instances/dataFrom/Product76;http://www4.wiwiss.fu-berlin.de/bizer/bsbm/v01/vocabulary/productFeature;http://www4.wiwiss.fu-berlin.de/bizer/bsbm/v01/instances/ProductFeature445
http://www4.wiwiss.fu-berlin.de/bizer/bsbm/v01/instances/dataFrom/Product76;http://www4.wiwiss.fu-berlin.de/bizer/bsbm/v01/vocabulary/productFeature;http://www4.wiwiss.fu-berlin.de/bizer/bsbm/v01/instances/ProductFeature449
http://www4.wiwiss.fu-berlin.de/bizer/bsbm/v01/instances/dataFrom/Product76;http://www4.wiwiss.fu-berlin.de/bizer/bsbm/v01/vocabulary/productFeature;http://www4.wiwiss.fu-berlin.de/bizer/bsbm/v01/instances/ProductFeature449
http://www4.wiwiss.fu-berlin.de/bizer/bsbm/v01/instances/dataFrom/Product76;http://www4.wiwiss.fu-berlin.de/bizer/bsbm/v01/vocabulary/productFeature;http://www4.wiwiss.fu-berlin.de/bizer/bsbm/v01/instances/ProductFeature449
http://www4.wiwiss.fu-berlin.de/bizer/bsbm/v01/instances/dataFrom/Product76;http://www4.wiwiss.fu-berlin.de/bizer/bsbm/v01/vocabulary/productFeature;http://www4.wiwiss.fu-berlin.de/bizer/bsbm/v01/instances/ProductFeature451
http://www4.wiwiss.fu-berlin.de/bizer/bsbm/v01/instances/dataFrom/Product76;http://www4.wiwiss.fu-berlin.de/bizer/bsbm/v01/vocabulary/productFeature;http://www4.wiwiss.fu-berlin.de/bizer/bsbm/v01/instances/ProductFeature451
http://www4.wiwiss.fu-berlin.de/bizer/bsbm/v01/instances/dataFrom/Product76;http://www4.wiwiss.fu-berlin.de/bizer/bsbm/v01/vocabulary/productFeature;http://www4.wiwiss.fu-berlin.de/bizer/bsbm/v01/instances/ProductFeature451
http://www4.wiwiss.fu-berlin.de/bizer/bsbm/v01/instances/dataFrom/Product76;http://www4.wiwiss.fu-berlin.de/bizer/bsbm/v01/vocabulary/productFeature;http://www4.wiwiss.fu-berlin.de/bizer/bsbm/v01/instances/ProductFeature451
http://www4.wiwiss.fu-berlin.de/bizer/bsbm/v01/instances/dataFrom/Product80;http://www4.wiwiss.fu-berlin.de/bizer/bsbm/v01/vocabulary/productFeature;http://www4.wiwiss.fu-berlin.de/bizer/bsbm/v01/instances/ProductFeature416
http://www4.wiwiss.fu-berlin.de/bizer/bsbm/v01/instances/dataFrom/Product80;http://www4.wiwiss.fu-berlin.de/bizer/bsbm/v01/vocabulary/productFeature;http://www4.wiwiss.fu-berlin.de/bizer/bsbm/v01/instances/ProductFeature416
http://www4.wiwiss.fu-berlin.de/bizer/bsbm/v01/instances/dataFrom/Product80;http://www4.wiwiss.fu-berlin.de/bizer/bsbm/v01/vocabulary/productFeature;http://www4.wiwiss.fu-berlin.de/bizer/bsbm/v01/instances/ProductFeature418
http://www4.wiwiss.fu-berlin.de/bizer/bsbm/v01/instances/dataFrom/Product80;http://www4.wiwiss.fu-berlin.de/bizer/bsbm/v01/vocabulary/productFeature;http://www4.wiwiss.fu-berlin.de/bizer/bsbm/v01/instances/ProductFeature418
http://www4.wiwiss.fu-berlin.de/bizer/bsbm/v01/instances/dataFrom/Product80;http://www4.wiwiss.fu-berlin.de/bizer/bsbm/v01/vocabulary/productFeature;http://www4.wiwiss.fu-berlin.de/bizer/bsbm/v01/instances/ProductFeature418
http://www4.wiwiss.fu-berlin.de/bizer/bsbm/v01/instances/dataFrom/Product80;http://www4.wiwiss.fu-berlin.de/bizer/bsbm/v01/vocabulary/productFeature;http://www4.wiwiss.fu-berlin.de/bizer/bsbm/v01/instances/ProductFeature428
http://www4.wiwiss.fu-berlin.de/bizer/bsbm/v01/instances/dataFrom/Product80;http://www4.wiwiss.fu-berlin.de/bizer/bsbm/v01/vocabulary/productFeature;http://www4.wiwiss.fu-berlin.de/bizer/bsbm/v01/instances/ProductFeature428
http://www4.wiwiss.fu-berlin.de/bizer/bsbm/v01/instances/dataFrom/Product80;http://www4.wiwiss.fu-berlin.de/bizer/bsbm/v01/vocabulary/productFeature;http://www4.wiwiss.fu-berlin.de/bizer/bsbm/v01/instances/ProductFeature430
http://www4.wiwiss.fu-berlin.de/bizer/bsbm/v01/instances/dataFrom/Product80;http://www4.wiwiss.fu-berlin.de/bizer/bsbm/v01/vocabulary/productFeature;http://www4.wiwiss.fu-berlin.de/bizer/bsbm/v01/instances/ProductFeature430
http://www4.wiwiss.fu-berlin.de/bizer/bsbm/v01/instances/dataFrom/Product80;http://www4.wiwiss.fu-berlin.de/bizer/bsbm/v01/vocabulary/productFeature;http://www4.wiwiss.fu-berlin.de/bizer/bsbm/v01/instances/ProductFeature430
http://www4.wiwiss.fu-berlin.de/bizer/bsbm/v01/instances/dataFrom/Product80;http://www4.wiwiss.fu-berlin.de/bizer/bsbm/v01/vocabulary/productFeature;http://www4.wiwiss.fu-berlin.de/bizer/bsbm/v01/instances/ProductFeature432
http://www4.wiwiss.fu-berlin.de/bizer/bsbm/v01/instances/dataFrom/Product80;http://www4.wiwiss.fu-berlin.de/bizer/bsbm/v01/vocabulary/productFeature;http://www4.wiwiss.fu-berlin.de/bizer/bsbm/v01/instances/ProductFeature432
http://www4.wiwiss.fu-berlin.de/bizer/bsbm/v01/instances/dataFrom/Product80;http://www4.wiwiss.fu-berlin.de/bizer/bsbm/v01/vocabulary/productFeature;http://www4.wiwiss.fu-berlin.de/bizer/bsbm/v01/instances/ProductFeature432
http://www4.wiwiss.fu-berlin.de/bizer/bsbm/v01/instances/dataFrom/Product80;http://www4.wiwiss.fu-berlin.de/bizer/bsbm/v01/vocabulary/productFeature;http://www4.wiwiss.fu-berlin.de/bizer/bsbm/v01/instances/ProductFeature433
http://www4.wiwiss.fu-berlin.de/bizer/bsbm/v01/instances/dataFrom/Product80;http://www4.wiwiss.fu-berlin.de/bizer/bsbm/v01/vocabulary/productFeature;http://www4.wiwiss.fu-berlin.de/bizer/bsbm/v01/instances/ProductFeature433
http://www4.wiwiss.fu-berlin.de/bizer/bsbm/v01/instances/dataFrom/Product80;http://www4.wiwiss.fu-berlin.de/bizer/bsbm/v01/vocabulary/productFeature;http://www4.wiwiss.fu-berlin.de/bizer/bsbm/v01/instances/ProductFeature445
http://www4.wiwiss.fu-berlin.de/bizer/bsbm/v01/instances/dataFrom/Product80;http://www4.wiwiss.fu-berlin.de/bizer/bsbm/v01/vocabulary/productFeature;http://www4.wiwiss.fu-berlin.de/bizer/bsbm/v01/instances/ProductFeature445
http://www4.wiwiss.fu-berlin.de/bizer/bsbm/v01/instances/dataFrom/Product80;http://www4.wiwiss.fu-berlin.de/bizer/bsbm/v01/vocabulary/productFeature;http://www4.wiwiss.fu-berlin.de/bizer/bsbm/v01/instances/ProductFeature445
http://www4.wiwiss.fu-berlin.de/bizer/bsbm/v01/instances/dataFrom/Product80;http://www4.wiwiss.fu-berlin.de/bizer/bsbm/v01/vocabulary/productFeature;http://www4.wiwiss.fu-berlin.de/bizer/bsbm/v01/instances/ProductFeature449
http://www4.wiwiss.fu-berlin.de/bizer/bsbm/v01/instances/dataFrom/Product80;http://www4.wiwiss.fu-berlin.de/bizer/bsbm/v01/vocabulary/productFeature;http://www4.wiwiss.fu-berlin.de/bizer/bsbm/v01/instances/ProductFeature449
http://www4.wiwiss.fu-berlin.de/bizer/bsbm/v01/instances/dataFrom/Product80;http://www4.wiwiss.fu-berlin.de/bizer/bsbm/v01/vocabulary/productFeature;http://www4.wiwiss.fu-berlin.de/bizer/bsbm/v01/instances/ProductFeature449
http://www4.wiwiss.fu-berlin.de/bizer/bsbm/v01/instances/dataFrom/Product80;http://www4.wiwiss.fu-berlin.de/bizer/bsbm/v01/vocabulary/productFeature;http://www4.wiwiss.fu-berlin.de/bizer/bsbm/v01/instances/ProductFeature451
http://www4.wiwiss.fu-berlin.de/bizer/bsbm/v01/instances/dataFrom/Product80;http://www4.wiwiss.fu-berlin.de/bizer/bsbm/v01/vocabulary/productFeature;http://www4.wiwiss.fu-berlin.de/bizer/bsbm/v01/instances/ProductFeature451
http://www4.wiwiss.fu-berlin.de/bizer/bsbm/v01/instances/dataFrom/Product80;http://www4.wiwiss.fu-berlin.de/bizer/bsbm/v01/vocabulary/productFeature;http://www4.wiwiss.fu-berlin.de/bizer/bsbm/v01/instances/ProductFeature451
http://www4.wiwiss.fu-berlin.de/bizer/bsbm/v01/instances/dataFrom/Product80;http://www4.wiwiss.fu-berlin.de/bizer/bsbm/v01/vocabulary/productFeature;http://www4.wiwiss.fu-berlin.de/bizer/bsbm/v01/instances/ProductFeature451
http://www4.wiwiss.fu-berlin.de/bizer/bsbm/v01/instances/dataFrom/Product35;http://www4.wiwiss.fu-berlin.de/bizer/bsbm/v01/vocabulary/productFeature;http://www4.wiwiss.fu-berlin.de/bizer/bsbm/v01/instances/ProductFeature416
http://www4.wiwiss.fu-berlin.de/bizer/bsbm/v01/instances/dataFrom/Product35;http://www4.wiwiss.fu-berlin.de/bizer/bsbm/v01/vocabulary/productFeature;http://www4.wiwiss.fu-berlin.de/bizer/bsbm/v01/instances/ProductFeature416
http://www4.wiwiss.fu-berlin.de/bizer/bsbm/v01/instances/dataFrom/Product35;http://www4.wiwiss.fu-berlin.de/bizer/bsbm/v01/vocabulary/productFeature;http://www4.wiwiss.fu-berlin.de/bizer/bsbm/v01/instances/ProductFeature418
http://www4.wiwiss.fu-berlin.de/bizer/bsbm/v01/instances/dataFrom/Product35;http://www4.wiwiss.fu-berlin.de/bizer/bsbm/v01/vocabulary/productFeature;http://www4.wiwiss.fu-berlin.de/bizer/bsbm/v01/instances/ProductFeature418
http://www4.wiwiss.fu-berlin.de/bizer/bsbm/v01/instances/dataFrom/Product35;http://www4.wiwiss.fu-berlin.de/bizer/bsbm/v01/vocabulary/productFeature;http://www4.wiwiss.fu-berlin.de/bizer/bsbm/v01/instances/ProductFeature418
http://www4.wiwiss.fu-berlin.de/bizer/bsbm/v01/instances/dataFrom/Product35;http://www4.wiwiss.fu-berlin.de/bizer/bsbm/v01/vocabulary/productFeature;http://www4.wiwiss.fu-berlin.de/bizer/bsbm/v01/instances/ProductFeature428
http://www4.wiwiss.fu-berlin.de/bizer/bsbm/v01/instances/dataFrom/Product35;http://www4.wiwiss.fu-berlin.de/bizer/bsbm/v01/vocabulary/productFeature;http://www4.wiwiss.fu-berlin.de/bizer/bsbm/v01/instances/ProductFeature428
http://www4.wiwiss.fu-berlin.de/bizer/bsbm/v01/instances/dataFrom/Product35;http://www4.wiwiss.fu-berlin.de/bizer/bsbm/v01/vocabulary/productFeature;http://www4.wiwiss.fu-berlin.de/bizer/bsbm/v01/instances/ProductFeature430
http://www4.wiwiss.fu-berlin.de/bizer/bsbm/v01/instances/dataFrom/Product35;http://www4.wiwiss.fu-berlin.de/bizer/bsbm/v01/vocabulary/productFeature;http://www4.wiwiss.fu-berlin.de/bizer/bsbm/v01/instances/ProductFeature430
http://www4.wiwiss.fu-berlin.de/bizer/bsbm/v01/instances/dataFrom/Product35;http://www4.wiwiss.fu-berlin.de/bizer/bsbm/v01/vocabulary/productFeature;http://www4.wiwiss.fu-berlin.de/bizer/bsbm/v01/instances/ProductFeature430
http://www4.wiwiss.fu-berlin.de/bizer/bsbm/v01/instances/dataFrom/Product35;http://www4.wiwiss.fu-berlin.de/bizer/bsbm/v01/vocabulary/productFeature;http://www4.wiwiss.fu-berlin.de/bizer/bsbm/v01/instances/ProductFeature432
http://www4.wiwiss.fu-berlin.de/bizer/bsbm/v01/instances/dataFrom/Product35;http://www4.wiwiss.fu-berlin.de/bizer/bsbm/v01/vocabulary/productFeature;http://www4.wiwiss.fu-berlin.de/bizer/bsbm/v01/instances/ProductFeature432
http://www4.wiwiss.fu-berlin.de/bizer/bsbm/v01/instances/dataFrom/Product35;http://www4.wiwiss.fu-berlin.de/bizer/bsbm/v01/vocabulary/productFeature;http://www4.wiwiss.fu-berlin.de/bizer/bsbm/v01/instances/ProductFeature432
http://www4.wiwiss.fu-berlin.de/bizer/bsbm/v01/instances/dataFrom/Product35;http://www4.wiwiss.fu-berlin.de/bizer/bsbm/v01/vocabulary/productFeature;http://www4.wiwiss.fu-berlin.de/bizer/bsbm/v01/instances/ProductFeature433
http://www4.wiwiss.fu-berlin.de/bizer/bsbm/v01/instances/dataFrom/Product35;http://www4.wiwiss.fu-berlin.de/bizer/bsbm/v01/vocabulary/productFeature;http://www4.wiwiss.fu-berlin.de/bizer/bsbm/v01/instances/ProductFeature433
http://www4.wiwiss.fu-berlin.de/bizer/bsbm/v01/instances/dataFrom/Product35;http://www4.wiwiss.fu-berlin.de/bizer/bsbm/v01/vocabulary/productFeature;http://www4.wiwiss.fu-berlin.de/bizer/bsbm/v01/instances/ProductFeature445
http://www4.wiwiss.fu-berlin.de/bizer/bsbm/v01/instances/dataFrom/Product35;http://www4.wiwiss.fu-berlin.de/bizer/bsbm/v01/vocabulary/productFeature;http://www4.wiwiss.fu-berlin.de/bizer/bsbm/v01/instances/ProductFeature445
http://www4.wiwiss.fu-berlin.de/bizer/bsbm/v01/instances/dataFrom/Product35;http://www4.wiwiss.fu-berlin.de/bizer/bsbm/v01/vocabulary/productFeature;http://www4.wiwiss.fu-berlin.de/bizer/bsbm/v01/instances/ProductFeature445
http://www4.wiwiss.fu-berlin.de/bizer/bsbm/v01/instances/dataFrom/Product35;http://www4.wiwiss.fu-berlin.de/bizer/bsbm/v01/vocabulary/productFeature;http://www4.wiwiss.fu-berlin.de/bizer/bsbm/v01/instances/ProductFeature449
http://www4.wiwiss.fu-berlin.de/bizer/bsbm/v01/instances/dataFrom/Product35;http://www4.wiwiss.fu-berlin.de/bizer/bsbm/v01/vocabulary/productFeature;http://www4.wiwiss.fu-berlin.de/bizer/bsbm/v01/instances/ProductFeature449
http://www4.wiwiss.fu-berlin.de/bizer/bsbm/v01/instances/dataFrom/Product35;http://www4.wiwiss.fu-berlin.de/bizer/bsbm/v01/vocabulary/productFeature;http://www4.wiwiss.fu-berlin.de/bizer/bsbm/v01/instances/ProductFeature449
http://www4.wiwiss.fu-berlin.de/bizer/bsbm/v01/instances/dataFrom/Product35;http://www4.wiwiss.fu-berlin.de/bizer/bsbm/v01/vocabulary/productFeature;http://www4.wiwiss.fu-berlin.de/bizer/bsbm/v01/instances/ProductFeature451
http://www4.wiwiss.fu-berlin.de/bizer/bsbm/v01/instances/dataFrom/Product35;http://www4.wiwiss.fu-berlin.de/bizer/bsbm/v01/vocabulary/productFeature;http://www4.wiwiss.fu-berlin.de/bizer/bsbm/v01/instances/ProductFeature451
http://www4.wiwiss.fu-berlin.de/bizer/bsbm/v01/instances/dataFrom/Product35;http://www4.wiwiss.fu-berlin.de/bizer/bsbm/v01/vocabulary/productFeature;http://www4.wiwiss.fu-berlin.de/bizer/bsbm/v01/instances/ProductFeature451
http://www4.wiwiss.fu-berlin.de/bizer/bsbm/v01/instances/dataFrom/Product35;http://www4.wiwiss.fu-berlin.de/bizer/bsbm/v01/vocabulary/productFeature;http://www4.wiwiss.fu-berlin.de/bizer/bsbm/v01/instances/ProductFeature451
http://www4.wiwiss.fu-berlin.de/bizer/bsbm/v01/instances/dataFrom/Product36;http://www4.wiwiss.fu-berlin.de/bizer/bsbm/v01/vocabulary/productFeature;http://www4.wiwiss.fu-berlin.de/bizer/bsbm/v01/instances/ProductFeature416
http://www4.wiwiss.fu-berlin.de/bizer/bsbm/v01/instances/dataFrom/Product36;http://www4.wiwiss.fu-berlin.de/bizer/bsbm/v01/vocabulary/productFeature;http://www4.wiwiss.fu-berlin.de/bizer/bsbm/v01/instances/ProductFeature416
http://www4.wiwiss.fu-berlin.de/bizer/bsbm/v01/instances/dataFrom/Product36;http://www4.wiwiss.fu-berlin.de/bizer/bsbm/v01/vocabulary/productFeature;http://www4.wiwiss.fu-berlin.de/bizer/bsbm/v01/instances/ProductFeature418
http://www4.wiwiss.fu-berlin.de/bizer/bsbm/v01/instances/dataFrom/Product36;http://www4.wiwiss.fu-berlin.de/bizer/bsbm/v01/vocabulary/productFeature;http://www4.wiwiss.fu-berlin.de/bizer/bsbm/v01/instances/ProductFeature418
http://www4.wiwiss.fu-berlin.de/bizer/bsbm/v01/instances/dataFrom/Product36;http://www4.wiwiss.fu-berlin.de/bizer/bsbm/v01/vocabulary/productFeature;http://www4.wiwiss.fu-berlin.de/bizer/bsbm/v01/instances/ProductFeature418
http://www4.wiwiss.fu-berlin.de/bizer/bsbm/v01/instances/dataFrom/Product36;http://www4.wiwiss.fu-berlin.de/bizer/bsbm/v01/vocabulary/productFeature;http://www4.wiwiss.fu-berlin.de/bizer/bsbm/v01/instances/ProductFeature428
http://www4.wiwiss.fu-berlin.de/bizer/bsbm/v01/instances/dataFrom/Product36;http://www4.wiwiss.fu-berlin.de/bizer/bsbm/v01/vocabulary/productFeature;http://www4.wiwiss.fu-berlin.de/bizer/bsbm/v01/instances/ProductFeature428
http://www4.wiwiss.fu-berlin.de/bizer/bsbm/v01/instances/dataFrom/Product36;http://www4.wiwiss.fu-berlin.de/bizer/bsbm/v01/vocabulary/productFeature;http://www4.wiwiss.fu-berlin.de/bizer/bsbm/v01/instances/ProductFeature430
http://www4.wiwiss.fu-berlin.de/bizer/bsbm/v01/instances/dataFrom/Product36;http://www4.wiwiss.fu-berlin.de/bizer/bsbm/v01/vocabulary/productFeature;http://www4.wiwiss.fu-berlin.de/bizer/bsbm/v01/instances/ProductFeature430
http://www4.wiwiss.fu-berlin.de/bizer/bsbm/v01/instances/dataFrom/Product36;http://www4.wiwiss.fu-berlin.de/bizer/bsbm/v01/vocabulary/productFeature;http://www4.wiwiss.fu-berlin.de/bizer/bsbm/v01/instances/ProductFeature430
http://www4.wiwiss.fu-berlin.de/bizer/bsbm/v01/instances/dataFrom/Product36;http://www4.wiwiss.fu-berlin.de/bizer/bsbm/v01/vocabulary/productFeature;http://www4.wiwiss.fu-berlin.de/bizer/bsbm/v01/instances/ProductFeature432
http://www4.wiwiss.fu-berlin.de/bizer/bsbm/v01/instances/dataFrom/Product36;http://www4.wiwiss.fu-berlin.de/bizer/bsbm/v01/vocabulary/productFeature;http://www4.wiwiss.fu-berlin.de/bizer/bsbm/v01/instances/ProductFeature432
http://www4.wiwiss.fu-berlin.de/bizer/bsbm/v01/instances/dataFrom/Product36;http://www4.wiwiss.fu-berlin.de/bizer/bsbm/v01/vocabulary/productFeature;http://www4.wiwiss.fu-berlin.de/bizer/bsbm/v01/instances/ProductFeature432
http://www4.wiwiss.fu-berlin.de/bizer/bsbm/v01/instances/dataFrom/Product36;http://www4.wiwiss.fu-berlin.de/bizer/bsbm/v01/vocabulary/productFeature;http://www4.wiwiss.fu-berlin.de/bizer/bsbm/v01/instances/ProductFeature433
http://www4.wiwiss.fu-berlin.de/bizer/bsbm/v01/instances/dataFrom/Product36;http://www4.wiwiss.fu-berlin.de/bizer/bsbm/v01/vocabulary/productFeature;http://www4.wiwiss.fu-berlin.de/bizer/bsbm/v01/instances/ProductFeature433
http://www4.wiwiss.fu-berlin.de/bizer/bsbm/v01/instances/dataFrom/Product36;http://www4.wiwiss.fu-berlin.de/bizer/bsbm/v01/vocabulary/productFeature;http://www4.wiwiss.fu-berlin.de/bizer/bsbm/v01/instances/ProductFeature445
http://www4.wiwiss.fu-berlin.de/bizer/bsbm/v01/instances/dataFrom/Product36;http://www4.wiwiss.fu-berlin.de/bizer/bsbm/v01/vocabulary/productFeature;http://www4.wiwiss.fu-berlin.de/bizer/bsbm/v01/instances/ProductFeature445
http://www4.wiwiss.fu-berlin.de/bizer/bsbm/v01/instances/dataFrom/Product36;http://www4.wiwiss.fu-berlin.de/bizer/bsbm/v01/vocabulary/productFeature;http://www4.wiwiss.fu-berlin.de/bizer/bsbm/v01/instances/ProductFeature445
http://www4.wiwiss.fu-berlin.de/bizer/bsbm/v01/instances/dataFrom/Product36;http://www4.wiwiss.fu-berlin.de/bizer/bsbm/v01/vocabulary/productFeature;http://www4.wiwiss.fu-berlin.de/bizer/bsbm/v01/instances/ProductFeature449
http://www4.wiwiss.fu-berlin.de/bizer/bsbm/v01/instances/dataFrom/Product36;http://www4.wiwiss.fu-berlin.de/bizer/bsbm/v01/vocabulary/productFeature;http://www4.wiwiss.fu-berlin.de/bizer/bsbm/v01/instances/ProductFeature449
http://www4.wiwiss.fu-berlin.de/bizer/bsbm/v01/instances/dataFrom/Product36;http://www4.wiwiss.fu-berlin.de/bizer/bsbm/v01/vocabulary/productFeature;http://www4.wiwiss.fu-berlin.de/bizer/bsbm/v01/instances/ProductFeature449
http://www4.wiwiss.fu-berlin.de/bizer/bsbm/v01/instances/dataFrom/Product36;http://www4.wiwiss.fu-berlin.de/bizer/bsbm/v01/vocabulary/productFeature;http://www4.wiwiss.fu-berlin.de/bizer/bsbm/v01/instances/ProductFeature451
http://www4.wiwiss.fu-berlin.de/bizer/bsbm/v01/instances/dataFrom/Product36;http://www4.wiwiss.fu-berlin.de/bizer/bsbm/v01/vocabulary/productFeature;http://www4.wiwiss.fu-berlin.de/bizer/bsbm/v01/instances/ProductFeature451
http://www4.wiwiss.fu-berlin.de/bizer/bsbm/v01/instances/dataFrom/Product36;http://www4.wiwiss.fu-berlin.de/bizer/bsbm/v01/vocabulary/productFeature;http://www4.wiwiss.fu-berlin.de/bizer/bsbm/v01/instances/ProductFeature451
http://www4.wiwiss.fu-berlin.de/bizer/bsbm/v01/instances/dataFrom/Product36;http://www4.wiwiss.fu-berlin.de/bizer/bsbm/v01/vocabulary/productFeature;http://www4.wiwiss.fu-berlin.de/bizer/bsbm/v01/instances/ProductFeature451
http://www4.wiwiss.fu-berlin.de/bizer/bsbm/v01/instances/dataFrom/Product14;http://www4.wiwiss.fu-berlin.de/bizer/bsbm/v01/vocabulary/productFeature;http://www4.wiwiss.fu-berlin.de/bizer/bsbm/v01/instances/ProductFeature416
http://www4.wiwiss.fu-berlin.de/bizer/bsbm/v01/instances/dataFrom/Product14;http://www4.wiwiss.fu-berlin.de/bizer/bsbm/v01/vocabulary/productFeature;http://www4.wiwiss.fu-berlin.de/bizer/bsbm/v01/instances/ProductFeature416
http://www4.wiwiss.fu-berlin.de/bizer/bsbm/v01/instances/dataFrom/Product14;http://www4.wiwiss.fu-berlin.de/bizer/bsbm/v01/vocabulary/productFeature;http://www4.wiwiss.fu-berlin.de/bizer/bsbm/v01/instances/ProductFeature418
http://www4.wiwiss.fu-berlin.de/bizer/bsbm/v01/instances/dataFrom/Product14;http://www4.wiwiss.fu-berlin.de/bizer/bsbm/v01/vocabulary/productFeature;http://www4.wiwiss.fu-berlin.de/bizer/bsbm/v01/instances/ProductFeature418
http://www4.wiwiss.fu-berlin.de/bizer/bsbm/v01/instances/dataFrom/Product14;http://www4.wiwiss.fu-berlin.de/bizer/bsbm/v01/vocabulary/productFeature;http://www4.wiwiss.fu-berlin.de/bizer/bsbm/v01/instances/ProductFeature418
http://www4.wiwiss.fu-berlin.de/bizer/bsbm/v01/instances/dataFrom/Product14;http://www4.wiwiss.fu-berlin.de/bizer/bsbm/v01/vocabulary/productFeature;http://www4.wiwiss.fu-berlin.de/bizer/bsbm/v01/instances/ProductFeature428
http://www4.wiwiss.fu-berlin.de/bizer/bsbm/v01/instances/dataFrom/Product14;http://www4.wiwiss.fu-berlin.de/bizer/bsbm/v01/vocabulary/productFeature;http://www4.wiwiss.fu-berlin.de/bizer/bsbm/v01/instances/ProductFeature428
http://www4.wiwiss.fu-berlin.de/bizer/bsbm/v01/instances/dataFrom/Product14;http://www4.wiwiss.fu-berlin.de/bizer/bsbm/v01/vocabulary/productFeature;http://www4.wiwiss.fu-berlin.de/bizer/bsbm/v01/instances/ProductFeature430
http://www4.wiwiss.fu-berlin.de/bizer/bsbm/v01/instances/dataFrom/Product14;http://www4.wiwiss.fu-berlin.de/bizer/bsbm/v01/vocabulary/productFeature;http://www4.wiwiss.fu-berlin.de/bizer/bsbm/v01/instances/ProductFeature430
http://www4.wiwiss.fu-berlin.de/bizer/bsbm/v01/instances/dataFrom/Product14;http://www4.wiwiss.fu-berlin.de/bizer/bsbm/v01/vocabulary/productFeature;http://www4.wiwiss.fu-berlin.de/bizer/bsbm/v01/instances/ProductFeature430
http://www4.wiwiss.fu-berlin.de/bizer/bsbm/v01/instances/dataFrom/Product14;http://www4.wiwiss.fu-berlin.de/bizer/bsbm/v01/vocabulary/productFeature;http://www4.wiwiss.fu-berlin.de/bizer/bsbm/v01/instances/ProductFeature432
http://www4.wiwiss.fu-berlin.de/bizer/bsbm/v01/instances/dataFrom/Product14;http://www4.wiwiss.fu-berlin.de/bizer/bsbm/v01/vocabulary/productFeature;http://www4.wiwiss.fu-berlin.de/bizer/bsbm/v01/instances/ProductFeature432
http://www4.wiwiss.fu-berlin.de/bizer/bsbm/v01/instances/dataFrom/Product14;http://www4.wiwiss.fu-berlin.de/bizer/bsbm/v01/vocabulary/productFeature;http://www4.wiwiss.fu-berlin.de/bizer/bsbm/v01/instances/ProductFeature432
http://www4.wiwiss.fu-berlin.de/bizer/bsbm/v01/instances/dataFrom/Product14;http://www4.wiwiss.fu-berlin.de/bizer/bsbm/v01/vocabulary/productFeature;http://www4.wiwiss.fu-berlin.de/bizer/bsbm/v01/instances/ProductFeature433
http://www4.wiwiss.fu-berlin.de/bizer/bsbm/v01/instances/dataFrom/Product14;http://www4.wiwiss.fu-berlin.de/bizer/bsbm/v01/vocabulary/productFeature;http://www4.wiwiss.fu-berlin.de/bizer/bsbm/v01/instances/ProductFeature433
http://www4.wiwiss.fu-berlin.de/bizer/bsbm/v01/instances/dataFrom/Product14;http://www4.wiwiss.fu-berlin.de/bizer/bsbm/v01/vocabulary/productFeature;http://www4.wiwiss.fu-berlin.de/bizer/bsbm/v01/instances/ProductFeature445
http://www4.wiwiss.fu-berlin.de/bizer/bsbm/v01/instances/dataFrom/Product14;http://www4.wiwiss.fu-berlin.de/bizer/bsbm/v01/vocabulary/productFeature;http://www4.wiwiss.fu-berlin.de/bizer/bsbm/v01/instances/ProductFeature445
http://www4.wiwiss.fu-berlin.de/bizer/bsbm/v01/instances/dataFrom/Product14;http://www4.wiwiss.fu-berlin.de/bizer/bsbm/v01/vocabulary/productFeature;http://www4.wiwiss.fu-berlin.de/bizer/bsbm/v01/instances/ProductFeature445
http://www4.wiwiss.fu-berlin.de/bizer/bsbm/v01/instances/dataFrom/Product14;http://www4.wiwiss.fu-berlin.de/bizer/bsbm/v01/vocabulary/productFeature;http://www4.wiwiss.fu-berlin.de/bizer/bsbm/v01/instances/ProductFeature449
http://www4.wiwiss.fu-berlin.de/bizer/bsbm/v01/instances/dataFrom/Product14;http://www4.wiwiss.fu-berlin.de/bizer/bsbm/v01/vocabulary/productFeature;http://www4.wiwiss.fu-berlin.de/bizer/bsbm/v01/instances/ProductFeature449
http://www4.wiwiss.fu-berlin.de/bizer/bsbm/v01/instances/dataFrom/Product14;http://www4.wiwiss.fu-berlin.de/bizer/bsbm/v01/vocabulary/productFeature;http://www4.wiwiss.fu-berlin.de/bizer/bsbm/v01/instances/ProductFeature449
http://www4.wiwiss.fu-berlin.de/bizer/bsbm/v01/instances/dataFrom/Product14;http://www4.wiwiss.fu-berlin.de/bizer/bsbm/v01/vocabulary/productFeature;http://www4.wiwiss.fu-berlin.de/bizer/bsbm/v01/instances/ProductFeature451
http://www4.wiwiss.fu-berlin.de/bizer/bsbm/v01/instances/dataFrom/Product14;http://www4.wiwiss.fu-berlin.de/bizer/bsbm/v01/vocabulary/productFeature;http://www4.wiwiss.fu-berlin.de/bizer/bsbm/v01/instances/ProductFeature451
http://www4.wiwiss.fu-berlin.de/bizer/bsbm/v01/instances/dataFrom/Product14;http://www4.wiwiss.fu-berlin.de/bizer/bsbm/v01/vocabulary/productFeature;http://www4.wiwiss.fu-berlin.de/bizer/bsbm/v01/instances/ProductFeature451
http://www4.wiwiss.fu-berlin.de/bizer/bsbm/v01/instances/dataFrom/Product14;http://www4.wiwiss.fu-berlin.de/bizer/bsbm/v01/vocabulary/productFeature;http://www4.wiwiss.fu-berlin.de/bizer/bsbm/v01/instances/ProductFeature451
http://www4.wiwiss.fu-berlin.de/bizer/bsbm/v01/instances/dataFrom/Product7;http://www4.wiwiss.fu-berlin.de/bizer/bsbm/v01/vocabulary/productFeature;http://www4.wiwiss.fu-berlin.de/bizer/bsbm/v01/instances/ProductFeature416
http://www4.wiwiss.fu-berlin.de/bizer/bsbm/v01/instances/dataFrom/Product7;http://www4.wiwiss.fu-berlin.de/bizer/bsbm/v01/vocabulary/productFeature;http://www4.wiwiss.fu-berlin.de/bizer/bsbm/v01/instances/ProductFeature416
http://www4.wiwiss.fu-berlin.de/bizer/bsbm/v01/instances/dataFrom/Product7;http://www4.wiwiss.fu-berlin.de/bizer/bsbm/v01/vocabulary/productFeature;http://www4.wiwiss.fu-berlin.de/bizer/bsbm/v01/instances/ProductFeature418
http://www4.wiwiss.fu-berlin.de/bizer/bsbm/v01/instances/dataFrom/Product7;http://www4.wiwiss.fu-berlin.de/bizer/bsbm/v01/vocabulary/productFeature;http://www4.wiwiss.fu-berlin.de/bizer/bsbm/v01/instances/ProductFeature418
http://www4.wiwiss.fu-berlin.de/bizer/bsbm/v01/instances/dataFrom/Product7;http://www4.wiwiss.fu-berlin.de/bizer/bsbm/v01/vocabulary/productFeature;http://www4.wiwiss.fu-berlin.de/bizer/bsbm/v01/instances/ProductFeature418
http://www4.wiwiss.fu-berlin.de/bizer/bsbm/v01/instances/dataFrom/Product7;http://www4.wiwiss.fu-berlin.de/bizer/bsbm/v01/vocabulary/productFeature;http://www4.wiwiss.fu-berlin.de/bizer/bsbm/v01/instances/ProductFeature428
http://www4.wiwiss.fu-berlin.de/bizer/bsbm/v01/instances/dataFrom/Product7;http://www4.wiwiss.fu-berlin.de/bizer/bsbm/v01/vocabulary/productFeature;http://www4.wiwiss.fu-berlin.de/bizer/bsbm/v01/instances/ProductFeature428
http://www4.wiwiss.fu-berlin.de/bizer/bsbm/v01/instances/dataFrom/Product7;http://www4.wiwiss.fu-berlin.de/bizer/bsbm/v01/vocabulary/productFeature;http://www4.wiwiss.fu-berlin.de/bizer/bsbm/v01/instances/ProductFeature430
http://www4.wiwiss.fu-berlin.de/bizer/bsbm/v01/instances/dataFrom/Product7;http://www4.wiwiss.fu-berlin.de/bizer/bsbm/v01/vocabulary/productFeature;http://www4.wiwiss.fu-berlin.de/bizer/bsbm/v01/instances/ProductFeature430
http://www4.wiwiss.fu-berlin.de/bizer/bsbm/v01/instances/dataFrom/Product7;http://www4.wiwiss.fu-berlin.de/bizer/bsbm/v01/vocabulary/productFeature;http://www4.wiwiss.fu-berlin.de/bizer/bsbm/v01/instances/ProductFeature430
http://www4.wiwiss.fu-berlin.de/bizer/bsbm/v01/instances/dataFrom/Product7;http://www4.wiwiss.fu-berlin.de/bizer/bsbm/v01/vocabulary/productFeature;http://www4.wiwiss.fu-berlin.de/bizer/bsbm/v01/instances/ProductFeature432
http://www4.wiwiss.fu-berlin.de/bizer/bsbm/v01/instances/dataFrom/Product7;http://www4.wiwiss.fu-berlin.de/bizer/bsbm/v01/vocabulary/productFeature;http://www4.wiwiss.fu-berlin.de/bizer/bsbm/v01/instances/ProductFeature432
http://www4.wiwiss.fu-berlin.de/bizer/bsbm/v01/instances/dataFrom/Product7;http://www4.wiwiss.fu-berlin.de/bizer/bsbm/v01/vocabulary/productFeature;http://www4.wiwiss.fu-berlin.de/bizer/bsbm/v01/instances/ProductFeature432
http://www4.wiwiss.fu-berlin.de/bizer/bsbm/v01/instances/dataFrom/Product7;http://www4.wiwiss.fu-berlin.de/bizer/bsbm/v01/vocabulary/productFeature;http://www4.wiwiss.fu-berlin.de/bizer/bsbm/v01/instances/ProductFeature433
http://www4.wiwiss.fu-berlin.de/bizer/bsbm/v01/instances/dataFrom/Product7;http://www4.wiwiss.fu-berlin.de/bizer/bsbm/v01/vocabulary/productFeature;http://www4.wiwiss.fu-berlin.de/bizer/bsbm/v01/instances/ProductFeature433
http://www4.wiwiss.fu-berlin.de/bizer/bsbm/v01/instances/dataFrom/Product7;http://www4.wiwiss.fu-berlin.de/bizer/bsbm/v01/vocabulary/productFeature;http://www4.wiwiss.fu-berlin.de/bizer/bsbm/v01/instances/ProductFeature445
http://www4.wiwiss.fu-berlin.de/bizer/bsbm/v01/instances/dataFrom/Product7;http://www4.wiwiss.fu-berlin.de/bizer/bsbm/v01/vocabulary/productFeature;http://www4.wiwiss.fu-berlin.de/bizer/bsbm/v01/instances/ProductFeature445
http://www4.wiwiss.fu-berlin.de/bizer/bsbm/v01/instances/dataFrom/Product7;http://www4.wiwiss.fu-berlin.de/bizer/bsbm/v01/vocabulary/productFeature;http://www4.wiwiss.fu-berlin.de/bizer/bsbm/v01/instances/ProductFeature445
http://www4.wiwiss.fu-berlin.de/bizer/bsbm/v01/instances/dataFrom/Product7;http://www4.wiwiss.fu-berlin.de/bizer/bsbm/v01/vocabulary/productFeature;http://www4.wiwiss.fu-berlin.de/bizer/bsbm/v01/instances/ProductFeature449
http://www4.wiwiss.fu-berlin.de/bizer/bsbm/v01/instances/dataFrom/Product7;http://www4.wiwiss.fu-berlin.de/bizer/bsbm/v01/vocabulary/productFeature;http://www4.wiwiss.fu-berlin.de/bizer/bsbm/v01/instances/ProductFeature449
http://www4.wiwiss.fu-berlin.de/bizer/bsbm/v01/instances/dataFrom/Product7;http://www4.wiwiss.fu-berlin.de/bizer/bsbm/v01/vocabulary/productFeature;http://www4.wiwiss.fu-berlin.de/bizer/bsbm/v01/instances/ProductFeature449
http://www4.wiwiss.fu-berlin.de/bizer/bsbm/v01/instances/dataFrom/Product7;http://www4.wiwiss.fu-berlin.de/bizer/bsbm/v01/vocabulary/productFeature;http://www4.wiwiss.fu-berlin.de/bizer/bsbm/v01/instances/ProductFeature451
http://www4.wiwiss.fu-berlin.de/bizer/bsbm/v01/instances/dataFrom/Product7;http://www4.wiwiss.fu-berlin.de/bizer/bsbm/v01/vocabulary/productFeature;http://www4.wiwiss.fu-berlin.de/bizer/bsbm/v01/instances/ProductFeature451
http://www4.wiwiss.fu-berlin.de/bizer/bsbm/v01/instances/dataFrom/Product7;http://www4.wiwiss.fu-berlin.de/bizer/bsbm/v01/vocabulary/productFeature;http://www4.wiwiss.fu-berlin.de/bizer/bsbm/v01/instances/ProductFeature451
http://www4.wiwiss.fu-berlin.de/bizer/bsbm/v01/instances/dataFrom/Product7;http://www4.wiwiss.fu-berlin.de/bizer/bsbm/v01/vocabulary/productFeature;http://www4.wiwiss.fu-berlin.de/bizer/bsbm/v01/instances/ProductFeature451
http://www4.wiwiss.fu-berlin.de/bizer/bsbm/v01/instances/dataFrom/Product89;http://www4.wiwiss.fu-berlin.de/bizer/bsbm/v01/vocabulary/productFeature;http://www4.wiwiss.fu-berlin.de/bizer/bsbm/v01/instances/ProductFeature416
http://www4.wiwiss.fu-berlin.de/bizer/bsbm/v01/instances/dataFrom/Product89;http://www4.wiwiss.fu-berlin.de/bizer/bsbm/v01/vocabulary/productFeature;http://www4.wiwiss.fu-berlin.de/bizer/bsbm/v01/instances/ProductFeature416
http://www4.wiwiss.fu-berlin.de/bizer/bsbm/v01/instances/dataFrom/Product89;http://www4.wiwiss.fu-berlin.de/bizer/bsbm/v01/vocabulary/productFeature;http://www4.wiwiss.fu-berlin.de/bizer/bsbm/v01/instances/ProductFeature418
http://www4.wiwiss.fu-berlin.de/bizer/bsbm/v01/instances/dataFrom/Product89;http://www4.wiwiss.fu-berlin.de/bizer/bsbm/v01/vocabulary/productFeature;http://www4.wiwiss.fu-berlin.de/bizer/bsbm/v01/instances/ProductFeature418
http://www4.wiwiss.fu-berlin.de/bizer/bsbm/v01/instances/dataFrom/Product89;http://www4.wiwiss.fu-berlin.de/bizer/bsbm/v01/vocabulary/productFeature;http://www4.wiwiss.fu-berlin.de/bizer/bsbm/v01/instances/ProductFeature418
http://www4.wiwiss.fu-berlin.de/bizer/bsbm/v01/instances/dataFrom/Product89;http://www4.wiwiss.fu-berlin.de/bizer/bsbm/v01/vocabulary/productFeature;http://www4.wiwiss.fu-berlin.de/bizer/bsbm/v01/instances/ProductFeature428
http://www4.wiwiss.fu-berlin.de/bizer/bsbm/v01/instances/dataFrom/Product89;http://www4.wiwiss.fu-berlin.de/bizer/bsbm/v01/vocabulary/productFeature;http://www4.wiwiss.fu-berlin.de/bizer/bsbm/v01/instances/ProductFeature428
http://www4.wiwiss.fu-berlin.de/bizer/bsbm/v01/instances/dataFrom/Product89;http://www4.wiwiss.fu-berlin.de/bizer/bsbm/v01/vocabulary/productFeature;http://www4.wiwiss.fu-berlin.de/bizer/bsbm/v01/instances/ProductFeature430
http://www4.wiwiss.fu-berlin.de/bizer/bsbm/v01/instances/dataFrom/Product89;http://www4.wiwiss.fu-berlin.de/bizer/bsbm/v01/vocabulary/productFeature;http://www4.wiwiss.fu-berlin.de/bizer/bsbm/v01/instances/ProductFeature430
http://www4.wiwiss.fu-berlin.de/bizer/bsbm/v01/instances/dataFrom/Product89;http://www4.wiwiss.fu-berlin.de/bizer/bsbm/v01/vocabulary/productFeature;http://www4.wiwiss.fu-berlin.de/bizer/bsbm/v01/instances/ProductFeature430
http://www4.wiwiss.fu-berlin.de/bizer/bsbm/v01/instances/dataFrom/Product89;http://www4.wiwiss.fu-berlin.de/bizer/bsbm/v01/vocabulary/productFeature;http://www4.wiwiss.fu-berlin.de/bizer/bsbm/v01/instances/ProductFeature432
http://www4.wiwiss.fu-berlin.de/bizer/bsbm/v01/instances/dataFrom/Product89;http://www4.wiwiss.fu-berlin.de/bizer/bsbm/v01/vocabulary/productFeature;http://www4.wiwiss.fu-berlin.de/bizer/bsbm/v01/instances/ProductFeature432
http://www4.wiwiss.fu-berlin.de/bizer/bsbm/v01/instances/dataFrom/Product89;http://www4.wiwiss.fu-berlin.de/bizer/bsbm/v01/vocabulary/productFeature;http://www4.wiwiss.fu-berlin.de/bizer/bsbm/v01/instances/ProductFeature432
http://www4.wiwiss.fu-berlin.de/bizer/bsbm/v01/instances/dataFrom/Product89;http://www4.wiwiss.fu-berlin.de/bizer/bsbm/v01/vocabulary/productFeature;http://www4.wiwiss.fu-berlin.de/bizer/bsbm/v01/instances/ProductFeature433
http://www4.wiwiss.fu-berlin.de/bizer/bsbm/v01/instances/dataFrom/Product89;http://www4.wiwiss.fu-berlin.de/bizer/bsbm/v01/vocabulary/productFeature;http://www4.wiwiss.fu-berlin.de/bizer/bsbm/v01/instances/ProductFeature433
http://www4.wiwiss.fu-berlin.de/bizer/bsbm/v01/instances/dataFrom/Product89;http://www4.wiwiss.fu-berlin.de/bizer/bsbm/v01/vocabulary/productFeature;http://www4.wiwiss.fu-berlin.de/bizer/bsbm/v01/instances/ProductFeature445
http://www4.wiwiss.fu-berlin.de/bizer/bsbm/v01/instances/dataFrom/Product89;http://www4.wiwiss.fu-berlin.de/bizer/bsbm/v01/vocabulary/productFeature;http://www4.wiwiss.fu-berlin.de/bizer/bsbm/v01/instances/ProductFeature445
http://www4.wiwiss.fu-berlin.de/bizer/bsbm/v01/instances/dataFrom/Product89;http://www4.wiwiss.fu-berlin.de/bizer/bsbm/v01/vocabulary/productFeature;http://www4.wiwiss.fu-berlin.de/bizer/bsbm/v01/instances/ProductFeature445
http://www4.wiwiss.fu-berlin.de/bizer/bsbm/v01/instances/dataFrom/Product89;http://www4.wiwiss.fu-berlin.de/bizer/bsbm/v01/vocabulary/productFeature;http://www4.wiwiss.fu-berlin.de/bizer/bsbm/v01/instances/ProductFeature449
http://www4.wiwiss.fu-berlin.de/bizer/bsbm/v01/instances/dataFrom/Product89;http://www4.wiwiss.fu-berlin.de/bizer/bsbm/v01/vocabulary/productFeature;http://www4.wiwiss.fu-berlin.de/bizer/bsbm/v01/instances/ProductFeature449
http://www4.wiwiss.fu-berlin.de/bizer/bsbm/v01/instances/dataFrom/Product89;http://www4.wiwiss.fu-berlin.de/bizer/bsbm/v01/vocabulary/productFeature;http://www4.wiwiss.fu-berlin.de/bizer/bsbm/v01/instances/ProductFeature449
http://www4.wiwiss.fu-berlin.de/bizer/bsbm/v01/instances/dataFrom/Product89;http://www4.wiwiss.fu-berlin.de/bizer/bsbm/v01/vocabulary/productFeature;http://www4.wiwiss.fu-berlin.de/bizer/bsbm/v01/instances/ProductFeature451
http://www4.wiwiss.fu-berlin.de/bizer/bsbm/v01/instances/dataFrom/Product89;http://www4.wiwiss.fu-berlin.de/bizer/bsbm/v01/vocabulary/productFeature;http://www4.wiwiss.fu-berlin.de/bizer/bsbm/v01/instances/ProductFeature451
http://www4.wiwiss.fu-berlin.de/bizer/bsbm/v01/instances/dataFrom/Product89;http://www4.wiwiss.fu-berlin.de/bizer/bsbm/v01/vocabulary/productFeature;http://www4.wiwiss.fu-berlin.de/bizer/bsbm/v01/instances/ProductFeature451
http://www4.wiwiss.fu-berlin.de/bizer/bsbm/v01/instances/dataFrom/Product89;http://www4.wiwiss.fu-berlin.de/bizer/bsbm/v01/vocabulary/productFeature;http://www4.wiwiss.fu-berlin.de/bizer/bsbm/v01/instances/ProductFeature451
http://www4.wiwiss.fu-berlin.de/bizer/bsbm/v01/instances/dataFrom/Product52;http://www4.wiwiss.fu-berlin.de/bizer/bsbm/v01/vocabulary/productFeature;http://www4.wiwiss.fu-berlin.de/bizer/bsbm/v01/instances/ProductFeature416
http://www4.wiwiss.fu-berlin.de/bizer/bsbm/v01/instances/dataFrom/Product52;http://www4.wiwiss.fu-berlin.de/bizer/bsbm/v01/vocabulary/productFeature;http://www4.wiwiss.fu-berlin.de/bizer/bsbm/v01/instances/ProductFeature416
http://www4.wiwiss.fu-berlin.de/bizer/bsbm/v01/instances/dataFrom/Product52;http://www4.wiwiss.fu-berlin.de/bizer/bsbm/v01/vocabulary/productFeature;http://www4.wiwiss.fu-berlin.de/bizer/bsbm/v01/instances/ProductFeature418
http://www4.wiwiss.fu-berlin.de/bizer/bsbm/v01/instances/dataFrom/Product52;http://www4.wiwiss.fu-berlin.de/bizer/bsbm/v01/vocabulary/productFeature;http://www4.wiwiss.fu-berlin.de/bizer/bsbm/v01/instances/ProductFeature418
http://www4.wiwiss.fu-berlin.de/bizer/bsbm/v01/instances/dataFrom/Product52;http://www4.wiwiss.fu-berlin.de/bizer/bsbm/v01/vocabulary/productFeature;http://www4.wiwiss.fu-berlin.de/bizer/bsbm/v01/instances/ProductFeature418
http://www4.wiwiss.fu-berlin.de/bizer/bsbm/v01/instances/dataFrom/Product52;http://www4.wiwiss.fu-berlin.de/bizer/bsbm/v01/vocabulary/productFeature;http://www4.wiwiss.fu-berlin.de/bizer/bsbm/v01/instances/ProductFeature428
http://www4.wiwiss.fu-berlin.de/bizer/bsbm/v01/instances/dataFrom/Product52;http://www4.wiwiss.fu-berlin.de/bizer/bsbm/v01/vocabulary/productFeature;http://www4.wiwiss.fu-berlin.de/bizer/bsbm/v01/instances/ProductFeature428
http://www4.wiwiss.fu-berlin.de/bizer/bsbm/v01/instances/dataFrom/Product52;http://www4.wiwiss.fu-berlin.de/bizer/bsbm/v01/vocabulary/productFeature;http://www4.wiwiss.fu-berlin.de/bizer/bsbm/v01/instances/ProductFeature430
http://www4.wiwiss.fu-berlin.de/bizer/bsbm/v01/instances/dataFrom/Product52;http://www4.wiwiss.fu-berlin.de/bizer/bsbm/v01/vocabulary/productFeature;http://www4.wiwiss.fu-berlin.de/bizer/bsbm/v01/instances/ProductFeature430
http://www4.wiwiss.fu-berlin.de/bizer/bsbm/v01/instances/dataFrom/Product52;http://www4.wiwiss.fu-berlin.de/bizer/bsbm/v01/vocabulary/productFeature;http://www4.wiwiss.fu-berlin.de/bizer/bsbm/v01/instances/ProductFeature430
http://www4.wiwiss.fu-berlin.de/bizer/bsbm/v01/instances/dataFrom/Product52;http://www4.wiwiss.fu-berlin.de/bizer/bsbm/v01/vocabulary/productFeature;http://www4.wiwiss.fu-berlin.de/bizer/bsbm/v01/instances/ProductFeature432
http://www4.wiwiss.fu-berlin.de/bizer/bsbm/v01/instances/dataFrom/Product52;http://www4.wiwiss.fu-berlin.de/bizer/bsbm/v01/vocabulary/productFeature;http://www4.wiwiss.fu-berlin.de/bizer/bsbm/v01/instances/ProductFeature432
http://www4.wiwiss.fu-berlin.de/bizer/bsbm/v01/instances/dataFrom/Product52;http://www4.wiwiss.fu-berlin.de/bizer/bsbm/v01/vocabulary/productFeature;http://www4.wiwiss.fu-berlin.de/bizer/bsbm/v01/instances/ProductFeature432
http://www4.wiwiss.fu-berlin.de/bizer/bsbm/v01/instances/dataFrom/Product52;http://www4.wiwiss.fu-berlin.de/bizer/bsbm/v01/vocabulary/productFeature;http://www4.wiwiss.fu-berlin.de/bizer/bsbm/v01/instances/ProductFeature433
http://www4.wiwiss.fu-berlin.de/bizer/bsbm/v01/instances/dataFrom/Product52;http://www4.wiwiss.fu-berlin.de/bizer/bsbm/v01/vocabulary/productFeature;http://www4.wiwiss.fu-berlin.de/bizer/bsbm/v01/instances/ProductFeature433
http://www4.wiwiss.fu-berlin.de/bizer/bsbm/v01/instances/dataFrom/Product52;http://www4.wiwiss.fu-berlin.de/bizer/bsbm/v01/vocabulary/productFeature;http://www4.wiwiss.fu-berlin.de/bizer/bsbm/v01/instances/ProductFeature445
http://www4.wiwiss.fu-berlin.de/bizer/bsbm/v01/instances/dataFrom/Product52;http://www4.wiwiss.fu-berlin.de/bizer/bsbm/v01/vocabulary/productFeature;http://www4.wiwiss.fu-berlin.de/bizer/bsbm/v01/instances/ProductFeature445
http://www4.wiwiss.fu-berlin.de/bizer/bsbm/v01/instances/dataFrom/Product52;http://www4.wiwiss.fu-berlin.de/bizer/bsbm/v01/vocabulary/productFeature;http://www4.wiwiss.fu-berlin.de/bizer/bsbm/v01/instances/ProductFeature445
http://www4.wiwiss.fu-berlin.de/bizer/bsbm/v01/instances/dataFrom/Product52;http://www4.wiwiss.fu-berlin.de/bizer/bsbm/v01/vocabulary/productFeature;http://www4.wiwiss.fu-berlin.de/bizer/bsbm/v01/instances/ProductFeature449
http://www4.wiwiss.fu-berlin.de/bizer/bsbm/v01/instances/dataFrom/Product52;http://www4.wiwiss.fu-berlin.de/bizer/bsbm/v01/vocabulary/productFeature;http://www4.wiwiss.fu-berlin.de/bizer/bsbm/v01/instances/ProductFeature449
http://www4.wiwiss.fu-berlin.de/bizer/bsbm/v01/instances/dataFrom/Product52;http://www4.wiwiss.fu-berlin.de/bizer/bsbm/v01/vocabulary/productFeature;http://www4.wiwiss.fu-berlin.de/bizer/bsbm/v01/instances/ProductFeature449
http://www4.wiwiss.fu-berlin.de/bizer/bsbm/v01/instances/dataFrom/Product52;http://www4.wiwiss.fu-berlin.de/bizer/bsbm/v01/vocabulary/productFeature;http://www4.wiwiss.fu-berlin.de/bizer/bsbm/v01/instances/ProductFeature451
http://www4.wiwiss.fu-berlin.de/bizer/bsbm/v01/instances/dataFrom/Product52;http://www4.wiwiss.fu-berlin.de/bizer/bsbm/v01/vocabulary/productFeature;http://www4.wiwiss.fu-berlin.de/bizer/bsbm/v01/instances/ProductFeature451
http://www4.wiwiss.fu-berlin.de/bizer/bsbm/v01/instances/dataFrom/Product52;http://www4.wiwiss.fu-berlin.de/bizer/bsbm/v01/vocabulary/productFeature;http://www4.wiwiss.fu-berlin.de/bizer/bsbm/v01/instances/ProductFeature451
http://www4.wiwiss.fu-berlin.de/bizer/bsbm/v01/instances/dataFrom/Product52;http://www4.wiwiss.fu-berlin.de/bizer/bsbm/v01/vocabulary/productFeature;http://www4.wiwiss.fu-berlin.de/bizer/bsbm/v01/instances/ProductFeature451
http://www4.wiwiss.fu-berlin.de/bizer/bsbm/v01/instances/dataFrom/Product23;http://www4.wiwiss.fu-berlin.de/bizer/bsbm/v01/vocabulary/productFeature;http://www4.wiwiss.fu-berlin.de/bizer/bsbm/v01/instances/ProductFeature416
http://www4.wiwiss.fu-berlin.de/bizer/bsbm/v01/instances/dataFrom/Product23;http://www4.wiwiss.fu-berlin.de/bizer/bsbm/v01/vocabulary/productFeature;http://www4.wiwiss.fu-berlin.de/bizer/bsbm/v01/instances/ProductFeature416
http://www4.wiwiss.fu-berlin.de/bizer/bsbm/v01/instances/dataFrom/Product23;http://www4.wiwiss.fu-berlin.de/bizer/bsbm/v01/vocabulary/productFeature;http://www4.wiwiss.fu-berlin.de/bizer/bsbm/v01/instances/ProductFeature418
http://www4.wiwiss.fu-berlin.de/bizer/bsbm/v01/instances/dataFrom/Product23;http://www4.wiwiss.fu-berlin.de/bizer/bsbm/v01/vocabulary/productFeature;http://www4.wiwiss.fu-berlin.de/bizer/bsbm/v01/instances/ProductFeature418
http://www4.wiwiss.fu-berlin.de/bizer/bsbm/v01/instances/dataFrom/Product23;http://www4.wiwiss.fu-berlin.de/bizer/bsbm/v01/vocabulary/productFeature;http://www4.wiwiss.fu-berlin.de/bizer/bsbm/v01/instances/ProductFeature418
http://www4.wiwiss.fu-berlin.de/bizer/bsbm/v01/instances/dataFrom/Product23;http://www4.wiwiss.fu-berlin.de/bizer/bsbm/v01/vocabulary/productFeature;http://www4.wiwiss.fu-berlin.de/bizer/bsbm/v01/instances/ProductFeature428
http://www4.wiwiss.fu-berlin.de/bizer/bsbm/v01/instances/dataFrom/Product23;http://www4.wiwiss.fu-berlin.de/bizer/bsbm/v01/vocabulary/productFeature;http://www4.wiwiss.fu-berlin.de/bizer/bsbm/v01/instances/ProductFeature428
http://www4.wiwiss.fu-berlin.de/bizer/bsbm/v01/instances/dataFrom/Product23;http://www4.wiwiss.fu-berlin.de/bizer/bsbm/v01/vocabulary/productFeature;http://www4.wiwiss.fu-berlin.de/bizer/bsbm/v01/instances/ProductFeature430
http://www4.wiwiss.fu-berlin.de/bizer/bsbm/v01/instances/dataFrom/Product23;http://www4.wiwiss.fu-berlin.de/bizer/bsbm/v01/vocabulary/productFeature;http://www4.wiwiss.fu-berlin.de/bizer/bsbm/v01/instances/ProductFeature430
http://www4.wiwiss.fu-berlin.de/bizer/bsbm/v01/instances/dataFrom/Product23;http://www4.wiwiss.fu-berlin.de/bizer/bsbm/v01/vocabulary/productFeature;http://www4.wiwiss.fu-berlin.de/bizer/bsbm/v01/instances/ProductFeature430
http://www4.wiwiss.fu-berlin.de/bizer/bsbm/v01/instances/dataFrom/Product23;http://www4.wiwiss.fu-berlin.de/bizer/bsbm/v01/vocabulary/productFeature;http://www4.wiwiss.fu-berlin.de/bizer/bsbm/v01/instances/ProductFeature432
http://www4.wiwiss.fu-berlin.de/bizer/bsbm/v01/instances/dataFrom/Product23;http://www4.wiwiss.fu-berlin.de/bizer/bsbm/v01/vocabulary/productFeature;http://www4.wiwiss.fu-berlin.de/bizer/bsbm/v01/instances/ProductFeature432
http://www4.wiwiss.fu-berlin.de/bizer/bsbm/v01/instances/dataFrom/Product23;http://www4.wiwiss.fu-berlin.de/bizer/bsbm/v01/vocabulary/productFeature;http://www4.wiwiss.fu-berlin.de/bizer/bsbm/v01/instances/ProductFeature432
http://www4.wiwiss.fu-berlin.de/bizer/bsbm/v01/instances/dataFrom/Product23;http://www4.wiwiss.fu-berlin.de/bizer/bsbm/v01/vocabulary/productFeature;http://www4.wiwiss.fu-berlin.de/bizer/bsbm/v01/instances/ProductFeature433
http://www4.wiwiss.fu-berlin.de/bizer/bsbm/v01/instances/dataFrom/Product23;http://www4.wiwiss.fu-berlin.de/bizer/bsbm/v01/vocabulary/productFeature;http://www4.wiwiss.fu-berlin.de/bizer/bsbm/v01/instances/ProductFeature433
http://www4.wiwiss.fu-berlin.de/bizer/bsbm/v01/instances/dataFrom/Product23;http://www4.wiwiss.fu-berlin.de/bizer/bsbm/v01/vocabulary/productFeature;http://www4.wiwiss.fu-berlin.de/bizer/bsbm/v01/instances/ProductFeature445
http://www4.wiwiss.fu-berlin.de/bizer/bsbm/v01/instances/dataFrom/Product23;http://www4.wiwiss.fu-berlin.de/bizer/bsbm/v01/vocabulary/productFeature;http://www4.wiwiss.fu-berlin.de/bizer/bsbm/v01/instances/ProductFeature445
http://www4.wiwiss.fu-berlin.de/bizer/bsbm/v01/instances/dataFrom/Product23;http://www4.wiwiss.fu-berlin.de/bizer/bsbm/v01/vocabulary/productFeature;http://www4.wiwiss.fu-berlin.de/bizer/bsbm/v01/instances/ProductFeature445
http://www4.wiwiss.fu-berlin.de/bizer/bsbm/v01/instances/dataFrom/Product23;http://www4.wiwiss.fu-berlin.de/bizer/bsbm/v01/vocabulary/productFeature;http://www4.wiwiss.fu-berlin.de/bizer/bsbm/v01/instances/ProductFeature449
http://www4.wiwiss.fu-berlin.de/bizer/bsbm/v01/instances/dataFrom/Product23;http://www4.wiwiss.fu-berlin.de/bizer/bsbm/v01/vocabulary/productFeature;http://www4.wiwiss.fu-berlin.de/bizer/bsbm/v01/instances/ProductFeature449
http://www4.wiwiss.fu-berlin.de/bizer/bsbm/v01/instances/dataFrom/Product23;http://www4.wiwiss.fu-berlin.de/bizer/bsbm/v01/vocabulary/productFeature;http://www4.wiwiss.fu-berlin.de/bizer/bsbm/v01/instances/ProductFeature449
http://www4.wiwiss.fu-berlin.de/bizer/bsbm/v01/instances/dataFrom/Product23;http://www4.wiwiss.fu-berlin.de/bizer/bsbm/v01/vocabulary/productFeature;http://www4.wiwiss.fu-berlin.de/bizer/bsbm/v01/instances/ProductFeature451
http://www4.wiwiss.fu-berlin.de/bizer/bsbm/v01/instances/dataFrom/Product23;http://www4.wiwiss.fu-berlin.de/bizer/bsbm/v01/vocabulary/productFeature;http://www4.wiwiss.fu-berlin.de/bizer/bsbm/v01/instances/ProductFeature451
http://www4.wiwiss.fu-berlin.de/bizer/bsbm/v01/instances/dataFrom/Product23;http://www4.wiwiss.fu-berlin.de/bizer/bsbm/v01/vocabulary/productFeature;http://www4.wiwiss.fu-berlin.de/bizer/bsbm/v01/instances/ProductFeature451
http://www4.wiwiss.fu-berlin.de/bizer/bsbm/v01/instances/dataFrom/Product23;http://www4.wiwiss.fu-berlin.de/bizer/bsbm/v01/vocabulary/productFeature;http://www4.wiwiss.fu-berlin.de/bizer/bsbm/v01/instances/ProductFeature451
http://www4.wiwiss.fu-berlin.de/bizer/bsbm/v01/instances/dataFrom/Product65;http://www4.wiwiss.fu-berlin.de/bizer/bsbm/v01/vocabulary/productFeature;http://www4.wiwiss.fu-berlin.de/bizer/bsbm/v01/instances/ProductFeature416
http://www4.wiwiss.fu-berlin.de/bizer/bsbm/v01/instances/dataFrom/Product65;http://www4.wiwiss.fu-berlin.de/bizer/bsbm/v01/vocabulary/productFeature;http://www4.wiwiss.fu-berlin.de/bizer/bsbm/v01/instances/ProductFeature416
http://www4.wiwiss.fu-berlin.de/bizer/bsbm/v01/instances/dataFrom/Product65;http://www4.wiwiss.fu-berlin.de/bizer/bsbm/v01/vocabulary/productFeature;http://www4.wiwiss.fu-berlin.de/bizer/bsbm/v01/instances/ProductFeature418
http://www4.wiwiss.fu-berlin.de/bizer/bsbm/v01/instances/dataFrom/Product65;http://www4.wiwiss.fu-berlin.de/bizer/bsbm/v01/vocabulary/productFeature;http://www4.wiwiss.fu-berlin.de/bizer/bsbm/v01/instances/ProductFeature418
http://www4.wiwiss.fu-berlin.de/bizer/bsbm/v01/instances/dataFrom/Product65;http://www4.wiwiss.fu-berlin.de/bizer/bsbm/v01/vocabulary/productFeature;http://www4.wiwiss.fu-berlin.de/bizer/bsbm/v01/instances/ProductFeature418
http://www4.wiwiss.fu-berlin.de/bizer/bsbm/v01/instances/dataFrom/Product65;http://www4.wiwiss.fu-berlin.de/bizer/bsbm/v01/vocabulary/productFeature;http://www4.wiwiss.fu-berlin.de/bizer/bsbm/v01/instances/ProductFeature428
http://www4.wiwiss.fu-berlin.de/bizer/bsbm/v01/instances/dataFrom/Product65;http://www4.wiwiss.fu-berlin.de/bizer/bsbm/v01/vocabulary/productFeature;http://www4.wiwiss.fu-berlin.de/bizer/bsbm/v01/instances/ProductFeature428
http://www4.wiwiss.fu-berlin.de/bizer/bsbm/v01/instances/dataFrom/Product65;http://www4.wiwiss.fu-berlin.de/bizer/bsbm/v01/vocabulary/productFeature;http://www4.wiwiss.fu-berlin.de/bizer/bsbm/v01/instances/ProductFeature430
http://www4.wiwiss.fu-berlin.de/bizer/bsbm/v01/instances/dataFrom/Product65;http://www4.wiwiss.fu-berlin.de/bizer/bsbm/v01/vocabulary/productFeature;http://www4.wiwiss.fu-berlin.de/bizer/bsbm/v01/instances/ProductFeature430
http://www4.wiwiss.fu-berlin.de/bizer/bsbm/v01/instances/dataFrom/Product65;http://www4.wiwiss.fu-berlin.de/bizer/bsbm/v01/vocabulary/productFeature;http://www4.wiwiss.fu-berlin.de/bizer/bsbm/v01/instances/ProductFeature430
http://www4.wiwiss.fu-berlin.de/bizer/bsbm/v01/instances/dataFrom/Product65;http://www4.wiwiss.fu-berlin.de/bizer/bsbm/v01/vocabulary/productFeature;http://www4.wiwiss.fu-berlin.de/bizer/bsbm/v01/instances/ProductFeature432
http://www4.wiwiss.fu-berlin.de/bizer/bsbm/v01/instances/dataFrom/Product65;http://www4.wiwiss.fu-berlin.de/bizer/bsbm/v01/vocabulary/productFeature;http://www4.wiwiss.fu-berlin.de/bizer/bsbm/v01/instances/ProductFeature432
http://www4.wiwiss.fu-berlin.de/bizer/bsbm/v01/instances/dataFrom/Product65;http://www4.wiwiss.fu-berlin.de/bizer/bsbm/v01/vocabulary/productFeature;http://www4.wiwiss.fu-berlin.de/bizer/bsbm/v01/instances/ProductFeature432
http://www4.wiwiss.fu-berlin.de/bizer/bsbm/v01/instances/dataFrom/Product65;http://www4.wiwiss.fu-berlin.de/bizer/bsbm/v01/vocabulary/productFeature;http://www4.wiwiss.fu-berlin.de/bizer/bsbm/v01/instances/ProductFeature433
http://www4.wiwiss.fu-berlin.de/bizer/bsbm/v01/instances/dataFrom/Product65;http://www4.wiwiss.fu-berlin.de/bizer/bsbm/v01/vocabulary/productFeature;http://www4.wiwiss.fu-berlin.de/bizer/bsbm/v01/instances/ProductFeature433
http://www4.wiwiss.fu-berlin.de/bizer/bsbm/v01/instances/dataFrom/Product65;http://www4.wiwiss.fu-berlin.de/bizer/bsbm/v01/vocabulary/productFeature;http://www4.wiwiss.fu-berlin.de/bizer/bsbm/v01/instances/ProductFeature445
http://www4.wiwiss.fu-berlin.de/bizer/bsbm/v01/instances/dataFrom/Product65;http://www4.wiwiss.fu-berlin.de/bizer/bsbm/v01/vocabulary/productFeature;http://www4.wiwiss.fu-berlin.de/bizer/bsbm/v01/instances/ProductFeature445
http://www4.wiwiss.fu-berlin.de/bizer/bsbm/v01/instances/dataFrom/Product65;http://www4.wiwiss.fu-berlin.de/bizer/bsbm/v01/vocabulary/productFeature;http://www4.wiwiss.fu-berlin.de/bizer/bsbm/v01/instances/ProductFeature445
http://www4.wiwiss.fu-berlin.de/bizer/bsbm/v01/instances/dataFrom/Product65;http://www4.wiwiss.fu-berlin.de/bizer/bsbm/v01/vocabulary/productFeature;http://www4.wiwiss.fu-berlin.de/bizer/bsbm/v01/instances/ProductFeature449
http://www4.wiwiss.fu-berlin.de/bizer/bsbm/v01/instances/dataFrom/Product65;http://www4.wiwiss.fu-berlin.de/bizer/bsbm/v01/vocabulary/productFeature;http://www4.wiwiss.fu-berlin.de/bizer/bsbm/v01/instances/ProductFeature449
http://www4.wiwiss.fu-berlin.de/bizer/bsbm/v01/instances/dataFrom/Product65;http://www4.wiwiss.fu-berlin.de/bizer/bsbm/v01/vocabulary/productFeature;http://www4.wiwiss.fu-berlin.de/bizer/bsbm/v01/instances/ProductFeature449
http://www4.wiwiss.fu-berlin.de/bizer/bsbm/v01/instances/dataFrom/Product65;http://www4.wiwiss.fu-berlin.de/bizer/bsbm/v01/vocabulary/productFeature;http://www4.wiwiss.fu-berlin.de/bizer/bsbm/v01/instances/ProductFeature451
http://www4.wiwiss.fu-berlin.de/bizer/bsbm/v01/instances/dataFrom/Product65;http://www4.wiwiss.fu-berlin.de/bizer/bsbm/v01/vocabulary/productFeature;http://www4.wiwiss.fu-berlin.de/bizer/bsbm/v01/instances/ProductFeature451
http://www4.wiwiss.fu-berlin.de/bizer/bsbm/v01/instances/dataFrom/Product65;http://www4.wiwiss.fu-berlin.de/bizer/bsbm/v01/vocabulary/productFeature;http://www4.wiwiss.fu-berlin.de/bizer/bsbm/v01/instances/ProductFeature451
http://www4.wiwiss.fu-berlin.de/bizer/bsbm/v01/instances/dataFrom/Product65;http://www4.wiwiss.fu-berlin.de/bizer/bsbm/v01/vocabulary/productFeature;http://www4.wiwiss.fu-berlin.de/bizer/bsbm/v01/instances/ProductFeature451
http://www4.wiwiss.fu-berlin.de/bizer/bsbm/v01/instances/dataFrom/Product2;http://www4.wiwiss.fu-berlin.de/bizer/bsbm/v01/vocabulary/productFeature;http://www4.wiwiss.fu-berlin.de/bizer/bsbm/v01/instances/ProductFeature416
http://www4.wiwiss.fu-berlin.de/bizer/bsbm/v01/instances/dataFrom/Product2;http://www4.wiwiss.fu-berlin.de/bizer/bsbm/v01/vocabulary/productFeature;http://www4.wiwiss.fu-berlin.de/bizer/bsbm/v01/instances/ProductFeature416
http://www4.wiwiss.fu-berlin.de/bizer/bsbm/v01/instances/dataFrom/Product2;http://www4.wiwiss.fu-berlin.de/bizer/bsbm/v01/vocabulary/productFeature;http://www4.wiwiss.fu-berlin.de/bizer/bsbm/v01/instances/ProductFeature418
http://www4.wiwiss.fu-berlin.de/bizer/bsbm/v01/instances/dataFrom/Product2;http://www4.wiwiss.fu-berlin.de/bizer/bsbm/v01/vocabulary/productFeature;http://www4.wiwiss.fu-berlin.de/bizer/bsbm/v01/instances/ProductFeature418
http://www4.wiwiss.fu-berlin.de/bizer/bsbm/v01/instances/dataFrom/Product2;http://www4.wiwiss.fu-berlin.de/bizer/bsbm/v01/vocabulary/productFeature;http://www4.wiwiss.fu-berlin.de/bizer/bsbm/v01/instances/ProductFeature418
http://www4.wiwiss.fu-berlin.de/bizer/bsbm/v01/instances/dataFrom/Product2;http://www4.wiwiss.fu-berlin.de/bizer/bsbm/v01/vocabulary/productFeature;http://www4.wiwiss.fu-berlin.de/bizer/bsbm/v01/instances/ProductFeature428
http://www4.wiwiss.fu-berlin.de/bizer/bsbm/v01/instances/dataFrom/Product2;http://www4.wiwiss.fu-berlin.de/bizer/bsbm/v01/vocabulary/productFeature;http://www4.wiwiss.fu-berlin.de/bizer/bsbm/v01/instances/ProductFeature428
http://www4.wiwiss.fu-berlin.de/bizer/bsbm/v01/instances/dataFrom/Product2;http://www4.wiwiss.fu-berlin.de/bizer/bsbm/v01/vocabulary/productFeature;http://www4.wiwiss.fu-berlin.de/bizer/bsbm/v01/instances/ProductFeature430
http://www4.wiwiss.fu-berlin.de/bizer/bsbm/v01/instances/dataFrom/Product2;http://www4.wiwiss.fu-berlin.de/bizer/bsbm/v01/vocabulary/productFeature;http://www4.wiwiss.fu-berlin.de/bizer/bsbm/v01/instances/ProductFeature430
http://www4.wiwiss.fu-berlin.de/bizer/bsbm/v01/instances/dataFrom/Product2;http://www4.wiwiss.fu-berlin.de/bizer/bsbm/v01/vocabulary/productFeature;http://www4.wiwiss.fu-berlin.de/bizer/bsbm/v01/instances/ProductFeature430
http://www4.wiwiss.fu-berlin.de/bizer/bsbm/v01/instances/dataFrom/Product2;http://www4.wiwiss.fu-berlin.de/bizer/bsbm/v01/vocabulary/productFeature;http://www4.wiwiss.fu-berlin.de/bizer/bsbm/v01/instances/ProductFeature432
http://www4.wiwiss.fu-berlin.de/bizer/bsbm/v01/instances/dataFrom/Product2;http://www4.wiwiss.fu-berlin.de/bizer/bsbm/v01/vocabulary/productFeature;http://www4.wiwiss.fu-berlin.de/bizer/bsbm/v01/instances/ProductFeature432
http://www4.wiwiss.fu-berlin.de/bizer/bsbm/v01/instances/dataFrom/Product2;http://www4.wiwiss.fu-berlin.de/bizer/bsbm/v01/vocabulary/productFeature;http://www4.wiwiss.fu-berlin.de/bizer/bsbm/v01/instances/ProductFeature432
http://www4.wiwiss.fu-berlin.de/bizer/bsbm/v01/instances/dataFrom/Product2;http://www4.wiwiss.fu-berlin.de/bizer/bsbm/v01/vocabulary/productFeature;http://www4.wiwiss.fu-berlin.de/bizer/bsbm/v01/instances/ProductFeature433
http://www4.wiwiss.fu-berlin.de/bizer/bsbm/v01/instances/dataFrom/Product2;http://www4.wiwiss.fu-berlin.de/bizer/bsbm/v01/vocabulary/productFeature;http://www4.wiwiss.fu-berlin.de/bizer/bsbm/v01/instances/ProductFeature433
http://www4.wiwiss.fu-berlin.de/bizer/bsbm/v01/instances/dataFrom/Product2;http://www4.wiwiss.fu-berlin.de/bizer/bsbm/v01/vocabulary/productFeature;http://www4.wiwiss.fu-berlin.de/bizer/bsbm/v01/instances/ProductFeature445
http://www4.wiwiss.fu-berlin.de/bizer/bsbm/v01/instances/dataFrom/Product2;http://www4.wiwiss.fu-berlin.de/bizer/bsbm/v01/vocabulary/productFeature;http://www4.wiwiss.fu-berlin.de/bizer/bsbm/v01/instances/ProductFeature445
http://www4.wiwiss.fu-berlin.de/bizer/bsbm/v01/instances/dataFrom/Product2;http://www4.wiwiss.fu-berlin.de/bizer/bsbm/v01/vocabulary/productFeature;http://www4.wiwiss.fu-berlin.de/bizer/bsbm/v01/instances/ProductFeature445
http://www4.wiwiss.fu-berlin.de/bizer/bsbm/v01/instances/dataFrom/Product2;http://www4.wiwiss.fu-berlin.de/bizer/bsbm/v01/vocabulary/productFeature;http://www4.wiwiss.fu-berlin.de/bizer/bsbm/v01/instances/ProductFeature449
http://www4.wiwiss.fu-berlin.de/bizer/bsbm/v01/instances/dataFrom/Product2;http://www4.wiwiss.fu-berlin.de/bizer/bsbm/v01/vocabulary/productFeature;http://www4.wiwiss.fu-berlin.de/bizer/bsbm/v01/instances/ProductFeature449
http://www4.wiwiss.fu-berlin.de/bizer/bsbm/v01/instances/dataFrom/Product2;http://www4.wiwiss.fu-berlin.de/bizer/bsbm/v01/vocabulary/productFeature;http://www4.wiwiss.fu-berlin.de/bizer/bsbm/v01/instances/ProductFeature449
http://www4.wiwiss.fu-berlin.de/bizer/bsbm/v01/instances/dataFrom/Product2;http://www4.wiwiss.fu-berlin.de/bizer/bsbm/v01/vocabulary/productFeature;http://www4.wiwiss.fu-berlin.de/bizer/bsbm/v01/instances/ProductFeature451
http://www4.wiwiss.fu-berlin.de/bizer/bsbm/v01/instances/dataFrom/Product2;http://www4.wiwiss.fu-berlin.de/bizer/bsbm/v01/vocabulary/productFeature;http://www4.wiwiss.fu-berlin.de/bizer/bsbm/v01/instances/ProductFeature451
http://www4.wiwiss.fu-berlin.de/bizer/bsbm/v01/instances/dataFrom/Product2;http://www4.wiwiss.fu-berlin.de/bizer/bsbm/v01/vocabulary/productFeature;http://www4.wiwiss.fu-berlin.de/bizer/bsbm/v01/instances/ProductFeature451
http://www4.wiwiss.fu-berlin.de/bizer/bsbm/v01/instances/dataFrom/Product2;http://www4.wiwiss.fu-berlin.de/bizer/bsbm/v01/vocabulary/productFeature;http://www4.wiwiss.fu-berlin.de/bizer/bsbm/v01/instances/ProductFeature451
http://www4.wiwiss.fu-berlin.de/bizer/bsbm/v01/instances/dataFrom/Product75;http://www4.wiwiss.fu-berlin.de/bizer/bsbm/v01/vocabulary/productFeature;http://www4.wiwiss.fu-berlin.de/bizer/bsbm/v01/instances/ProductFeature416
http://www4.wiwiss.fu-berlin.de/bizer/bsbm/v01/instances/dataFrom/Product75;http://www4.wiwiss.fu-berlin.de/bizer/bsbm/v01/vocabulary/productFeature;http://www4.wiwiss.fu-berlin.de/bizer/bsbm/v01/instances/ProductFeature416
http://www4.wiwiss.fu-berlin.de/bizer/bsbm/v01/instances/dataFrom/Product75;http://www4.wiwiss.fu-berlin.de/bizer/bsbm/v01/vocabulary/productFeature;http://www4.wiwiss.fu-berlin.de/bizer/bsbm/v01/instances/ProductFeature418
http://www4.wiwiss.fu-berlin.de/bizer/bsbm/v01/instances/dataFrom/Product75;http://www4.wiwiss.fu-berlin.de/bizer/bsbm/v01/vocabulary/productFeature;http://www4.wiwiss.fu-berlin.de/bizer/bsbm/v01/instances/ProductFeature418
http://www4.wiwiss.fu-berlin.de/bizer/bsbm/v01/instances/dataFrom/Product75;http://www4.wiwiss.fu-berlin.de/bizer/bsbm/v01/vocabulary/productFeature;http://www4.wiwiss.fu-berlin.de/bizer/bsbm/v01/instances/ProductFeature418
http://www4.wiwiss.fu-berlin.de/bizer/bsbm/v01/instances/dataFrom/Product75;http://www4.wiwiss.fu-berlin.de/bizer/bsbm/v01/vocabulary/productFeature;http://www4.wiwiss.fu-berlin.de/bizer/bsbm/v01/instances/ProductFeature428
http://www4.wiwiss.fu-berlin.de/bizer/bsbm/v01/instances/dataFrom/Product75;http://www4.wiwiss.fu-berlin.de/bizer/bsbm/v01/vocabulary/productFeature;http://www4.wiwiss.fu-berlin.de/bizer/bsbm/v01/instances/ProductFeature428
http://www4.wiwiss.fu-berlin.de/bizer/bsbm/v01/instances/dataFrom/Product75;http://www4.wiwiss.fu-berlin.de/bizer/bsbm/v01/vocabulary/productFeature;http://www4.wiwiss.fu-berlin.de/bizer/bsbm/v01/instances/ProductFeature430
http://www4.wiwiss.fu-berlin.de/bizer/bsbm/v01/instances/dataFrom/Product75;http://www4.wiwiss.fu-berlin.de/bizer/bsbm/v01/vocabulary/productFeature;http://www4.wiwiss.fu-berlin.de/bizer/bsbm/v01/instances/ProductFeature430
http://www4.wiwiss.fu-berlin.de/bizer/bsbm/v01/instances/dataFrom/Product75;http://www4.wiwiss.fu-berlin.de/bizer/bsbm/v01/vocabulary/productFeature;http://www4.wiwiss.fu-berlin.de/bizer/bsbm/v01/instances/ProductFeature430
http://www4.wiwiss.fu-berlin.de/bizer/bsbm/v01/instances/dataFrom/Product75;http://www4.wiwiss.fu-berlin.de/bizer/bsbm/v01/vocabulary/productFeature;http://www4.wiwiss.fu-berlin.de/bizer/bsbm/v01/instances/ProductFeature432
http://www4.wiwiss.fu-berlin.de/bizer/bsbm/v01/instances/dataFrom/Product75;http://www4.wiwiss.fu-berlin.de/bizer/bsbm/v01/vocabulary/productFeature;http://www4.wiwiss.fu-berlin.de/bizer/bsbm/v01/instances/ProductFeature432
http://www4.wiwiss.fu-berlin.de/bizer/bsbm/v01/instances/dataFrom/Product75;http://www4.wiwiss.fu-berlin.de/bizer/bsbm/v01/vocabulary/productFeature;http://www4.wiwiss.fu-berlin.de/bizer/bsbm/v01/instances/ProductFeature432
http://www4.wiwiss.fu-berlin.de/bizer/bsbm/v01/instances/dataFrom/Product75;http://www4.wiwiss.fu-berlin.de/bizer/bsbm/v01/vocabulary/productFeature;http://www4.wiwiss.fu-berlin.de/bizer/bsbm/v01/instances/ProductFeature433
http://www4.wiwiss.fu-berlin.de/bizer/bsbm/v01/instances/dataFrom/Product75;http://www4.wiwiss.fu-berlin.de/bizer/bsbm/v01/vocabulary/productFeature;http://www4.wiwiss.fu-berlin.de/bizer/bsbm/v01/instances/ProductFeature433
http://www4.wiwiss.fu-berlin.de/bizer/bsbm/v01/instances/dataFrom/Product75;http://www4.wiwiss.fu-berlin.de/bizer/bsbm/v01/vocabulary/productFeature;http://www4.wiwiss.fu-berlin.de/bizer/bsbm/v01/instances/ProductFeature445
http://www4.wiwiss.fu-berlin.de/bizer/bsbm/v01/instances/dataFrom/Product75;http://www4.wiwiss.fu-berlin.de/bizer/bsbm/v01/vocabulary/productFeature;http://www4.wiwiss.fu-berlin.de/bizer/bsbm/v01/instances/ProductFeature445
http://www4.wiwiss.fu-berlin.de/bizer/bsbm/v01/instances/dataFrom/Product75;http://www4.wiwiss.fu-berlin.de/bizer/bsbm/v01/vocabulary/productFeature;http://www4.wiwiss.fu-berlin.de/bizer/bsbm/v01/instances/ProductFeature445
http://www4.wiwiss.fu-berlin.de/bizer/bsbm/v01/instances/dataFrom/Product75;http://www4.wiwiss.fu-berlin.de/bizer/bsbm/v01/vocabulary/productFeature;http://www4.wiwiss.fu-berlin.de/bizer/bsbm/v01/instances/ProductFeature449
http://www4.wiwiss.fu-berlin.de/bizer/bsbm/v01/instances/dataFrom/Product75;http://www4.wiwiss.fu-berlin.de/bizer/bsbm/v01/vocabulary/productFeature;http://www4.wiwiss.fu-berlin.de/bizer/bsbm/v01/instances/ProductFeature449
http://www4.wiwiss.fu-berlin.de/bizer/bsbm/v01/instances/dataFrom/Product75;http://www4.wiwiss.fu-berlin.de/bizer/bsbm/v01/vocabulary/productFeature;http://www4.wiwiss.fu-berlin.de/bizer/bsbm/v01/instances/ProductFeature449
http://www4.wiwiss.fu-berlin.de/bizer/bsbm/v01/instances/dataFrom/Product75;http://www4.wiwiss.fu-berlin.de/bizer/bsbm/v01/vocabulary/productFeature;http://www4.wiwiss.fu-berlin.de/bizer/bsbm/v01/instances/ProductFeature451
http://www4.wiwiss.fu-berlin.de/bizer/bsbm/v01/instances/dataFrom/Product75;http://www4.wiwiss.fu-berlin.de/bizer/bsbm/v01/vocabulary/productFeature;http://www4.wiwiss.fu-berlin.de/bizer/bsbm/v01/instances/ProductFeature451
http://www4.wiwiss.fu-berlin.de/bizer/bsbm/v01/instances/dataFrom/Product75;http://www4.wiwiss.fu-berlin.de/bizer/bsbm/v01/vocabulary/productFeature;http://www4.wiwiss.fu-berlin.de/bizer/bsbm/v01/instances/ProductFeature451
http://www4.wiwiss.fu-berlin.de/bizer/bsbm/v01/instances/dataFrom/Product75;http://www4.wiwiss.fu-berlin.de/bizer/bsbm/v01/vocabulary/productFeature;http://www4.wiwiss.fu-berlin.de/bizer/bsbm/v01/instances/ProductFeature451
http://www4.wiwiss.fu-berlin.de/bizer/bsbm/v01/instances/dataFrom/Product100;http://www4.wiwiss.fu-berlin.de/bizer/bsbm/v01/vocabulary/productFeature;http://www4.wiwiss.fu-berlin.de/bizer/bsbm/v01/instances/ProductFeature416
http://www4.wiwiss.fu-berlin.de/bizer/bsbm/v01/instances/dataFrom/Product100;http://www4.wiwiss.fu-berlin.de/bizer/bsbm/v01/vocabulary/productFeature;http://www4.wiwiss.fu-berlin.de/bizer/bsbm/v01/instances/ProductFeature416
http://www4.wiwiss.fu-berlin.de/bizer/bsbm/v01/instances/dataFrom/Product100;http://www4.wiwiss.fu-berlin.de/bizer/bsbm/v01/vocabulary/productFeature;http://www4.wiwiss.fu-berlin.de/bizer/bsbm/v01/instances/ProductFeature418
http://www4.wiwiss.fu-berlin.de/bizer/bsbm/v01/instances/dataFrom/Product100;http://www4.wiwiss.fu-berlin.de/bizer/bsbm/v01/vocabulary/productFeature;http://www4.wiwiss.fu-berlin.de/bizer/bsbm/v01/instances/ProductFeature418
http://www4.wiwiss.fu-berlin.de/bizer/bsbm/v01/instances/dataFrom/Product100;http://www4.wiwiss.fu-berlin.de/bizer/bsbm/v01/vocabulary/productFeature;http://www4.wiwiss.fu-berlin.de/bizer/bsbm/v01/instances/ProductFeature418
http://www4.wiwiss.fu-berlin.de/bizer/bsbm/v01/instances/dataFrom/Product100;http://www4.wiwiss.fu-berlin.de/bizer/bsbm/v01/vocabulary/productFeature;http://www4.wiwiss.fu-berlin.de/bizer/bsbm/v01/instances/ProductFeature428
http://www4.wiwiss.fu-berlin.de/bizer/bsbm/v01/instances/dataFrom/Product100;http://www4.wiwiss.fu-berlin.de/bizer/bsbm/v01/vocabulary/productFeature;http://www4.wiwiss.fu-berlin.de/bizer/bsbm/v01/instances/ProductFeature428
http://www4.wiwiss.fu-berlin.de/bizer/bsbm/v01/instances/dataFrom/Product100;http://www4.wiwiss.fu-berlin.de/bizer/bsbm/v01/vocabulary/productFeature;http://www4.wiwiss.fu-berlin.de/bizer/bsbm/v01/instances/ProductFeature430
http://www4.wiwiss.fu-berlin.de/bizer/bsbm/v01/instances/dataFrom/Product100;http://www4.wiwiss.fu-berlin.de/bizer/bsbm/v01/vocabulary/productFeature;http://www4.wiwiss.fu-berlin.de/bizer/bsbm/v01/instances/ProductFeature430
http://www4.wiwiss.fu-berlin.de/bizer/bsbm/v01/instances/dataFrom/Product100;http://www4.wiwiss.fu-berlin.de/bizer/bsbm/v01/vocabulary/productFeature;http://www4.wiwiss.fu-berlin.de/bizer/bsbm/v01/instances/ProductFeature430
http://www4.wiwiss.fu-berlin.de/bizer/bsbm/v01/instances/dataFrom/Product100;http://www4.wiwiss.fu-berlin.de/bizer/bsbm/v01/vocabulary/productFeature;http://www4.wiwiss.fu-berlin.de/bizer/bsbm/v01/instances/ProductFeature432
http://www4.wiwiss.fu-berlin.de/bizer/bsbm/v01/instances/dataFrom/Product100;http://www4.wiwiss.fu-berlin.de/bizer/bsbm/v01/vocabulary/productFeature;http://www4.wiwiss.fu-berlin.de/bizer/bsbm/v01/instances/ProductFeature432
http://www4.wiwiss.fu-berlin.de/bizer/bsbm/v01/instances/dataFrom/Product100;http://www4.wiwiss.fu-berlin.de/bizer/bsbm/v01/vocabulary/productFeature;http://www4.wiwiss.fu-berlin.de/bizer/bsbm/v01/instances/ProductFeature432
http://www4.wiwiss.fu-berlin.de/bizer/bsbm/v01/instances/dataFrom/Product100;http://www4.wiwiss.fu-berlin.de/bizer/bsbm/v01/vocabulary/productFeature;http://www4.wiwiss.fu-berlin.de/bizer/bsbm/v01/instances/ProductFeature433
http://www4.wiwiss.fu-berlin.de/bizer/bsbm/v01/instances/dataFrom/Product100;http://www4.wiwiss.fu-berlin.de/bizer/bsbm/v01/vocabulary/productFeature;http://www4.wiwiss.fu-berlin.de/bizer/bsbm/v01/instances/ProductFeature433
http://www4.wiwiss.fu-berlin.de/bizer/bsbm/v01/instances/dataFrom/Product100;http://www4.wiwiss.fu-berlin.de/bizer/bsbm/v01/vocabulary/productFeature;http://www4.wiwiss.fu-berlin.de/bizer/bsbm/v01/instances/ProductFeature445
http://www4.wiwiss.fu-berlin.de/bizer/bsbm/v01/instances/dataFrom/Product100;http://www4.wiwiss.fu-berlin.de/bizer/bsbm/v01/vocabulary/productFeature;http://www4.wiwiss.fu-berlin.de/bizer/bsbm/v01/instances/ProductFeature445
http://www4.wiwiss.fu-berlin.de/bizer/bsbm/v01/instances/dataFrom/Product100;http://www4.wiwiss.fu-berlin.de/bizer/bsbm/v01/vocabulary/productFeature;http://www4.wiwiss.fu-berlin.de/bizer/bsbm/v01/instances/ProductFeature445
http://www4.wiwiss.fu-berlin.de/bizer/bsbm/v01/instances/dataFrom/Product100;http://www4.wiwiss.fu-berlin.de/bizer/bsbm/v01/vocabulary/productFeature;http://www4.wiwiss.fu-berlin.de/bizer/bsbm/v01/instances/ProductFeature449
http://www4.wiwiss.fu-berlin.de/bizer/bsbm/v01/instances/dataFrom/Product100;http://www4.wiwiss.fu-berlin.de/bizer/bsbm/v01/vocabulary/productFeature;http://www4.wiwiss.fu-berlin.de/bizer/bsbm/v01/instances/ProductFeature449
http://www4.wiwiss.fu-berlin.de/bizer/bsbm/v01/instances/dataFrom/Product100;http://www4.wiwiss.fu-berlin.de/bizer/bsbm/v01/vocabulary/productFeature;http://www4.wiwiss.fu-berlin.de/bizer/bsbm/v01/instances/ProductFeature449
http://www4.wiwiss.fu-berlin.de/bizer/bsbm/v01/instances/dataFrom/Product100;http://www4.wiwiss.fu-berlin.de/bizer/bsbm/v01/vocabulary/productFeature;http://www4.wiwiss.fu-berlin.de/bizer/bsbm/v01/instances/ProductFeature451
http://www4.wiwiss.fu-berlin.de/bizer/bsbm/v01/instances/dataFrom/Product100;http://www4.wiwiss.fu-berlin.de/bizer/bsbm/v01/vocabulary/productFeature;http://www4.wiwiss.fu-berlin.de/bizer/bsbm/v01/instances/ProductFeature451
http://www4.wiwiss.fu-berlin.de/bizer/bsbm/v01/instances/dataFrom/Product100;http://www4.wiwiss.fu-berlin.de/bizer/bsbm/v01/vocabulary/productFeature;http://www4.wiwiss.fu-berlin.de/bizer/bsbm/v01/instances/ProductFeature451
http://www4.wiwiss.fu-berlin.de/bizer/bsbm/v01/instances/dataFrom/Product100;http://www4.wiwiss.fu-berlin.de/bizer/bsbm/v01/vocabulary/productFeature;http://www4.wiwiss.fu-berlin.de/bizer/bsbm/v01/instances/ProductFeature451
http://www4.wiwiss.fu-berlin.de/bizer/bsbm/v01/instances/dataFrom/Product12;http://www4.wiwiss.fu-berlin.de/bizer/bsbm/v01/vocabulary/productFeature;http://www4.wiwiss.fu-berlin.de/bizer/bsbm/v01/instances/ProductFeature416
http://www4.wiwiss.fu-berlin.de/bizer/bsbm/v01/instances/dataFrom/Product12;http://www4.wiwiss.fu-berlin.de/bizer/bsbm/v01/vocabulary/productFeature;http://www4.wiwiss.fu-berlin.de/bizer/bsbm/v01/instances/ProductFeature416
http://www4.wiwiss.fu-berlin.de/bizer/bsbm/v01/instances/dataFrom/Product12;http://www4.wiwiss.fu-berlin.de/bizer/bsbm/v01/vocabulary/productFeature;http://www4.wiwiss.fu-berlin.de/bizer/bsbm/v01/instances/ProductFeature418
http://www4.wiwiss.fu-berlin.de/bizer/bsbm/v01/instances/dataFrom/Product12;http://www4.wiwiss.fu-berlin.de/bizer/bsbm/v01/vocabulary/productFeature;http://www4.wiwiss.fu-berlin.de/bizer/bsbm/v01/instances/ProductFeature418
http://www4.wiwiss.fu-berlin.de/bizer/bsbm/v01/instances/dataFrom/Product12;http://www4.wiwiss.fu-berlin.de/bizer/bsbm/v01/vocabulary/productFeature;http://www4.wiwiss.fu-berlin.de/bizer/bsbm/v01/instances/ProductFeature418
http://www4.wiwiss.fu-berlin.de/bizer/bsbm/v01/instances/dataFrom/Product12;http://www4.wiwiss.fu-berlin.de/bizer/bsbm/v01/vocabulary/productFeature;http://www4.wiwiss.fu-berlin.de/bizer/bsbm/v01/instances/ProductFeature428
http://www4.wiwiss.fu-berlin.de/bizer/bsbm/v01/instances/dataFrom/Product12;http://www4.wiwiss.fu-berlin.de/bizer/bsbm/v01/vocabulary/productFeature;http://www4.wiwiss.fu-berlin.de/bizer/bsbm/v01/instances/ProductFeature428
http://www4.wiwiss.fu-berlin.de/bizer/bsbm/v01/instances/dataFrom/Product12;http://www4.wiwiss.fu-berlin.de/bizer/bsbm/v01/vocabulary/productFeature;http://www4.wiwiss.fu-berlin.de/bizer/bsbm/v01/instances/ProductFeature430
http://www4.wiwiss.fu-berlin.de/bizer/bsbm/v01/instances/dataFrom/Product12;http://www4.wiwiss.fu-berlin.de/bizer/bsbm/v01/vocabulary/productFeature;http://www4.wiwiss.fu-berlin.de/bizer/bsbm/v01/instances/ProductFeature430
http://www4.wiwiss.fu-berlin.de/bizer/bsbm/v01/instances/dataFrom/Product12;http://www4.wiwiss.fu-berlin.de/bizer/bsbm/v01/vocabulary/productFeature;http://www4.wiwiss.fu-berlin.de/bizer/bsbm/v01/instances/ProductFeature430
http://www4.wiwiss.fu-berlin.de/bizer/bsbm/v01/instances/dataFrom/Product12;http://www4.wiwiss.fu-berlin.de/bizer/bsbm/v01/vocabulary/productFeature;http://www4.wiwiss.fu-berlin.de/bizer/bsbm/v01/instances/ProductFeature432
http://www4.wiwiss.fu-berlin.de/bizer/bsbm/v01/instances/dataFrom/Product12;http://www4.wiwiss.fu-berlin.de/bizer/bsbm/v01/vocabulary/productFeature;http://www4.wiwiss.fu-berlin.de/bizer/bsbm/v01/instances/ProductFeature432
http://www4.wiwiss.fu-berlin.de/bizer/bsbm/v01/instances/dataFrom/Product12;http://www4.wiwiss.fu-berlin.de/bizer/bsbm/v01/vocabulary/productFeature;http://www4.wiwiss.fu-berlin.de/bizer/bsbm/v01/instances/ProductFeature432
http://www4.wiwiss.fu-berlin.de/bizer/bsbm/v01/instances/dataFrom/Product12;http://www4.wiwiss.fu-berlin.de/bizer/bsbm/v01/vocabulary/productFeature;http://www4.wiwiss.fu-berlin.de/bizer/bsbm/v01/instances/ProductFeature433
http://www4.wiwiss.fu-berlin.de/bizer/bsbm/v01/instances/dataFrom/Product12;http://www4.wiwiss.fu-berlin.de/bizer/bsbm/v01/vocabulary/productFeature;http://www4.wiwiss.fu-berlin.de/bizer/bsbm/v01/instances/ProductFeature433
http://www4.wiwiss.fu-berlin.de/bizer/bsbm/v01/instances/dataFrom/Product12;http://www4.wiwiss.fu-berlin.de/bizer/bsbm/v01/vocabulary/productFeature;http://www4.wiwiss.fu-berlin.de/bizer/bsbm/v01/instances/ProductFeature445
http://www4.wiwiss.fu-berlin.de/bizer/bsbm/v01/instances/dataFrom/Product12;http://www4.wiwiss.fu-berlin.de/bizer/bsbm/v01/vocabulary/productFeature;http://www4.wiwiss.fu-berlin.de/bizer/bsbm/v01/instances/ProductFeature445
http://www4.wiwiss.fu-berlin.de/bizer/bsbm/v01/instances/dataFrom/Product12;http://www4.wiwiss.fu-berlin.de/bizer/bsbm/v01/vocabulary/productFeature;http://www4.wiwiss.fu-berlin.de/bizer/bsbm/v01/instances/ProductFeature445
http://www4.wiwiss.fu-berlin.de/bizer/bsbm/v01/instances/dataFrom/Product12;http://www4.wiwiss.fu-berlin.de/bizer/bsbm/v01/vocabulary/productFeature;http://www4.wiwiss.fu-berlin.de/bizer/bsbm/v01/instances/ProductFeature449
http://www4.wiwiss.fu-berlin.de/bizer/bsbm/v01/instances/dataFrom/Product12;http://www4.wiwiss.fu-berlin.de/bizer/bsbm/v01/vocabulary/productFeature;http://www4.wiwiss.fu-berlin.de/bizer/bsbm/v01/instances/ProductFeature449
http://www4.wiwiss.fu-berlin.de/bizer/bsbm/v01/instances/dataFrom/Product12;http://www4.wiwiss.fu-berlin.de/bizer/bsbm/v01/vocabulary/productFeature;http://www4.wiwiss.fu-berlin.de/bizer/bsbm/v01/instances/ProductFeature449
http://www4.wiwiss.fu-berlin.de/bizer/bsbm/v01/instances/dataFrom/Product12;http://www4.wiwiss.fu-berlin.de/bizer/bsbm/v01/vocabulary/productFeature;http://www4.wiwiss.fu-berlin.de/bizer/bsbm/v01/instances/ProductFeature451
http://www4.wiwiss.fu-berlin.de/bizer/bsbm/v01/instances/dataFrom/Product12;http://www4.wiwiss.fu-berlin.de/bizer/bsbm/v01/vocabulary/productFeature;http://www4.wiwiss.fu-berlin.de/bizer/bsbm/v01/instances/ProductFeature451
http://www4.wiwiss.fu-berlin.de/bizer/bsbm/v01/instances/dataFrom/Product12;http://www4.wiwiss.fu-berlin.de/bizer/bsbm/v01/vocabulary/productFeature;http://www4.wiwiss.fu-berlin.de/bizer/bsbm/v01/instances/ProductFeature451
http://www4.wiwiss.fu-berlin.de/bizer/bsbm/v01/instances/dataFrom/Product12;http://www4.wiwiss.fu-berlin.de/bizer/bsbm/v01/vocabulary/productFeature;http://www4.wiwiss.fu-berlin.de/bizer/bsbm/v01/instances/ProductFeature451
http://www4.wiwiss.fu-berlin.de/bizer/bsbm/v01/instances/dataFrom/Product83;http://www4.wiwiss.fu-berlin.de/bizer/bsbm/v01/vocabulary/productFeature;http://www4.wiwiss.fu-berlin.de/bizer/bsbm/v01/instances/ProductFeature416
http://www4.wiwiss.fu-berlin.de/bizer/bsbm/v01/instances/dataFrom/Product83;http://www4.wiwiss.fu-berlin.de/bizer/bsbm/v01/vocabulary/productFeature;http://www4.wiwiss.fu-berlin.de/bizer/bsbm/v01/instances/ProductFeature416
http://www4.wiwiss.fu-berlin.de/bizer/bsbm/v01/instances/dataFrom/Product83;http://www4.wiwiss.fu-berlin.de/bizer/bsbm/v01/vocabulary/productFeature;http://www4.wiwiss.fu-berlin.de/bizer/bsbm/v01/instances/ProductFeature418
http://www4.wiwiss.fu-berlin.de/bizer/bsbm/v01/instances/dataFrom/Product83;http://www4.wiwiss.fu-berlin.de/bizer/bsbm/v01/vocabulary/productFeature;http://www4.wiwiss.fu-berlin.de/bizer/bsbm/v01/instances/ProductFeature418
http://www4.wiwiss.fu-berlin.de/bizer/bsbm/v01/instances/dataFrom/Product83;http://www4.wiwiss.fu-berlin.de/bizer/bsbm/v01/vocabulary/productFeature;http://www4.wiwiss.fu-berlin.de/bizer/bsbm/v01/instances/ProductFeature418
http://www4.wiwiss.fu-berlin.de/bizer/bsbm/v01/instances/dataFrom/Product83;http://www4.wiwiss.fu-berlin.de/bizer/bsbm/v01/vocabulary/productFeature;http://www4.wiwiss.fu-berlin.de/bizer/bsbm/v01/instances/ProductFeature428
http://www4.wiwiss.fu-berlin.de/bizer/bsbm/v01/instances/dataFrom/Product83;http://www4.wiwiss.fu-berlin.de/bizer/bsbm/v01/vocabulary/productFeature;http://www4.wiwiss.fu-berlin.de/bizer/bsbm/v01/instances/ProductFeature428
http://www4.wiwiss.fu-berlin.de/bizer/bsbm/v01/instances/dataFrom/Product83;http://www4.wiwiss.fu-berlin.de/bizer/bsbm/v01/vocabulary/productFeature;http://www4.wiwiss.fu-berlin.de/bizer/bsbm/v01/instances/ProductFeature430
http://www4.wiwiss.fu-berlin.de/bizer/bsbm/v01/instances/dataFrom/Product83;http://www4.wiwiss.fu-berlin.de/bizer/bsbm/v01/vocabulary/productFeature;http://www4.wiwiss.fu-berlin.de/bizer/bsbm/v01/instances/ProductFeature430
http://www4.wiwiss.fu-berlin.de/bizer/bsbm/v01/instances/dataFrom/Product83;http://www4.wiwiss.fu-berlin.de/bizer/bsbm/v01/vocabulary/productFeature;http://www4.wiwiss.fu-berlin.de/bizer/bsbm/v01/instances/ProductFeature430
http://www4.wiwiss.fu-berlin.de/bizer/bsbm/v01/instances/dataFrom/Product83;http://www4.wiwiss.fu-berlin.de/bizer/bsbm/v01/vocabulary/productFeature;http://www4.wiwiss.fu-berlin.de/bizer/bsbm/v01/instances/ProductFeature432
http://www4.wiwiss.fu-berlin.de/bizer/bsbm/v01/instances/dataFrom/Product83;http://www4.wiwiss.fu-berlin.de/bizer/bsbm/v01/vocabulary/productFeature;http://www4.wiwiss.fu-berlin.de/bizer/bsbm/v01/instances/ProductFeature432
http://www4.wiwiss.fu-berlin.de/bizer/bsbm/v01/instances/dataFrom/Product83;http://www4.wiwiss.fu-berlin.de/bizer/bsbm/v01/vocabulary/productFeature;http://www4.wiwiss.fu-berlin.de/bizer/bsbm/v01/instances/ProductFeature432
http://www4.wiwiss.fu-berlin.de/bizer/bsbm/v01/instances/dataFrom/Product83;http://www4.wiwiss.fu-berlin.de/bizer/bsbm/v01/vocabulary/productFeature;http://www4.wiwiss.fu-berlin.de/bizer/bsbm/v01/instances/ProductFeature433
http://www4.wiwiss.fu-berlin.de/bizer/bsbm/v01/instances/dataFrom/Product83;http://www4.wiwiss.fu-berlin.de/bizer/bsbm/v01/vocabulary/productFeature;http://www4.wiwiss.fu-berlin.de/bizer/bsbm/v01/instances/ProductFeature433
http://www4.wiwiss.fu-berlin.de/bizer/bsbm/v01/instances/dataFrom/Product83;http://www4.wiwiss.fu-berlin.de/bizer/bsbm/v01/vocabulary/productFeature;http://www4.wiwiss.fu-berlin.de/bizer/bsbm/v01/instances/ProductFeature445
http://www4.wiwiss.fu-berlin.de/bizer/bsbm/v01/instances/dataFrom/Product83;http://www4.wiwiss.fu-berlin.de/bizer/bsbm/v01/vocabulary/productFeature;http://www4.wiwiss.fu-berlin.de/bizer/bsbm/v01/instances/ProductFeature445
http://www4.wiwiss.fu-berlin.de/bizer/bsbm/v01/instances/dataFrom/Product83;http://www4.wiwiss.fu-berlin.de/bizer/bsbm/v01/vocabulary/productFeature;http://www4.wiwiss.fu-berlin.de/bizer/bsbm/v01/instances/ProductFeature445
http://www4.wiwiss.fu-berlin.de/bizer/bsbm/v01/instances/dataFrom/Product83;http://www4.wiwiss.fu-berlin.de/bizer/bsbm/v01/vocabulary/productFeature;http://www4.wiwiss.fu-berlin.de/bizer/bsbm/v01/instances/ProductFeature449
http://www4.wiwiss.fu-berlin.de/bizer/bsbm/v01/instances/dataFrom/Product83;http://www4.wiwiss.fu-berlin.de/bizer/bsbm/v01/vocabulary/productFeature;http://www4.wiwiss.fu-berlin.de/bizer/bsbm/v01/instances/ProductFeature449
http://www4.wiwiss.fu-berlin.de/bizer/bsbm/v01/instances/dataFrom/Product83;http://www4.wiwiss.fu-berlin.de/bizer/bsbm/v01/vocabulary/productFeature;http://www4.wiwiss.fu-berlin.de/bizer/bsbm/v01/instances/ProductFeature449
http://www4.wiwiss.fu-berlin.de/bizer/bsbm/v01/instances/dataFrom/Product83;http://www4.wiwiss.fu-berlin.de/bizer/bsbm/v01/vocabulary/productFeature;http://www4.wiwiss.fu-berlin.de/bizer/bsbm/v01/instances/ProductFeature451
http://www4.wiwiss.fu-berlin.de/bizer/bsbm/v01/instances/dataFrom/Product83;http://www4.wiwiss.fu-berlin.de/bizer/bsbm/v01/vocabulary/productFeature;http://www4.wiwiss.fu-berlin.de/bizer/bsbm/v01/instances/ProductFeature451
http://www4.wiwiss.fu-berlin.de/bizer/bsbm/v01/instances/dataFrom/Product83;http://www4.wiwiss.fu-berlin.de/bizer/bsbm/v01/vocabulary/productFeature;http://www4.wiwiss.fu-berlin.de/bizer/bsbm/v01/instances/ProductFeature451
http://www4.wiwiss.fu-berlin.de/bizer/bsbm/v01/instances/dataFrom/Product83;http://www4.wiwiss.fu-berlin.de/bizer/bsbm/v01/vocabulary/productFeature;http://www4.wiwiss.fu-berlin.de/bizer/bsbm/v01/instances/ProductFeature451
http://www4.wiwiss.fu-berlin.de/bizer/bsbm/v01/instances/dataFrom/Product97;http://www4.wiwiss.fu-berlin.de/bizer/bsbm/v01/vocabulary/productFeature;http://www4.wiwiss.fu-berlin.de/bizer/bsbm/v01/instances/ProductFeature416
http://www4.wiwiss.fu-berlin.de/bizer/bsbm/v01/instances/dataFrom/Product97;http://www4.wiwiss.fu-berlin.de/bizer/bsbm/v01/vocabulary/productFeature;http://www4.wiwiss.fu-berlin.de/bizer/bsbm/v01/instances/ProductFeature416
http://www4.wiwiss.fu-berlin.de/bizer/bsbm/v01/instances/dataFrom/Product97;http://www4.wiwiss.fu-berlin.de/bizer/bsbm/v01/vocabulary/productFeature;http://www4.wiwiss.fu-berlin.de/bizer/bsbm/v01/instances/ProductFeature418
http://www4.wiwiss.fu-berlin.de/bizer/bsbm/v01/instances/dataFrom/Product97;http://www4.wiwiss.fu-berlin.de/bizer/bsbm/v01/vocabulary/productFeature;http://www4.wiwiss.fu-berlin.de/bizer/bsbm/v01/instances/ProductFeature418
http://www4.wiwiss.fu-berlin.de/bizer/bsbm/v01/instances/dataFrom/Product97;http://www4.wiwiss.fu-berlin.de/bizer/bsbm/v01/vocabulary/productFeature;http://www4.wiwiss.fu-berlin.de/bizer/bsbm/v01/instances/ProductFeature418
http://www4.wiwiss.fu-berlin.de/bizer/bsbm/v01/instances/dataFrom/Product97;http://www4.wiwiss.fu-berlin.de/bizer/bsbm/v01/vocabulary/productFeature;http://www4.wiwiss.fu-berlin.de/bizer/bsbm/v01/instances/ProductFeature428
http://www4.wiwiss.fu-berlin.de/bizer/bsbm/v01/instances/dataFrom/Product97;http://www4.wiwiss.fu-berlin.de/bizer/bsbm/v01/vocabulary/productFeature;http://www4.wiwiss.fu-berlin.de/bizer/bsbm/v01/instances/ProductFeature428
http://www4.wiwiss.fu-berlin.de/bizer/bsbm/v01/instances/dataFrom/Product97;http://www4.wiwiss.fu-berlin.de/bizer/bsbm/v01/vocabulary/productFeature;http://www4.wiwiss.fu-berlin.de/bizer/bsbm/v01/instances/ProductFeature430
http://www4.wiwiss.fu-berlin.de/bizer/bsbm/v01/instances/dataFrom/Product97;http://www4.wiwiss.fu-berlin.de/bizer/bsbm/v01/vocabulary/productFeature;http://www4.wiwiss.fu-berlin.de/bizer/bsbm/v01/instances/ProductFeature430
http://www4.wiwiss.fu-berlin.de/bizer/bsbm/v01/instances/dataFrom/Product97;http://www4.wiwiss.fu-berlin.de/bizer/bsbm/v01/vocabulary/productFeature;http://www4.wiwiss.fu-berlin.de/bizer/bsbm/v01/instances/ProductFeature430
http://www4.wiwiss.fu-berlin.de/bizer/bsbm/v01/instances/dataFrom/Product97;http://www4.wiwiss.fu-berlin.de/bizer/bsbm/v01/vocabulary/productFeature;http://www4.wiwiss.fu-berlin.de/bizer/bsbm/v01/instances/ProductFeature432
http://www4.wiwiss.fu-berlin.de/bizer/bsbm/v01/instances/dataFrom/Product97;http://www4.wiwiss.fu-berlin.de/bizer/bsbm/v01/vocabulary/productFeature;http://www4.wiwiss.fu-berlin.de/bizer/bsbm/v01/instances/ProductFeature432
http://www4.wiwiss.fu-berlin.de/bizer/bsbm/v01/instances/dataFrom/Product97;http://www4.wiwiss.fu-berlin.de/bizer/bsbm/v01/vocabulary/productFeature;http://www4.wiwiss.fu-berlin.de/bizer/bsbm/v01/instances/ProductFeature432
http://www4.wiwiss.fu-berlin.de/bizer/bsbm/v01/instances/dataFrom/Product97;http://www4.wiwiss.fu-berlin.de/bizer/bsbm/v01/vocabulary/productFeature;http://www4.wiwiss.fu-berlin.de/bizer/bsbm/v01/instances/ProductFeature433
http://www4.wiwiss.fu-berlin.de/bizer/bsbm/v01/instances/dataFrom/Product97;http://www4.wiwiss.fu-berlin.de/bizer/bsbm/v01/vocabulary/productFeature;http://www4.wiwiss.fu-berlin.de/bizer/bsbm/v01/instances/ProductFeature433
http://www4.wiwiss.fu-berlin.de/bizer/bsbm/v01/instances/dataFrom/Product97;http://www4.wiwiss.fu-berlin.de/bizer/bsbm/v01/vocabulary/productFeature;http://www4.wiwiss.fu-berlin.de/bizer/bsbm/v01/instances/ProductFeature445
http://www4.wiwiss.fu-berlin.de/bizer/bsbm/v01/instances/dataFrom/Product97;http://www4.wiwiss.fu-berlin.de/bizer/bsbm/v01/vocabulary/productFeature;http://www4.wiwiss.fu-berlin.de/bizer/bsbm/v01/instances/ProductFeature445
http://www4.wiwiss.fu-berlin.de/bizer/bsbm/v01/instances/dataFrom/Product97;http://www4.wiwiss.fu-berlin.de/bizer/bsbm/v01/vocabulary/productFeature;http://www4.wiwiss.fu-berlin.de/bizer/bsbm/v01/instances/ProductFeature445
http://www4.wiwiss.fu-berlin.de/bizer/bsbm/v01/instances/dataFrom/Product97;http://www4.wiwiss.fu-berlin.de/bizer/bsbm/v01/vocabulary/productFeature;http://www4.wiwiss.fu-berlin.de/bizer/bsbm/v01/instances/ProductFeature449
http://www4.wiwiss.fu-berlin.de/bizer/bsbm/v01/instances/dataFrom/Product97;http://www4.wiwiss.fu-berlin.de/bizer/bsbm/v01/vocabulary/productFeature;http://www4.wiwiss.fu-berlin.de/bizer/bsbm/v01/instances/ProductFeature449
http://www4.wiwiss.fu-berlin.de/bizer/bsbm/v01/instances/dataFrom/Product97;http://www4.wiwiss.fu-berlin.de/bizer/bsbm/v01/vocabulary/productFeature;http://www4.wiwiss.fu-berlin.de/bizer/bsbm/v01/instances/ProductFeature449
http://www4.wiwiss.fu-berlin.de/bizer/bsbm/v01/instances/dataFrom/Product97;http://www4.wiwiss.fu-berlin.de/bizer/bsbm/v01/vocabulary/productFeature;http://www4.wiwiss.fu-berlin.de/bizer/bsbm/v01/instances/ProductFeature451
http://www4.wiwiss.fu-berlin.de/bizer/bsbm/v01/instances/dataFrom/Product97;http://www4.wiwiss.fu-berlin.de/bizer/bsbm/v01/vocabulary/productFeature;http://www4.wiwiss.fu-berlin.de/bizer/bsbm/v01/instances/ProductFeature451
http://www4.wiwiss.fu-berlin.de/bizer/bsbm/v01/instances/dataFrom/Product97;http://www4.wiwiss.fu-berlin.de/bizer/bsbm/v01/vocabulary/productFeature;http://www4.wiwiss.fu-berlin.de/bizer/bsbm/v01/instances/ProductFeature451
http://www4.wiwiss.fu-berlin.de/bizer/bsbm/v01/instances/dataFrom/Product97;http://www4.wiwiss.fu-berlin.de/bizer/bsbm/v01/vocabulary/productFeature;http://www4.wiwiss.fu-berlin.de/bizer/bsbm/v01/instances/ProductFeature451
http://www4.wiwiss.fu-berlin.de/bizer/bsbm/v01/instances/dataFrom/Product53;http://www4.wiwiss.fu-berlin.de/bizer/bsbm/v01/vocabulary/productFeature;http://www4.wiwiss.fu-berlin.de/bizer/bsbm/v01/instances/ProductFeature416
http://www4.wiwiss.fu-berlin.de/bizer/bsbm/v01/instances/dataFrom/Product53;http://www4.wiwiss.fu-berlin.de/bizer/bsbm/v01/vocabulary/productFeature;http://www4.wiwiss.fu-berlin.de/bizer/bsbm/v01/instances/ProductFeature416
http://www4.wiwiss.fu-berlin.de/bizer/bsbm/v01/instances/dataFrom/Product53;http://www4.wiwiss.fu-berlin.de/bizer/bsbm/v01/vocabulary/productFeature;http://www4.wiwiss.fu-berlin.de/bizer/bsbm/v01/instances/ProductFeature418
http://www4.wiwiss.fu-berlin.de/bizer/bsbm/v01/instances/dataFrom/Product53;http://www4.wiwiss.fu-berlin.de/bizer/bsbm/v01/vocabulary/productFeature;http://www4.wiwiss.fu-berlin.de/bizer/bsbm/v01/instances/ProductFeature418
http://www4.wiwiss.fu-berlin.de/bizer/bsbm/v01/instances/dataFrom/Product53;http://www4.wiwiss.fu-berlin.de/bizer/bsbm/v01/vocabulary/productFeature;http://www4.wiwiss.fu-berlin.de/bizer/bsbm/v01/instances/ProductFeature418
http://www4.wiwiss.fu-berlin.de/bizer/bsbm/v01/instances/dataFrom/Product53;http://www4.wiwiss.fu-berlin.de/bizer/bsbm/v01/vocabulary/productFeature;http://www4.wiwiss.fu-berlin.de/bizer/bsbm/v01/instances/ProductFeature428
http://www4.wiwiss.fu-berlin.de/bizer/bsbm/v01/instances/dataFrom/Product53;http://www4.wiwiss.fu-berlin.de/bizer/bsbm/v01/vocabulary/productFeature;http://www4.wiwiss.fu-berlin.de/bizer/bsbm/v01/instances/ProductFeature428
http://www4.wiwiss.fu-berlin.de/bizer/bsbm/v01/instances/dataFrom/Product53;http://www4.wiwiss.fu-berlin.de/bizer/bsbm/v01/vocabulary/productFeature;http://www4.wiwiss.fu-berlin.de/bizer/bsbm/v01/instances/ProductFeature430
http://www4.wiwiss.fu-berlin.de/bizer/bsbm/v01/instances/dataFrom/Product53;http://www4.wiwiss.fu-berlin.de/bizer/bsbm/v01/vocabulary/productFeature;http://www4.wiwiss.fu-berlin.de/bizer/bsbm/v01/instances/ProductFeature430
http://www4.wiwiss.fu-berlin.de/bizer/bsbm/v01/instances/dataFrom/Product53;http://www4.wiwiss.fu-berlin.de/bizer/bsbm/v01/vocabulary/productFeature;http://www4.wiwiss.fu-berlin.de/bizer/bsbm/v01/instances/ProductFeature430
http://www4.wiwiss.fu-berlin.de/bizer/bsbm/v01/instances/dataFrom/Product53;http://www4.wiwiss.fu-berlin.de/bizer/bsbm/v01/vocabulary/productFeature;http://www4.wiwiss.fu-berlin.de/bizer/bsbm/v01/instances/ProductFeature432
http://www4.wiwiss.fu-berlin.de/bizer/bsbm/v01/instances/dataFrom/Product53;http://www4.wiwiss.fu-berlin.de/bizer/bsbm/v01/vocabulary/productFeature;http://www4.wiwiss.fu-berlin.de/bizer/bsbm/v01/instances/ProductFeature432
http://www4.wiwiss.fu-berlin.de/bizer/bsbm/v01/instances/dataFrom/Product53;http://www4.wiwiss.fu-berlin.de/bizer/bsbm/v01/vocabulary/productFeature;http://www4.wiwiss.fu-berlin.de/bizer/bsbm/v01/instances/ProductFeature432
http://www4.wiwiss.fu-berlin.de/bizer/bsbm/v01/instances/dataFrom/Product53;http://www4.wiwiss.fu-berlin.de/bizer/bsbm/v01/vocabulary/productFeature;http://www4.wiwiss.fu-berlin.de/bizer/bsbm/v01/instances/ProductFeature433
http://www4.wiwiss.fu-berlin.de/bizer/bsbm/v01/instances/dataFrom/Product53;http://www4.wiwiss.fu-berlin.de/bizer/bsbm/v01/vocabulary/productFeature;http://www4.wiwiss.fu-berlin.de/bizer/bsbm/v01/instances/ProductFeature433
http://www4.wiwiss.fu-berlin.de/bizer/bsbm/v01/instances/dataFrom/Product53;http://www4.wiwiss.fu-berlin.de/bizer/bsbm/v01/vocabulary/productFeature;http://www4.wiwiss.fu-berlin.de/bizer/bsbm/v01/instances/ProductFeature445
http://www4.wiwiss.fu-berlin.de/bizer/bsbm/v01/instances/dataFrom/Product53;http://www4.wiwiss.fu-berlin.de/bizer/bsbm/v01/vocabulary/productFeature;http://www4.wiwiss.fu-berlin.de/bizer/bsbm/v01/instances/ProductFeature445
http://www4.wiwiss.fu-berlin.de/bizer/bsbm/v01/instances/dataFrom/Product53;http://www4.wiwiss.fu-berlin.de/bizer/bsbm/v01/vocabulary/productFeature;http://www4.wiwiss.fu-berlin.de/bizer/bsbm/v01/instances/ProductFeature445
http://www4.wiwiss.fu-berlin.de/bizer/bsbm/v01/instances/dataFrom/Product53;http://www4.wiwiss.fu-berlin.de/bizer/bsbm/v01/vocabulary/productFeature;http://www4.wiwiss.fu-berlin.de/bizer/bsbm/v01/instances/ProductFeature449
http://www4.wiwiss.fu-berlin.de/bizer/bsbm/v01/instances/dataFrom/Product53;http://www4.wiwiss.fu-berlin.de/bizer/bsbm/v01/vocabulary/productFeature;http://www4.wiwiss.fu-berlin.de/bizer/bsbm/v01/instances/ProductFeature449
http://www4.wiwiss.fu-berlin.de/bizer/bsbm/v01/instances/dataFrom/Product53;http://www4.wiwiss.fu-berlin.de/bizer/bsbm/v01/vocabulary/productFeature;http://www4.wiwiss.fu-berlin.de/bizer/bsbm/v01/instances/ProductFeature449
http://www4.wiwiss.fu-berlin.de/bizer/bsbm/v01/instances/dataFrom/Product53;http://www4.wiwiss.fu-berlin.de/bizer/bsbm/v01/vocabulary/productFeature;http://www4.wiwiss.fu-berlin.de/bizer/bsbm/v01/instances/ProductFeature451
http://www4.wiwiss.fu-berlin.de/bizer/bsbm/v01/instances/dataFrom/Product53;http://www4.wiwiss.fu-berlin.de/bizer/bsbm/v01/vocabulary/productFeature;http://www4.wiwiss.fu-berlin.de/bizer/bsbm/v01/instances/ProductFeature451
http://www4.wiwiss.fu-berlin.de/bizer/bsbm/v01/instances/dataFrom/Product53;http://www4.wiwiss.fu-berlin.de/bizer/bsbm/v01/vocabulary/productFeature;http://www4.wiwiss.fu-berlin.de/bizer/bsbm/v01/instances/ProductFeature451
http://www4.wiwiss.fu-berlin.de/bizer/bsbm/v01/instances/dataFrom/Product53;http://www4.wiwiss.fu-berlin.de/bizer/bsbm/v01/vocabulary/productFeature;http://www4.wiwiss.fu-berlin.de/bizer/bsbm/v01/instances/ProductFeature451
http://www4.wiwiss.fu-berlin.de/bizer/bsbm/v01/instances/dataFrom/Product87;http://www4.wiwiss.fu-berlin.de/bizer/bsbm/v01/vocabulary/productFeature;http://www4.wiwiss.fu-berlin.de/bizer/bsbm/v01/instances/ProductFeature416
http://www4.wiwiss.fu-berlin.de/bizer/bsbm/v01/instances/dataFrom/Product87;http://www4.wiwiss.fu-berlin.de/bizer/bsbm/v01/vocabulary/productFeature;http://www4.wiwiss.fu-berlin.de/bizer/bsbm/v01/instances/ProductFeature416
http://www4.wiwiss.fu-berlin.de/bizer/bsbm/v01/instances/dataFrom/Product87;http://www4.wiwiss.fu-berlin.de/bizer/bsbm/v01/vocabulary/productFeature;http://www4.wiwiss.fu-berlin.de/bizer/bsbm/v01/instances/ProductFeature418
http://www4.wiwiss.fu-berlin.de/bizer/bsbm/v01/instances/dataFrom/Product87;http://www4.wiwiss.fu-berlin.de/bizer/bsbm/v01/vocabulary/productFeature;http://www4.wiwiss.fu-berlin.de/bizer/bsbm/v01/instances/ProductFeature418
http://www4.wiwiss.fu-berlin.de/bizer/bsbm/v01/instances/dataFrom/Product87;http://www4.wiwiss.fu-berlin.de/bizer/bsbm/v01/vocabulary/productFeature;http://www4.wiwiss.fu-berlin.de/bizer/bsbm/v01/instances/ProductFeature418
http://www4.wiwiss.fu-berlin.de/bizer/bsbm/v01/instances/dataFrom/Product87;http://www4.wiwiss.fu-berlin.de/bizer/bsbm/v01/vocabulary/productFeature;http://www4.wiwiss.fu-berlin.de/bizer/bsbm/v01/instances/ProductFeature428
http://www4.wiwiss.fu-berlin.de/bizer/bsbm/v01/instances/dataFrom/Product87;http://www4.wiwiss.fu-berlin.de/bizer/bsbm/v01/vocabulary/productFeature;http://www4.wiwiss.fu-berlin.de/bizer/bsbm/v01/instances/ProductFeature428
http://www4.wiwiss.fu-berlin.de/bizer/bsbm/v01/instances/dataFrom/Product87;http://www4.wiwiss.fu-berlin.de/bizer/bsbm/v01/vocabulary/productFeature;http://www4.wiwiss.fu-berlin.de/bizer/bsbm/v01/instances/ProductFeature430
http://www4.wiwiss.fu-berlin.de/bizer/bsbm/v01/instances/dataFrom/Product87;http://www4.wiwiss.fu-berlin.de/bizer/bsbm/v01/vocabulary/productFeature;http://www4.wiwiss.fu-berlin.de/bizer/bsbm/v01/instances/ProductFeature430
http://www4.wiwiss.fu-berlin.de/bizer/bsbm/v01/instances/dataFrom/Product87;http://www4.wiwiss.fu-berlin.de/bizer/bsbm/v01/vocabulary/productFeature;http://www4.wiwiss.fu-berlin.de/bizer/bsbm/v01/instances/ProductFeature430
http://www4.wiwiss.fu-berlin.de/bizer/bsbm/v01/instances/dataFrom/Product87;http://www4.wiwiss.fu-berlin.de/bizer/bsbm/v01/vocabulary/productFeature;http://www4.wiwiss.fu-berlin.de/bizer/bsbm/v01/instances/ProductFeature432
http://www4.wiwiss.fu-berlin.de/bizer/bsbm/v01/instances/dataFrom/Product87;http://www4.wiwiss.fu-berlin.de/bizer/bsbm/v01/vocabulary/productFeature;http://www4.wiwiss.fu-berlin.de/bizer/bsbm/v01/instances/ProductFeature432
http://www4.wiwiss.fu-berlin.de/bizer/bsbm/v01/instances/dataFrom/Product87;http://www4.wiwiss.fu-berlin.de/bizer/bsbm/v01/vocabulary/productFeature;http://www4.wiwiss.fu-berlin.de/bizer/bsbm/v01/instances/ProductFeature432
http://www4.wiwiss.fu-berlin.de/bizer/bsbm/v01/instances/dataFrom/Product87;http://www4.wiwiss.fu-berlin.de/bizer/bsbm/v01/vocabulary/productFeature;http://www4.wiwiss.fu-berlin.de/bizer/bsbm/v01/instances/ProductFeature433
http://www4.wiwiss.fu-berlin.de/bizer/bsbm/v01/instances/dataFrom/Product87;http://www4.wiwiss.fu-berlin.de/bizer/bsbm/v01/vocabulary/productFeature;http://www4.wiwiss.fu-berlin.de/bizer/bsbm/v01/instances/ProductFeature433
http://www4.wiwiss.fu-berlin.de/bizer/bsbm/v01/instances/dataFrom/Product87;http://www4.wiwiss.fu-berlin.de/bizer/bsbm/v01/vocabulary/productFeature;http://www4.wiwiss.fu-berlin.de/bizer/bsbm/v01/instances/ProductFeature445
http://www4.wiwiss.fu-berlin.de/bizer/bsbm/v01/instances/dataFrom/Product87;http://www4.wiwiss.fu-berlin.de/bizer/bsbm/v01/vocabulary/productFeature;http://www4.wiwiss.fu-berlin.de/bizer/bsbm/v01/instances/ProductFeature445
http://www4.wiwiss.fu-berlin.de/bizer/bsbm/v01/instances/dataFrom/Product87;http://www4.wiwiss.fu-berlin.de/bizer/bsbm/v01/vocabulary/productFeature;http://www4.wiwiss.fu-berlin.de/bizer/bsbm/v01/instances/ProductFeature445
http://www4.wiwiss.fu-berlin.de/bizer/bsbm/v01/instances/dataFrom/Product87;http://www4.wiwiss.fu-berlin.de/bizer/bsbm/v01/vocabulary/productFeature;http://www4.wiwiss.fu-berlin.de/bizer/bsbm/v01/instances/ProductFeature449
http://www4.wiwiss.fu-berlin.de/bizer/bsbm/v01/instances/dataFrom/Product87;http://www4.wiwiss.fu-berlin.de/bizer/bsbm/v01/vocabulary/productFeature;http://www4.wiwiss.fu-berlin.de/bizer/bsbm/v01/instances/ProductFeature449
http://www4.wiwiss.fu-berlin.de/bizer/bsbm/v01/instances/dataFrom/Product87;http://www4.wiwiss.fu-berlin.de/bizer/bsbm/v01/vocabulary/productFeature;http://www4.wiwiss.fu-berlin.de/bizer/bsbm/v01/instances/ProductFeature449
http://www4.wiwiss.fu-berlin.de/bizer/bsbm/v01/instances/dataFrom/Product87;http://www4.wiwiss.fu-berlin.de/bizer/bsbm/v01/vocabulary/productFeature;http://www4.wiwiss.fu-berlin.de/bizer/bsbm/v01/instances/ProductFeature451
http://www4.wiwiss.fu-berlin.de/bizer/bsbm/v01/instances/dataFrom/Product87;http://www4.wiwiss.fu-berlin.de/bizer/bsbm/v01/vocabulary/productFeature;http://www4.wiwiss.fu-berlin.de/bizer/bsbm/v01/instances/ProductFeature451
http://www4.wiwiss.fu-berlin.de/bizer/bsbm/v01/instances/dataFrom/Product87;http://www4.wiwiss.fu-berlin.de/bizer/bsbm/v01/vocabulary/productFeature;http://www4.wiwiss.fu-berlin.de/bizer/bsbm/v01/instances/ProductFeature451
http://www4.wiwiss.fu-berlin.de/bizer/bsbm/v01/instances/dataFrom/Product87;http://www4.wiwiss.fu-berlin.de/bizer/bsbm/v01/vocabulary/productFeature;http://www4.wiwiss.fu-berlin.de/bizer/bsbm/v01/instances/ProductFeature451
http://www4.wiwiss.fu-berlin.de/bizer/bsbm/v01/instances/dataFrom/Product29;http://www4.wiwiss.fu-berlin.de/bizer/bsbm/v01/vocabulary/productFeature;http://www4.wiwiss.fu-berlin.de/bizer/bsbm/v01/instances/ProductFeature416
http://www4.wiwiss.fu-berlin.de/bizer/bsbm/v01/instances/dataFrom/Product29;http://www4.wiwiss.fu-berlin.de/bizer/bsbm/v01/vocabulary/productFeature;http://www4.wiwiss.fu-berlin.de/bizer/bsbm/v01/instances/ProductFeature416
http://www4.wiwiss.fu-berlin.de/bizer/bsbm/v01/instances/dataFrom/Product29;http://www4.wiwiss.fu-berlin.de/bizer/bsbm/v01/vocabulary/productFeature;http://www4.wiwiss.fu-berlin.de/bizer/bsbm/v01/instances/ProductFeature418
http://www4.wiwiss.fu-berlin.de/bizer/bsbm/v01/instances/dataFrom/Product29;http://www4.wiwiss.fu-berlin.de/bizer/bsbm/v01/vocabulary/productFeature;http://www4.wiwiss.fu-berlin.de/bizer/bsbm/v01/instances/ProductFeature418
http://www4.wiwiss.fu-berlin.de/bizer/bsbm/v01/instances/dataFrom/Product29;http://www4.wiwiss.fu-berlin.de/bizer/bsbm/v01/vocabulary/productFeature;http://www4.wiwiss.fu-berlin.de/bizer/bsbm/v01/instances/ProductFeature418
http://www4.wiwiss.fu-berlin.de/bizer/bsbm/v01/instances/dataFrom/Product29;http://www4.wiwiss.fu-berlin.de/bizer/bsbm/v01/vocabulary/productFeature;http://www4.wiwiss.fu-berlin.de/bizer/bsbm/v01/instances/ProductFeature428
http://www4.wiwiss.fu-berlin.de/bizer/bsbm/v01/instances/dataFrom/Product29;http://www4.wiwiss.fu-berlin.de/bizer/bsbm/v01/vocabulary/productFeature;http://www4.wiwiss.fu-berlin.de/bizer/bsbm/v01/instances/ProductFeature428
http://www4.wiwiss.fu-berlin.de/bizer/bsbm/v01/instances/dataFrom/Product29;http://www4.wiwiss.fu-berlin.de/bizer/bsbm/v01/vocabulary/productFeature;http://www4.wiwiss.fu-berlin.de/bizer/bsbm/v01/instances/ProductFeature430
http://www4.wiwiss.fu-berlin.de/bizer/bsbm/v01/instances/dataFrom/Product29;http://www4.wiwiss.fu-berlin.de/bizer/bsbm/v01/vocabulary/productFeature;http://www4.wiwiss.fu-berlin.de/bizer/bsbm/v01/instances/ProductFeature430
http://www4.wiwiss.fu-berlin.de/bizer/bsbm/v01/instances/dataFrom/Product29;http://www4.wiwiss.fu-berlin.de/bizer/bsbm/v01/vocabulary/productFeature;http://www4.wiwiss.fu-berlin.de/bizer/bsbm/v01/instances/ProductFeature430
http://www4.wiwiss.fu-berlin.de/bizer/bsbm/v01/instances/dataFrom/Product29;http://www4.wiwiss.fu-berlin.de/bizer/bsbm/v01/vocabulary/productFeature;http://www4.wiwiss.fu-berlin.de/bizer/bsbm/v01/instances/ProductFeature432
http://www4.wiwiss.fu-berlin.de/bizer/bsbm/v01/instances/dataFrom/Product29;http://www4.wiwiss.fu-berlin.de/bizer/bsbm/v01/vocabulary/productFeature;http://www4.wiwiss.fu-berlin.de/bizer/bsbm/v01/instances/ProductFeature432
http://www4.wiwiss.fu-berlin.de/bizer/bsbm/v01/instances/dataFrom/Product29;http://www4.wiwiss.fu-berlin.de/bizer/bsbm/v01/vocabulary/productFeature;http://www4.wiwiss.fu-berlin.de/bizer/bsbm/v01/instances/ProductFeature432
http://www4.wiwiss.fu-berlin.de/bizer/bsbm/v01/instances/dataFrom/Product29;http://www4.wiwiss.fu-berlin.de/bizer/bsbm/v01/vocabulary/productFeature;http://www4.wiwiss.fu-berlin.de/bizer/bsbm/v01/instances/ProductFeature433
http://www4.wiwiss.fu-berlin.de/bizer/bsbm/v01/instances/dataFrom/Product29;http://www4.wiwiss.fu-berlin.de/bizer/bsbm/v01/vocabulary/productFeature;http://www4.wiwiss.fu-berlin.de/bizer/bsbm/v01/instances/ProductFeature433
http://www4.wiwiss.fu-berlin.de/bizer/bsbm/v01/instances/dataFrom/Product29;http://www4.wiwiss.fu-berlin.de/bizer/bsbm/v01/vocabulary/productFeature;http://www4.wiwiss.fu-berlin.de/bizer/bsbm/v01/instances/ProductFeature445
http://www4.wiwiss.fu-berlin.de/bizer/bsbm/v01/instances/dataFrom/Product29;http://www4.wiwiss.fu-berlin.de/bizer/bsbm/v01/vocabulary/productFeature;http://www4.wiwiss.fu-berlin.de/bizer/bsbm/v01/instances/ProductFeature445
http://www4.wiwiss.fu-berlin.de/bizer/bsbm/v01/instances/dataFrom/Product29;http://www4.wiwiss.fu-berlin.de/bizer/bsbm/v01/vocabulary/productFeature;http://www4.wiwiss.fu-berlin.de/bizer/bsbm/v01/instances/ProductFeature445
http://www4.wiwiss.fu-berlin.de/bizer/bsbm/v01/instances/dataFrom/Product29;http://www4.wiwiss.fu-berlin.de/bizer/bsbm/v01/vocabulary/productFeature;http://www4.wiwiss.fu-berlin.de/bizer/bsbm/v01/instances/ProductFeature449
http://www4.wiwiss.fu-berlin.de/bizer/bsbm/v01/instances/dataFrom/Product29;http://www4.wiwiss.fu-berlin.de/bizer/bsbm/v01/vocabulary/productFeature;http://www4.wiwiss.fu-berlin.de/bizer/bsbm/v01/instances/ProductFeature449
http://www4.wiwiss.fu-berlin.de/bizer/bsbm/v01/instances/dataFrom/Product29;http://www4.wiwiss.fu-berlin.de/bizer/bsbm/v01/vocabulary/productFeature;http://www4.wiwiss.fu-berlin.de/bizer/bsbm/v01/instances/ProductFeature449
http://www4.wiwiss.fu-berlin.de/bizer/bsbm/v01/instances/dataFrom/Product29;http://www4.wiwiss.fu-berlin.de/bizer/bsbm/v01/vocabulary/productFeature;http://www4.wiwiss.fu-berlin.de/bizer/bsbm/v01/instances/ProductFeature451
http://www4.wiwiss.fu-berlin.de/bizer/bsbm/v01/instances/dataFrom/Product29;http://www4.wiwiss.fu-berlin.de/bizer/bsbm/v01/vocabulary/productFeature;http://www4.wiwiss.fu-berlin.de/bizer/bsbm/v01/instances/ProductFeature451
http://www4.wiwiss.fu-berlin.de/bizer/bsbm/v01/instances/dataFrom/Product29;http://www4.wiwiss.fu-berlin.de/bizer/bsbm/v01/vocabulary/productFeature;http://www4.wiwiss.fu-berlin.de/bizer/bsbm/v01/instances/ProductFeature451
http://www4.wiwiss.fu-berlin.de/bizer/bsbm/v01/instances/dataFrom/Product29;http://www4.wiwiss.fu-berlin.de/bizer/bsbm/v01/vocabulary/productFeature;http://www4.wiwiss.fu-berlin.de/bizer/bsbm/v01/instances/ProductFeature451
http://www4.wiwiss.fu-berlin.de/bizer/bsbm/v01/instances/dataFrom/Product66;http://www4.wiwiss.fu-berlin.de/bizer/bsbm/v01/vocabulary/productFeature;http://www4.wiwiss.fu-berlin.de/bizer/bsbm/v01/instances/ProductFeature416
http://www4.wiwiss.fu-berlin.de/bizer/bsbm/v01/instances/dataFrom/Product66;http://www4.wiwiss.fu-berlin.de/bizer/bsbm/v01/vocabulary/productFeature;http://www4.wiwiss.fu-berlin.de/bizer/bsbm/v01/instances/ProductFeature416
http://www4.wiwiss.fu-berlin.de/bizer/bsbm/v01/instances/dataFrom/Product66;http://www4.wiwiss.fu-berlin.de/bizer/bsbm/v01/vocabulary/productFeature;http://www4.wiwiss.fu-berlin.de/bizer/bsbm/v01/instances/ProductFeature418
http://www4.wiwiss.fu-berlin.de/bizer/bsbm/v01/instances/dataFrom/Product66;http://www4.wiwiss.fu-berlin.de/bizer/bsbm/v01/vocabulary/productFeature;http://www4.wiwiss.fu-berlin.de/bizer/bsbm/v01/instances/ProductFeature418
http://www4.wiwiss.fu-berlin.de/bizer/bsbm/v01/instances/dataFrom/Product66;http://www4.wiwiss.fu-berlin.de/bizer/bsbm/v01/vocabulary/productFeature;http://www4.wiwiss.fu-berlin.de/bizer/bsbm/v01/instances/ProductFeature418
http://www4.wiwiss.fu-berlin.de/bizer/bsbm/v01/instances/dataFrom/Product66;http://www4.wiwiss.fu-berlin.de/bizer/bsbm/v01/vocabulary/productFeature;http://www4.wiwiss.fu-berlin.de/bizer/bsbm/v01/instances/ProductFeature428
http://www4.wiwiss.fu-berlin.de/bizer/bsbm/v01/instances/dataFrom/Product66;http://www4.wiwiss.fu-berlin.de/bizer/bsbm/v01/vocabulary/productFeature;http://www4.wiwiss.fu-berlin.de/bizer/bsbm/v01/instances/ProductFeature428
http://www4.wiwiss.fu-berlin.de/bizer/bsbm/v01/instances/dataFrom/Product66;http://www4.wiwiss.fu-berlin.de/bizer/bsbm/v01/vocabulary/productFeature;http://www4.wiwiss.fu-berlin.de/bizer/bsbm/v01/instances/ProductFeature430
http://www4.wiwiss.fu-berlin.de/bizer/bsbm/v01/instances/dataFrom/Product66;http://www4.wiwiss.fu-berlin.de/bizer/bsbm/v01/vocabulary/productFeature;http://www4.wiwiss.fu-berlin.de/bizer/bsbm/v01/instances/ProductFeature430
http://www4.wiwiss.fu-berlin.de/bizer/bsbm/v01/instances/dataFrom/Product66;http://www4.wiwiss.fu-berlin.de/bizer/bsbm/v01/vocabulary/productFeature;http://www4.wiwiss.fu-berlin.de/bizer/bsbm/v01/instances/ProductFeature430
http://www4.wiwiss.fu-berlin.de/bizer/bsbm/v01/instances/dataFrom/Product66;http://www4.wiwiss.fu-berlin.de/bizer/bsbm/v01/vocabulary/productFeature;http://www4.wiwiss.fu-berlin.de/bizer/bsbm/v01/instances/ProductFeature432
http://www4.wiwiss.fu-berlin.de/bizer/bsbm/v01/instances/dataFrom/Product66;http://www4.wiwiss.fu-berlin.de/bizer/bsbm/v01/vocabulary/productFeature;http://www4.wiwiss.fu-berlin.de/bizer/bsbm/v01/instances/ProductFeature432
http://www4.wiwiss.fu-berlin.de/bizer/bsbm/v01/instances/dataFrom/Product66;http://www4.wiwiss.fu-berlin.de/bizer/bsbm/v01/vocabulary/productFeature;http://www4.wiwiss.fu-berlin.de/bizer/bsbm/v01/instances/ProductFeature432
http://www4.wiwiss.fu-berlin.de/bizer/bsbm/v01/instances/dataFrom/Product66;http://www4.wiwiss.fu-berlin.de/bizer/bsbm/v01/vocabulary/productFeature;http://www4.wiwiss.fu-berlin.de/bizer/bsbm/v01/instances/ProductFeature433
http://www4.wiwiss.fu-berlin.de/bizer/bsbm/v01/instances/dataFrom/Product66;http://www4.wiwiss.fu-berlin.de/bizer/bsbm/v01/vocabulary/productFeature;http://www4.wiwiss.fu-berlin.de/bizer/bsbm/v01/instances/ProductFeature433
http://www4.wiwiss.fu-berlin.de/bizer/bsbm/v01/instances/dataFrom/Product66;http://www4.wiwiss.fu-berlin.de/bizer/bsbm/v01/vocabulary/productFeature;http://www4.wiwiss.fu-berlin.de/bizer/bsbm/v01/instances/ProductFeature445
http://www4.wiwiss.fu-berlin.de/bizer/bsbm/v01/instances/dataFrom/Product66;http://www4.wiwiss.fu-berlin.de/bizer/bsbm/v01/vocabulary/productFeature;http://www4.wiwiss.fu-berlin.de/bizer/bsbm/v01/instances/ProductFeature445
http://www4.wiwiss.fu-berlin.de/bizer/bsbm/v01/instances/dataFrom/Product66;http://www4.wiwiss.fu-berlin.de/bizer/bsbm/v01/vocabulary/productFeature;http://www4.wiwiss.fu-berlin.de/bizer/bsbm/v01/instances/ProductFeature445
http://www4.wiwiss.fu-berlin.de/bizer/bsbm/v01/instances/dataFrom/Product66;http://www4.wiwiss.fu-berlin.de/bizer/bsbm/v01/vocabulary/productFeature;http://www4.wiwiss.fu-berlin.de/bizer/bsbm/v01/instances/ProductFeature449
http://www4.wiwiss.fu-berlin.de/bizer/bsbm/v01/instances/dataFrom/Product66;http://www4.wiwiss.fu-berlin.de/bizer/bsbm/v01/vocabulary/productFeature;http://www4.wiwiss.fu-berlin.de/bizer/bsbm/v01/instances/ProductFeature449
http://www4.wiwiss.fu-berlin.de/bizer/bsbm/v01/instances/dataFrom/Product66;http://www4.wiwiss.fu-berlin.de/bizer/bsbm/v01/vocabulary/productFeature;http://www4.wiwiss.fu-berlin.de/bizer/bsbm/v01/instances/ProductFeature449
http://www4.wiwiss.fu-berlin.de/bizer/bsbm/v01/instances/dataFrom/Product66;http://www4.wiwiss.fu-berlin.de/bizer/bsbm/v01/vocabulary/productFeature;http://www4.wiwiss.fu-berlin.de/bizer/bsbm/v01/instances/ProductFeature451
http://www4.wiwiss.fu-berlin.de/bizer/bsbm/v01/instances/dataFrom/Product66;http://www4.wiwiss.fu-berlin.de/bizer/bsbm/v01/vocabulary/productFeature;http://www4.wiwiss.fu-berlin.de/bizer/bsbm/v01/instances/ProductFeature451
http://www4.wiwiss.fu-berlin.de/bizer/bsbm/v01/instances/dataFrom/Product66;http://www4.wiwiss.fu-berlin.de/bizer/bsbm/v01/vocabulary/productFeature;http://www4.wiwiss.fu-berlin.de/bizer/bsbm/v01/instances/ProductFeature451
http://www4.wiwiss.fu-berlin.de/bizer/bsbm/v01/instances/dataFrom/Product66;http://www4.wiwiss.fu-berlin.de/bizer/bsbm/v01/vocabulary/productFeature;http://www4.wiwiss.fu-berlin.de/bizer/bsbm/v01/instances/ProductFeature451
http://www4.wiwiss.fu-berlin.de/bizer/bsbm/v01/instances/dataFrom/Product1;http://www4.wiwiss.fu-berlin.de/bizer/bsbm/v01/vocabulary/productFeature;http://www4.wiwiss.fu-berlin.de/bizer/bsbm/v01/instances/ProductFeature416
http://www4.wiwiss.fu-berlin.de/bizer/bsbm/v01/instances/dataFrom/Product1;http://www4.wiwiss.fu-berlin.de/bizer/bsbm/v01/vocabulary/productFeature;http://www4.wiwiss.fu-berlin.de/bizer/bsbm/v01/instances/ProductFeature416
http://www4.wiwiss.fu-berlin.de/bizer/bsbm/v01/instances/dataFrom/Product1;http://www4.wiwiss.fu-berlin.de/bizer/bsbm/v01/vocabulary/productFeature;http://www4.wiwiss.fu-berlin.de/bizer/bsbm/v01/instances/ProductFeature418
http://www4.wiwiss.fu-berlin.de/bizer/bsbm/v01/instances/dataFrom/Product1;http://www4.wiwiss.fu-berlin.de/bizer/bsbm/v01/vocabulary/productFeature;http://www4.wiwiss.fu-berlin.de/bizer/bsbm/v01/instances/ProductFeature418
http://www4.wiwiss.fu-berlin.de/bizer/bsbm/v01/instances/dataFrom/Product1;http://www4.wiwiss.fu-berlin.de/bizer/bsbm/v01/vocabulary/productFeature;http://www4.wiwiss.fu-berlin.de/bizer/bsbm/v01/instances/ProductFeature418
http://www4.wiwiss.fu-berlin.de/bizer/bsbm/v01/instances/dataFrom/Product1;http://www4.wiwiss.fu-berlin.de/bizer/bsbm/v01/vocabulary/productFeature;http://www4.wiwiss.fu-berlin.de/bizer/bsbm/v01/instances/ProductFeature428
http://www4.wiwiss.fu-berlin.de/bizer/bsbm/v01/instances/dataFrom/Product1;http://www4.wiwiss.fu-berlin.de/bizer/bsbm/v01/vocabulary/productFeature;http://www4.wiwiss.fu-berlin.de/bizer/bsbm/v01/instances/ProductFeature428
http://www4.wiwiss.fu-berlin.de/bizer/bsbm/v01/instances/dataFrom/Product1;http://www4.wiwiss.fu-berlin.de/bizer/bsbm/v01/vocabulary/productFeature;http://www4.wiwiss.fu-berlin.de/bizer/bsbm/v01/instances/ProductFeature430
http://www4.wiwiss.fu-berlin.de/bizer/bsbm/v01/instances/dataFrom/Product1;http://www4.wiwiss.fu-berlin.de/bizer/bsbm/v01/vocabulary/productFeature;http://www4.wiwiss.fu-berlin.de/bizer/bsbm/v01/instances/ProductFeature430
http://www4.wiwiss.fu-berlin.de/bizer/bsbm/v01/instances/dataFrom/Product1;http://www4.wiwiss.fu-berlin.de/bizer/bsbm/v01/vocabulary/productFeature;http://www4.wiwiss.fu-berlin.de/bizer/bsbm/v01/instances/ProductFeature430
http://www4.wiwiss.fu-berlin.de/bizer/bsbm/v01/instances/dataFrom/Product1;http://www4.wiwiss.fu-berlin.de/bizer/bsbm/v01/vocabulary/productFeature;http://www4.wiwiss.fu-berlin.de/bizer/bsbm/v01/instances/ProductFeature432
http://www4.wiwiss.fu-berlin.de/bizer/bsbm/v01/instances/dataFrom/Product1;http://www4.wiwiss.fu-berlin.de/bizer/bsbm/v01/vocabulary/productFeature;http://www4.wiwiss.fu-berlin.de/bizer/bsbm/v01/instances/ProductFeature432
http://www4.wiwiss.fu-berlin.de/bizer/bsbm/v01/instances/dataFrom/Product1;http://www4.wiwiss.fu-berlin.de/bizer/bsbm/v01/vocabulary/productFeature;http://www4.wiwiss.fu-berlin.de/bizer/bsbm/v01/instances/ProductFeature432
http://www4.wiwiss.fu-berlin.de/bizer/bsbm/v01/instances/dataFrom/Product1;http://www4.wiwiss.fu-berlin.de/bizer/bsbm/v01/vocabulary/productFeature;http://www4.wiwiss.fu-berlin.de/bizer/bsbm/v01/instances/ProductFeature433
http://www4.wiwiss.fu-berlin.de/bizer/bsbm/v01/instances/dataFrom/Product1;http://www4.wiwiss.fu-berlin.de/bizer/bsbm/v01/vocabulary/productFeature;http://www4.wiwiss.fu-berlin.de/bizer/bsbm/v01/instances/ProductFeature433
http://www4.wiwiss.fu-berlin.de/bizer/bsbm/v01/instances/dataFrom/Product1;http://www4.wiwiss.fu-berlin.de/bizer/bsbm/v01/vocabulary/productFeature;http://www4.wiwiss.fu-berlin.de/bizer/bsbm/v01/instances/ProductFeature445
http://www4.wiwiss.fu-berlin.de/bizer/bsbm/v01/instances/dataFrom/Product1;http://www4.wiwiss.fu-berlin.de/bizer/bsbm/v01/vocabulary/productFeature;http://www4.wiwiss.fu-berlin.de/bizer/bsbm/v01/instances/ProductFeature445
http://www4.wiwiss.fu-berlin.de/bizer/bsbm/v01/instances/dataFrom/Product1;http://www4.wiwiss.fu-berlin.de/bizer/bsbm/v01/vocabulary/productFeature;http://www4.wiwiss.fu-berlin.de/bizer/bsbm/v01/instances/ProductFeature445
http://www4.wiwiss.fu-berlin.de/bizer/bsbm/v01/instances/dataFrom/Product1;http://www4.wiwiss.fu-berlin.de/bizer/bsbm/v01/vocabulary/productFeature;http://www4.wiwiss.fu-berlin.de/bizer/bsbm/v01/instances/ProductFeature449
http://www4.wiwiss.fu-berlin.de/bizer/bsbm/v01/instances/dataFrom/Product1;http://www4.wiwiss.fu-berlin.de/bizer/bsbm/v01/vocabulary/productFeature;http://www4.wiwiss.fu-berlin.de/bizer/bsbm/v01/instances/ProductFeature449
http://www4.wiwiss.fu-berlin.de/bizer/bsbm/v01/instances/dataFrom/Product1;http://www4.wiwiss.fu-berlin.de/bizer/bsbm/v01/vocabulary/productFeature;http://www4.wiwiss.fu-berlin.de/bizer/bsbm/v01/instances/ProductFeature449
http://www4.wiwiss.fu-berlin.de/bizer/bsbm/v01/instances/dataFrom/Product1;http://www4.wiwiss.fu-berlin.de/bizer/bsbm/v01/vocabulary/productFeature;http://www4.wiwiss.fu-berlin.de/bizer/bsbm/v01/instances/ProductFeature451
http://www4.wiwiss.fu-berlin.de/bizer/bsbm/v01/instances/dataFrom/Product1;http://www4.wiwiss.fu-berlin.de/bizer/bsbm/v01/vocabulary/productFeature;http://www4.wiwiss.fu-berlin.de/bizer/bsbm/v01/instances/ProductFeature451
http://www4.wiwiss.fu-berlin.de/bizer/bsbm/v01/instances/dataFrom/Product1;http://www4.wiwiss.fu-berlin.de/bizer/bsbm/v01/vocabulary/productFeature;http://www4.wiwiss.fu-berlin.de/bizer/bsbm/v01/instances/ProductFeature451
http://www4.wiwiss.fu-berlin.de/bizer/bsbm/v01/instances/dataFrom/Product1;http://www4.wiwiss.fu-berlin.de/bizer/bsbm/v01/vocabulary/productFeature;http://www4.wiwiss.fu-berlin.de/bizer/bsbm/v01/instances/ProductFeature451
http://www4.wiwiss.fu-berlin.de/bizer/bsbm/v01/instances/dataFrom/Product86;http://www4.wiwiss.fu-berlin.de/bizer/bsbm/v01/vocabulary/productFeature;http://www4.wiwiss.fu-berlin.de/bizer/bsbm/v01/instances/ProductFeature416
http://www4.wiwiss.fu-berlin.de/bizer/bsbm/v01/instances/dataFrom/Product86;http://www4.wiwiss.fu-berlin.de/bizer/bsbm/v01/vocabulary/productFeature;http://www4.wiwiss.fu-berlin.de/bizer/bsbm/v01/instances/ProductFeature416
http://www4.wiwiss.fu-berlin.de/bizer/bsbm/v01/instances/dataFrom/Product86;http://www4.wiwiss.fu-berlin.de/bizer/bsbm/v01/vocabulary/productFeature;http://www4.wiwiss.fu-berlin.de/bizer/bsbm/v01/instances/ProductFeature418
http://www4.wiwiss.fu-berlin.de/bizer/bsbm/v01/instances/dataFrom/Product86;http://www4.wiwiss.fu-berlin.de/bizer/bsbm/v01/vocabulary/productFeature;http://www4.wiwiss.fu-berlin.de/bizer/bsbm/v01/instances/ProductFeature418
http://www4.wiwiss.fu-berlin.de/bizer/bsbm/v01/instances/dataFrom/Product86;http://www4.wiwiss.fu-berlin.de/bizer/bsbm/v01/vocabulary/productFeature;http://www4.wiwiss.fu-berlin.de/bizer/bsbm/v01/instances/ProductFeature418
http://www4.wiwiss.fu-berlin.de/bizer/bsbm/v01/instances/dataFrom/Product86;http://www4.wiwiss.fu-berlin.de/bizer/bsbm/v01/vocabulary/productFeature;http://www4.wiwiss.fu-berlin.de/bizer/bsbm/v01/instances/ProductFeature428
http://www4.wiwiss.fu-berlin.de/bizer/bsbm/v01/instances/dataFrom/Product86;http://www4.wiwiss.fu-berlin.de/bizer/bsbm/v01/vocabulary/productFeature;http://www4.wiwiss.fu-berlin.de/bizer/bsbm/v01/instances/ProductFeature428
http://www4.wiwiss.fu-berlin.de/bizer/bsbm/v01/instances/dataFrom/Product86;http://www4.wiwiss.fu-berlin.de/bizer/bsbm/v01/vocabulary/productFeature;http://www4.wiwiss.fu-berlin.de/bizer/bsbm/v01/instances/ProductFeature430
http://www4.wiwiss.fu-berlin.de/bizer/bsbm/v01/instances/dataFrom/Product86;http://www4.wiwiss.fu-berlin.de/bizer/bsbm/v01/vocabulary/productFeature;http://www4.wiwiss.fu-berlin.de/bizer/bsbm/v01/instances/ProductFeature430
http://www4.wiwiss.fu-berlin.de/bizer/bsbm/v01/instances/dataFrom/Product86;http://www4.wiwiss.fu-berlin.de/bizer/bsbm/v01/vocabulary/productFeature;http://www4.wiwiss.fu-berlin.de/bizer/bsbm/v01/instances/ProductFeature430
http://www4.wiwiss.fu-berlin.de/bizer/bsbm/v01/instances/dataFrom/Product86;http://www4.wiwiss.fu-berlin.de/bizer/bsbm/v01/vocabulary/productFeature;http://www4.wiwiss.fu-berlin.de/bizer/bsbm/v01/instances/ProductFeature432
http://www4.wiwiss.fu-berlin.de/bizer/bsbm/v01/instances/dataFrom/Product86;http://www4.wiwiss.fu-berlin.de/bizer/bsbm/v01/vocabulary/productFeature;http://www4.wiwiss.fu-berlin.de/bizer/bsbm/v01/instances/ProductFeature432
http://www4.wiwiss.fu-berlin.de/bizer/bsbm/v01/instances/dataFrom/Product86;http://www4.wiwiss.fu-berlin.de/bizer/bsbm/v01/vocabulary/productFeature;http://www4.wiwiss.fu-berlin.de/bizer/bsbm/v01/instances/ProductFeature432
http://www4.wiwiss.fu-berlin.de/bizer/bsbm/v01/instances/dataFrom/Product86;http://www4.wiwiss.fu-berlin.de/bizer/bsbm/v01/vocabulary/productFeature;http://www4.wiwiss.fu-berlin.de/bizer/bsbm/v01/instances/ProductFeature433
http://www4.wiwiss.fu-berlin.de/bizer/bsbm/v01/instances/dataFrom/Product86;http://www4.wiwiss.fu-berlin.de/bizer/bsbm/v01/vocabulary/productFeature;http://www4.wiwiss.fu-berlin.de/bizer/bsbm/v01/instances/ProductFeature433
http://www4.wiwiss.fu-berlin.de/bizer/bsbm/v01/instances/dataFrom/Product86;http://www4.wiwiss.fu-berlin.de/bizer/bsbm/v01/vocabulary/productFeature;http://www4.wiwiss.fu-berlin.de/bizer/bsbm/v01/instances/ProductFeature445
http://www4.wiwiss.fu-berlin.de/bizer/bsbm/v01/instances/dataFrom/Product86;http://www4.wiwiss.fu-berlin.de/bizer/bsbm/v01/vocabulary/productFeature;http://www4.wiwiss.fu-berlin.de/bizer/bsbm/v01/instances/ProductFeature445
http://www4.wiwiss.fu-berlin.de/bizer/bsbm/v01/instances/dataFrom/Product86;http://www4.wiwiss.fu-berlin.de/bizer/bsbm/v01/vocabulary/productFeature;http://www4.wiwiss.fu-berlin.de/bizer/bsbm/v01/instances/ProductFeature445
http://www4.wiwiss.fu-berlin.de/bizer/bsbm/v01/instances/dataFrom/Product86;http://www4.wiwiss.fu-berlin.de/bizer/bsbm/v01/vocabulary/productFeature;http://www4.wiwiss.fu-berlin.de/bizer/bsbm/v01/instances/ProductFeature449
http://www4.wiwiss.fu-berlin.de/bizer/bsbm/v01/instances/dataFrom/Product86;http://www4.wiwiss.fu-berlin.de/bizer/bsbm/v01/vocabulary/productFeature;http://www4.wiwiss.fu-berlin.de/bizer/bsbm/v01/instances/ProductFeature449
http://www4.wiwiss.fu-berlin.de/bizer/bsbm/v01/instances/dataFrom/Product86;http://www4.wiwiss.fu-berlin.de/bizer/bsbm/v01/vocabulary/productFeature;http://www4.wiwiss.fu-berlin.de/bizer/bsbm/v01/instances/ProductFeature449
http://www4.wiwiss.fu-berlin.de/bizer/bsbm/v01/instances/dataFrom/Product86;http://www4.wiwiss.fu-berlin.de/bizer/bsbm/v01/vocabulary/productFeature;http://www4.wiwiss.fu-berlin.de/bizer/bsbm/v01/instances/ProductFeature451
http://www4.wiwiss.fu-berlin.de/bizer/bsbm/v01/instances/dataFrom/Product86;http://www4.wiwiss.fu-berlin.de/bizer/bsbm/v01/vocabulary/productFeature;http://www4.wiwiss.fu-berlin.de/bizer/bsbm/v01/instances/ProductFeature451
http://www4.wiwiss.fu-berlin.de/bizer/bsbm/v01/instances/dataFrom/Product86;http://www4.wiwiss.fu-berlin.de/bizer/bsbm/v01/vocabulary/productFeature;http://www4.wiwiss.fu-berlin.de/bizer/bsbm/v01/instances/ProductFeature451
http://www4.wiwiss.fu-berlin.de/bizer/bsbm/v01/instances/dataFrom/Product86;http://www4.wiwiss.fu-berlin.de/bizer/bsbm/v01/vocabulary/productFeature;http://www4.wiwiss.fu-berlin.de/bizer/bsbm/v01/instances/ProductFeature451
http://www4.wiwiss.fu-berlin.de/bizer/bsbm/v01/instances/dataFrom/Product59;http://www4.wiwiss.fu-berlin.de/bizer/bsbm/v01/vocabulary/productFeature;http://www4.wiwiss.fu-berlin.de/bizer/bsbm/v01/instances/ProductFeature416
http://www4.wiwiss.fu-berlin.de/bizer/bsbm/v01/instances/dataFrom/Product59;http://www4.wiwiss.fu-berlin.de/bizer/bsbm/v01/vocabulary/productFeature;http://www4.wiwiss.fu-berlin.de/bizer/bsbm/v01/instances/ProductFeature416
http://www4.wiwiss.fu-berlin.de/bizer/bsbm/v01/instances/dataFrom/Product59;http://www4.wiwiss.fu-berlin.de/bizer/bsbm/v01/vocabulary/productFeature;http://www4.wiwiss.fu-berlin.de/bizer/bsbm/v01/instances/ProductFeature418
http://www4.wiwiss.fu-berlin.de/bizer/bsbm/v01/instances/dataFrom/Product59;http://www4.wiwiss.fu-berlin.de/bizer/bsbm/v01/vocabulary/productFeature;http://www4.wiwiss.fu-berlin.de/bizer/bsbm/v01/instances/ProductFeature418
http://www4.wiwiss.fu-berlin.de/bizer/bsbm/v01/instances/dataFrom/Product59;http://www4.wiwiss.fu-berlin.de/bizer/bsbm/v01/vocabulary/productFeature;http://www4.wiwiss.fu-berlin.de/bizer/bsbm/v01/instances/ProductFeature418
http://www4.wiwiss.fu-berlin.de/bizer/bsbm/v01/instances/dataFrom/Product59;http://www4.wiwiss.fu-berlin.de/bizer/bsbm/v01/vocabulary/productFeature;http://www4.wiwiss.fu-berlin.de/bizer/bsbm/v01/instances/ProductFeature428
http://www4.wiwiss.fu-berlin.de/bizer/bsbm/v01/instances/dataFrom/Product59;http://www4.wiwiss.fu-berlin.de/bizer/bsbm/v01/vocabulary/productFeature;http://www4.wiwiss.fu-berlin.de/bizer/bsbm/v01/instances/ProductFeature428
http://www4.wiwiss.fu-berlin.de/bizer/bsbm/v01/instances/dataFrom/Product59;http://www4.wiwiss.fu-berlin.de/bizer/bsbm/v01/vocabulary/productFeature;http://www4.wiwiss.fu-berlin.de/bizer/bsbm/v01/instances/ProductFeature430
http://www4.wiwiss.fu-berlin.de/bizer/bsbm/v01/instances/dataFrom/Product59;http://www4.wiwiss.fu-berlin.de/bizer/bsbm/v01/vocabulary/productFeature;http://www4.wiwiss.fu-berlin.de/bizer/bsbm/v01/instances/ProductFeature430
http://www4.wiwiss.fu-berlin.de/bizer/bsbm/v01/instances/dataFrom/Product59;http://www4.wiwiss.fu-berlin.de/bizer/bsbm/v01/vocabulary/productFeature;http://www4.wiwiss.fu-berlin.de/bizer/bsbm/v01/instances/ProductFeature430
http://www4.wiwiss.fu-berlin.de/bizer/bsbm/v01/instances/dataFrom/Product59;http://www4.wiwiss.fu-berlin.de/bizer/bsbm/v01/vocabulary/productFeature;http://www4.wiwiss.fu-berlin.de/bizer/bsbm/v01/instances/ProductFeature432
http://www4.wiwiss.fu-berlin.de/bizer/bsbm/v01/instances/dataFrom/Product59;http://www4.wiwiss.fu-berlin.de/bizer/bsbm/v01/vocabulary/productFeature;http://www4.wiwiss.fu-berlin.de/bizer/bsbm/v01/instances/ProductFeature432
http://www4.wiwiss.fu-berlin.de/bizer/bsbm/v01/instances/dataFrom/Product59;http://www4.wiwiss.fu-berlin.de/bizer/bsbm/v01/vocabulary/productFeature;http://www4.wiwiss.fu-berlin.de/bizer/bsbm/v01/instances/ProductFeature432
http://www4.wiwiss.fu-berlin.de/bizer/bsbm/v01/instances/dataFrom/Product59;http://www4.wiwiss.fu-berlin.de/bizer/bsbm/v01/vocabulary/productFeature;http://www4.wiwiss.fu-berlin.de/bizer/bsbm/v01/instances/ProductFeature433
http://www4.wiwiss.fu-berlin.de/bizer/bsbm/v01/instances/dataFrom/Product59;http://www4.wiwiss.fu-berlin.de/bizer/bsbm/v01/vocabulary/productFeature;http://www4.wiwiss.fu-berlin.de/bizer/bsbm/v01/instances/ProductFeature433
http://www4.wiwiss.fu-berlin.de/bizer/bsbm/v01/instances/dataFrom/Product59;http://www4.wiwiss.fu-berlin.de/bizer/bsbm/v01/vocabulary/productFeature;http://www4.wiwiss.fu-berlin.de/bizer/bsbm/v01/instances/ProductFeature445
http://www4.wiwiss.fu-berlin.de/bizer/bsbm/v01/instances/dataFrom/Product59;http://www4.wiwiss.fu-berlin.de/bizer/bsbm/v01/vocabulary/productFeature;http://www4.wiwiss.fu-berlin.de/bizer/bsbm/v01/instances/ProductFeature445
http://www4.wiwiss.fu-berlin.de/bizer/bsbm/v01/instances/dataFrom/Product59;http://www4.wiwiss.fu-berlin.de/bizer/bsbm/v01/vocabulary/productFeature;http://www4.wiwiss.fu-berlin.de/bizer/bsbm/v01/instances/ProductFeature445
http://www4.wiwiss.fu-berlin.de/bizer/bsbm/v01/instances/dataFrom/Product59;http://www4.wiwiss.fu-berlin.de/bizer/bsbm/v01/vocabulary/productFeature;http://www4.wiwiss.fu-berlin.de/bizer/bsbm/v01/instances/ProductFeature449
http://www4.wiwiss.fu-berlin.de/bizer/bsbm/v01/instances/dataFrom/Product59;http://www4.wiwiss.fu-berlin.de/bizer/bsbm/v01/vocabulary/productFeature;http://www4.wiwiss.fu-berlin.de/bizer/bsbm/v01/instances/ProductFeature449
http://www4.wiwiss.fu-berlin.de/bizer/bsbm/v01/instances/dataFrom/Product59;http://www4.wiwiss.fu-berlin.de/bizer/bsbm/v01/vocabulary/productFeature;http://www4.wiwiss.fu-berlin.de/bizer/bsbm/v01/instances/ProductFeature449
http://www4.wiwiss.fu-berlin.de/bizer/bsbm/v01/instances/dataFrom/Product59;http://www4.wiwiss.fu-berlin.de/bizer/bsbm/v01/vocabulary/productFeature;http://www4.wiwiss.fu-berlin.de/bizer/bsbm/v01/instances/ProductFeature451
http://www4.wiwiss.fu-berlin.de/bizer/bsbm/v01/instances/dataFrom/Product59;http://www4.wiwiss.fu-berlin.de/bizer/bsbm/v01/vocabulary/productFeature;http://www4.wiwiss.fu-berlin.de/bizer/bsbm/v01/instances/ProductFeature451
http://www4.wiwiss.fu-berlin.de/bizer/bsbm/v01/instances/dataFrom/Product59;http://www4.wiwiss.fu-berlin.de/bizer/bsbm/v01/vocabulary/productFeature;http://www4.wiwiss.fu-berlin.de/bizer/bsbm/v01/instances/ProductFeature451
http://www4.wiwiss.fu-berlin.de/bizer/bsbm/v01/instances/dataFrom/Product59;http://www4.wiwiss.fu-berlin.de/bizer/bsbm/v01/vocabulary/productFeature;http://www4.wiwiss.fu-berlin.de/bizer/bsbm/v01/instances/ProductFeature451
http://www4.wiwiss.fu-berlin.de/bizer/bsbm/v01/instances/dataFrom/Product40;http://www4.wiwiss.fu-berlin.de/bizer/bsbm/v01/vocabulary/productFeature;http://www4.wiwiss.fu-berlin.de/bizer/bsbm/v01/instances/ProductFeature416
http://www4.wiwiss.fu-berlin.de/bizer/bsbm/v01/instances/dataFrom/Product40;http://www4.wiwiss.fu-berlin.de/bizer/bsbm/v01/vocabulary/productFeature;http://www4.wiwiss.fu-berlin.de/bizer/bsbm/v01/instances/ProductFeature416
http://www4.wiwiss.fu-berlin.de/bizer/bsbm/v01/instances/dataFrom/Product40;http://www4.wiwiss.fu-berlin.de/bizer/bsbm/v01/vocabulary/productFeature;http://www4.wiwiss.fu-berlin.de/bizer/bsbm/v01/instances/ProductFeature418
http://www4.wiwiss.fu-berlin.de/bizer/bsbm/v01/instances/dataFrom/Product40;http://www4.wiwiss.fu-berlin.de/bizer/bsbm/v01/vocabulary/productFeature;http://www4.wiwiss.fu-berlin.de/bizer/bsbm/v01/instances/ProductFeature418
http://www4.wiwiss.fu-berlin.de/bizer/bsbm/v01/instances/dataFrom/Product40;http://www4.wiwiss.fu-berlin.de/bizer/bsbm/v01/vocabulary/productFeature;http://www4.wiwiss.fu-berlin.de/bizer/bsbm/v01/instances/ProductFeature418
http://www4.wiwiss.fu-berlin.de/bizer/bsbm/v01/instances/dataFrom/Product40;http://www4.wiwiss.fu-berlin.de/bizer/bsbm/v01/vocabulary/productFeature;http://www4.wiwiss.fu-berlin.de/bizer/bsbm/v01/instances/ProductFeature428
http://www4.wiwiss.fu-berlin.de/bizer/bsbm/v01/instances/dataFrom/Product40;http://www4.wiwiss.fu-berlin.de/bizer/bsbm/v01/vocabulary/productFeature;http://www4.wiwiss.fu-berlin.de/bizer/bsbm/v01/instances/ProductFeature428
http://www4.wiwiss.fu-berlin.de/bizer/bsbm/v01/instances/dataFrom/Product40;http://www4.wiwiss.fu-berlin.de/bizer/bsbm/v01/vocabulary/productFeature;http://www4.wiwiss.fu-berlin.de/bizer/bsbm/v01/instances/ProductFeature430
http://www4.wiwiss.fu-berlin.de/bizer/bsbm/v01/instances/dataFrom/Product40;http://www4.wiwiss.fu-berlin.de/bizer/bsbm/v01/vocabulary/productFeature;http://www4.wiwiss.fu-berlin.de/bizer/bsbm/v01/instances/ProductFeature430
http://www4.wiwiss.fu-berlin.de/bizer/bsbm/v01/instances/dataFrom/Product40;http://www4.wiwiss.fu-berlin.de/bizer/bsbm/v01/vocabulary/productFeature;http://www4.wiwiss.fu-berlin.de/bizer/bsbm/v01/instances/ProductFeature430
http://www4.wiwiss.fu-berlin.de/bizer/bsbm/v01/instances/dataFrom/Product40;http://www4.wiwiss.fu-berlin.de/bizer/bsbm/v01/vocabulary/productFeature;http://www4.wiwiss.fu-berlin.de/bizer/bsbm/v01/instances/ProductFeature432
http://www4.wiwiss.fu-berlin.de/bizer/bsbm/v01/instances/dataFrom/Product40;http://www4.wiwiss.fu-berlin.de/bizer/bsbm/v01/vocabulary/productFeature;http://www4.wiwiss.fu-berlin.de/bizer/bsbm/v01/instances/ProductFeature432
http://www4.wiwiss.fu-berlin.de/bizer/bsbm/v01/instances/dataFrom/Product40;http://www4.wiwiss.fu-berlin.de/bizer/bsbm/v01/vocabulary/productFeature;http://www4.wiwiss.fu-berlin.de/bizer/bsbm/v01/instances/ProductFeature432
http://www4.wiwiss.fu-berlin.de/bizer/bsbm/v01/instances/dataFrom/Product40;http://www4.wiwiss.fu-berlin.de/bizer/bsbm/v01/vocabulary/productFeature;http://www4.wiwiss.fu-berlin.de/bizer/bsbm/v01/instances/ProductFeature433
http://www4.wiwiss.fu-berlin.de/bizer/bsbm/v01/instances/dataFrom/Product40;http://www4.wiwiss.fu-berlin.de/bizer/bsbm/v01/vocabulary/productFeature;http://www4.wiwiss.fu-berlin.de/bizer/bsbm/v01/instances/ProductFeature433
http://www4.wiwiss.fu-berlin.de/bizer/bsbm/v01/instances/dataFrom/Product40;http://www4.wiwiss.fu-berlin.de/bizer/bsbm/v01/vocabulary/productFeature;http://www4.wiwiss.fu-berlin.de/bizer/bsbm/v01/instances/ProductFeature445
http://www4.wiwiss.fu-berlin.de/bizer/bsbm/v01/instances/dataFrom/Product40;http://www4.wiwiss.fu-berlin.de/bizer/bsbm/v01/vocabulary/productFeature;http://www4.wiwiss.fu-berlin.de/bizer/bsbm/v01/instances/ProductFeature445
http://www4.wiwiss.fu-berlin.de/bizer/bsbm/v01/instances/dataFrom/Product40;http://www4.wiwiss.fu-berlin.de/bizer/bsbm/v01/vocabulary/productFeature;http://www4.wiwiss.fu-berlin.de/bizer/bsbm/v01/instances/ProductFeature445
http://www4.wiwiss.fu-berlin.de/bizer/bsbm/v01/instances/dataFrom/Product40;http://www4.wiwiss.fu-berlin.de/bizer/bsbm/v01/vocabulary/productFeature;http://www4.wiwiss.fu-berlin.de/bizer/bsbm/v01/instances/ProductFeature449
http://www4.wiwiss.fu-berlin.de/bizer/bsbm/v01/instances/dataFrom/Product40;http://www4.wiwiss.fu-berlin.de/bizer/bsbm/v01/vocabulary/productFeature;http://www4.wiwiss.fu-berlin.de/bizer/bsbm/v01/instances/ProductFeature449
http://www4.wiwiss.fu-berlin.de/bizer/bsbm/v01/instances/dataFrom/Product40;http://www4.wiwiss.fu-berlin.de/bizer/bsbm/v01/vocabulary/productFeature;http://www4.wiwiss.fu-berlin.de/bizer/bsbm/v01/instances/ProductFeature449
http://www4.wiwiss.fu-berlin.de/bizer/bsbm/v01/instances/dataFrom/Product40;http://www4.wiwiss.fu-berlin.de/bizer/bsbm/v01/vocabulary/productFeature;http://www4.wiwiss.fu-berlin.de/bizer/bsbm/v01/instances/ProductFeature451
http://www4.wiwiss.fu-berlin.de/bizer/bsbm/v01/instances/dataFrom/Product40;http://www4.wiwiss.fu-berlin.de/bizer/bsbm/v01/vocabulary/productFeature;http://www4.wiwiss.fu-berlin.de/bizer/bsbm/v01/instances/ProductFeature451
http://www4.wiwiss.fu-berlin.de/bizer/bsbm/v01/instances/dataFrom/Product40;http://www4.wiwiss.fu-berlin.de/bizer/bsbm/v01/vocabulary/productFeature;http://www4.wiwiss.fu-berlin.de/bizer/bsbm/v01/instances/ProductFeature451
http://www4.wiwiss.fu-berlin.de/bizer/bsbm/v01/instances/dataFrom/Product40;http://www4.wiwiss.fu-berlin.de/bizer/bsbm/v01/vocabulary/productFeature;http://www4.wiwiss.fu-berlin.de/bizer/bsbm/v01/instances/ProductFeature451
http://www4.wiwiss.fu-berlin.de/bizer/bsbm/v01/instances/dataFrom/Product81;http://www4.wiwiss.fu-berlin.de/bizer/bsbm/v01/vocabulary/productFeature;http://www4.wiwiss.fu-berlin.de/bizer/bsbm/v01/instances/ProductFeature416
http://www4.wiwiss.fu-berlin.de/bizer/bsbm/v01/instances/dataFrom/Product81;http://www4.wiwiss.fu-berlin.de/bizer/bsbm/v01/vocabulary/productFeature;http://www4.wiwiss.fu-berlin.de/bizer/bsbm/v01/instances/ProductFeature416
http://www4.wiwiss.fu-berlin.de/bizer/bsbm/v01/instances/dataFrom/Product81;http://www4.wiwiss.fu-berlin.de/bizer/bsbm/v01/vocabulary/productFeature;http://www4.wiwiss.fu-berlin.de/bizer/bsbm/v01/instances/ProductFeature418
http://www4.wiwiss.fu-berlin.de/bizer/bsbm/v01/instances/dataFrom/Product81;http://www4.wiwiss.fu-berlin.de/bizer/bsbm/v01/vocabulary/productFeature;http://www4.wiwiss.fu-berlin.de/bizer/bsbm/v01/instances/ProductFeature418
http://www4.wiwiss.fu-berlin.de/bizer/bsbm/v01/instances/dataFrom/Product81;http://www4.wiwiss.fu-berlin.de/bizer/bsbm/v01/vocabulary/productFeature;http://www4.wiwiss.fu-berlin.de/bizer/bsbm/v01/instances/ProductFeature418
http://www4.wiwiss.fu-berlin.de/bizer/bsbm/v01/instances/dataFrom/Product81;http://www4.wiwiss.fu-berlin.de/bizer/bsbm/v01/vocabulary/productFeature;http://www4.wiwiss.fu-berlin.de/bizer/bsbm/v01/instances/ProductFeature428
http://www4.wiwiss.fu-berlin.de/bizer/bsbm/v01/instances/dataFrom/Product81;http://www4.wiwiss.fu-berlin.de/bizer/bsbm/v01/vocabulary/productFeature;http://www4.wiwiss.fu-berlin.de/bizer/bsbm/v01/instances/ProductFeature428
http://www4.wiwiss.fu-berlin.de/bizer/bsbm/v01/instances/dataFrom/Product81;http://www4.wiwiss.fu-berlin.de/bizer/bsbm/v01/vocabulary/productFeature;http://www4.wiwiss.fu-berlin.de/bizer/bsbm/v01/instances/ProductFeature430
http://www4.wiwiss.fu-berlin.de/bizer/bsbm/v01/instances/dataFrom/Product81;http://www4.wiwiss.fu-berlin.de/bizer/bsbm/v01/vocabulary/productFeature;http://www4.wiwiss.fu-berlin.de/bizer/bsbm/v01/instances/ProductFeature430
http://www4.wiwiss.fu-berlin.de/bizer/bsbm/v01/instances/dataFrom/Product81;http://www4.wiwiss.fu-berlin.de/bizer/bsbm/v01/vocabulary/productFeature;http://www4.wiwiss.fu-berlin.de/bizer/bsbm/v01/instances/ProductFeature430
http://www4.wiwiss.fu-berlin.de/bizer/bsbm/v01/instances/dataFrom/Product81;http://www4.wiwiss.fu-berlin.de/bizer/bsbm/v01/vocabulary/productFeature;http://www4.wiwiss.fu-berlin.de/bizer/bsbm/v01/instances/ProductFeature432
http://www4.wiwiss.fu-berlin.de/bizer/bsbm/v01/instances/dataFrom/Product81;http://www4.wiwiss.fu-berlin.de/bizer/bsbm/v01/vocabulary/productFeature;http://www4.wiwiss.fu-berlin.de/bizer/bsbm/v01/instances/ProductFeature432
http://www4.wiwiss.fu-berlin.de/bizer/bsbm/v01/instances/dataFrom/Product81;http://www4.wiwiss.fu-berlin.de/bizer/bsbm/v01/vocabulary/productFeature;http://www4.wiwiss.fu-berlin.de/bizer/bsbm/v01/instances/ProductFeature432
http://www4.wiwiss.fu-berlin.de/bizer/bsbm/v01/instances/dataFrom/Product81;http://www4.wiwiss.fu-berlin.de/bizer/bsbm/v01/vocabulary/productFeature;http://www4.wiwiss.fu-berlin.de/bizer/bsbm/v01/instances/ProductFeature433
http://www4.wiwiss.fu-berlin.de/bizer/bsbm/v01/instances/dataFrom/Product81;http://www4.wiwiss.fu-berlin.de/bizer/bsbm/v01/vocabulary/productFeature;http://www4.wiwiss.fu-berlin.de/bizer/bsbm/v01/instances/ProductFeature433
http://www4.wiwiss.fu-berlin.de/bizer/bsbm/v01/instances/dataFrom/Product81;http://www4.wiwiss.fu-berlin.de/bizer/bsbm/v01/vocabulary/productFeature;http://www4.wiwiss.fu-berlin.de/bizer/bsbm/v01/instances/ProductFeature445
http://www4.wiwiss.fu-berlin.de/bizer/bsbm/v01/instances/dataFrom/Product81;http://www4.wiwiss.fu-berlin.de/bizer/bsbm/v01/vocabulary/productFeature;http://www4.wiwiss.fu-berlin.de/bizer/bsbm/v01/instances/ProductFeature445
http://www4.wiwiss.fu-berlin.de/bizer/bsbm/v01/instances/dataFrom/Product81;http://www4.wiwiss.fu-berlin.de/bizer/bsbm/v01/vocabulary/productFeature;http://www4.wiwiss.fu-berlin.de/bizer/bsbm/v01/instances/ProductFeature445
http://www4.wiwiss.fu-berlin.de/bizer/bsbm/v01/instances/dataFrom/Product81;http://www4.wiwiss.fu-berlin.de/bizer/bsbm/v01/vocabulary/productFeature;http://www4.wiwiss.fu-berlin.de/bizer/bsbm/v01/instances/ProductFeature449
http://www4.wiwiss.fu-berlin.de/bizer/bsbm/v01/instances/dataFrom/Product81;http://www4.wiwiss.fu-berlin.de/bizer/bsbm/v01/vocabulary/productFeature;http://www4.wiwiss.fu-berlin.de/bizer/bsbm/v01/instances/ProductFeature449
http://www4.wiwiss.fu-berlin.de/bizer/bsbm/v01/instances/dataFrom/Product81;http://www4.wiwiss.fu-berlin.de/bizer/bsbm/v01/vocabulary/productFeature;http://www4.wiwiss.fu-berlin.de/bizer/bsbm/v01/instances/ProductFeature449
http://www4.wiwiss.fu-berlin.de/bizer/bsbm/v01/instances/dataFrom/Product81;http://www4.wiwiss.fu-berlin.de/bizer/bsbm/v01/vocabulary/productFeature;http://www4.wiwiss.fu-berlin.de/bizer/bsbm/v01/instances/ProductFeature451
http://www4.wiwiss.fu-berlin.de/bizer/bsbm/v01/instances/dataFrom/Product81;http://www4.wiwiss.fu-berlin.de/bizer/bsbm/v01/vocabulary/productFeature;http://www4.wiwiss.fu-berlin.de/bizer/bsbm/v01/instances/ProductFeature451
http://www4.wiwiss.fu-berlin.de/bizer/bsbm/v01/instances/dataFrom/Product81;http://www4.wiwiss.fu-berlin.de/bizer/bsbm/v01/vocabulary/productFeature;http://www4.wiwiss.fu-berlin.de/bizer/bsbm/v01/instances/ProductFeature451
http://www4.wiwiss.fu-berlin.de/bizer/bsbm/v01/instances/dataFrom/Product81;http://www4.wiwiss.fu-berlin.de/bizer/bsbm/v01/vocabulary/productFeature;http://www4.wiwiss.fu-berlin.de/bizer/bsbm/v01/instances/ProductFeature451
http://www4.wiwiss.fu-berlin.de/bizer/bsbm/v01/instances/dataFrom/Product8;http://www4.wiwiss.fu-berlin.de/bizer/bsbm/v01/vocabulary/productFeature;http://www4.wiwiss.fu-berlin.de/bizer/bsbm/v01/instances/ProductFeature416
http://www4.wiwiss.fu-berlin.de/bizer/bsbm/v01/instances/dataFrom/Product8;http://www4.wiwiss.fu-berlin.de/bizer/bsbm/v01/vocabulary/productFeature;http://www4.wiwiss.fu-berlin.de/bizer/bsbm/v01/instances/ProductFeature416
http://www4.wiwiss.fu-berlin.de/bizer/bsbm/v01/instances/dataFrom/Product8;http://www4.wiwiss.fu-berlin.de/bizer/bsbm/v01/vocabulary/productFeature;http://www4.wiwiss.fu-berlin.de/bizer/bsbm/v01/instances/ProductFeature418
http://www4.wiwiss.fu-berlin.de/bizer/bsbm/v01/instances/dataFrom/Product8;http://www4.wiwiss.fu-berlin.de/bizer/bsbm/v01/vocabulary/productFeature;http://www4.wiwiss.fu-berlin.de/bizer/bsbm/v01/instances/ProductFeature418
http://www4.wiwiss.fu-berlin.de/bizer/bsbm/v01/instances/dataFrom/Product8;http://www4.wiwiss.fu-berlin.de/bizer/bsbm/v01/vocabulary/productFeature;http://www4.wiwiss.fu-berlin.de/bizer/bsbm/v01/instances/ProductFeature418
http://www4.wiwiss.fu-berlin.de/bizer/bsbm/v01/instances/dataFrom/Product8;http://www4.wiwiss.fu-berlin.de/bizer/bsbm/v01/vocabulary/productFeature;http://www4.wiwiss.fu-berlin.de/bizer/bsbm/v01/instances/ProductFeature428
http://www4.wiwiss.fu-berlin.de/bizer/bsbm/v01/instances/dataFrom/Product8;http://www4.wiwiss.fu-berlin.de/bizer/bsbm/v01/vocabulary/productFeature;http://www4.wiwiss.fu-berlin.de/bizer/bsbm/v01/instances/ProductFeature428
http://www4.wiwiss.fu-berlin.de/bizer/bsbm/v01/instances/dataFrom/Product8;http://www4.wiwiss.fu-berlin.de/bizer/bsbm/v01/vocabulary/productFeature;http://www4.wiwiss.fu-berlin.de/bizer/bsbm/v01/instances/ProductFeature430
http://www4.wiwiss.fu-berlin.de/bizer/bsbm/v01/instances/dataFrom/Product8;http://www4.wiwiss.fu-berlin.de/bizer/bsbm/v01/vocabulary/productFeature;http://www4.wiwiss.fu-berlin.de/bizer/bsbm/v01/instances/ProductFeature430
http://www4.wiwiss.fu-berlin.de/bizer/bsbm/v01/instances/dataFrom/Product8;http://www4.wiwiss.fu-berlin.de/bizer/bsbm/v01/vocabulary/productFeature;http://www4.wiwiss.fu-berlin.de/bizer/bsbm/v01/instances/ProductFeature430
http://www4.wiwiss.fu-berlin.de/bizer/bsbm/v01/instances/dataFrom/Product8;http://www4.wiwiss.fu-berlin.de/bizer/bsbm/v01/vocabulary/productFeature;http://www4.wiwiss.fu-berlin.de/bizer/bsbm/v01/instances/ProductFeature432
http://www4.wiwiss.fu-berlin.de/bizer/bsbm/v01/instances/dataFrom/Product8;http://www4.wiwiss.fu-berlin.de/bizer/bsbm/v01/vocabulary/productFeature;http://www4.wiwiss.fu-berlin.de/bizer/bsbm/v01/instances/ProductFeature432
http://www4.wiwiss.fu-berlin.de/bizer/bsbm/v01/instances/dataFrom/Product8;http://www4.wiwiss.fu-berlin.de/bizer/bsbm/v01/vocabulary/productFeature;http://www4.wiwiss.fu-berlin.de/bizer/bsbm/v01/instances/ProductFeature432
http://www4.wiwiss.fu-berlin.de/bizer/bsbm/v01/instances/dataFrom/Product8;http://www4.wiwiss.fu-berlin.de/bizer/bsbm/v01/vocabulary/productFeature;http://www4.wiwiss.fu-berlin.de/bizer/bsbm/v01/instances/ProductFeature433
http://www4.wiwiss.fu-berlin.de/bizer/bsbm/v01/instances/dataFrom/Product8;http://www4.wiwiss.fu-berlin.de/bizer/bsbm/v01/vocabulary/productFeature;http://www4.wiwiss.fu-berlin.de/bizer/bsbm/v01/instances/ProductFeature433
http://www4.wiwiss.fu-berlin.de/bizer/bsbm/v01/instances/dataFrom/Product8;http://www4.wiwiss.fu-berlin.de/bizer/bsbm/v01/vocabulary/productFeature;http://www4.wiwiss.fu-berlin.de/bizer/bsbm/v01/instances/ProductFeature445
http://www4.wiwiss.fu-berlin.de/bizer/bsbm/v01/instances/dataFrom/Product8;http://www4.wiwiss.fu-berlin.de/bizer/bsbm/v01/vocabulary/productFeature;http://www4.wiwiss.fu-berlin.de/bizer/bsbm/v01/instances/ProductFeature445
http://www4.wiwiss.fu-berlin.de/bizer/bsbm/v01/instances/dataFrom/Product8;http://www4.wiwiss.fu-berlin.de/bizer/bsbm/v01/vocabulary/productFeature;http://www4.wiwiss.fu-berlin.de/bizer/bsbm/v01/instances/ProductFeature445
http://www4.wiwiss.fu-berlin.de/bizer/bsbm/v01/instances/dataFrom/Product8;http://www4.wiwiss.fu-berlin.de/bizer/bsbm/v01/vocabulary/productFeature;http://www4.wiwiss.fu-berlin.de/bizer/bsbm/v01/instances/ProductFeature449
http://www4.wiwiss.fu-berlin.de/bizer/bsbm/v01/instances/dataFrom/Product8;http://www4.wiwiss.fu-berlin.de/bizer/bsbm/v01/vocabulary/productFeature;http://www4.wiwiss.fu-berlin.de/bizer/bsbm/v01/instances/ProductFeature449
http://www4.wiwiss.fu-berlin.de/bizer/bsbm/v01/instances/dataFrom/Product8;http://www4.wiwiss.fu-berlin.de/bizer/bsbm/v01/vocabulary/productFeature;http://www4.wiwiss.fu-berlin.de/bizer/bsbm/v01/instances/ProductFeature449
http://www4.wiwiss.fu-berlin.de/bizer/bsbm/v01/instances/dataFrom/Product8;http://www4.wiwiss.fu-berlin.de/bizer/bsbm/v01/vocabulary/productFeature;http://www4.wiwiss.fu-berlin.de/bizer/bsbm/v01/instances/ProductFeature451
http://www4.wiwiss.fu-berlin.de/bizer/bsbm/v01/instances/dataFrom/Product8;http://www4.wiwiss.fu-berlin.de/bizer/bsbm/v01/vocabulary/productFeature;http://www4.wiwiss.fu-berlin.de/bizer/bsbm/v01/instances/ProductFeature451
http://www4.wiwiss.fu-berlin.de/bizer/bsbm/v01/instances/dataFrom/Product8;http://www4.wiwiss.fu-berlin.de/bizer/bsbm/v01/vocabulary/productFeature;http://www4.wiwiss.fu-berlin.de/bizer/bsbm/v01/instances/ProductFeature451
http://www4.wiwiss.fu-berlin.de/bizer/bsbm/v01/instances/dataFrom/Product8;http://www4.wiwiss.fu-berlin.de/bizer/bsbm/v01/vocabulary/productFeature;http://www4.wiwiss.fu-berlin.de/bizer/bsbm/v01/instances/ProductFeature451
http://www4.wiwiss.fu-berlin.de/bizer/bsbm/v01/instances/dataFrom/Product55;http://www4.wiwiss.fu-berlin.de/bizer/bsbm/v01/vocabulary/productFeature;http://www4.wiwiss.fu-berlin.de/bizer/bsbm/v01/instances/ProductFeature416
http://www4.wiwiss.fu-berlin.de/bizer/bsbm/v01/instances/dataFrom/Product55;http://www4.wiwiss.fu-berlin.de/bizer/bsbm/v01/vocabulary/productFeature;http://www4.wiwiss.fu-berlin.de/bizer/bsbm/v01/instances/ProductFeature416
http://www4.wiwiss.fu-berlin.de/bizer/bsbm/v01/instances/dataFrom/Product55;http://www4.wiwiss.fu-berlin.de/bizer/bsbm/v01/vocabulary/productFeature;http://www4.wiwiss.fu-berlin.de/bizer/bsbm/v01/instances/ProductFeature418
http://www4.wiwiss.fu-berlin.de/bizer/bsbm/v01/instances/dataFrom/Product55;http://www4.wiwiss.fu-berlin.de/bizer/bsbm/v01/vocabulary/productFeature;http://www4.wiwiss.fu-berlin.de/bizer/bsbm/v01/instances/ProductFeature418
http://www4.wiwiss.fu-berlin.de/bizer/bsbm/v01/instances/dataFrom/Product55;http://www4.wiwiss.fu-berlin.de/bizer/bsbm/v01/vocabulary/productFeature;http://www4.wiwiss.fu-berlin.de/bizer/bsbm/v01/instances/ProductFeature418
http://www4.wiwiss.fu-berlin.de/bizer/bsbm/v01/instances/dataFrom/Product55;http://www4.wiwiss.fu-berlin.de/bizer/bsbm/v01/vocabulary/productFeature;http://www4.wiwiss.fu-berlin.de/bizer/bsbm/v01/instances/ProductFeature428
http://www4.wiwiss.fu-berlin.de/bizer/bsbm/v01/instances/dataFrom/Product55;http://www4.wiwiss.fu-berlin.de/bizer/bsbm/v01/vocabulary/productFeature;http://www4.wiwiss.fu-berlin.de/bizer/bsbm/v01/instances/ProductFeature428
http://www4.wiwiss.fu-berlin.de/bizer/bsbm/v01/instances/dataFrom/Product55;http://www4.wiwiss.fu-berlin.de/bizer/bsbm/v01/vocabulary/productFeature;http://www4.wiwiss.fu-berlin.de/bizer/bsbm/v01/instances/ProductFeature430
http://www4.wiwiss.fu-berlin.de/bizer/bsbm/v01/instances/dataFrom/Product55;http://www4.wiwiss.fu-berlin.de/bizer/bsbm/v01/vocabulary/productFeature;http://www4.wiwiss.fu-berlin.de/bizer/bsbm/v01/instances/ProductFeature430
http://www4.wiwiss.fu-berlin.de/bizer/bsbm/v01/instances/dataFrom/Product55;http://www4.wiwiss.fu-berlin.de/bizer/bsbm/v01/vocabulary/productFeature;http://www4.wiwiss.fu-berlin.de/bizer/bsbm/v01/instances/ProductFeature430
http://www4.wiwiss.fu-berlin.de/bizer/bsbm/v01/instances/dataFrom/Product55;http://www4.wiwiss.fu-berlin.de/bizer/bsbm/v01/vocabulary/productFeature;http://www4.wiwiss.fu-berlin.de/bizer/bsbm/v01/instances/ProductFeature432
http://www4.wiwiss.fu-berlin.de/bizer/bsbm/v01/instances/dataFrom/Product55;http://www4.wiwiss.fu-berlin.de/bizer/bsbm/v01/vocabulary/productFeature;http://www4.wiwiss.fu-berlin.de/bizer/bsbm/v01/instances/ProductFeature432
http://www4.wiwiss.fu-berlin.de/bizer/bsbm/v01/instances/dataFrom/Product55;http://www4.wiwiss.fu-berlin.de/bizer/bsbm/v01/vocabulary/productFeature;http://www4.wiwiss.fu-berlin.de/bizer/bsbm/v01/instances/ProductFeature432
http://www4.wiwiss.fu-berlin.de/bizer/bsbm/v01/instances/dataFrom/Product55;http://www4.wiwiss.fu-berlin.de/bizer/bsbm/v01/vocabulary/productFeature;http://www4.wiwiss.fu-berlin.de/bizer/bsbm/v01/instances/ProductFeature433
http://www4.wiwiss.fu-berlin.de/bizer/bsbm/v01/instances/dataFrom/Product55;http://www4.wiwiss.fu-berlin.de/bizer/bsbm/v01/vocabulary/productFeature;http://www4.wiwiss.fu-berlin.de/bizer/bsbm/v01/instances/ProductFeature433
http://www4.wiwiss.fu-berlin.de/bizer/bsbm/v01/instances/dataFrom/Product55;http://www4.wiwiss.fu-berlin.de/bizer/bsbm/v01/vocabulary/productFeature;http://www4.wiwiss.fu-berlin.de/bizer/bsbm/v01/instances/ProductFeature445
http://www4.wiwiss.fu-berlin.de/bizer/bsbm/v01/instances/dataFrom/Product55;http://www4.wiwiss.fu-berlin.de/bizer/bsbm/v01/vocabulary/productFeature;http://www4.wiwiss.fu-berlin.de/bizer/bsbm/v01/instances/ProductFeature445
http://www4.wiwiss.fu-berlin.de/bizer/bsbm/v01/instances/dataFrom/Product55;http://www4.wiwiss.fu-berlin.de/bizer/bsbm/v01/vocabulary/productFeature;http://www4.wiwiss.fu-berlin.de/bizer/bsbm/v01/instances/ProductFeature445
http://www4.wiwiss.fu-berlin.de/bizer/bsbm/v01/instances/dataFrom/Product55;http://www4.wiwiss.fu-berlin.de/bizer/bsbm/v01/vocabulary/productFeature;http://www4.wiwiss.fu-berlin.de/bizer/bsbm/v01/instances/ProductFeature449
http://www4.wiwiss.fu-berlin.de/bizer/bsbm/v01/instances/dataFrom/Product55;http://www4.wiwiss.fu-berlin.de/bizer/bsbm/v01/vocabulary/productFeature;http://www4.wiwiss.fu-berlin.de/bizer/bsbm/v01/instances/ProductFeature449
http://www4.wiwiss.fu-berlin.de/bizer/bsbm/v01/instances/dataFrom/Product55;http://www4.wiwiss.fu-berlin.de/bizer/bsbm/v01/vocabulary/productFeature;http://www4.wiwiss.fu-berlin.de/bizer/bsbm/v01/instances/ProductFeature449
http://www4.wiwiss.fu-berlin.de/bizer/bsbm/v01/instances/dataFrom/Product55;http://www4.wiwiss.fu-berlin.de/bizer/bsbm/v01/vocabulary/productFeature;http://www4.wiwiss.fu-berlin.de/bizer/bsbm/v01/instances/ProductFeature451
http://www4.wiwiss.fu-berlin.de/bizer/bsbm/v01/instances/dataFrom/Product55;http://www4.wiwiss.fu-berlin.de/bizer/bsbm/v01/vocabulary/productFeature;http://www4.wiwiss.fu-berlin.de/bizer/bsbm/v01/instances/ProductFeature451
http://www4.wiwiss.fu-berlin.de/bizer/bsbm/v01/instances/dataFrom/Product55;http://www4.wiwiss.fu-berlin.de/bizer/bsbm/v01/vocabulary/productFeature;http://www4.wiwiss.fu-berlin.de/bizer/bsbm/v01/instances/ProductFeature451
http://www4.wiwiss.fu-berlin.de/bizer/bsbm/v01/instances/dataFrom/Product55;http://www4.wiwiss.fu-berlin.de/bizer/bsbm/v01/vocabulary/productFeature;http://www4.wiwiss.fu-berlin.de/bizer/bsbm/v01/instances/ProductFeature451
http://www4.wiwiss.fu-berlin.de/bizer/bsbm/v01/instances/dataFrom/Product62;http://www4.wiwiss.fu-berlin.de/bizer/bsbm/v01/vocabulary/productFeature;http://www4.wiwiss.fu-berlin.de/bizer/bsbm/v01/instances/ProductFeature416
http://www4.wiwiss.fu-berlin.de/bizer/bsbm/v01/instances/dataFrom/Product62;http://www4.wiwiss.fu-berlin.de/bizer/bsbm/v01/vocabulary/productFeature;http://www4.wiwiss.fu-berlin.de/bizer/bsbm/v01/instances/ProductFeature416
http://www4.wiwiss.fu-berlin.de/bizer/bsbm/v01/instances/dataFrom/Product62;http://www4.wiwiss.fu-berlin.de/bizer/bsbm/v01/vocabulary/productFeature;http://www4.wiwiss.fu-berlin.de/bizer/bsbm/v01/instances/ProductFeature418
http://www4.wiwiss.fu-berlin.de/bizer/bsbm/v01/instances/dataFrom/Product62;http://www4.wiwiss.fu-berlin.de/bizer/bsbm/v01/vocabulary/productFeature;http://www4.wiwiss.fu-berlin.de/bizer/bsbm/v01/instances/ProductFeature418
http://www4.wiwiss.fu-berlin.de/bizer/bsbm/v01/instances/dataFrom/Product62;http://www4.wiwiss.fu-berlin.de/bizer/bsbm/v01/vocabulary/productFeature;http://www4.wiwiss.fu-berlin.de/bizer/bsbm/v01/instances/ProductFeature418
http://www4.wiwiss.fu-berlin.de/bizer/bsbm/v01/instances/dataFrom/Product62;http://www4.wiwiss.fu-berlin.de/bizer/bsbm/v01/vocabulary/productFeature;http://www4.wiwiss.fu-berlin.de/bizer/bsbm/v01/instances/ProductFeature428
http://www4.wiwiss.fu-berlin.de/bizer/bsbm/v01/instances/dataFrom/Product62;http://www4.wiwiss.fu-berlin.de/bizer/bsbm/v01/vocabulary/productFeature;http://www4.wiwiss.fu-berlin.de/bizer/bsbm/v01/instances/ProductFeature428
http://www4.wiwiss.fu-berlin.de/bizer/bsbm/v01/instances/dataFrom/Product62;http://www4.wiwiss.fu-berlin.de/bizer/bsbm/v01/vocabulary/productFeature;http://www4.wiwiss.fu-berlin.de/bizer/bsbm/v01/instances/ProductFeature430
http://www4.wiwiss.fu-berlin.de/bizer/bsbm/v01/instances/dataFrom/Product62;http://www4.wiwiss.fu-berlin.de/bizer/bsbm/v01/vocabulary/productFeature;http://www4.wiwiss.fu-berlin.de/bizer/bsbm/v01/instances/ProductFeature430
http://www4.wiwiss.fu-berlin.de/bizer/bsbm/v01/instances/dataFrom/Product62;http://www4.wiwiss.fu-berlin.de/bizer/bsbm/v01/vocabulary/productFeature;http://www4.wiwiss.fu-berlin.de/bizer/bsbm/v01/instances/ProductFeature430
http://www4.wiwiss.fu-berlin.de/bizer/bsbm/v01/instances/dataFrom/Product62;http://www4.wiwiss.fu-berlin.de/bizer/bsbm/v01/vocabulary/productFeature;http://www4.wiwiss.fu-berlin.de/bizer/bsbm/v01/instances/ProductFeature432
http://www4.wiwiss.fu-berlin.de/bizer/bsbm/v01/instances/dataFrom/Product62;http://www4.wiwiss.fu-berlin.de/bizer/bsbm/v01/vocabulary/productFeature;http://www4.wiwiss.fu-berlin.de/bizer/bsbm/v01/instances/ProductFeature432
http://www4.wiwiss.fu-berlin.de/bizer/bsbm/v01/instances/dataFrom/Product62;http://www4.wiwiss.fu-berlin.de/bizer/bsbm/v01/vocabulary/productFeature;http://www4.wiwiss.fu-berlin.de/bizer/bsbm/v01/instances/ProductFeature432
http://www4.wiwiss.fu-berlin.de/bizer/bsbm/v01/instances/dataFrom/Product62;http://www4.wiwiss.fu-berlin.de/bizer/bsbm/v01/vocabulary/productFeature;http://www4.wiwiss.fu-berlin.de/bizer/bsbm/v01/instances/ProductFeature433
http://www4.wiwiss.fu-berlin.de/bizer/bsbm/v01/instances/dataFrom/Product62;http://www4.wiwiss.fu-berlin.de/bizer/bsbm/v01/vocabulary/productFeature;http://www4.wiwiss.fu-berlin.de/bizer/bsbm/v01/instances/ProductFeature433
http://www4.wiwiss.fu-berlin.de/bizer/bsbm/v01/instances/dataFrom/Product62;http://www4.wiwiss.fu-berlin.de/bizer/bsbm/v01/vocabulary/productFeature;http://www4.wiwiss.fu-berlin.de/bizer/bsbm/v01/instances/ProductFeature445
http://www4.wiwiss.fu-berlin.de/bizer/bsbm/v01/instances/dataFrom/Product62;http://www4.wiwiss.fu-berlin.de/bizer/bsbm/v01/vocabulary/productFeature;http://www4.wiwiss.fu-berlin.de/bizer/bsbm/v01/instances/ProductFeature445
http://www4.wiwiss.fu-berlin.de/bizer/bsbm/v01/instances/dataFrom/Product62;http://www4.wiwiss.fu-berlin.de/bizer/bsbm/v01/vocabulary/productFeature;http://www4.wiwiss.fu-berlin.de/bizer/bsbm/v01/instances/ProductFeature445
http://www4.wiwiss.fu-berlin.de/bizer/bsbm/v01/instances/dataFrom/Product62;http://www4.wiwiss.fu-berlin.de/bizer/bsbm/v01/vocabulary/productFeature;http://www4.wiwiss.fu-berlin.de/bizer/bsbm/v01/instances/ProductFeature449
http://www4.wiwiss.fu-berlin.de/bizer/bsbm/v01/instances/dataFrom/Product62;http://www4.wiwiss.fu-berlin.de/bizer/bsbm/v01/vocabulary/productFeature;http://www4.wiwiss.fu-berlin.de/bizer/bsbm/v01/instances/ProductFeature449
http://www4.wiwiss.fu-berlin.de/bizer/bsbm/v01/instances/dataFrom/Product62;http://www4.wiwiss.fu-berlin.de/bizer/bsbm/v01/vocabulary/productFeature;http://www4.wiwiss.fu-berlin.de/bizer/bsbm/v01/instances/ProductFeature449
http://www4.wiwiss.fu-berlin.de/bizer/bsbm/v01/instances/dataFrom/Product62;http://www4.wiwiss.fu-berlin.de/bizer/bsbm/v01/vocabulary/productFeature;http://www4.wiwiss.fu-berlin.de/bizer/bsbm/v01/instances/ProductFeature451
http://www4.wiwiss.fu-berlin.de/bizer/bsbm/v01/instances/dataFrom/Product62;http://www4.wiwiss.fu-berlin.de/bizer/bsbm/v01/vocabulary/productFeature;http://www4.wiwiss.fu-berlin.de/bizer/bsbm/v01/instances/ProductFeature451
http://www4.wiwiss.fu-berlin.de/bizer/bsbm/v01/instances/dataFrom/Product62;http://www4.wiwiss.fu-berlin.de/bizer/bsbm/v01/vocabulary/productFeature;http://www4.wiwiss.fu-berlin.de/bizer/bsbm/v01/instances/ProductFeature451
http://www4.wiwiss.fu-berlin.de/bizer/bsbm/v01/instances/dataFrom/Product62;http://www4.wiwiss.fu-berlin.de/bizer/bsbm/v01/vocabulary/productFeature;http://www4.wiwiss.fu-berlin.de/bizer/bsbm/v01/instances/ProductFeature451
