http://www4.wiwiss.fu-berlin.de/bizer/bsbm/v01/instances/dataFrom/Product6402;http://www4.wiwiss.fu-berlin.de/bizer/bsbm/v01/vocabulary/productFeature;http://www4.wiwiss.fu-berlin.de/bizer/bsbm/v01/instances/ProductFeature5099
http://www4.wiwiss.fu-berlin.de/bizer/bsbm/v01/instances/dataFrom/Product6402;http://www4.wiwiss.fu-berlin.de/bizer/bsbm/v01/vocabulary/productFeature;http://www4.wiwiss.fu-berlin.de/bizer/bsbm/v01/instances/ProductFeature5099
http://www4.wiwiss.fu-berlin.de/bizer/bsbm/v01/instances/dataFrom/Product6402;http://www4.wiwiss.fu-berlin.de/bizer/bsbm/v01/vocabulary/productFeature;http://www4.wiwiss.fu-berlin.de/bizer/bsbm/v01/instances/ProductFeature5099
http://www4.wiwiss.fu-berlin.de/bizer/bsbm/v01/instances/dataFrom/Product6402;http://www4.wiwiss.fu-berlin.de/bizer/bsbm/v01/vocabulary/productFeature;http://www4.wiwiss.fu-berlin.de/bizer/bsbm/v01/instances/ProductFeature5099
http://www4.wiwiss.fu-berlin.de/bizer/bsbm/v01/instances/dataFrom/Product6402;http://www4.wiwiss.fu-berlin.de/bizer/bsbm/v01/vocabulary/productFeature;http://www4.wiwiss.fu-berlin.de/bizer/bsbm/v01/instances/ProductFeature5099
http://www4.wiwiss.fu-berlin.de/bizer/bsbm/v01/instances/dataFrom/Product6402;http://www4.wiwiss.fu-berlin.de/bizer/bsbm/v01/vocabulary/productFeature;http://www4.wiwiss.fu-berlin.de/bizer/bsbm/v01/instances/ProductFeature5099
http://www4.wiwiss.fu-berlin.de/bizer/bsbm/v01/instances/dataFrom/Product6402;http://www4.wiwiss.fu-berlin.de/bizer/bsbm/v01/vocabulary/productFeature;http://www4.wiwiss.fu-berlin.de/bizer/bsbm/v01/instances/ProductFeature5099
http://www4.wiwiss.fu-berlin.de/bizer/bsbm/v01/instances/dataFrom/Product6402;http://www4.wiwiss.fu-berlin.de/bizer/bsbm/v01/vocabulary/productFeature;http://www4.wiwiss.fu-berlin.de/bizer/bsbm/v01/instances/ProductFeature5099
http://www4.wiwiss.fu-berlin.de/bizer/bsbm/v01/instances/dataFrom/Product6402;http://www4.wiwiss.fu-berlin.de/bizer/bsbm/v01/vocabulary/productFeature;http://www4.wiwiss.fu-berlin.de/bizer/bsbm/v01/instances/ProductFeature5099
http://www4.wiwiss.fu-berlin.de/bizer/bsbm/v01/instances/dataFrom/Product6402;http://www4.wiwiss.fu-berlin.de/bizer/bsbm/v01/vocabulary/productFeature;http://www4.wiwiss.fu-berlin.de/bizer/bsbm/v01/instances/ProductFeature5101
http://www4.wiwiss.fu-berlin.de/bizer/bsbm/v01/instances/dataFrom/Product6402;http://www4.wiwiss.fu-berlin.de/bizer/bsbm/v01/vocabulary/productFeature;http://www4.wiwiss.fu-berlin.de/bizer/bsbm/v01/instances/ProductFeature5101
http://www4.wiwiss.fu-berlin.de/bizer/bsbm/v01/instances/dataFrom/Product6402;http://www4.wiwiss.fu-berlin.de/bizer/bsbm/v01/vocabulary/productFeature;http://www4.wiwiss.fu-berlin.de/bizer/bsbm/v01/instances/ProductFeature5101
http://www4.wiwiss.fu-berlin.de/bizer/bsbm/v01/instances/dataFrom/Product6402;http://www4.wiwiss.fu-berlin.de/bizer/bsbm/v01/vocabulary/productFeature;http://www4.wiwiss.fu-berlin.de/bizer/bsbm/v01/instances/ProductFeature5101
http://www4.wiwiss.fu-berlin.de/bizer/bsbm/v01/instances/dataFrom/Product6402;http://www4.wiwiss.fu-berlin.de/bizer/bsbm/v01/vocabulary/productFeature;http://www4.wiwiss.fu-berlin.de/bizer/bsbm/v01/instances/ProductFeature5101
http://www4.wiwiss.fu-berlin.de/bizer/bsbm/v01/instances/dataFrom/Product6402;http://www4.wiwiss.fu-berlin.de/bizer/bsbm/v01/vocabulary/productFeature;http://www4.wiwiss.fu-berlin.de/bizer/bsbm/v01/instances/ProductFeature5101
http://www4.wiwiss.fu-berlin.de/bizer/bsbm/v01/instances/dataFrom/Product6402;http://www4.wiwiss.fu-berlin.de/bizer/bsbm/v01/vocabulary/productFeature;http://www4.wiwiss.fu-berlin.de/bizer/bsbm/v01/instances/ProductFeature5101
http://www4.wiwiss.fu-berlin.de/bizer/bsbm/v01/instances/dataFrom/Product6402;http://www4.wiwiss.fu-berlin.de/bizer/bsbm/v01/vocabulary/productFeature;http://www4.wiwiss.fu-berlin.de/bizer/bsbm/v01/instances/ProductFeature5101
http://www4.wiwiss.fu-berlin.de/bizer/bsbm/v01/instances/dataFrom/Product6402;http://www4.wiwiss.fu-berlin.de/bizer/bsbm/v01/vocabulary/productFeature;http://www4.wiwiss.fu-berlin.de/bizer/bsbm/v01/instances/ProductFeature5101
http://www4.wiwiss.fu-berlin.de/bizer/bsbm/v01/instances/dataFrom/Product6402;http://www4.wiwiss.fu-berlin.de/bizer/bsbm/v01/vocabulary/productFeature;http://www4.wiwiss.fu-berlin.de/bizer/bsbm/v01/instances/ProductFeature5101
http://www4.wiwiss.fu-berlin.de/bizer/bsbm/v01/instances/dataFrom/Product6402;http://www4.wiwiss.fu-berlin.de/bizer/bsbm/v01/vocabulary/productFeature;http://www4.wiwiss.fu-berlin.de/bizer/bsbm/v01/instances/ProductFeature5101
http://www4.wiwiss.fu-berlin.de/bizer/bsbm/v01/instances/dataFrom/Product6402;http://www4.wiwiss.fu-berlin.de/bizer/bsbm/v01/vocabulary/productFeature;http://www4.wiwiss.fu-berlin.de/bizer/bsbm/v01/instances/ProductFeature5101
http://www4.wiwiss.fu-berlin.de/bizer/bsbm/v01/instances/dataFrom/Product6402;http://www4.wiwiss.fu-berlin.de/bizer/bsbm/v01/vocabulary/productFeature;http://www4.wiwiss.fu-berlin.de/bizer/bsbm/v01/instances/ProductFeature5111
http://www4.wiwiss.fu-berlin.de/bizer/bsbm/v01/instances/dataFrom/Product6402;http://www4.wiwiss.fu-berlin.de/bizer/bsbm/v01/vocabulary/productFeature;http://www4.wiwiss.fu-berlin.de/bizer/bsbm/v01/instances/ProductFeature5111
http://www4.wiwiss.fu-berlin.de/bizer/bsbm/v01/instances/dataFrom/Product6402;http://www4.wiwiss.fu-berlin.de/bizer/bsbm/v01/vocabulary/productFeature;http://www4.wiwiss.fu-berlin.de/bizer/bsbm/v01/instances/ProductFeature5111
http://www4.wiwiss.fu-berlin.de/bizer/bsbm/v01/instances/dataFrom/Product6402;http://www4.wiwiss.fu-berlin.de/bizer/bsbm/v01/vocabulary/productFeature;http://www4.wiwiss.fu-berlin.de/bizer/bsbm/v01/instances/ProductFeature5111
http://www4.wiwiss.fu-berlin.de/bizer/bsbm/v01/instances/dataFrom/Product389;http://www4.wiwiss.fu-berlin.de/bizer/bsbm/v01/vocabulary/productFeature;http://www4.wiwiss.fu-berlin.de/bizer/bsbm/v01/instances/ProductFeature5099
http://www4.wiwiss.fu-berlin.de/bizer/bsbm/v01/instances/dataFrom/Product389;http://www4.wiwiss.fu-berlin.de/bizer/bsbm/v01/vocabulary/productFeature;http://www4.wiwiss.fu-berlin.de/bizer/bsbm/v01/instances/ProductFeature5099
http://www4.wiwiss.fu-berlin.de/bizer/bsbm/v01/instances/dataFrom/Product389;http://www4.wiwiss.fu-berlin.de/bizer/bsbm/v01/vocabulary/productFeature;http://www4.wiwiss.fu-berlin.de/bizer/bsbm/v01/instances/ProductFeature5099
http://www4.wiwiss.fu-berlin.de/bizer/bsbm/v01/instances/dataFrom/Product389;http://www4.wiwiss.fu-berlin.de/bizer/bsbm/v01/vocabulary/productFeature;http://www4.wiwiss.fu-berlin.de/bizer/bsbm/v01/instances/ProductFeature5099
http://www4.wiwiss.fu-berlin.de/bizer/bsbm/v01/instances/dataFrom/Product389;http://www4.wiwiss.fu-berlin.de/bizer/bsbm/v01/vocabulary/productFeature;http://www4.wiwiss.fu-berlin.de/bizer/bsbm/v01/instances/ProductFeature5099
http://www4.wiwiss.fu-berlin.de/bizer/bsbm/v01/instances/dataFrom/Product389;http://www4.wiwiss.fu-berlin.de/bizer/bsbm/v01/vocabulary/productFeature;http://www4.wiwiss.fu-berlin.de/bizer/bsbm/v01/instances/ProductFeature5099
http://www4.wiwiss.fu-berlin.de/bizer/bsbm/v01/instances/dataFrom/Product389;http://www4.wiwiss.fu-berlin.de/bizer/bsbm/v01/vocabulary/productFeature;http://www4.wiwiss.fu-berlin.de/bizer/bsbm/v01/instances/ProductFeature5099
http://www4.wiwiss.fu-berlin.de/bizer/bsbm/v01/instances/dataFrom/Product389;http://www4.wiwiss.fu-berlin.de/bizer/bsbm/v01/vocabulary/productFeature;http://www4.wiwiss.fu-berlin.de/bizer/bsbm/v01/instances/ProductFeature5099
http://www4.wiwiss.fu-berlin.de/bizer/bsbm/v01/instances/dataFrom/Product389;http://www4.wiwiss.fu-berlin.de/bizer/bsbm/v01/vocabulary/productFeature;http://www4.wiwiss.fu-berlin.de/bizer/bsbm/v01/instances/ProductFeature5099
http://www4.wiwiss.fu-berlin.de/bizer/bsbm/v01/instances/dataFrom/Product389;http://www4.wiwiss.fu-berlin.de/bizer/bsbm/v01/vocabulary/productFeature;http://www4.wiwiss.fu-berlin.de/bizer/bsbm/v01/instances/ProductFeature5101
http://www4.wiwiss.fu-berlin.de/bizer/bsbm/v01/instances/dataFrom/Product389;http://www4.wiwiss.fu-berlin.de/bizer/bsbm/v01/vocabulary/productFeature;http://www4.wiwiss.fu-berlin.de/bizer/bsbm/v01/instances/ProductFeature5101
http://www4.wiwiss.fu-berlin.de/bizer/bsbm/v01/instances/dataFrom/Product389;http://www4.wiwiss.fu-berlin.de/bizer/bsbm/v01/vocabulary/productFeature;http://www4.wiwiss.fu-berlin.de/bizer/bsbm/v01/instances/ProductFeature5101
http://www4.wiwiss.fu-berlin.de/bizer/bsbm/v01/instances/dataFrom/Product389;http://www4.wiwiss.fu-berlin.de/bizer/bsbm/v01/vocabulary/productFeature;http://www4.wiwiss.fu-berlin.de/bizer/bsbm/v01/instances/ProductFeature5101
http://www4.wiwiss.fu-berlin.de/bizer/bsbm/v01/instances/dataFrom/Product389;http://www4.wiwiss.fu-berlin.de/bizer/bsbm/v01/vocabulary/productFeature;http://www4.wiwiss.fu-berlin.de/bizer/bsbm/v01/instances/ProductFeature5101
http://www4.wiwiss.fu-berlin.de/bizer/bsbm/v01/instances/dataFrom/Product389;http://www4.wiwiss.fu-berlin.de/bizer/bsbm/v01/vocabulary/productFeature;http://www4.wiwiss.fu-berlin.de/bizer/bsbm/v01/instances/ProductFeature5101
http://www4.wiwiss.fu-berlin.de/bizer/bsbm/v01/instances/dataFrom/Product389;http://www4.wiwiss.fu-berlin.de/bizer/bsbm/v01/vocabulary/productFeature;http://www4.wiwiss.fu-berlin.de/bizer/bsbm/v01/instances/ProductFeature5101
http://www4.wiwiss.fu-berlin.de/bizer/bsbm/v01/instances/dataFrom/Product389;http://www4.wiwiss.fu-berlin.de/bizer/bsbm/v01/vocabulary/productFeature;http://www4.wiwiss.fu-berlin.de/bizer/bsbm/v01/instances/ProductFeature5101
http://www4.wiwiss.fu-berlin.de/bizer/bsbm/v01/instances/dataFrom/Product389;http://www4.wiwiss.fu-berlin.de/bizer/bsbm/v01/vocabulary/productFeature;http://www4.wiwiss.fu-berlin.de/bizer/bsbm/v01/instances/ProductFeature5101
http://www4.wiwiss.fu-berlin.de/bizer/bsbm/v01/instances/dataFrom/Product389;http://www4.wiwiss.fu-berlin.de/bizer/bsbm/v01/vocabulary/productFeature;http://www4.wiwiss.fu-berlin.de/bizer/bsbm/v01/instances/ProductFeature5101
http://www4.wiwiss.fu-berlin.de/bizer/bsbm/v01/instances/dataFrom/Product389;http://www4.wiwiss.fu-berlin.de/bizer/bsbm/v01/vocabulary/productFeature;http://www4.wiwiss.fu-berlin.de/bizer/bsbm/v01/instances/ProductFeature5101
http://www4.wiwiss.fu-berlin.de/bizer/bsbm/v01/instances/dataFrom/Product389;http://www4.wiwiss.fu-berlin.de/bizer/bsbm/v01/vocabulary/productFeature;http://www4.wiwiss.fu-berlin.de/bizer/bsbm/v01/instances/ProductFeature5101
http://www4.wiwiss.fu-berlin.de/bizer/bsbm/v01/instances/dataFrom/Product389;http://www4.wiwiss.fu-berlin.de/bizer/bsbm/v01/vocabulary/productFeature;http://www4.wiwiss.fu-berlin.de/bizer/bsbm/v01/instances/ProductFeature5111
http://www4.wiwiss.fu-berlin.de/bizer/bsbm/v01/instances/dataFrom/Product389;http://www4.wiwiss.fu-berlin.de/bizer/bsbm/v01/vocabulary/productFeature;http://www4.wiwiss.fu-berlin.de/bizer/bsbm/v01/instances/ProductFeature5111
http://www4.wiwiss.fu-berlin.de/bizer/bsbm/v01/instances/dataFrom/Product389;http://www4.wiwiss.fu-berlin.de/bizer/bsbm/v01/vocabulary/productFeature;http://www4.wiwiss.fu-berlin.de/bizer/bsbm/v01/instances/ProductFeature5111
http://www4.wiwiss.fu-berlin.de/bizer/bsbm/v01/instances/dataFrom/Product389;http://www4.wiwiss.fu-berlin.de/bizer/bsbm/v01/vocabulary/productFeature;http://www4.wiwiss.fu-berlin.de/bizer/bsbm/v01/instances/ProductFeature5111
http://www4.wiwiss.fu-berlin.de/bizer/bsbm/v01/instances/dataFrom/Product226;http://www4.wiwiss.fu-berlin.de/bizer/bsbm/v01/vocabulary/productFeature;http://www4.wiwiss.fu-berlin.de/bizer/bsbm/v01/instances/ProductFeature5099
http://www4.wiwiss.fu-berlin.de/bizer/bsbm/v01/instances/dataFrom/Product226;http://www4.wiwiss.fu-berlin.de/bizer/bsbm/v01/vocabulary/productFeature;http://www4.wiwiss.fu-berlin.de/bizer/bsbm/v01/instances/ProductFeature5099
http://www4.wiwiss.fu-berlin.de/bizer/bsbm/v01/instances/dataFrom/Product226;http://www4.wiwiss.fu-berlin.de/bizer/bsbm/v01/vocabulary/productFeature;http://www4.wiwiss.fu-berlin.de/bizer/bsbm/v01/instances/ProductFeature5099
http://www4.wiwiss.fu-berlin.de/bizer/bsbm/v01/instances/dataFrom/Product226;http://www4.wiwiss.fu-berlin.de/bizer/bsbm/v01/vocabulary/productFeature;http://www4.wiwiss.fu-berlin.de/bizer/bsbm/v01/instances/ProductFeature5099
http://www4.wiwiss.fu-berlin.de/bizer/bsbm/v01/instances/dataFrom/Product226;http://www4.wiwiss.fu-berlin.de/bizer/bsbm/v01/vocabulary/productFeature;http://www4.wiwiss.fu-berlin.de/bizer/bsbm/v01/instances/ProductFeature5099
http://www4.wiwiss.fu-berlin.de/bizer/bsbm/v01/instances/dataFrom/Product226;http://www4.wiwiss.fu-berlin.de/bizer/bsbm/v01/vocabulary/productFeature;http://www4.wiwiss.fu-berlin.de/bizer/bsbm/v01/instances/ProductFeature5099
http://www4.wiwiss.fu-berlin.de/bizer/bsbm/v01/instances/dataFrom/Product226;http://www4.wiwiss.fu-berlin.de/bizer/bsbm/v01/vocabulary/productFeature;http://www4.wiwiss.fu-berlin.de/bizer/bsbm/v01/instances/ProductFeature5099
http://www4.wiwiss.fu-berlin.de/bizer/bsbm/v01/instances/dataFrom/Product226;http://www4.wiwiss.fu-berlin.de/bizer/bsbm/v01/vocabulary/productFeature;http://www4.wiwiss.fu-berlin.de/bizer/bsbm/v01/instances/ProductFeature5099
http://www4.wiwiss.fu-berlin.de/bizer/bsbm/v01/instances/dataFrom/Product226;http://www4.wiwiss.fu-berlin.de/bizer/bsbm/v01/vocabulary/productFeature;http://www4.wiwiss.fu-berlin.de/bizer/bsbm/v01/instances/ProductFeature5099
http://www4.wiwiss.fu-berlin.de/bizer/bsbm/v01/instances/dataFrom/Product226;http://www4.wiwiss.fu-berlin.de/bizer/bsbm/v01/vocabulary/productFeature;http://www4.wiwiss.fu-berlin.de/bizer/bsbm/v01/instances/ProductFeature5101
http://www4.wiwiss.fu-berlin.de/bizer/bsbm/v01/instances/dataFrom/Product226;http://www4.wiwiss.fu-berlin.de/bizer/bsbm/v01/vocabulary/productFeature;http://www4.wiwiss.fu-berlin.de/bizer/bsbm/v01/instances/ProductFeature5101
http://www4.wiwiss.fu-berlin.de/bizer/bsbm/v01/instances/dataFrom/Product226;http://www4.wiwiss.fu-berlin.de/bizer/bsbm/v01/vocabulary/productFeature;http://www4.wiwiss.fu-berlin.de/bizer/bsbm/v01/instances/ProductFeature5101
http://www4.wiwiss.fu-berlin.de/bizer/bsbm/v01/instances/dataFrom/Product226;http://www4.wiwiss.fu-berlin.de/bizer/bsbm/v01/vocabulary/productFeature;http://www4.wiwiss.fu-berlin.de/bizer/bsbm/v01/instances/ProductFeature5101
http://www4.wiwiss.fu-berlin.de/bizer/bsbm/v01/instances/dataFrom/Product226;http://www4.wiwiss.fu-berlin.de/bizer/bsbm/v01/vocabulary/productFeature;http://www4.wiwiss.fu-berlin.de/bizer/bsbm/v01/instances/ProductFeature5101
http://www4.wiwiss.fu-berlin.de/bizer/bsbm/v01/instances/dataFrom/Product226;http://www4.wiwiss.fu-berlin.de/bizer/bsbm/v01/vocabulary/productFeature;http://www4.wiwiss.fu-berlin.de/bizer/bsbm/v01/instances/ProductFeature5101
http://www4.wiwiss.fu-berlin.de/bizer/bsbm/v01/instances/dataFrom/Product226;http://www4.wiwiss.fu-berlin.de/bizer/bsbm/v01/vocabulary/productFeature;http://www4.wiwiss.fu-berlin.de/bizer/bsbm/v01/instances/ProductFeature5101
http://www4.wiwiss.fu-berlin.de/bizer/bsbm/v01/instances/dataFrom/Product226;http://www4.wiwiss.fu-berlin.de/bizer/bsbm/v01/vocabulary/productFeature;http://www4.wiwiss.fu-berlin.de/bizer/bsbm/v01/instances/ProductFeature5101
http://www4.wiwiss.fu-berlin.de/bizer/bsbm/v01/instances/dataFrom/Product226;http://www4.wiwiss.fu-berlin.de/bizer/bsbm/v01/vocabulary/productFeature;http://www4.wiwiss.fu-berlin.de/bizer/bsbm/v01/instances/ProductFeature5101
http://www4.wiwiss.fu-berlin.de/bizer/bsbm/v01/instances/dataFrom/Product226;http://www4.wiwiss.fu-berlin.de/bizer/bsbm/v01/vocabulary/productFeature;http://www4.wiwiss.fu-berlin.de/bizer/bsbm/v01/instances/ProductFeature5101
http://www4.wiwiss.fu-berlin.de/bizer/bsbm/v01/instances/dataFrom/Product226;http://www4.wiwiss.fu-berlin.de/bizer/bsbm/v01/vocabulary/productFeature;http://www4.wiwiss.fu-berlin.de/bizer/bsbm/v01/instances/ProductFeature5101
http://www4.wiwiss.fu-berlin.de/bizer/bsbm/v01/instances/dataFrom/Product226;http://www4.wiwiss.fu-berlin.de/bizer/bsbm/v01/vocabulary/productFeature;http://www4.wiwiss.fu-berlin.de/bizer/bsbm/v01/instances/ProductFeature5101
http://www4.wiwiss.fu-berlin.de/bizer/bsbm/v01/instances/dataFrom/Product226;http://www4.wiwiss.fu-berlin.de/bizer/bsbm/v01/vocabulary/productFeature;http://www4.wiwiss.fu-berlin.de/bizer/bsbm/v01/instances/ProductFeature5111
http://www4.wiwiss.fu-berlin.de/bizer/bsbm/v01/instances/dataFrom/Product226;http://www4.wiwiss.fu-berlin.de/bizer/bsbm/v01/vocabulary/productFeature;http://www4.wiwiss.fu-berlin.de/bizer/bsbm/v01/instances/ProductFeature5111
http://www4.wiwiss.fu-berlin.de/bizer/bsbm/v01/instances/dataFrom/Product226;http://www4.wiwiss.fu-berlin.de/bizer/bsbm/v01/vocabulary/productFeature;http://www4.wiwiss.fu-berlin.de/bizer/bsbm/v01/instances/ProductFeature5111
http://www4.wiwiss.fu-berlin.de/bizer/bsbm/v01/instances/dataFrom/Product226;http://www4.wiwiss.fu-berlin.de/bizer/bsbm/v01/vocabulary/productFeature;http://www4.wiwiss.fu-berlin.de/bizer/bsbm/v01/instances/ProductFeature5111
http://www4.wiwiss.fu-berlin.de/bizer/bsbm/v01/instances/dataFrom/Product1474;http://www4.wiwiss.fu-berlin.de/bizer/bsbm/v01/vocabulary/productFeature;http://www4.wiwiss.fu-berlin.de/bizer/bsbm/v01/instances/ProductFeature5099
http://www4.wiwiss.fu-berlin.de/bizer/bsbm/v01/instances/dataFrom/Product1474;http://www4.wiwiss.fu-berlin.de/bizer/bsbm/v01/vocabulary/productFeature;http://www4.wiwiss.fu-berlin.de/bizer/bsbm/v01/instances/ProductFeature5099
http://www4.wiwiss.fu-berlin.de/bizer/bsbm/v01/instances/dataFrom/Product1474;http://www4.wiwiss.fu-berlin.de/bizer/bsbm/v01/vocabulary/productFeature;http://www4.wiwiss.fu-berlin.de/bizer/bsbm/v01/instances/ProductFeature5099
http://www4.wiwiss.fu-berlin.de/bizer/bsbm/v01/instances/dataFrom/Product1474;http://www4.wiwiss.fu-berlin.de/bizer/bsbm/v01/vocabulary/productFeature;http://www4.wiwiss.fu-berlin.de/bizer/bsbm/v01/instances/ProductFeature5099
http://www4.wiwiss.fu-berlin.de/bizer/bsbm/v01/instances/dataFrom/Product1474;http://www4.wiwiss.fu-berlin.de/bizer/bsbm/v01/vocabulary/productFeature;http://www4.wiwiss.fu-berlin.de/bizer/bsbm/v01/instances/ProductFeature5099
http://www4.wiwiss.fu-berlin.de/bizer/bsbm/v01/instances/dataFrom/Product1474;http://www4.wiwiss.fu-berlin.de/bizer/bsbm/v01/vocabulary/productFeature;http://www4.wiwiss.fu-berlin.de/bizer/bsbm/v01/instances/ProductFeature5099
http://www4.wiwiss.fu-berlin.de/bizer/bsbm/v01/instances/dataFrom/Product1474;http://www4.wiwiss.fu-berlin.de/bizer/bsbm/v01/vocabulary/productFeature;http://www4.wiwiss.fu-berlin.de/bizer/bsbm/v01/instances/ProductFeature5099
http://www4.wiwiss.fu-berlin.de/bizer/bsbm/v01/instances/dataFrom/Product1474;http://www4.wiwiss.fu-berlin.de/bizer/bsbm/v01/vocabulary/productFeature;http://www4.wiwiss.fu-berlin.de/bizer/bsbm/v01/instances/ProductFeature5099
http://www4.wiwiss.fu-berlin.de/bizer/bsbm/v01/instances/dataFrom/Product1474;http://www4.wiwiss.fu-berlin.de/bizer/bsbm/v01/vocabulary/productFeature;http://www4.wiwiss.fu-berlin.de/bizer/bsbm/v01/instances/ProductFeature5099
http://www4.wiwiss.fu-berlin.de/bizer/bsbm/v01/instances/dataFrom/Product1474;http://www4.wiwiss.fu-berlin.de/bizer/bsbm/v01/vocabulary/productFeature;http://www4.wiwiss.fu-berlin.de/bizer/bsbm/v01/instances/ProductFeature5101
http://www4.wiwiss.fu-berlin.de/bizer/bsbm/v01/instances/dataFrom/Product1474;http://www4.wiwiss.fu-berlin.de/bizer/bsbm/v01/vocabulary/productFeature;http://www4.wiwiss.fu-berlin.de/bizer/bsbm/v01/instances/ProductFeature5101
http://www4.wiwiss.fu-berlin.de/bizer/bsbm/v01/instances/dataFrom/Product1474;http://www4.wiwiss.fu-berlin.de/bizer/bsbm/v01/vocabulary/productFeature;http://www4.wiwiss.fu-berlin.de/bizer/bsbm/v01/instances/ProductFeature5101
http://www4.wiwiss.fu-berlin.de/bizer/bsbm/v01/instances/dataFrom/Product1474;http://www4.wiwiss.fu-berlin.de/bizer/bsbm/v01/vocabulary/productFeature;http://www4.wiwiss.fu-berlin.de/bizer/bsbm/v01/instances/ProductFeature5101
http://www4.wiwiss.fu-berlin.de/bizer/bsbm/v01/instances/dataFrom/Product1474;http://www4.wiwiss.fu-berlin.de/bizer/bsbm/v01/vocabulary/productFeature;http://www4.wiwiss.fu-berlin.de/bizer/bsbm/v01/instances/ProductFeature5101
http://www4.wiwiss.fu-berlin.de/bizer/bsbm/v01/instances/dataFrom/Product1474;http://www4.wiwiss.fu-berlin.de/bizer/bsbm/v01/vocabulary/productFeature;http://www4.wiwiss.fu-berlin.de/bizer/bsbm/v01/instances/ProductFeature5101
http://www4.wiwiss.fu-berlin.de/bizer/bsbm/v01/instances/dataFrom/Product1474;http://www4.wiwiss.fu-berlin.de/bizer/bsbm/v01/vocabulary/productFeature;http://www4.wiwiss.fu-berlin.de/bizer/bsbm/v01/instances/ProductFeature5101
http://www4.wiwiss.fu-berlin.de/bizer/bsbm/v01/instances/dataFrom/Product1474;http://www4.wiwiss.fu-berlin.de/bizer/bsbm/v01/vocabulary/productFeature;http://www4.wiwiss.fu-berlin.de/bizer/bsbm/v01/instances/ProductFeature5101
http://www4.wiwiss.fu-berlin.de/bizer/bsbm/v01/instances/dataFrom/Product1474;http://www4.wiwiss.fu-berlin.de/bizer/bsbm/v01/vocabulary/productFeature;http://www4.wiwiss.fu-berlin.de/bizer/bsbm/v01/instances/ProductFeature5101
http://www4.wiwiss.fu-berlin.de/bizer/bsbm/v01/instances/dataFrom/Product1474;http://www4.wiwiss.fu-berlin.de/bizer/bsbm/v01/vocabulary/productFeature;http://www4.wiwiss.fu-berlin.de/bizer/bsbm/v01/instances/ProductFeature5101
http://www4.wiwiss.fu-berlin.de/bizer/bsbm/v01/instances/dataFrom/Product1474;http://www4.wiwiss.fu-berlin.de/bizer/bsbm/v01/vocabulary/productFeature;http://www4.wiwiss.fu-berlin.de/bizer/bsbm/v01/instances/ProductFeature5101
http://www4.wiwiss.fu-berlin.de/bizer/bsbm/v01/instances/dataFrom/Product1474;http://www4.wiwiss.fu-berlin.de/bizer/bsbm/v01/vocabulary/productFeature;http://www4.wiwiss.fu-berlin.de/bizer/bsbm/v01/instances/ProductFeature5101
http://www4.wiwiss.fu-berlin.de/bizer/bsbm/v01/instances/dataFrom/Product1474;http://www4.wiwiss.fu-berlin.de/bizer/bsbm/v01/vocabulary/productFeature;http://www4.wiwiss.fu-berlin.de/bizer/bsbm/v01/instances/ProductFeature5111
http://www4.wiwiss.fu-berlin.de/bizer/bsbm/v01/instances/dataFrom/Product1474;http://www4.wiwiss.fu-berlin.de/bizer/bsbm/v01/vocabulary/productFeature;http://www4.wiwiss.fu-berlin.de/bizer/bsbm/v01/instances/ProductFeature5111
http://www4.wiwiss.fu-berlin.de/bizer/bsbm/v01/instances/dataFrom/Product1474;http://www4.wiwiss.fu-berlin.de/bizer/bsbm/v01/vocabulary/productFeature;http://www4.wiwiss.fu-berlin.de/bizer/bsbm/v01/instances/ProductFeature5111
http://www4.wiwiss.fu-berlin.de/bizer/bsbm/v01/instances/dataFrom/Product1474;http://www4.wiwiss.fu-berlin.de/bizer/bsbm/v01/vocabulary/productFeature;http://www4.wiwiss.fu-berlin.de/bizer/bsbm/v01/instances/ProductFeature5111
http://www4.wiwiss.fu-berlin.de/bizer/bsbm/v01/instances/dataFrom/Product4697;http://www4.wiwiss.fu-berlin.de/bizer/bsbm/v01/vocabulary/productFeature;http://www4.wiwiss.fu-berlin.de/bizer/bsbm/v01/instances/ProductFeature5099
http://www4.wiwiss.fu-berlin.de/bizer/bsbm/v01/instances/dataFrom/Product4697;http://www4.wiwiss.fu-berlin.de/bizer/bsbm/v01/vocabulary/productFeature;http://www4.wiwiss.fu-berlin.de/bizer/bsbm/v01/instances/ProductFeature5099
http://www4.wiwiss.fu-berlin.de/bizer/bsbm/v01/instances/dataFrom/Product4697;http://www4.wiwiss.fu-berlin.de/bizer/bsbm/v01/vocabulary/productFeature;http://www4.wiwiss.fu-berlin.de/bizer/bsbm/v01/instances/ProductFeature5099
http://www4.wiwiss.fu-berlin.de/bizer/bsbm/v01/instances/dataFrom/Product4697;http://www4.wiwiss.fu-berlin.de/bizer/bsbm/v01/vocabulary/productFeature;http://www4.wiwiss.fu-berlin.de/bizer/bsbm/v01/instances/ProductFeature5099
http://www4.wiwiss.fu-berlin.de/bizer/bsbm/v01/instances/dataFrom/Product4697;http://www4.wiwiss.fu-berlin.de/bizer/bsbm/v01/vocabulary/productFeature;http://www4.wiwiss.fu-berlin.de/bizer/bsbm/v01/instances/ProductFeature5099
http://www4.wiwiss.fu-berlin.de/bizer/bsbm/v01/instances/dataFrom/Product4697;http://www4.wiwiss.fu-berlin.de/bizer/bsbm/v01/vocabulary/productFeature;http://www4.wiwiss.fu-berlin.de/bizer/bsbm/v01/instances/ProductFeature5099
http://www4.wiwiss.fu-berlin.de/bizer/bsbm/v01/instances/dataFrom/Product4697;http://www4.wiwiss.fu-berlin.de/bizer/bsbm/v01/vocabulary/productFeature;http://www4.wiwiss.fu-berlin.de/bizer/bsbm/v01/instances/ProductFeature5099
http://www4.wiwiss.fu-berlin.de/bizer/bsbm/v01/instances/dataFrom/Product4697;http://www4.wiwiss.fu-berlin.de/bizer/bsbm/v01/vocabulary/productFeature;http://www4.wiwiss.fu-berlin.de/bizer/bsbm/v01/instances/ProductFeature5099
http://www4.wiwiss.fu-berlin.de/bizer/bsbm/v01/instances/dataFrom/Product4697;http://www4.wiwiss.fu-berlin.de/bizer/bsbm/v01/vocabulary/productFeature;http://www4.wiwiss.fu-berlin.de/bizer/bsbm/v01/instances/ProductFeature5099
http://www4.wiwiss.fu-berlin.de/bizer/bsbm/v01/instances/dataFrom/Product4697;http://www4.wiwiss.fu-berlin.de/bizer/bsbm/v01/vocabulary/productFeature;http://www4.wiwiss.fu-berlin.de/bizer/bsbm/v01/instances/ProductFeature5101
http://www4.wiwiss.fu-berlin.de/bizer/bsbm/v01/instances/dataFrom/Product4697;http://www4.wiwiss.fu-berlin.de/bizer/bsbm/v01/vocabulary/productFeature;http://www4.wiwiss.fu-berlin.de/bizer/bsbm/v01/instances/ProductFeature5101
http://www4.wiwiss.fu-berlin.de/bizer/bsbm/v01/instances/dataFrom/Product4697;http://www4.wiwiss.fu-berlin.de/bizer/bsbm/v01/vocabulary/productFeature;http://www4.wiwiss.fu-berlin.de/bizer/bsbm/v01/instances/ProductFeature5101
http://www4.wiwiss.fu-berlin.de/bizer/bsbm/v01/instances/dataFrom/Product4697;http://www4.wiwiss.fu-berlin.de/bizer/bsbm/v01/vocabulary/productFeature;http://www4.wiwiss.fu-berlin.de/bizer/bsbm/v01/instances/ProductFeature5101
http://www4.wiwiss.fu-berlin.de/bizer/bsbm/v01/instances/dataFrom/Product4697;http://www4.wiwiss.fu-berlin.de/bizer/bsbm/v01/vocabulary/productFeature;http://www4.wiwiss.fu-berlin.de/bizer/bsbm/v01/instances/ProductFeature5101
http://www4.wiwiss.fu-berlin.de/bizer/bsbm/v01/instances/dataFrom/Product4697;http://www4.wiwiss.fu-berlin.de/bizer/bsbm/v01/vocabulary/productFeature;http://www4.wiwiss.fu-berlin.de/bizer/bsbm/v01/instances/ProductFeature5101
http://www4.wiwiss.fu-berlin.de/bizer/bsbm/v01/instances/dataFrom/Product4697;http://www4.wiwiss.fu-berlin.de/bizer/bsbm/v01/vocabulary/productFeature;http://www4.wiwiss.fu-berlin.de/bizer/bsbm/v01/instances/ProductFeature5101
http://www4.wiwiss.fu-berlin.de/bizer/bsbm/v01/instances/dataFrom/Product4697;http://www4.wiwiss.fu-berlin.de/bizer/bsbm/v01/vocabulary/productFeature;http://www4.wiwiss.fu-berlin.de/bizer/bsbm/v01/instances/ProductFeature5101
http://www4.wiwiss.fu-berlin.de/bizer/bsbm/v01/instances/dataFrom/Product4697;http://www4.wiwiss.fu-berlin.de/bizer/bsbm/v01/vocabulary/productFeature;http://www4.wiwiss.fu-berlin.de/bizer/bsbm/v01/instances/ProductFeature5101
http://www4.wiwiss.fu-berlin.de/bizer/bsbm/v01/instances/dataFrom/Product4697;http://www4.wiwiss.fu-berlin.de/bizer/bsbm/v01/vocabulary/productFeature;http://www4.wiwiss.fu-berlin.de/bizer/bsbm/v01/instances/ProductFeature5101
http://www4.wiwiss.fu-berlin.de/bizer/bsbm/v01/instances/dataFrom/Product4697;http://www4.wiwiss.fu-berlin.de/bizer/bsbm/v01/vocabulary/productFeature;http://www4.wiwiss.fu-berlin.de/bizer/bsbm/v01/instances/ProductFeature5101
http://www4.wiwiss.fu-berlin.de/bizer/bsbm/v01/instances/dataFrom/Product4697;http://www4.wiwiss.fu-berlin.de/bizer/bsbm/v01/vocabulary/productFeature;http://www4.wiwiss.fu-berlin.de/bizer/bsbm/v01/instances/ProductFeature5101
http://www4.wiwiss.fu-berlin.de/bizer/bsbm/v01/instances/dataFrom/Product4697;http://www4.wiwiss.fu-berlin.de/bizer/bsbm/v01/vocabulary/productFeature;http://www4.wiwiss.fu-berlin.de/bizer/bsbm/v01/instances/ProductFeature5111
http://www4.wiwiss.fu-berlin.de/bizer/bsbm/v01/instances/dataFrom/Product4697;http://www4.wiwiss.fu-berlin.de/bizer/bsbm/v01/vocabulary/productFeature;http://www4.wiwiss.fu-berlin.de/bizer/bsbm/v01/instances/ProductFeature5111
http://www4.wiwiss.fu-berlin.de/bizer/bsbm/v01/instances/dataFrom/Product4697;http://www4.wiwiss.fu-berlin.de/bizer/bsbm/v01/vocabulary/productFeature;http://www4.wiwiss.fu-berlin.de/bizer/bsbm/v01/instances/ProductFeature5111
http://www4.wiwiss.fu-berlin.de/bizer/bsbm/v01/instances/dataFrom/Product4697;http://www4.wiwiss.fu-berlin.de/bizer/bsbm/v01/vocabulary/productFeature;http://www4.wiwiss.fu-berlin.de/bizer/bsbm/v01/instances/ProductFeature5111
http://www4.wiwiss.fu-berlin.de/bizer/bsbm/v01/instances/dataFrom/Product8139;http://www4.wiwiss.fu-berlin.de/bizer/bsbm/v01/vocabulary/productFeature;http://www4.wiwiss.fu-berlin.de/bizer/bsbm/v01/instances/ProductFeature5099
http://www4.wiwiss.fu-berlin.de/bizer/bsbm/v01/instances/dataFrom/Product8139;http://www4.wiwiss.fu-berlin.de/bizer/bsbm/v01/vocabulary/productFeature;http://www4.wiwiss.fu-berlin.de/bizer/bsbm/v01/instances/ProductFeature5099
http://www4.wiwiss.fu-berlin.de/bizer/bsbm/v01/instances/dataFrom/Product8139;http://www4.wiwiss.fu-berlin.de/bizer/bsbm/v01/vocabulary/productFeature;http://www4.wiwiss.fu-berlin.de/bizer/bsbm/v01/instances/ProductFeature5099
http://www4.wiwiss.fu-berlin.de/bizer/bsbm/v01/instances/dataFrom/Product8139;http://www4.wiwiss.fu-berlin.de/bizer/bsbm/v01/vocabulary/productFeature;http://www4.wiwiss.fu-berlin.de/bizer/bsbm/v01/instances/ProductFeature5099
http://www4.wiwiss.fu-berlin.de/bizer/bsbm/v01/instances/dataFrom/Product8139;http://www4.wiwiss.fu-berlin.de/bizer/bsbm/v01/vocabulary/productFeature;http://www4.wiwiss.fu-berlin.de/bizer/bsbm/v01/instances/ProductFeature5099
http://www4.wiwiss.fu-berlin.de/bizer/bsbm/v01/instances/dataFrom/Product8139;http://www4.wiwiss.fu-berlin.de/bizer/bsbm/v01/vocabulary/productFeature;http://www4.wiwiss.fu-berlin.de/bizer/bsbm/v01/instances/ProductFeature5099
http://www4.wiwiss.fu-berlin.de/bizer/bsbm/v01/instances/dataFrom/Product8139;http://www4.wiwiss.fu-berlin.de/bizer/bsbm/v01/vocabulary/productFeature;http://www4.wiwiss.fu-berlin.de/bizer/bsbm/v01/instances/ProductFeature5099
http://www4.wiwiss.fu-berlin.de/bizer/bsbm/v01/instances/dataFrom/Product8139;http://www4.wiwiss.fu-berlin.de/bizer/bsbm/v01/vocabulary/productFeature;http://www4.wiwiss.fu-berlin.de/bizer/bsbm/v01/instances/ProductFeature5099
http://www4.wiwiss.fu-berlin.de/bizer/bsbm/v01/instances/dataFrom/Product8139;http://www4.wiwiss.fu-berlin.de/bizer/bsbm/v01/vocabulary/productFeature;http://www4.wiwiss.fu-berlin.de/bizer/bsbm/v01/instances/ProductFeature5099
http://www4.wiwiss.fu-berlin.de/bizer/bsbm/v01/instances/dataFrom/Product8139;http://www4.wiwiss.fu-berlin.de/bizer/bsbm/v01/vocabulary/productFeature;http://www4.wiwiss.fu-berlin.de/bizer/bsbm/v01/instances/ProductFeature5101
http://www4.wiwiss.fu-berlin.de/bizer/bsbm/v01/instances/dataFrom/Product8139;http://www4.wiwiss.fu-berlin.de/bizer/bsbm/v01/vocabulary/productFeature;http://www4.wiwiss.fu-berlin.de/bizer/bsbm/v01/instances/ProductFeature5101
http://www4.wiwiss.fu-berlin.de/bizer/bsbm/v01/instances/dataFrom/Product8139;http://www4.wiwiss.fu-berlin.de/bizer/bsbm/v01/vocabulary/productFeature;http://www4.wiwiss.fu-berlin.de/bizer/bsbm/v01/instances/ProductFeature5101
http://www4.wiwiss.fu-berlin.de/bizer/bsbm/v01/instances/dataFrom/Product8139;http://www4.wiwiss.fu-berlin.de/bizer/bsbm/v01/vocabulary/productFeature;http://www4.wiwiss.fu-berlin.de/bizer/bsbm/v01/instances/ProductFeature5101
http://www4.wiwiss.fu-berlin.de/bizer/bsbm/v01/instances/dataFrom/Product8139;http://www4.wiwiss.fu-berlin.de/bizer/bsbm/v01/vocabulary/productFeature;http://www4.wiwiss.fu-berlin.de/bizer/bsbm/v01/instances/ProductFeature5101
http://www4.wiwiss.fu-berlin.de/bizer/bsbm/v01/instances/dataFrom/Product8139;http://www4.wiwiss.fu-berlin.de/bizer/bsbm/v01/vocabulary/productFeature;http://www4.wiwiss.fu-berlin.de/bizer/bsbm/v01/instances/ProductFeature5101
http://www4.wiwiss.fu-berlin.de/bizer/bsbm/v01/instances/dataFrom/Product8139;http://www4.wiwiss.fu-berlin.de/bizer/bsbm/v01/vocabulary/productFeature;http://www4.wiwiss.fu-berlin.de/bizer/bsbm/v01/instances/ProductFeature5101
http://www4.wiwiss.fu-berlin.de/bizer/bsbm/v01/instances/dataFrom/Product8139;http://www4.wiwiss.fu-berlin.de/bizer/bsbm/v01/vocabulary/productFeature;http://www4.wiwiss.fu-berlin.de/bizer/bsbm/v01/instances/ProductFeature5101
http://www4.wiwiss.fu-berlin.de/bizer/bsbm/v01/instances/dataFrom/Product8139;http://www4.wiwiss.fu-berlin.de/bizer/bsbm/v01/vocabulary/productFeature;http://www4.wiwiss.fu-berlin.de/bizer/bsbm/v01/instances/ProductFeature5101
http://www4.wiwiss.fu-berlin.de/bizer/bsbm/v01/instances/dataFrom/Product8139;http://www4.wiwiss.fu-berlin.de/bizer/bsbm/v01/vocabulary/productFeature;http://www4.wiwiss.fu-berlin.de/bizer/bsbm/v01/instances/ProductFeature5101
http://www4.wiwiss.fu-berlin.de/bizer/bsbm/v01/instances/dataFrom/Product8139;http://www4.wiwiss.fu-berlin.de/bizer/bsbm/v01/vocabulary/productFeature;http://www4.wiwiss.fu-berlin.de/bizer/bsbm/v01/instances/ProductFeature5101
http://www4.wiwiss.fu-berlin.de/bizer/bsbm/v01/instances/dataFrom/Product8139;http://www4.wiwiss.fu-berlin.de/bizer/bsbm/v01/vocabulary/productFeature;http://www4.wiwiss.fu-berlin.de/bizer/bsbm/v01/instances/ProductFeature5101
http://www4.wiwiss.fu-berlin.de/bizer/bsbm/v01/instances/dataFrom/Product8139;http://www4.wiwiss.fu-berlin.de/bizer/bsbm/v01/vocabulary/productFeature;http://www4.wiwiss.fu-berlin.de/bizer/bsbm/v01/instances/ProductFeature5111
http://www4.wiwiss.fu-berlin.de/bizer/bsbm/v01/instances/dataFrom/Product8139;http://www4.wiwiss.fu-berlin.de/bizer/bsbm/v01/vocabulary/productFeature;http://www4.wiwiss.fu-berlin.de/bizer/bsbm/v01/instances/ProductFeature5111
http://www4.wiwiss.fu-berlin.de/bizer/bsbm/v01/instances/dataFrom/Product8139;http://www4.wiwiss.fu-berlin.de/bizer/bsbm/v01/vocabulary/productFeature;http://www4.wiwiss.fu-berlin.de/bizer/bsbm/v01/instances/ProductFeature5111
http://www4.wiwiss.fu-berlin.de/bizer/bsbm/v01/instances/dataFrom/Product8139;http://www4.wiwiss.fu-berlin.de/bizer/bsbm/v01/vocabulary/productFeature;http://www4.wiwiss.fu-berlin.de/bizer/bsbm/v01/instances/ProductFeature5111
http://www4.wiwiss.fu-berlin.de/bizer/bsbm/v01/instances/dataFrom/Product8681;http://www4.wiwiss.fu-berlin.de/bizer/bsbm/v01/vocabulary/productFeature;http://www4.wiwiss.fu-berlin.de/bizer/bsbm/v01/instances/ProductFeature5099
http://www4.wiwiss.fu-berlin.de/bizer/bsbm/v01/instances/dataFrom/Product8681;http://www4.wiwiss.fu-berlin.de/bizer/bsbm/v01/vocabulary/productFeature;http://www4.wiwiss.fu-berlin.de/bizer/bsbm/v01/instances/ProductFeature5099
http://www4.wiwiss.fu-berlin.de/bizer/bsbm/v01/instances/dataFrom/Product8681;http://www4.wiwiss.fu-berlin.de/bizer/bsbm/v01/vocabulary/productFeature;http://www4.wiwiss.fu-berlin.de/bizer/bsbm/v01/instances/ProductFeature5099
http://www4.wiwiss.fu-berlin.de/bizer/bsbm/v01/instances/dataFrom/Product8681;http://www4.wiwiss.fu-berlin.de/bizer/bsbm/v01/vocabulary/productFeature;http://www4.wiwiss.fu-berlin.de/bizer/bsbm/v01/instances/ProductFeature5099
http://www4.wiwiss.fu-berlin.de/bizer/bsbm/v01/instances/dataFrom/Product8681;http://www4.wiwiss.fu-berlin.de/bizer/bsbm/v01/vocabulary/productFeature;http://www4.wiwiss.fu-berlin.de/bizer/bsbm/v01/instances/ProductFeature5099
http://www4.wiwiss.fu-berlin.de/bizer/bsbm/v01/instances/dataFrom/Product8681;http://www4.wiwiss.fu-berlin.de/bizer/bsbm/v01/vocabulary/productFeature;http://www4.wiwiss.fu-berlin.de/bizer/bsbm/v01/instances/ProductFeature5099
http://www4.wiwiss.fu-berlin.de/bizer/bsbm/v01/instances/dataFrom/Product8681;http://www4.wiwiss.fu-berlin.de/bizer/bsbm/v01/vocabulary/productFeature;http://www4.wiwiss.fu-berlin.de/bizer/bsbm/v01/instances/ProductFeature5099
http://www4.wiwiss.fu-berlin.de/bizer/bsbm/v01/instances/dataFrom/Product8681;http://www4.wiwiss.fu-berlin.de/bizer/bsbm/v01/vocabulary/productFeature;http://www4.wiwiss.fu-berlin.de/bizer/bsbm/v01/instances/ProductFeature5099
http://www4.wiwiss.fu-berlin.de/bizer/bsbm/v01/instances/dataFrom/Product8681;http://www4.wiwiss.fu-berlin.de/bizer/bsbm/v01/vocabulary/productFeature;http://www4.wiwiss.fu-berlin.de/bizer/bsbm/v01/instances/ProductFeature5099
http://www4.wiwiss.fu-berlin.de/bizer/bsbm/v01/instances/dataFrom/Product8681;http://www4.wiwiss.fu-berlin.de/bizer/bsbm/v01/vocabulary/productFeature;http://www4.wiwiss.fu-berlin.de/bizer/bsbm/v01/instances/ProductFeature5101
http://www4.wiwiss.fu-berlin.de/bizer/bsbm/v01/instances/dataFrom/Product8681;http://www4.wiwiss.fu-berlin.de/bizer/bsbm/v01/vocabulary/productFeature;http://www4.wiwiss.fu-berlin.de/bizer/bsbm/v01/instances/ProductFeature5101
http://www4.wiwiss.fu-berlin.de/bizer/bsbm/v01/instances/dataFrom/Product8681;http://www4.wiwiss.fu-berlin.de/bizer/bsbm/v01/vocabulary/productFeature;http://www4.wiwiss.fu-berlin.de/bizer/bsbm/v01/instances/ProductFeature5101
http://www4.wiwiss.fu-berlin.de/bizer/bsbm/v01/instances/dataFrom/Product8681;http://www4.wiwiss.fu-berlin.de/bizer/bsbm/v01/vocabulary/productFeature;http://www4.wiwiss.fu-berlin.de/bizer/bsbm/v01/instances/ProductFeature5101
http://www4.wiwiss.fu-berlin.de/bizer/bsbm/v01/instances/dataFrom/Product8681;http://www4.wiwiss.fu-berlin.de/bizer/bsbm/v01/vocabulary/productFeature;http://www4.wiwiss.fu-berlin.de/bizer/bsbm/v01/instances/ProductFeature5101
http://www4.wiwiss.fu-berlin.de/bizer/bsbm/v01/instances/dataFrom/Product8681;http://www4.wiwiss.fu-berlin.de/bizer/bsbm/v01/vocabulary/productFeature;http://www4.wiwiss.fu-berlin.de/bizer/bsbm/v01/instances/ProductFeature5101
http://www4.wiwiss.fu-berlin.de/bizer/bsbm/v01/instances/dataFrom/Product8681;http://www4.wiwiss.fu-berlin.de/bizer/bsbm/v01/vocabulary/productFeature;http://www4.wiwiss.fu-berlin.de/bizer/bsbm/v01/instances/ProductFeature5101
http://www4.wiwiss.fu-berlin.de/bizer/bsbm/v01/instances/dataFrom/Product8681;http://www4.wiwiss.fu-berlin.de/bizer/bsbm/v01/vocabulary/productFeature;http://www4.wiwiss.fu-berlin.de/bizer/bsbm/v01/instances/ProductFeature5101
http://www4.wiwiss.fu-berlin.de/bizer/bsbm/v01/instances/dataFrom/Product8681;http://www4.wiwiss.fu-berlin.de/bizer/bsbm/v01/vocabulary/productFeature;http://www4.wiwiss.fu-berlin.de/bizer/bsbm/v01/instances/ProductFeature5101
http://www4.wiwiss.fu-berlin.de/bizer/bsbm/v01/instances/dataFrom/Product8681;http://www4.wiwiss.fu-berlin.de/bizer/bsbm/v01/vocabulary/productFeature;http://www4.wiwiss.fu-berlin.de/bizer/bsbm/v01/instances/ProductFeature5101
http://www4.wiwiss.fu-berlin.de/bizer/bsbm/v01/instances/dataFrom/Product8681;http://www4.wiwiss.fu-berlin.de/bizer/bsbm/v01/vocabulary/productFeature;http://www4.wiwiss.fu-berlin.de/bizer/bsbm/v01/instances/ProductFeature5101
http://www4.wiwiss.fu-berlin.de/bizer/bsbm/v01/instances/dataFrom/Product8681;http://www4.wiwiss.fu-berlin.de/bizer/bsbm/v01/vocabulary/productFeature;http://www4.wiwiss.fu-berlin.de/bizer/bsbm/v01/instances/ProductFeature5101
http://www4.wiwiss.fu-berlin.de/bizer/bsbm/v01/instances/dataFrom/Product8681;http://www4.wiwiss.fu-berlin.de/bizer/bsbm/v01/vocabulary/productFeature;http://www4.wiwiss.fu-berlin.de/bizer/bsbm/v01/instances/ProductFeature5111
http://www4.wiwiss.fu-berlin.de/bizer/bsbm/v01/instances/dataFrom/Product8681;http://www4.wiwiss.fu-berlin.de/bizer/bsbm/v01/vocabulary/productFeature;http://www4.wiwiss.fu-berlin.de/bizer/bsbm/v01/instances/ProductFeature5111
http://www4.wiwiss.fu-berlin.de/bizer/bsbm/v01/instances/dataFrom/Product8681;http://www4.wiwiss.fu-berlin.de/bizer/bsbm/v01/vocabulary/productFeature;http://www4.wiwiss.fu-berlin.de/bizer/bsbm/v01/instances/ProductFeature5111
http://www4.wiwiss.fu-berlin.de/bizer/bsbm/v01/instances/dataFrom/Product8681;http://www4.wiwiss.fu-berlin.de/bizer/bsbm/v01/vocabulary/productFeature;http://www4.wiwiss.fu-berlin.de/bizer/bsbm/v01/instances/ProductFeature5111
http://www4.wiwiss.fu-berlin.de/bizer/bsbm/v01/instances/dataFrom/Product2237;http://www4.wiwiss.fu-berlin.de/bizer/bsbm/v01/vocabulary/productFeature;http://www4.wiwiss.fu-berlin.de/bizer/bsbm/v01/instances/ProductFeature5099
http://www4.wiwiss.fu-berlin.de/bizer/bsbm/v01/instances/dataFrom/Product2237;http://www4.wiwiss.fu-berlin.de/bizer/bsbm/v01/vocabulary/productFeature;http://www4.wiwiss.fu-berlin.de/bizer/bsbm/v01/instances/ProductFeature5099
http://www4.wiwiss.fu-berlin.de/bizer/bsbm/v01/instances/dataFrom/Product2237;http://www4.wiwiss.fu-berlin.de/bizer/bsbm/v01/vocabulary/productFeature;http://www4.wiwiss.fu-berlin.de/bizer/bsbm/v01/instances/ProductFeature5099
http://www4.wiwiss.fu-berlin.de/bizer/bsbm/v01/instances/dataFrom/Product2237;http://www4.wiwiss.fu-berlin.de/bizer/bsbm/v01/vocabulary/productFeature;http://www4.wiwiss.fu-berlin.de/bizer/bsbm/v01/instances/ProductFeature5099
http://www4.wiwiss.fu-berlin.de/bizer/bsbm/v01/instances/dataFrom/Product2237;http://www4.wiwiss.fu-berlin.de/bizer/bsbm/v01/vocabulary/productFeature;http://www4.wiwiss.fu-berlin.de/bizer/bsbm/v01/instances/ProductFeature5099
http://www4.wiwiss.fu-berlin.de/bizer/bsbm/v01/instances/dataFrom/Product2237;http://www4.wiwiss.fu-berlin.de/bizer/bsbm/v01/vocabulary/productFeature;http://www4.wiwiss.fu-berlin.de/bizer/bsbm/v01/instances/ProductFeature5099
http://www4.wiwiss.fu-berlin.de/bizer/bsbm/v01/instances/dataFrom/Product2237;http://www4.wiwiss.fu-berlin.de/bizer/bsbm/v01/vocabulary/productFeature;http://www4.wiwiss.fu-berlin.de/bizer/bsbm/v01/instances/ProductFeature5099
http://www4.wiwiss.fu-berlin.de/bizer/bsbm/v01/instances/dataFrom/Product2237;http://www4.wiwiss.fu-berlin.de/bizer/bsbm/v01/vocabulary/productFeature;http://www4.wiwiss.fu-berlin.de/bizer/bsbm/v01/instances/ProductFeature5099
http://www4.wiwiss.fu-berlin.de/bizer/bsbm/v01/instances/dataFrom/Product2237;http://www4.wiwiss.fu-berlin.de/bizer/bsbm/v01/vocabulary/productFeature;http://www4.wiwiss.fu-berlin.de/bizer/bsbm/v01/instances/ProductFeature5099
http://www4.wiwiss.fu-berlin.de/bizer/bsbm/v01/instances/dataFrom/Product2237;http://www4.wiwiss.fu-berlin.de/bizer/bsbm/v01/vocabulary/productFeature;http://www4.wiwiss.fu-berlin.de/bizer/bsbm/v01/instances/ProductFeature5101
http://www4.wiwiss.fu-berlin.de/bizer/bsbm/v01/instances/dataFrom/Product2237;http://www4.wiwiss.fu-berlin.de/bizer/bsbm/v01/vocabulary/productFeature;http://www4.wiwiss.fu-berlin.de/bizer/bsbm/v01/instances/ProductFeature5101
http://www4.wiwiss.fu-berlin.de/bizer/bsbm/v01/instances/dataFrom/Product2237;http://www4.wiwiss.fu-berlin.de/bizer/bsbm/v01/vocabulary/productFeature;http://www4.wiwiss.fu-berlin.de/bizer/bsbm/v01/instances/ProductFeature5101
http://www4.wiwiss.fu-berlin.de/bizer/bsbm/v01/instances/dataFrom/Product2237;http://www4.wiwiss.fu-berlin.de/bizer/bsbm/v01/vocabulary/productFeature;http://www4.wiwiss.fu-berlin.de/bizer/bsbm/v01/instances/ProductFeature5101
http://www4.wiwiss.fu-berlin.de/bizer/bsbm/v01/instances/dataFrom/Product2237;http://www4.wiwiss.fu-berlin.de/bizer/bsbm/v01/vocabulary/productFeature;http://www4.wiwiss.fu-berlin.de/bizer/bsbm/v01/instances/ProductFeature5101
http://www4.wiwiss.fu-berlin.de/bizer/bsbm/v01/instances/dataFrom/Product2237;http://www4.wiwiss.fu-berlin.de/bizer/bsbm/v01/vocabulary/productFeature;http://www4.wiwiss.fu-berlin.de/bizer/bsbm/v01/instances/ProductFeature5101
http://www4.wiwiss.fu-berlin.de/bizer/bsbm/v01/instances/dataFrom/Product2237;http://www4.wiwiss.fu-berlin.de/bizer/bsbm/v01/vocabulary/productFeature;http://www4.wiwiss.fu-berlin.de/bizer/bsbm/v01/instances/ProductFeature5101
http://www4.wiwiss.fu-berlin.de/bizer/bsbm/v01/instances/dataFrom/Product2237;http://www4.wiwiss.fu-berlin.de/bizer/bsbm/v01/vocabulary/productFeature;http://www4.wiwiss.fu-berlin.de/bizer/bsbm/v01/instances/ProductFeature5101
http://www4.wiwiss.fu-berlin.de/bizer/bsbm/v01/instances/dataFrom/Product2237;http://www4.wiwiss.fu-berlin.de/bizer/bsbm/v01/vocabulary/productFeature;http://www4.wiwiss.fu-berlin.de/bizer/bsbm/v01/instances/ProductFeature5101
http://www4.wiwiss.fu-berlin.de/bizer/bsbm/v01/instances/dataFrom/Product2237;http://www4.wiwiss.fu-berlin.de/bizer/bsbm/v01/vocabulary/productFeature;http://www4.wiwiss.fu-berlin.de/bizer/bsbm/v01/instances/ProductFeature5101
http://www4.wiwiss.fu-berlin.de/bizer/bsbm/v01/instances/dataFrom/Product2237;http://www4.wiwiss.fu-berlin.de/bizer/bsbm/v01/vocabulary/productFeature;http://www4.wiwiss.fu-berlin.de/bizer/bsbm/v01/instances/ProductFeature5101
http://www4.wiwiss.fu-berlin.de/bizer/bsbm/v01/instances/dataFrom/Product2237;http://www4.wiwiss.fu-berlin.de/bizer/bsbm/v01/vocabulary/productFeature;http://www4.wiwiss.fu-berlin.de/bizer/bsbm/v01/instances/ProductFeature5101
http://www4.wiwiss.fu-berlin.de/bizer/bsbm/v01/instances/dataFrom/Product2237;http://www4.wiwiss.fu-berlin.de/bizer/bsbm/v01/vocabulary/productFeature;http://www4.wiwiss.fu-berlin.de/bizer/bsbm/v01/instances/ProductFeature5111
http://www4.wiwiss.fu-berlin.de/bizer/bsbm/v01/instances/dataFrom/Product2237;http://www4.wiwiss.fu-berlin.de/bizer/bsbm/v01/vocabulary/productFeature;http://www4.wiwiss.fu-berlin.de/bizer/bsbm/v01/instances/ProductFeature5111
http://www4.wiwiss.fu-berlin.de/bizer/bsbm/v01/instances/dataFrom/Product2237;http://www4.wiwiss.fu-berlin.de/bizer/bsbm/v01/vocabulary/productFeature;http://www4.wiwiss.fu-berlin.de/bizer/bsbm/v01/instances/ProductFeature5111
http://www4.wiwiss.fu-berlin.de/bizer/bsbm/v01/instances/dataFrom/Product2237;http://www4.wiwiss.fu-berlin.de/bizer/bsbm/v01/vocabulary/productFeature;http://www4.wiwiss.fu-berlin.de/bizer/bsbm/v01/instances/ProductFeature5111
http://www4.wiwiss.fu-berlin.de/bizer/bsbm/v01/instances/dataFrom/Product5121;http://www4.wiwiss.fu-berlin.de/bizer/bsbm/v01/vocabulary/productFeature;http://www4.wiwiss.fu-berlin.de/bizer/bsbm/v01/instances/ProductFeature5099
http://www4.wiwiss.fu-berlin.de/bizer/bsbm/v01/instances/dataFrom/Product5121;http://www4.wiwiss.fu-berlin.de/bizer/bsbm/v01/vocabulary/productFeature;http://www4.wiwiss.fu-berlin.de/bizer/bsbm/v01/instances/ProductFeature5099
http://www4.wiwiss.fu-berlin.de/bizer/bsbm/v01/instances/dataFrom/Product5121;http://www4.wiwiss.fu-berlin.de/bizer/bsbm/v01/vocabulary/productFeature;http://www4.wiwiss.fu-berlin.de/bizer/bsbm/v01/instances/ProductFeature5099
http://www4.wiwiss.fu-berlin.de/bizer/bsbm/v01/instances/dataFrom/Product5121;http://www4.wiwiss.fu-berlin.de/bizer/bsbm/v01/vocabulary/productFeature;http://www4.wiwiss.fu-berlin.de/bizer/bsbm/v01/instances/ProductFeature5099
http://www4.wiwiss.fu-berlin.de/bizer/bsbm/v01/instances/dataFrom/Product5121;http://www4.wiwiss.fu-berlin.de/bizer/bsbm/v01/vocabulary/productFeature;http://www4.wiwiss.fu-berlin.de/bizer/bsbm/v01/instances/ProductFeature5099
http://www4.wiwiss.fu-berlin.de/bizer/bsbm/v01/instances/dataFrom/Product5121;http://www4.wiwiss.fu-berlin.de/bizer/bsbm/v01/vocabulary/productFeature;http://www4.wiwiss.fu-berlin.de/bizer/bsbm/v01/instances/ProductFeature5099
http://www4.wiwiss.fu-berlin.de/bizer/bsbm/v01/instances/dataFrom/Product5121;http://www4.wiwiss.fu-berlin.de/bizer/bsbm/v01/vocabulary/productFeature;http://www4.wiwiss.fu-berlin.de/bizer/bsbm/v01/instances/ProductFeature5099
http://www4.wiwiss.fu-berlin.de/bizer/bsbm/v01/instances/dataFrom/Product5121;http://www4.wiwiss.fu-berlin.de/bizer/bsbm/v01/vocabulary/productFeature;http://www4.wiwiss.fu-berlin.de/bizer/bsbm/v01/instances/ProductFeature5099
http://www4.wiwiss.fu-berlin.de/bizer/bsbm/v01/instances/dataFrom/Product5121;http://www4.wiwiss.fu-berlin.de/bizer/bsbm/v01/vocabulary/productFeature;http://www4.wiwiss.fu-berlin.de/bizer/bsbm/v01/instances/ProductFeature5099
http://www4.wiwiss.fu-berlin.de/bizer/bsbm/v01/instances/dataFrom/Product5121;http://www4.wiwiss.fu-berlin.de/bizer/bsbm/v01/vocabulary/productFeature;http://www4.wiwiss.fu-berlin.de/bizer/bsbm/v01/instances/ProductFeature5101
http://www4.wiwiss.fu-berlin.de/bizer/bsbm/v01/instances/dataFrom/Product5121;http://www4.wiwiss.fu-berlin.de/bizer/bsbm/v01/vocabulary/productFeature;http://www4.wiwiss.fu-berlin.de/bizer/bsbm/v01/instances/ProductFeature5101
http://www4.wiwiss.fu-berlin.de/bizer/bsbm/v01/instances/dataFrom/Product5121;http://www4.wiwiss.fu-berlin.de/bizer/bsbm/v01/vocabulary/productFeature;http://www4.wiwiss.fu-berlin.de/bizer/bsbm/v01/instances/ProductFeature5101
http://www4.wiwiss.fu-berlin.de/bizer/bsbm/v01/instances/dataFrom/Product5121;http://www4.wiwiss.fu-berlin.de/bizer/bsbm/v01/vocabulary/productFeature;http://www4.wiwiss.fu-berlin.de/bizer/bsbm/v01/instances/ProductFeature5101
http://www4.wiwiss.fu-berlin.de/bizer/bsbm/v01/instances/dataFrom/Product5121;http://www4.wiwiss.fu-berlin.de/bizer/bsbm/v01/vocabulary/productFeature;http://www4.wiwiss.fu-berlin.de/bizer/bsbm/v01/instances/ProductFeature5101
http://www4.wiwiss.fu-berlin.de/bizer/bsbm/v01/instances/dataFrom/Product5121;http://www4.wiwiss.fu-berlin.de/bizer/bsbm/v01/vocabulary/productFeature;http://www4.wiwiss.fu-berlin.de/bizer/bsbm/v01/instances/ProductFeature5101
http://www4.wiwiss.fu-berlin.de/bizer/bsbm/v01/instances/dataFrom/Product5121;http://www4.wiwiss.fu-berlin.de/bizer/bsbm/v01/vocabulary/productFeature;http://www4.wiwiss.fu-berlin.de/bizer/bsbm/v01/instances/ProductFeature5101
http://www4.wiwiss.fu-berlin.de/bizer/bsbm/v01/instances/dataFrom/Product5121;http://www4.wiwiss.fu-berlin.de/bizer/bsbm/v01/vocabulary/productFeature;http://www4.wiwiss.fu-berlin.de/bizer/bsbm/v01/instances/ProductFeature5101
http://www4.wiwiss.fu-berlin.de/bizer/bsbm/v01/instances/dataFrom/Product5121;http://www4.wiwiss.fu-berlin.de/bizer/bsbm/v01/vocabulary/productFeature;http://www4.wiwiss.fu-berlin.de/bizer/bsbm/v01/instances/ProductFeature5101
http://www4.wiwiss.fu-berlin.de/bizer/bsbm/v01/instances/dataFrom/Product5121;http://www4.wiwiss.fu-berlin.de/bizer/bsbm/v01/vocabulary/productFeature;http://www4.wiwiss.fu-berlin.de/bizer/bsbm/v01/instances/ProductFeature5101
http://www4.wiwiss.fu-berlin.de/bizer/bsbm/v01/instances/dataFrom/Product5121;http://www4.wiwiss.fu-berlin.de/bizer/bsbm/v01/vocabulary/productFeature;http://www4.wiwiss.fu-berlin.de/bizer/bsbm/v01/instances/ProductFeature5101
http://www4.wiwiss.fu-berlin.de/bizer/bsbm/v01/instances/dataFrom/Product5121;http://www4.wiwiss.fu-berlin.de/bizer/bsbm/v01/vocabulary/productFeature;http://www4.wiwiss.fu-berlin.de/bizer/bsbm/v01/instances/ProductFeature5101
http://www4.wiwiss.fu-berlin.de/bizer/bsbm/v01/instances/dataFrom/Product5121;http://www4.wiwiss.fu-berlin.de/bizer/bsbm/v01/vocabulary/productFeature;http://www4.wiwiss.fu-berlin.de/bizer/bsbm/v01/instances/ProductFeature5111
http://www4.wiwiss.fu-berlin.de/bizer/bsbm/v01/instances/dataFrom/Product5121;http://www4.wiwiss.fu-berlin.de/bizer/bsbm/v01/vocabulary/productFeature;http://www4.wiwiss.fu-berlin.de/bizer/bsbm/v01/instances/ProductFeature5111
http://www4.wiwiss.fu-berlin.de/bizer/bsbm/v01/instances/dataFrom/Product5121;http://www4.wiwiss.fu-berlin.de/bizer/bsbm/v01/vocabulary/productFeature;http://www4.wiwiss.fu-berlin.de/bizer/bsbm/v01/instances/ProductFeature5111
http://www4.wiwiss.fu-berlin.de/bizer/bsbm/v01/instances/dataFrom/Product5121;http://www4.wiwiss.fu-berlin.de/bizer/bsbm/v01/vocabulary/productFeature;http://www4.wiwiss.fu-berlin.de/bizer/bsbm/v01/instances/ProductFeature5111
http://www4.wiwiss.fu-berlin.de/bizer/bsbm/v01/instances/dataFrom/Product5046;http://www4.wiwiss.fu-berlin.de/bizer/bsbm/v01/vocabulary/productFeature;http://www4.wiwiss.fu-berlin.de/bizer/bsbm/v01/instances/ProductFeature5099
http://www4.wiwiss.fu-berlin.de/bizer/bsbm/v01/instances/dataFrom/Product5046;http://www4.wiwiss.fu-berlin.de/bizer/bsbm/v01/vocabulary/productFeature;http://www4.wiwiss.fu-berlin.de/bizer/bsbm/v01/instances/ProductFeature5099
http://www4.wiwiss.fu-berlin.de/bizer/bsbm/v01/instances/dataFrom/Product5046;http://www4.wiwiss.fu-berlin.de/bizer/bsbm/v01/vocabulary/productFeature;http://www4.wiwiss.fu-berlin.de/bizer/bsbm/v01/instances/ProductFeature5099
http://www4.wiwiss.fu-berlin.de/bizer/bsbm/v01/instances/dataFrom/Product5046;http://www4.wiwiss.fu-berlin.de/bizer/bsbm/v01/vocabulary/productFeature;http://www4.wiwiss.fu-berlin.de/bizer/bsbm/v01/instances/ProductFeature5099
http://www4.wiwiss.fu-berlin.de/bizer/bsbm/v01/instances/dataFrom/Product5046;http://www4.wiwiss.fu-berlin.de/bizer/bsbm/v01/vocabulary/productFeature;http://www4.wiwiss.fu-berlin.de/bizer/bsbm/v01/instances/ProductFeature5099
http://www4.wiwiss.fu-berlin.de/bizer/bsbm/v01/instances/dataFrom/Product5046;http://www4.wiwiss.fu-berlin.de/bizer/bsbm/v01/vocabulary/productFeature;http://www4.wiwiss.fu-berlin.de/bizer/bsbm/v01/instances/ProductFeature5099
http://www4.wiwiss.fu-berlin.de/bizer/bsbm/v01/instances/dataFrom/Product5046;http://www4.wiwiss.fu-berlin.de/bizer/bsbm/v01/vocabulary/productFeature;http://www4.wiwiss.fu-berlin.de/bizer/bsbm/v01/instances/ProductFeature5099
http://www4.wiwiss.fu-berlin.de/bizer/bsbm/v01/instances/dataFrom/Product5046;http://www4.wiwiss.fu-berlin.de/bizer/bsbm/v01/vocabulary/productFeature;http://www4.wiwiss.fu-berlin.de/bizer/bsbm/v01/instances/ProductFeature5099
http://www4.wiwiss.fu-berlin.de/bizer/bsbm/v01/instances/dataFrom/Product5046;http://www4.wiwiss.fu-berlin.de/bizer/bsbm/v01/vocabulary/productFeature;http://www4.wiwiss.fu-berlin.de/bizer/bsbm/v01/instances/ProductFeature5099
http://www4.wiwiss.fu-berlin.de/bizer/bsbm/v01/instances/dataFrom/Product5046;http://www4.wiwiss.fu-berlin.de/bizer/bsbm/v01/vocabulary/productFeature;http://www4.wiwiss.fu-berlin.de/bizer/bsbm/v01/instances/ProductFeature5101
http://www4.wiwiss.fu-berlin.de/bizer/bsbm/v01/instances/dataFrom/Product5046;http://www4.wiwiss.fu-berlin.de/bizer/bsbm/v01/vocabulary/productFeature;http://www4.wiwiss.fu-berlin.de/bizer/bsbm/v01/instances/ProductFeature5101
http://www4.wiwiss.fu-berlin.de/bizer/bsbm/v01/instances/dataFrom/Product5046;http://www4.wiwiss.fu-berlin.de/bizer/bsbm/v01/vocabulary/productFeature;http://www4.wiwiss.fu-berlin.de/bizer/bsbm/v01/instances/ProductFeature5101
http://www4.wiwiss.fu-berlin.de/bizer/bsbm/v01/instances/dataFrom/Product5046;http://www4.wiwiss.fu-berlin.de/bizer/bsbm/v01/vocabulary/productFeature;http://www4.wiwiss.fu-berlin.de/bizer/bsbm/v01/instances/ProductFeature5101
http://www4.wiwiss.fu-berlin.de/bizer/bsbm/v01/instances/dataFrom/Product5046;http://www4.wiwiss.fu-berlin.de/bizer/bsbm/v01/vocabulary/productFeature;http://www4.wiwiss.fu-berlin.de/bizer/bsbm/v01/instances/ProductFeature5101
http://www4.wiwiss.fu-berlin.de/bizer/bsbm/v01/instances/dataFrom/Product5046;http://www4.wiwiss.fu-berlin.de/bizer/bsbm/v01/vocabulary/productFeature;http://www4.wiwiss.fu-berlin.de/bizer/bsbm/v01/instances/ProductFeature5101
http://www4.wiwiss.fu-berlin.de/bizer/bsbm/v01/instances/dataFrom/Product5046;http://www4.wiwiss.fu-berlin.de/bizer/bsbm/v01/vocabulary/productFeature;http://www4.wiwiss.fu-berlin.de/bizer/bsbm/v01/instances/ProductFeature5101
http://www4.wiwiss.fu-berlin.de/bizer/bsbm/v01/instances/dataFrom/Product5046;http://www4.wiwiss.fu-berlin.de/bizer/bsbm/v01/vocabulary/productFeature;http://www4.wiwiss.fu-berlin.de/bizer/bsbm/v01/instances/ProductFeature5101
http://www4.wiwiss.fu-berlin.de/bizer/bsbm/v01/instances/dataFrom/Product5046;http://www4.wiwiss.fu-berlin.de/bizer/bsbm/v01/vocabulary/productFeature;http://www4.wiwiss.fu-berlin.de/bizer/bsbm/v01/instances/ProductFeature5101
http://www4.wiwiss.fu-berlin.de/bizer/bsbm/v01/instances/dataFrom/Product5046;http://www4.wiwiss.fu-berlin.de/bizer/bsbm/v01/vocabulary/productFeature;http://www4.wiwiss.fu-berlin.de/bizer/bsbm/v01/instances/ProductFeature5101
http://www4.wiwiss.fu-berlin.de/bizer/bsbm/v01/instances/dataFrom/Product5046;http://www4.wiwiss.fu-berlin.de/bizer/bsbm/v01/vocabulary/productFeature;http://www4.wiwiss.fu-berlin.de/bizer/bsbm/v01/instances/ProductFeature5101
http://www4.wiwiss.fu-berlin.de/bizer/bsbm/v01/instances/dataFrom/Product5046;http://www4.wiwiss.fu-berlin.de/bizer/bsbm/v01/vocabulary/productFeature;http://www4.wiwiss.fu-berlin.de/bizer/bsbm/v01/instances/ProductFeature5101
http://www4.wiwiss.fu-berlin.de/bizer/bsbm/v01/instances/dataFrom/Product5046;http://www4.wiwiss.fu-berlin.de/bizer/bsbm/v01/vocabulary/productFeature;http://www4.wiwiss.fu-berlin.de/bizer/bsbm/v01/instances/ProductFeature5111
http://www4.wiwiss.fu-berlin.de/bizer/bsbm/v01/instances/dataFrom/Product5046;http://www4.wiwiss.fu-berlin.de/bizer/bsbm/v01/vocabulary/productFeature;http://www4.wiwiss.fu-berlin.de/bizer/bsbm/v01/instances/ProductFeature5111
http://www4.wiwiss.fu-berlin.de/bizer/bsbm/v01/instances/dataFrom/Product5046;http://www4.wiwiss.fu-berlin.de/bizer/bsbm/v01/vocabulary/productFeature;http://www4.wiwiss.fu-berlin.de/bizer/bsbm/v01/instances/ProductFeature5111
http://www4.wiwiss.fu-berlin.de/bizer/bsbm/v01/instances/dataFrom/Product5046;http://www4.wiwiss.fu-berlin.de/bizer/bsbm/v01/vocabulary/productFeature;http://www4.wiwiss.fu-berlin.de/bizer/bsbm/v01/instances/ProductFeature5111
http://www4.wiwiss.fu-berlin.de/bizer/bsbm/v01/instances/dataFrom/Product2453;http://www4.wiwiss.fu-berlin.de/bizer/bsbm/v01/vocabulary/productFeature;http://www4.wiwiss.fu-berlin.de/bizer/bsbm/v01/instances/ProductFeature5099
http://www4.wiwiss.fu-berlin.de/bizer/bsbm/v01/instances/dataFrom/Product2453;http://www4.wiwiss.fu-berlin.de/bizer/bsbm/v01/vocabulary/productFeature;http://www4.wiwiss.fu-berlin.de/bizer/bsbm/v01/instances/ProductFeature5099
http://www4.wiwiss.fu-berlin.de/bizer/bsbm/v01/instances/dataFrom/Product2453;http://www4.wiwiss.fu-berlin.de/bizer/bsbm/v01/vocabulary/productFeature;http://www4.wiwiss.fu-berlin.de/bizer/bsbm/v01/instances/ProductFeature5099
http://www4.wiwiss.fu-berlin.de/bizer/bsbm/v01/instances/dataFrom/Product2453;http://www4.wiwiss.fu-berlin.de/bizer/bsbm/v01/vocabulary/productFeature;http://www4.wiwiss.fu-berlin.de/bizer/bsbm/v01/instances/ProductFeature5099
http://www4.wiwiss.fu-berlin.de/bizer/bsbm/v01/instances/dataFrom/Product2453;http://www4.wiwiss.fu-berlin.de/bizer/bsbm/v01/vocabulary/productFeature;http://www4.wiwiss.fu-berlin.de/bizer/bsbm/v01/instances/ProductFeature5099
http://www4.wiwiss.fu-berlin.de/bizer/bsbm/v01/instances/dataFrom/Product2453;http://www4.wiwiss.fu-berlin.de/bizer/bsbm/v01/vocabulary/productFeature;http://www4.wiwiss.fu-berlin.de/bizer/bsbm/v01/instances/ProductFeature5099
http://www4.wiwiss.fu-berlin.de/bizer/bsbm/v01/instances/dataFrom/Product2453;http://www4.wiwiss.fu-berlin.de/bizer/bsbm/v01/vocabulary/productFeature;http://www4.wiwiss.fu-berlin.de/bizer/bsbm/v01/instances/ProductFeature5099
http://www4.wiwiss.fu-berlin.de/bizer/bsbm/v01/instances/dataFrom/Product2453;http://www4.wiwiss.fu-berlin.de/bizer/bsbm/v01/vocabulary/productFeature;http://www4.wiwiss.fu-berlin.de/bizer/bsbm/v01/instances/ProductFeature5099
http://www4.wiwiss.fu-berlin.de/bizer/bsbm/v01/instances/dataFrom/Product2453;http://www4.wiwiss.fu-berlin.de/bizer/bsbm/v01/vocabulary/productFeature;http://www4.wiwiss.fu-berlin.de/bizer/bsbm/v01/instances/ProductFeature5099
http://www4.wiwiss.fu-berlin.de/bizer/bsbm/v01/instances/dataFrom/Product2453;http://www4.wiwiss.fu-berlin.de/bizer/bsbm/v01/vocabulary/productFeature;http://www4.wiwiss.fu-berlin.de/bizer/bsbm/v01/instances/ProductFeature5101
http://www4.wiwiss.fu-berlin.de/bizer/bsbm/v01/instances/dataFrom/Product2453;http://www4.wiwiss.fu-berlin.de/bizer/bsbm/v01/vocabulary/productFeature;http://www4.wiwiss.fu-berlin.de/bizer/bsbm/v01/instances/ProductFeature5101
http://www4.wiwiss.fu-berlin.de/bizer/bsbm/v01/instances/dataFrom/Product2453;http://www4.wiwiss.fu-berlin.de/bizer/bsbm/v01/vocabulary/productFeature;http://www4.wiwiss.fu-berlin.de/bizer/bsbm/v01/instances/ProductFeature5101
http://www4.wiwiss.fu-berlin.de/bizer/bsbm/v01/instances/dataFrom/Product2453;http://www4.wiwiss.fu-berlin.de/bizer/bsbm/v01/vocabulary/productFeature;http://www4.wiwiss.fu-berlin.de/bizer/bsbm/v01/instances/ProductFeature5101
http://www4.wiwiss.fu-berlin.de/bizer/bsbm/v01/instances/dataFrom/Product2453;http://www4.wiwiss.fu-berlin.de/bizer/bsbm/v01/vocabulary/productFeature;http://www4.wiwiss.fu-berlin.de/bizer/bsbm/v01/instances/ProductFeature5101
http://www4.wiwiss.fu-berlin.de/bizer/bsbm/v01/instances/dataFrom/Product2453;http://www4.wiwiss.fu-berlin.de/bizer/bsbm/v01/vocabulary/productFeature;http://www4.wiwiss.fu-berlin.de/bizer/bsbm/v01/instances/ProductFeature5101
http://www4.wiwiss.fu-berlin.de/bizer/bsbm/v01/instances/dataFrom/Product2453;http://www4.wiwiss.fu-berlin.de/bizer/bsbm/v01/vocabulary/productFeature;http://www4.wiwiss.fu-berlin.de/bizer/bsbm/v01/instances/ProductFeature5101
http://www4.wiwiss.fu-berlin.de/bizer/bsbm/v01/instances/dataFrom/Product2453;http://www4.wiwiss.fu-berlin.de/bizer/bsbm/v01/vocabulary/productFeature;http://www4.wiwiss.fu-berlin.de/bizer/bsbm/v01/instances/ProductFeature5101
http://www4.wiwiss.fu-berlin.de/bizer/bsbm/v01/instances/dataFrom/Product2453;http://www4.wiwiss.fu-berlin.de/bizer/bsbm/v01/vocabulary/productFeature;http://www4.wiwiss.fu-berlin.de/bizer/bsbm/v01/instances/ProductFeature5101
http://www4.wiwiss.fu-berlin.de/bizer/bsbm/v01/instances/dataFrom/Product2453;http://www4.wiwiss.fu-berlin.de/bizer/bsbm/v01/vocabulary/productFeature;http://www4.wiwiss.fu-berlin.de/bizer/bsbm/v01/instances/ProductFeature5101
http://www4.wiwiss.fu-berlin.de/bizer/bsbm/v01/instances/dataFrom/Product2453;http://www4.wiwiss.fu-berlin.de/bizer/bsbm/v01/vocabulary/productFeature;http://www4.wiwiss.fu-berlin.de/bizer/bsbm/v01/instances/ProductFeature5101
http://www4.wiwiss.fu-berlin.de/bizer/bsbm/v01/instances/dataFrom/Product2453;http://www4.wiwiss.fu-berlin.de/bizer/bsbm/v01/vocabulary/productFeature;http://www4.wiwiss.fu-berlin.de/bizer/bsbm/v01/instances/ProductFeature5101
http://www4.wiwiss.fu-berlin.de/bizer/bsbm/v01/instances/dataFrom/Product2453;http://www4.wiwiss.fu-berlin.de/bizer/bsbm/v01/vocabulary/productFeature;http://www4.wiwiss.fu-berlin.de/bizer/bsbm/v01/instances/ProductFeature5111
http://www4.wiwiss.fu-berlin.de/bizer/bsbm/v01/instances/dataFrom/Product2453;http://www4.wiwiss.fu-berlin.de/bizer/bsbm/v01/vocabulary/productFeature;http://www4.wiwiss.fu-berlin.de/bizer/bsbm/v01/instances/ProductFeature5111
http://www4.wiwiss.fu-berlin.de/bizer/bsbm/v01/instances/dataFrom/Product2453;http://www4.wiwiss.fu-berlin.de/bizer/bsbm/v01/vocabulary/productFeature;http://www4.wiwiss.fu-berlin.de/bizer/bsbm/v01/instances/ProductFeature5111
http://www4.wiwiss.fu-berlin.de/bizer/bsbm/v01/instances/dataFrom/Product2453;http://www4.wiwiss.fu-berlin.de/bizer/bsbm/v01/vocabulary/productFeature;http://www4.wiwiss.fu-berlin.de/bizer/bsbm/v01/instances/ProductFeature5111
http://www4.wiwiss.fu-berlin.de/bizer/bsbm/v01/instances/dataFrom/Product844;http://www4.wiwiss.fu-berlin.de/bizer/bsbm/v01/vocabulary/productFeature;http://www4.wiwiss.fu-berlin.de/bizer/bsbm/v01/instances/ProductFeature5099
http://www4.wiwiss.fu-berlin.de/bizer/bsbm/v01/instances/dataFrom/Product844;http://www4.wiwiss.fu-berlin.de/bizer/bsbm/v01/vocabulary/productFeature;http://www4.wiwiss.fu-berlin.de/bizer/bsbm/v01/instances/ProductFeature5099
http://www4.wiwiss.fu-berlin.de/bizer/bsbm/v01/instances/dataFrom/Product844;http://www4.wiwiss.fu-berlin.de/bizer/bsbm/v01/vocabulary/productFeature;http://www4.wiwiss.fu-berlin.de/bizer/bsbm/v01/instances/ProductFeature5099
http://www4.wiwiss.fu-berlin.de/bizer/bsbm/v01/instances/dataFrom/Product844;http://www4.wiwiss.fu-berlin.de/bizer/bsbm/v01/vocabulary/productFeature;http://www4.wiwiss.fu-berlin.de/bizer/bsbm/v01/instances/ProductFeature5099
http://www4.wiwiss.fu-berlin.de/bizer/bsbm/v01/instances/dataFrom/Product844;http://www4.wiwiss.fu-berlin.de/bizer/bsbm/v01/vocabulary/productFeature;http://www4.wiwiss.fu-berlin.de/bizer/bsbm/v01/instances/ProductFeature5099
http://www4.wiwiss.fu-berlin.de/bizer/bsbm/v01/instances/dataFrom/Product844;http://www4.wiwiss.fu-berlin.de/bizer/bsbm/v01/vocabulary/productFeature;http://www4.wiwiss.fu-berlin.de/bizer/bsbm/v01/instances/ProductFeature5099
http://www4.wiwiss.fu-berlin.de/bizer/bsbm/v01/instances/dataFrom/Product844;http://www4.wiwiss.fu-berlin.de/bizer/bsbm/v01/vocabulary/productFeature;http://www4.wiwiss.fu-berlin.de/bizer/bsbm/v01/instances/ProductFeature5099
http://www4.wiwiss.fu-berlin.de/bizer/bsbm/v01/instances/dataFrom/Product844;http://www4.wiwiss.fu-berlin.de/bizer/bsbm/v01/vocabulary/productFeature;http://www4.wiwiss.fu-berlin.de/bizer/bsbm/v01/instances/ProductFeature5099
http://www4.wiwiss.fu-berlin.de/bizer/bsbm/v01/instances/dataFrom/Product844;http://www4.wiwiss.fu-berlin.de/bizer/bsbm/v01/vocabulary/productFeature;http://www4.wiwiss.fu-berlin.de/bizer/bsbm/v01/instances/ProductFeature5099
http://www4.wiwiss.fu-berlin.de/bizer/bsbm/v01/instances/dataFrom/Product844;http://www4.wiwiss.fu-berlin.de/bizer/bsbm/v01/vocabulary/productFeature;http://www4.wiwiss.fu-berlin.de/bizer/bsbm/v01/instances/ProductFeature5101
http://www4.wiwiss.fu-berlin.de/bizer/bsbm/v01/instances/dataFrom/Product844;http://www4.wiwiss.fu-berlin.de/bizer/bsbm/v01/vocabulary/productFeature;http://www4.wiwiss.fu-berlin.de/bizer/bsbm/v01/instances/ProductFeature5101
http://www4.wiwiss.fu-berlin.de/bizer/bsbm/v01/instances/dataFrom/Product844;http://www4.wiwiss.fu-berlin.de/bizer/bsbm/v01/vocabulary/productFeature;http://www4.wiwiss.fu-berlin.de/bizer/bsbm/v01/instances/ProductFeature5101
http://www4.wiwiss.fu-berlin.de/bizer/bsbm/v01/instances/dataFrom/Product844;http://www4.wiwiss.fu-berlin.de/bizer/bsbm/v01/vocabulary/productFeature;http://www4.wiwiss.fu-berlin.de/bizer/bsbm/v01/instances/ProductFeature5101
http://www4.wiwiss.fu-berlin.de/bizer/bsbm/v01/instances/dataFrom/Product844;http://www4.wiwiss.fu-berlin.de/bizer/bsbm/v01/vocabulary/productFeature;http://www4.wiwiss.fu-berlin.de/bizer/bsbm/v01/instances/ProductFeature5101
http://www4.wiwiss.fu-berlin.de/bizer/bsbm/v01/instances/dataFrom/Product844;http://www4.wiwiss.fu-berlin.de/bizer/bsbm/v01/vocabulary/productFeature;http://www4.wiwiss.fu-berlin.de/bizer/bsbm/v01/instances/ProductFeature5101
http://www4.wiwiss.fu-berlin.de/bizer/bsbm/v01/instances/dataFrom/Product844;http://www4.wiwiss.fu-berlin.de/bizer/bsbm/v01/vocabulary/productFeature;http://www4.wiwiss.fu-berlin.de/bizer/bsbm/v01/instances/ProductFeature5101
http://www4.wiwiss.fu-berlin.de/bizer/bsbm/v01/instances/dataFrom/Product844;http://www4.wiwiss.fu-berlin.de/bizer/bsbm/v01/vocabulary/productFeature;http://www4.wiwiss.fu-berlin.de/bizer/bsbm/v01/instances/ProductFeature5101
http://www4.wiwiss.fu-berlin.de/bizer/bsbm/v01/instances/dataFrom/Product844;http://www4.wiwiss.fu-berlin.de/bizer/bsbm/v01/vocabulary/productFeature;http://www4.wiwiss.fu-berlin.de/bizer/bsbm/v01/instances/ProductFeature5101
http://www4.wiwiss.fu-berlin.de/bizer/bsbm/v01/instances/dataFrom/Product844;http://www4.wiwiss.fu-berlin.de/bizer/bsbm/v01/vocabulary/productFeature;http://www4.wiwiss.fu-berlin.de/bizer/bsbm/v01/instances/ProductFeature5101
http://www4.wiwiss.fu-berlin.de/bizer/bsbm/v01/instances/dataFrom/Product844;http://www4.wiwiss.fu-berlin.de/bizer/bsbm/v01/vocabulary/productFeature;http://www4.wiwiss.fu-berlin.de/bizer/bsbm/v01/instances/ProductFeature5101
http://www4.wiwiss.fu-berlin.de/bizer/bsbm/v01/instances/dataFrom/Product844;http://www4.wiwiss.fu-berlin.de/bizer/bsbm/v01/vocabulary/productFeature;http://www4.wiwiss.fu-berlin.de/bizer/bsbm/v01/instances/ProductFeature5101
http://www4.wiwiss.fu-berlin.de/bizer/bsbm/v01/instances/dataFrom/Product844;http://www4.wiwiss.fu-berlin.de/bizer/bsbm/v01/vocabulary/productFeature;http://www4.wiwiss.fu-berlin.de/bizer/bsbm/v01/instances/ProductFeature5111
http://www4.wiwiss.fu-berlin.de/bizer/bsbm/v01/instances/dataFrom/Product844;http://www4.wiwiss.fu-berlin.de/bizer/bsbm/v01/vocabulary/productFeature;http://www4.wiwiss.fu-berlin.de/bizer/bsbm/v01/instances/ProductFeature5111
http://www4.wiwiss.fu-berlin.de/bizer/bsbm/v01/instances/dataFrom/Product844;http://www4.wiwiss.fu-berlin.de/bizer/bsbm/v01/vocabulary/productFeature;http://www4.wiwiss.fu-berlin.de/bizer/bsbm/v01/instances/ProductFeature5111
http://www4.wiwiss.fu-berlin.de/bizer/bsbm/v01/instances/dataFrom/Product844;http://www4.wiwiss.fu-berlin.de/bizer/bsbm/v01/vocabulary/productFeature;http://www4.wiwiss.fu-berlin.de/bizer/bsbm/v01/instances/ProductFeature5111
http://www4.wiwiss.fu-berlin.de/bizer/bsbm/v01/instances/dataFrom/Product5402;http://www4.wiwiss.fu-berlin.de/bizer/bsbm/v01/vocabulary/productFeature;http://www4.wiwiss.fu-berlin.de/bizer/bsbm/v01/instances/ProductFeature5099
http://www4.wiwiss.fu-berlin.de/bizer/bsbm/v01/instances/dataFrom/Product5402;http://www4.wiwiss.fu-berlin.de/bizer/bsbm/v01/vocabulary/productFeature;http://www4.wiwiss.fu-berlin.de/bizer/bsbm/v01/instances/ProductFeature5099
http://www4.wiwiss.fu-berlin.de/bizer/bsbm/v01/instances/dataFrom/Product5402;http://www4.wiwiss.fu-berlin.de/bizer/bsbm/v01/vocabulary/productFeature;http://www4.wiwiss.fu-berlin.de/bizer/bsbm/v01/instances/ProductFeature5099
http://www4.wiwiss.fu-berlin.de/bizer/bsbm/v01/instances/dataFrom/Product5402;http://www4.wiwiss.fu-berlin.de/bizer/bsbm/v01/vocabulary/productFeature;http://www4.wiwiss.fu-berlin.de/bizer/bsbm/v01/instances/ProductFeature5099
http://www4.wiwiss.fu-berlin.de/bizer/bsbm/v01/instances/dataFrom/Product5402;http://www4.wiwiss.fu-berlin.de/bizer/bsbm/v01/vocabulary/productFeature;http://www4.wiwiss.fu-berlin.de/bizer/bsbm/v01/instances/ProductFeature5099
http://www4.wiwiss.fu-berlin.de/bizer/bsbm/v01/instances/dataFrom/Product5402;http://www4.wiwiss.fu-berlin.de/bizer/bsbm/v01/vocabulary/productFeature;http://www4.wiwiss.fu-berlin.de/bizer/bsbm/v01/instances/ProductFeature5099
http://www4.wiwiss.fu-berlin.de/bizer/bsbm/v01/instances/dataFrom/Product5402;http://www4.wiwiss.fu-berlin.de/bizer/bsbm/v01/vocabulary/productFeature;http://www4.wiwiss.fu-berlin.de/bizer/bsbm/v01/instances/ProductFeature5099
http://www4.wiwiss.fu-berlin.de/bizer/bsbm/v01/instances/dataFrom/Product5402;http://www4.wiwiss.fu-berlin.de/bizer/bsbm/v01/vocabulary/productFeature;http://www4.wiwiss.fu-berlin.de/bizer/bsbm/v01/instances/ProductFeature5099
http://www4.wiwiss.fu-berlin.de/bizer/bsbm/v01/instances/dataFrom/Product5402;http://www4.wiwiss.fu-berlin.de/bizer/bsbm/v01/vocabulary/productFeature;http://www4.wiwiss.fu-berlin.de/bizer/bsbm/v01/instances/ProductFeature5099
http://www4.wiwiss.fu-berlin.de/bizer/bsbm/v01/instances/dataFrom/Product5402;http://www4.wiwiss.fu-berlin.de/bizer/bsbm/v01/vocabulary/productFeature;http://www4.wiwiss.fu-berlin.de/bizer/bsbm/v01/instances/ProductFeature5101
http://www4.wiwiss.fu-berlin.de/bizer/bsbm/v01/instances/dataFrom/Product5402;http://www4.wiwiss.fu-berlin.de/bizer/bsbm/v01/vocabulary/productFeature;http://www4.wiwiss.fu-berlin.de/bizer/bsbm/v01/instances/ProductFeature5101
http://www4.wiwiss.fu-berlin.de/bizer/bsbm/v01/instances/dataFrom/Product5402;http://www4.wiwiss.fu-berlin.de/bizer/bsbm/v01/vocabulary/productFeature;http://www4.wiwiss.fu-berlin.de/bizer/bsbm/v01/instances/ProductFeature5101
http://www4.wiwiss.fu-berlin.de/bizer/bsbm/v01/instances/dataFrom/Product5402;http://www4.wiwiss.fu-berlin.de/bizer/bsbm/v01/vocabulary/productFeature;http://www4.wiwiss.fu-berlin.de/bizer/bsbm/v01/instances/ProductFeature5101
http://www4.wiwiss.fu-berlin.de/bizer/bsbm/v01/instances/dataFrom/Product5402;http://www4.wiwiss.fu-berlin.de/bizer/bsbm/v01/vocabulary/productFeature;http://www4.wiwiss.fu-berlin.de/bizer/bsbm/v01/instances/ProductFeature5101
http://www4.wiwiss.fu-berlin.de/bizer/bsbm/v01/instances/dataFrom/Product5402;http://www4.wiwiss.fu-berlin.de/bizer/bsbm/v01/vocabulary/productFeature;http://www4.wiwiss.fu-berlin.de/bizer/bsbm/v01/instances/ProductFeature5101
http://www4.wiwiss.fu-berlin.de/bizer/bsbm/v01/instances/dataFrom/Product5402;http://www4.wiwiss.fu-berlin.de/bizer/bsbm/v01/vocabulary/productFeature;http://www4.wiwiss.fu-berlin.de/bizer/bsbm/v01/instances/ProductFeature5101
http://www4.wiwiss.fu-berlin.de/bizer/bsbm/v01/instances/dataFrom/Product5402;http://www4.wiwiss.fu-berlin.de/bizer/bsbm/v01/vocabulary/productFeature;http://www4.wiwiss.fu-berlin.de/bizer/bsbm/v01/instances/ProductFeature5101
http://www4.wiwiss.fu-berlin.de/bizer/bsbm/v01/instances/dataFrom/Product5402;http://www4.wiwiss.fu-berlin.de/bizer/bsbm/v01/vocabulary/productFeature;http://www4.wiwiss.fu-berlin.de/bizer/bsbm/v01/instances/ProductFeature5101
http://www4.wiwiss.fu-berlin.de/bizer/bsbm/v01/instances/dataFrom/Product5402;http://www4.wiwiss.fu-berlin.de/bizer/bsbm/v01/vocabulary/productFeature;http://www4.wiwiss.fu-berlin.de/bizer/bsbm/v01/instances/ProductFeature5101
http://www4.wiwiss.fu-berlin.de/bizer/bsbm/v01/instances/dataFrom/Product5402;http://www4.wiwiss.fu-berlin.de/bizer/bsbm/v01/vocabulary/productFeature;http://www4.wiwiss.fu-berlin.de/bizer/bsbm/v01/instances/ProductFeature5101
http://www4.wiwiss.fu-berlin.de/bizer/bsbm/v01/instances/dataFrom/Product5402;http://www4.wiwiss.fu-berlin.de/bizer/bsbm/v01/vocabulary/productFeature;http://www4.wiwiss.fu-berlin.de/bizer/bsbm/v01/instances/ProductFeature5101
http://www4.wiwiss.fu-berlin.de/bizer/bsbm/v01/instances/dataFrom/Product5402;http://www4.wiwiss.fu-berlin.de/bizer/bsbm/v01/vocabulary/productFeature;http://www4.wiwiss.fu-berlin.de/bizer/bsbm/v01/instances/ProductFeature5111
http://www4.wiwiss.fu-berlin.de/bizer/bsbm/v01/instances/dataFrom/Product5402;http://www4.wiwiss.fu-berlin.de/bizer/bsbm/v01/vocabulary/productFeature;http://www4.wiwiss.fu-berlin.de/bizer/bsbm/v01/instances/ProductFeature5111
http://www4.wiwiss.fu-berlin.de/bizer/bsbm/v01/instances/dataFrom/Product5402;http://www4.wiwiss.fu-berlin.de/bizer/bsbm/v01/vocabulary/productFeature;http://www4.wiwiss.fu-berlin.de/bizer/bsbm/v01/instances/ProductFeature5111
http://www4.wiwiss.fu-berlin.de/bizer/bsbm/v01/instances/dataFrom/Product5402;http://www4.wiwiss.fu-berlin.de/bizer/bsbm/v01/vocabulary/productFeature;http://www4.wiwiss.fu-berlin.de/bizer/bsbm/v01/instances/ProductFeature5111
http://www4.wiwiss.fu-berlin.de/bizer/bsbm/v01/instances/dataFrom/Product9073;http://www4.wiwiss.fu-berlin.de/bizer/bsbm/v01/vocabulary/productFeature;http://www4.wiwiss.fu-berlin.de/bizer/bsbm/v01/instances/ProductFeature5099
http://www4.wiwiss.fu-berlin.de/bizer/bsbm/v01/instances/dataFrom/Product9073;http://www4.wiwiss.fu-berlin.de/bizer/bsbm/v01/vocabulary/productFeature;http://www4.wiwiss.fu-berlin.de/bizer/bsbm/v01/instances/ProductFeature5099
http://www4.wiwiss.fu-berlin.de/bizer/bsbm/v01/instances/dataFrom/Product9073;http://www4.wiwiss.fu-berlin.de/bizer/bsbm/v01/vocabulary/productFeature;http://www4.wiwiss.fu-berlin.de/bizer/bsbm/v01/instances/ProductFeature5099
http://www4.wiwiss.fu-berlin.de/bizer/bsbm/v01/instances/dataFrom/Product9073;http://www4.wiwiss.fu-berlin.de/bizer/bsbm/v01/vocabulary/productFeature;http://www4.wiwiss.fu-berlin.de/bizer/bsbm/v01/instances/ProductFeature5099
http://www4.wiwiss.fu-berlin.de/bizer/bsbm/v01/instances/dataFrom/Product9073;http://www4.wiwiss.fu-berlin.de/bizer/bsbm/v01/vocabulary/productFeature;http://www4.wiwiss.fu-berlin.de/bizer/bsbm/v01/instances/ProductFeature5099
http://www4.wiwiss.fu-berlin.de/bizer/bsbm/v01/instances/dataFrom/Product9073;http://www4.wiwiss.fu-berlin.de/bizer/bsbm/v01/vocabulary/productFeature;http://www4.wiwiss.fu-berlin.de/bizer/bsbm/v01/instances/ProductFeature5099
http://www4.wiwiss.fu-berlin.de/bizer/bsbm/v01/instances/dataFrom/Product9073;http://www4.wiwiss.fu-berlin.de/bizer/bsbm/v01/vocabulary/productFeature;http://www4.wiwiss.fu-berlin.de/bizer/bsbm/v01/instances/ProductFeature5099
http://www4.wiwiss.fu-berlin.de/bizer/bsbm/v01/instances/dataFrom/Product9073;http://www4.wiwiss.fu-berlin.de/bizer/bsbm/v01/vocabulary/productFeature;http://www4.wiwiss.fu-berlin.de/bizer/bsbm/v01/instances/ProductFeature5099
http://www4.wiwiss.fu-berlin.de/bizer/bsbm/v01/instances/dataFrom/Product9073;http://www4.wiwiss.fu-berlin.de/bizer/bsbm/v01/vocabulary/productFeature;http://www4.wiwiss.fu-berlin.de/bizer/bsbm/v01/instances/ProductFeature5099
http://www4.wiwiss.fu-berlin.de/bizer/bsbm/v01/instances/dataFrom/Product9073;http://www4.wiwiss.fu-berlin.de/bizer/bsbm/v01/vocabulary/productFeature;http://www4.wiwiss.fu-berlin.de/bizer/bsbm/v01/instances/ProductFeature5101
http://www4.wiwiss.fu-berlin.de/bizer/bsbm/v01/instances/dataFrom/Product9073;http://www4.wiwiss.fu-berlin.de/bizer/bsbm/v01/vocabulary/productFeature;http://www4.wiwiss.fu-berlin.de/bizer/bsbm/v01/instances/ProductFeature5101
http://www4.wiwiss.fu-berlin.de/bizer/bsbm/v01/instances/dataFrom/Product9073;http://www4.wiwiss.fu-berlin.de/bizer/bsbm/v01/vocabulary/productFeature;http://www4.wiwiss.fu-berlin.de/bizer/bsbm/v01/instances/ProductFeature5101
http://www4.wiwiss.fu-berlin.de/bizer/bsbm/v01/instances/dataFrom/Product9073;http://www4.wiwiss.fu-berlin.de/bizer/bsbm/v01/vocabulary/productFeature;http://www4.wiwiss.fu-berlin.de/bizer/bsbm/v01/instances/ProductFeature5101
http://www4.wiwiss.fu-berlin.de/bizer/bsbm/v01/instances/dataFrom/Product9073;http://www4.wiwiss.fu-berlin.de/bizer/bsbm/v01/vocabulary/productFeature;http://www4.wiwiss.fu-berlin.de/bizer/bsbm/v01/instances/ProductFeature5101
http://www4.wiwiss.fu-berlin.de/bizer/bsbm/v01/instances/dataFrom/Product9073;http://www4.wiwiss.fu-berlin.de/bizer/bsbm/v01/vocabulary/productFeature;http://www4.wiwiss.fu-berlin.de/bizer/bsbm/v01/instances/ProductFeature5101
http://www4.wiwiss.fu-berlin.de/bizer/bsbm/v01/instances/dataFrom/Product9073;http://www4.wiwiss.fu-berlin.de/bizer/bsbm/v01/vocabulary/productFeature;http://www4.wiwiss.fu-berlin.de/bizer/bsbm/v01/instances/ProductFeature5101
http://www4.wiwiss.fu-berlin.de/bizer/bsbm/v01/instances/dataFrom/Product9073;http://www4.wiwiss.fu-berlin.de/bizer/bsbm/v01/vocabulary/productFeature;http://www4.wiwiss.fu-berlin.de/bizer/bsbm/v01/instances/ProductFeature5101
http://www4.wiwiss.fu-berlin.de/bizer/bsbm/v01/instances/dataFrom/Product9073;http://www4.wiwiss.fu-berlin.de/bizer/bsbm/v01/vocabulary/productFeature;http://www4.wiwiss.fu-berlin.de/bizer/bsbm/v01/instances/ProductFeature5101
http://www4.wiwiss.fu-berlin.de/bizer/bsbm/v01/instances/dataFrom/Product9073;http://www4.wiwiss.fu-berlin.de/bizer/bsbm/v01/vocabulary/productFeature;http://www4.wiwiss.fu-berlin.de/bizer/bsbm/v01/instances/ProductFeature5101
http://www4.wiwiss.fu-berlin.de/bizer/bsbm/v01/instances/dataFrom/Product9073;http://www4.wiwiss.fu-berlin.de/bizer/bsbm/v01/vocabulary/productFeature;http://www4.wiwiss.fu-berlin.de/bizer/bsbm/v01/instances/ProductFeature5101
http://www4.wiwiss.fu-berlin.de/bizer/bsbm/v01/instances/dataFrom/Product9073;http://www4.wiwiss.fu-berlin.de/bizer/bsbm/v01/vocabulary/productFeature;http://www4.wiwiss.fu-berlin.de/bizer/bsbm/v01/instances/ProductFeature5101
http://www4.wiwiss.fu-berlin.de/bizer/bsbm/v01/instances/dataFrom/Product9073;http://www4.wiwiss.fu-berlin.de/bizer/bsbm/v01/vocabulary/productFeature;http://www4.wiwiss.fu-berlin.de/bizer/bsbm/v01/instances/ProductFeature5111
http://www4.wiwiss.fu-berlin.de/bizer/bsbm/v01/instances/dataFrom/Product9073;http://www4.wiwiss.fu-berlin.de/bizer/bsbm/v01/vocabulary/productFeature;http://www4.wiwiss.fu-berlin.de/bizer/bsbm/v01/instances/ProductFeature5111
http://www4.wiwiss.fu-berlin.de/bizer/bsbm/v01/instances/dataFrom/Product9073;http://www4.wiwiss.fu-berlin.de/bizer/bsbm/v01/vocabulary/productFeature;http://www4.wiwiss.fu-berlin.de/bizer/bsbm/v01/instances/ProductFeature5111
http://www4.wiwiss.fu-berlin.de/bizer/bsbm/v01/instances/dataFrom/Product9073;http://www4.wiwiss.fu-berlin.de/bizer/bsbm/v01/vocabulary/productFeature;http://www4.wiwiss.fu-berlin.de/bizer/bsbm/v01/instances/ProductFeature5111
http://www4.wiwiss.fu-berlin.de/bizer/bsbm/v01/instances/dataFrom/Product5289;http://www4.wiwiss.fu-berlin.de/bizer/bsbm/v01/vocabulary/productFeature;http://www4.wiwiss.fu-berlin.de/bizer/bsbm/v01/instances/ProductFeature5099
http://www4.wiwiss.fu-berlin.de/bizer/bsbm/v01/instances/dataFrom/Product5289;http://www4.wiwiss.fu-berlin.de/bizer/bsbm/v01/vocabulary/productFeature;http://www4.wiwiss.fu-berlin.de/bizer/bsbm/v01/instances/ProductFeature5099
http://www4.wiwiss.fu-berlin.de/bizer/bsbm/v01/instances/dataFrom/Product5289;http://www4.wiwiss.fu-berlin.de/bizer/bsbm/v01/vocabulary/productFeature;http://www4.wiwiss.fu-berlin.de/bizer/bsbm/v01/instances/ProductFeature5099
http://www4.wiwiss.fu-berlin.de/bizer/bsbm/v01/instances/dataFrom/Product5289;http://www4.wiwiss.fu-berlin.de/bizer/bsbm/v01/vocabulary/productFeature;http://www4.wiwiss.fu-berlin.de/bizer/bsbm/v01/instances/ProductFeature5099
http://www4.wiwiss.fu-berlin.de/bizer/bsbm/v01/instances/dataFrom/Product5289;http://www4.wiwiss.fu-berlin.de/bizer/bsbm/v01/vocabulary/productFeature;http://www4.wiwiss.fu-berlin.de/bizer/bsbm/v01/instances/ProductFeature5099
http://www4.wiwiss.fu-berlin.de/bizer/bsbm/v01/instances/dataFrom/Product5289;http://www4.wiwiss.fu-berlin.de/bizer/bsbm/v01/vocabulary/productFeature;http://www4.wiwiss.fu-berlin.de/bizer/bsbm/v01/instances/ProductFeature5099
http://www4.wiwiss.fu-berlin.de/bizer/bsbm/v01/instances/dataFrom/Product5289;http://www4.wiwiss.fu-berlin.de/bizer/bsbm/v01/vocabulary/productFeature;http://www4.wiwiss.fu-berlin.de/bizer/bsbm/v01/instances/ProductFeature5099
http://www4.wiwiss.fu-berlin.de/bizer/bsbm/v01/instances/dataFrom/Product5289;http://www4.wiwiss.fu-berlin.de/bizer/bsbm/v01/vocabulary/productFeature;http://www4.wiwiss.fu-berlin.de/bizer/bsbm/v01/instances/ProductFeature5099
http://www4.wiwiss.fu-berlin.de/bizer/bsbm/v01/instances/dataFrom/Product5289;http://www4.wiwiss.fu-berlin.de/bizer/bsbm/v01/vocabulary/productFeature;http://www4.wiwiss.fu-berlin.de/bizer/bsbm/v01/instances/ProductFeature5099
http://www4.wiwiss.fu-berlin.de/bizer/bsbm/v01/instances/dataFrom/Product5289;http://www4.wiwiss.fu-berlin.de/bizer/bsbm/v01/vocabulary/productFeature;http://www4.wiwiss.fu-berlin.de/bizer/bsbm/v01/instances/ProductFeature5101
http://www4.wiwiss.fu-berlin.de/bizer/bsbm/v01/instances/dataFrom/Product5289;http://www4.wiwiss.fu-berlin.de/bizer/bsbm/v01/vocabulary/productFeature;http://www4.wiwiss.fu-berlin.de/bizer/bsbm/v01/instances/ProductFeature5101
http://www4.wiwiss.fu-berlin.de/bizer/bsbm/v01/instances/dataFrom/Product5289;http://www4.wiwiss.fu-berlin.de/bizer/bsbm/v01/vocabulary/productFeature;http://www4.wiwiss.fu-berlin.de/bizer/bsbm/v01/instances/ProductFeature5101
http://www4.wiwiss.fu-berlin.de/bizer/bsbm/v01/instances/dataFrom/Product5289;http://www4.wiwiss.fu-berlin.de/bizer/bsbm/v01/vocabulary/productFeature;http://www4.wiwiss.fu-berlin.de/bizer/bsbm/v01/instances/ProductFeature5101
http://www4.wiwiss.fu-berlin.de/bizer/bsbm/v01/instances/dataFrom/Product5289;http://www4.wiwiss.fu-berlin.de/bizer/bsbm/v01/vocabulary/productFeature;http://www4.wiwiss.fu-berlin.de/bizer/bsbm/v01/instances/ProductFeature5101
http://www4.wiwiss.fu-berlin.de/bizer/bsbm/v01/instances/dataFrom/Product5289;http://www4.wiwiss.fu-berlin.de/bizer/bsbm/v01/vocabulary/productFeature;http://www4.wiwiss.fu-berlin.de/bizer/bsbm/v01/instances/ProductFeature5101
http://www4.wiwiss.fu-berlin.de/bizer/bsbm/v01/instances/dataFrom/Product5289;http://www4.wiwiss.fu-berlin.de/bizer/bsbm/v01/vocabulary/productFeature;http://www4.wiwiss.fu-berlin.de/bizer/bsbm/v01/instances/ProductFeature5101
http://www4.wiwiss.fu-berlin.de/bizer/bsbm/v01/instances/dataFrom/Product5289;http://www4.wiwiss.fu-berlin.de/bizer/bsbm/v01/vocabulary/productFeature;http://www4.wiwiss.fu-berlin.de/bizer/bsbm/v01/instances/ProductFeature5101
http://www4.wiwiss.fu-berlin.de/bizer/bsbm/v01/instances/dataFrom/Product5289;http://www4.wiwiss.fu-berlin.de/bizer/bsbm/v01/vocabulary/productFeature;http://www4.wiwiss.fu-berlin.de/bizer/bsbm/v01/instances/ProductFeature5101
http://www4.wiwiss.fu-berlin.de/bizer/bsbm/v01/instances/dataFrom/Product5289;http://www4.wiwiss.fu-berlin.de/bizer/bsbm/v01/vocabulary/productFeature;http://www4.wiwiss.fu-berlin.de/bizer/bsbm/v01/instances/ProductFeature5101
http://www4.wiwiss.fu-berlin.de/bizer/bsbm/v01/instances/dataFrom/Product5289;http://www4.wiwiss.fu-berlin.de/bizer/bsbm/v01/vocabulary/productFeature;http://www4.wiwiss.fu-berlin.de/bizer/bsbm/v01/instances/ProductFeature5101
http://www4.wiwiss.fu-berlin.de/bizer/bsbm/v01/instances/dataFrom/Product5289;http://www4.wiwiss.fu-berlin.de/bizer/bsbm/v01/vocabulary/productFeature;http://www4.wiwiss.fu-berlin.de/bizer/bsbm/v01/instances/ProductFeature5101
http://www4.wiwiss.fu-berlin.de/bizer/bsbm/v01/instances/dataFrom/Product5289;http://www4.wiwiss.fu-berlin.de/bizer/bsbm/v01/vocabulary/productFeature;http://www4.wiwiss.fu-berlin.de/bizer/bsbm/v01/instances/ProductFeature5111
http://www4.wiwiss.fu-berlin.de/bizer/bsbm/v01/instances/dataFrom/Product5289;http://www4.wiwiss.fu-berlin.de/bizer/bsbm/v01/vocabulary/productFeature;http://www4.wiwiss.fu-berlin.de/bizer/bsbm/v01/instances/ProductFeature5111
http://www4.wiwiss.fu-berlin.de/bizer/bsbm/v01/instances/dataFrom/Product5289;http://www4.wiwiss.fu-berlin.de/bizer/bsbm/v01/vocabulary/productFeature;http://www4.wiwiss.fu-berlin.de/bizer/bsbm/v01/instances/ProductFeature5111
http://www4.wiwiss.fu-berlin.de/bizer/bsbm/v01/instances/dataFrom/Product5289;http://www4.wiwiss.fu-berlin.de/bizer/bsbm/v01/vocabulary/productFeature;http://www4.wiwiss.fu-berlin.de/bizer/bsbm/v01/instances/ProductFeature5111
http://www4.wiwiss.fu-berlin.de/bizer/bsbm/v01/instances/dataFrom/Product1077;http://www4.wiwiss.fu-berlin.de/bizer/bsbm/v01/vocabulary/productFeature;http://www4.wiwiss.fu-berlin.de/bizer/bsbm/v01/instances/ProductFeature5099
http://www4.wiwiss.fu-berlin.de/bizer/bsbm/v01/instances/dataFrom/Product1077;http://www4.wiwiss.fu-berlin.de/bizer/bsbm/v01/vocabulary/productFeature;http://www4.wiwiss.fu-berlin.de/bizer/bsbm/v01/instances/ProductFeature5099
http://www4.wiwiss.fu-berlin.de/bizer/bsbm/v01/instances/dataFrom/Product1077;http://www4.wiwiss.fu-berlin.de/bizer/bsbm/v01/vocabulary/productFeature;http://www4.wiwiss.fu-berlin.de/bizer/bsbm/v01/instances/ProductFeature5099
http://www4.wiwiss.fu-berlin.de/bizer/bsbm/v01/instances/dataFrom/Product1077;http://www4.wiwiss.fu-berlin.de/bizer/bsbm/v01/vocabulary/productFeature;http://www4.wiwiss.fu-berlin.de/bizer/bsbm/v01/instances/ProductFeature5099
http://www4.wiwiss.fu-berlin.de/bizer/bsbm/v01/instances/dataFrom/Product1077;http://www4.wiwiss.fu-berlin.de/bizer/bsbm/v01/vocabulary/productFeature;http://www4.wiwiss.fu-berlin.de/bizer/bsbm/v01/instances/ProductFeature5099
http://www4.wiwiss.fu-berlin.de/bizer/bsbm/v01/instances/dataFrom/Product1077;http://www4.wiwiss.fu-berlin.de/bizer/bsbm/v01/vocabulary/productFeature;http://www4.wiwiss.fu-berlin.de/bizer/bsbm/v01/instances/ProductFeature5099
http://www4.wiwiss.fu-berlin.de/bizer/bsbm/v01/instances/dataFrom/Product1077;http://www4.wiwiss.fu-berlin.de/bizer/bsbm/v01/vocabulary/productFeature;http://www4.wiwiss.fu-berlin.de/bizer/bsbm/v01/instances/ProductFeature5099
http://www4.wiwiss.fu-berlin.de/bizer/bsbm/v01/instances/dataFrom/Product1077;http://www4.wiwiss.fu-berlin.de/bizer/bsbm/v01/vocabulary/productFeature;http://www4.wiwiss.fu-berlin.de/bizer/bsbm/v01/instances/ProductFeature5099
http://www4.wiwiss.fu-berlin.de/bizer/bsbm/v01/instances/dataFrom/Product1077;http://www4.wiwiss.fu-berlin.de/bizer/bsbm/v01/vocabulary/productFeature;http://www4.wiwiss.fu-berlin.de/bizer/bsbm/v01/instances/ProductFeature5099
http://www4.wiwiss.fu-berlin.de/bizer/bsbm/v01/instances/dataFrom/Product1077;http://www4.wiwiss.fu-berlin.de/bizer/bsbm/v01/vocabulary/productFeature;http://www4.wiwiss.fu-berlin.de/bizer/bsbm/v01/instances/ProductFeature5101
http://www4.wiwiss.fu-berlin.de/bizer/bsbm/v01/instances/dataFrom/Product1077;http://www4.wiwiss.fu-berlin.de/bizer/bsbm/v01/vocabulary/productFeature;http://www4.wiwiss.fu-berlin.de/bizer/bsbm/v01/instances/ProductFeature5101
http://www4.wiwiss.fu-berlin.de/bizer/bsbm/v01/instances/dataFrom/Product1077;http://www4.wiwiss.fu-berlin.de/bizer/bsbm/v01/vocabulary/productFeature;http://www4.wiwiss.fu-berlin.de/bizer/bsbm/v01/instances/ProductFeature5101
http://www4.wiwiss.fu-berlin.de/bizer/bsbm/v01/instances/dataFrom/Product1077;http://www4.wiwiss.fu-berlin.de/bizer/bsbm/v01/vocabulary/productFeature;http://www4.wiwiss.fu-berlin.de/bizer/bsbm/v01/instances/ProductFeature5101
http://www4.wiwiss.fu-berlin.de/bizer/bsbm/v01/instances/dataFrom/Product1077;http://www4.wiwiss.fu-berlin.de/bizer/bsbm/v01/vocabulary/productFeature;http://www4.wiwiss.fu-berlin.de/bizer/bsbm/v01/instances/ProductFeature5101
http://www4.wiwiss.fu-berlin.de/bizer/bsbm/v01/instances/dataFrom/Product1077;http://www4.wiwiss.fu-berlin.de/bizer/bsbm/v01/vocabulary/productFeature;http://www4.wiwiss.fu-berlin.de/bizer/bsbm/v01/instances/ProductFeature5101
http://www4.wiwiss.fu-berlin.de/bizer/bsbm/v01/instances/dataFrom/Product1077;http://www4.wiwiss.fu-berlin.de/bizer/bsbm/v01/vocabulary/productFeature;http://www4.wiwiss.fu-berlin.de/bizer/bsbm/v01/instances/ProductFeature5101
http://www4.wiwiss.fu-berlin.de/bizer/bsbm/v01/instances/dataFrom/Product1077;http://www4.wiwiss.fu-berlin.de/bizer/bsbm/v01/vocabulary/productFeature;http://www4.wiwiss.fu-berlin.de/bizer/bsbm/v01/instances/ProductFeature5101
http://www4.wiwiss.fu-berlin.de/bizer/bsbm/v01/instances/dataFrom/Product1077;http://www4.wiwiss.fu-berlin.de/bizer/bsbm/v01/vocabulary/productFeature;http://www4.wiwiss.fu-berlin.de/bizer/bsbm/v01/instances/ProductFeature5101
http://www4.wiwiss.fu-berlin.de/bizer/bsbm/v01/instances/dataFrom/Product1077;http://www4.wiwiss.fu-berlin.de/bizer/bsbm/v01/vocabulary/productFeature;http://www4.wiwiss.fu-berlin.de/bizer/bsbm/v01/instances/ProductFeature5101
http://www4.wiwiss.fu-berlin.de/bizer/bsbm/v01/instances/dataFrom/Product1077;http://www4.wiwiss.fu-berlin.de/bizer/bsbm/v01/vocabulary/productFeature;http://www4.wiwiss.fu-berlin.de/bizer/bsbm/v01/instances/ProductFeature5101
http://www4.wiwiss.fu-berlin.de/bizer/bsbm/v01/instances/dataFrom/Product1077;http://www4.wiwiss.fu-berlin.de/bizer/bsbm/v01/vocabulary/productFeature;http://www4.wiwiss.fu-berlin.de/bizer/bsbm/v01/instances/ProductFeature5101
http://www4.wiwiss.fu-berlin.de/bizer/bsbm/v01/instances/dataFrom/Product1077;http://www4.wiwiss.fu-berlin.de/bizer/bsbm/v01/vocabulary/productFeature;http://www4.wiwiss.fu-berlin.de/bizer/bsbm/v01/instances/ProductFeature5111
http://www4.wiwiss.fu-berlin.de/bizer/bsbm/v01/instances/dataFrom/Product1077;http://www4.wiwiss.fu-berlin.de/bizer/bsbm/v01/vocabulary/productFeature;http://www4.wiwiss.fu-berlin.de/bizer/bsbm/v01/instances/ProductFeature5111
http://www4.wiwiss.fu-berlin.de/bizer/bsbm/v01/instances/dataFrom/Product1077;http://www4.wiwiss.fu-berlin.de/bizer/bsbm/v01/vocabulary/productFeature;http://www4.wiwiss.fu-berlin.de/bizer/bsbm/v01/instances/ProductFeature5111
http://www4.wiwiss.fu-berlin.de/bizer/bsbm/v01/instances/dataFrom/Product1077;http://www4.wiwiss.fu-berlin.de/bizer/bsbm/v01/vocabulary/productFeature;http://www4.wiwiss.fu-berlin.de/bizer/bsbm/v01/instances/ProductFeature5111
http://www4.wiwiss.fu-berlin.de/bizer/bsbm/v01/instances/dataFrom/Product5655;http://www4.wiwiss.fu-berlin.de/bizer/bsbm/v01/vocabulary/productFeature;http://www4.wiwiss.fu-berlin.de/bizer/bsbm/v01/instances/ProductFeature5099
http://www4.wiwiss.fu-berlin.de/bizer/bsbm/v01/instances/dataFrom/Product5655;http://www4.wiwiss.fu-berlin.de/bizer/bsbm/v01/vocabulary/productFeature;http://www4.wiwiss.fu-berlin.de/bizer/bsbm/v01/instances/ProductFeature5099
http://www4.wiwiss.fu-berlin.de/bizer/bsbm/v01/instances/dataFrom/Product5655;http://www4.wiwiss.fu-berlin.de/bizer/bsbm/v01/vocabulary/productFeature;http://www4.wiwiss.fu-berlin.de/bizer/bsbm/v01/instances/ProductFeature5099
http://www4.wiwiss.fu-berlin.de/bizer/bsbm/v01/instances/dataFrom/Product5655;http://www4.wiwiss.fu-berlin.de/bizer/bsbm/v01/vocabulary/productFeature;http://www4.wiwiss.fu-berlin.de/bizer/bsbm/v01/instances/ProductFeature5099
http://www4.wiwiss.fu-berlin.de/bizer/bsbm/v01/instances/dataFrom/Product5655;http://www4.wiwiss.fu-berlin.de/bizer/bsbm/v01/vocabulary/productFeature;http://www4.wiwiss.fu-berlin.de/bizer/bsbm/v01/instances/ProductFeature5099
http://www4.wiwiss.fu-berlin.de/bizer/bsbm/v01/instances/dataFrom/Product5655;http://www4.wiwiss.fu-berlin.de/bizer/bsbm/v01/vocabulary/productFeature;http://www4.wiwiss.fu-berlin.de/bizer/bsbm/v01/instances/ProductFeature5099
http://www4.wiwiss.fu-berlin.de/bizer/bsbm/v01/instances/dataFrom/Product5655;http://www4.wiwiss.fu-berlin.de/bizer/bsbm/v01/vocabulary/productFeature;http://www4.wiwiss.fu-berlin.de/bizer/bsbm/v01/instances/ProductFeature5099
http://www4.wiwiss.fu-berlin.de/bizer/bsbm/v01/instances/dataFrom/Product5655;http://www4.wiwiss.fu-berlin.de/bizer/bsbm/v01/vocabulary/productFeature;http://www4.wiwiss.fu-berlin.de/bizer/bsbm/v01/instances/ProductFeature5099
http://www4.wiwiss.fu-berlin.de/bizer/bsbm/v01/instances/dataFrom/Product5655;http://www4.wiwiss.fu-berlin.de/bizer/bsbm/v01/vocabulary/productFeature;http://www4.wiwiss.fu-berlin.de/bizer/bsbm/v01/instances/ProductFeature5099
http://www4.wiwiss.fu-berlin.de/bizer/bsbm/v01/instances/dataFrom/Product5655;http://www4.wiwiss.fu-berlin.de/bizer/bsbm/v01/vocabulary/productFeature;http://www4.wiwiss.fu-berlin.de/bizer/bsbm/v01/instances/ProductFeature5101
http://www4.wiwiss.fu-berlin.de/bizer/bsbm/v01/instances/dataFrom/Product5655;http://www4.wiwiss.fu-berlin.de/bizer/bsbm/v01/vocabulary/productFeature;http://www4.wiwiss.fu-berlin.de/bizer/bsbm/v01/instances/ProductFeature5101
http://www4.wiwiss.fu-berlin.de/bizer/bsbm/v01/instances/dataFrom/Product5655;http://www4.wiwiss.fu-berlin.de/bizer/bsbm/v01/vocabulary/productFeature;http://www4.wiwiss.fu-berlin.de/bizer/bsbm/v01/instances/ProductFeature5101
http://www4.wiwiss.fu-berlin.de/bizer/bsbm/v01/instances/dataFrom/Product5655;http://www4.wiwiss.fu-berlin.de/bizer/bsbm/v01/vocabulary/productFeature;http://www4.wiwiss.fu-berlin.de/bizer/bsbm/v01/instances/ProductFeature5101
http://www4.wiwiss.fu-berlin.de/bizer/bsbm/v01/instances/dataFrom/Product5655;http://www4.wiwiss.fu-berlin.de/bizer/bsbm/v01/vocabulary/productFeature;http://www4.wiwiss.fu-berlin.de/bizer/bsbm/v01/instances/ProductFeature5101
http://www4.wiwiss.fu-berlin.de/bizer/bsbm/v01/instances/dataFrom/Product5655;http://www4.wiwiss.fu-berlin.de/bizer/bsbm/v01/vocabulary/productFeature;http://www4.wiwiss.fu-berlin.de/bizer/bsbm/v01/instances/ProductFeature5101
http://www4.wiwiss.fu-berlin.de/bizer/bsbm/v01/instances/dataFrom/Product5655;http://www4.wiwiss.fu-berlin.de/bizer/bsbm/v01/vocabulary/productFeature;http://www4.wiwiss.fu-berlin.de/bizer/bsbm/v01/instances/ProductFeature5101
http://www4.wiwiss.fu-berlin.de/bizer/bsbm/v01/instances/dataFrom/Product5655;http://www4.wiwiss.fu-berlin.de/bizer/bsbm/v01/vocabulary/productFeature;http://www4.wiwiss.fu-berlin.de/bizer/bsbm/v01/instances/ProductFeature5101
http://www4.wiwiss.fu-berlin.de/bizer/bsbm/v01/instances/dataFrom/Product5655;http://www4.wiwiss.fu-berlin.de/bizer/bsbm/v01/vocabulary/productFeature;http://www4.wiwiss.fu-berlin.de/bizer/bsbm/v01/instances/ProductFeature5101
http://www4.wiwiss.fu-berlin.de/bizer/bsbm/v01/instances/dataFrom/Product5655;http://www4.wiwiss.fu-berlin.de/bizer/bsbm/v01/vocabulary/productFeature;http://www4.wiwiss.fu-berlin.de/bizer/bsbm/v01/instances/ProductFeature5101
http://www4.wiwiss.fu-berlin.de/bizer/bsbm/v01/instances/dataFrom/Product5655;http://www4.wiwiss.fu-berlin.de/bizer/bsbm/v01/vocabulary/productFeature;http://www4.wiwiss.fu-berlin.de/bizer/bsbm/v01/instances/ProductFeature5101
http://www4.wiwiss.fu-berlin.de/bizer/bsbm/v01/instances/dataFrom/Product5655;http://www4.wiwiss.fu-berlin.de/bizer/bsbm/v01/vocabulary/productFeature;http://www4.wiwiss.fu-berlin.de/bizer/bsbm/v01/instances/ProductFeature5101
http://www4.wiwiss.fu-berlin.de/bizer/bsbm/v01/instances/dataFrom/Product5655;http://www4.wiwiss.fu-berlin.de/bizer/bsbm/v01/vocabulary/productFeature;http://www4.wiwiss.fu-berlin.de/bizer/bsbm/v01/instances/ProductFeature5111
http://www4.wiwiss.fu-berlin.de/bizer/bsbm/v01/instances/dataFrom/Product5655;http://www4.wiwiss.fu-berlin.de/bizer/bsbm/v01/vocabulary/productFeature;http://www4.wiwiss.fu-berlin.de/bizer/bsbm/v01/instances/ProductFeature5111
http://www4.wiwiss.fu-berlin.de/bizer/bsbm/v01/instances/dataFrom/Product5655;http://www4.wiwiss.fu-berlin.de/bizer/bsbm/v01/vocabulary/productFeature;http://www4.wiwiss.fu-berlin.de/bizer/bsbm/v01/instances/ProductFeature5111
http://www4.wiwiss.fu-berlin.de/bizer/bsbm/v01/instances/dataFrom/Product5655;http://www4.wiwiss.fu-berlin.de/bizer/bsbm/v01/vocabulary/productFeature;http://www4.wiwiss.fu-berlin.de/bizer/bsbm/v01/instances/ProductFeature5111
http://www4.wiwiss.fu-berlin.de/bizer/bsbm/v01/instances/dataFrom/Product4914;http://www4.wiwiss.fu-berlin.de/bizer/bsbm/v01/vocabulary/productFeature;http://www4.wiwiss.fu-berlin.de/bizer/bsbm/v01/instances/ProductFeature5099
http://www4.wiwiss.fu-berlin.de/bizer/bsbm/v01/instances/dataFrom/Product4914;http://www4.wiwiss.fu-berlin.de/bizer/bsbm/v01/vocabulary/productFeature;http://www4.wiwiss.fu-berlin.de/bizer/bsbm/v01/instances/ProductFeature5099
http://www4.wiwiss.fu-berlin.de/bizer/bsbm/v01/instances/dataFrom/Product4914;http://www4.wiwiss.fu-berlin.de/bizer/bsbm/v01/vocabulary/productFeature;http://www4.wiwiss.fu-berlin.de/bizer/bsbm/v01/instances/ProductFeature5099
http://www4.wiwiss.fu-berlin.de/bizer/bsbm/v01/instances/dataFrom/Product4914;http://www4.wiwiss.fu-berlin.de/bizer/bsbm/v01/vocabulary/productFeature;http://www4.wiwiss.fu-berlin.de/bizer/bsbm/v01/instances/ProductFeature5099
http://www4.wiwiss.fu-berlin.de/bizer/bsbm/v01/instances/dataFrom/Product4914;http://www4.wiwiss.fu-berlin.de/bizer/bsbm/v01/vocabulary/productFeature;http://www4.wiwiss.fu-berlin.de/bizer/bsbm/v01/instances/ProductFeature5099
http://www4.wiwiss.fu-berlin.de/bizer/bsbm/v01/instances/dataFrom/Product4914;http://www4.wiwiss.fu-berlin.de/bizer/bsbm/v01/vocabulary/productFeature;http://www4.wiwiss.fu-berlin.de/bizer/bsbm/v01/instances/ProductFeature5099
http://www4.wiwiss.fu-berlin.de/bizer/bsbm/v01/instances/dataFrom/Product4914;http://www4.wiwiss.fu-berlin.de/bizer/bsbm/v01/vocabulary/productFeature;http://www4.wiwiss.fu-berlin.de/bizer/bsbm/v01/instances/ProductFeature5099
http://www4.wiwiss.fu-berlin.de/bizer/bsbm/v01/instances/dataFrom/Product4914;http://www4.wiwiss.fu-berlin.de/bizer/bsbm/v01/vocabulary/productFeature;http://www4.wiwiss.fu-berlin.de/bizer/bsbm/v01/instances/ProductFeature5099
http://www4.wiwiss.fu-berlin.de/bizer/bsbm/v01/instances/dataFrom/Product4914;http://www4.wiwiss.fu-berlin.de/bizer/bsbm/v01/vocabulary/productFeature;http://www4.wiwiss.fu-berlin.de/bizer/bsbm/v01/instances/ProductFeature5099
http://www4.wiwiss.fu-berlin.de/bizer/bsbm/v01/instances/dataFrom/Product4914;http://www4.wiwiss.fu-berlin.de/bizer/bsbm/v01/vocabulary/productFeature;http://www4.wiwiss.fu-berlin.de/bizer/bsbm/v01/instances/ProductFeature5101
http://www4.wiwiss.fu-berlin.de/bizer/bsbm/v01/instances/dataFrom/Product4914;http://www4.wiwiss.fu-berlin.de/bizer/bsbm/v01/vocabulary/productFeature;http://www4.wiwiss.fu-berlin.de/bizer/bsbm/v01/instances/ProductFeature5101
http://www4.wiwiss.fu-berlin.de/bizer/bsbm/v01/instances/dataFrom/Product4914;http://www4.wiwiss.fu-berlin.de/bizer/bsbm/v01/vocabulary/productFeature;http://www4.wiwiss.fu-berlin.de/bizer/bsbm/v01/instances/ProductFeature5101
http://www4.wiwiss.fu-berlin.de/bizer/bsbm/v01/instances/dataFrom/Product4914;http://www4.wiwiss.fu-berlin.de/bizer/bsbm/v01/vocabulary/productFeature;http://www4.wiwiss.fu-berlin.de/bizer/bsbm/v01/instances/ProductFeature5101
http://www4.wiwiss.fu-berlin.de/bizer/bsbm/v01/instances/dataFrom/Product4914;http://www4.wiwiss.fu-berlin.de/bizer/bsbm/v01/vocabulary/productFeature;http://www4.wiwiss.fu-berlin.de/bizer/bsbm/v01/instances/ProductFeature5101
http://www4.wiwiss.fu-berlin.de/bizer/bsbm/v01/instances/dataFrom/Product4914;http://www4.wiwiss.fu-berlin.de/bizer/bsbm/v01/vocabulary/productFeature;http://www4.wiwiss.fu-berlin.de/bizer/bsbm/v01/instances/ProductFeature5101
http://www4.wiwiss.fu-berlin.de/bizer/bsbm/v01/instances/dataFrom/Product4914;http://www4.wiwiss.fu-berlin.de/bizer/bsbm/v01/vocabulary/productFeature;http://www4.wiwiss.fu-berlin.de/bizer/bsbm/v01/instances/ProductFeature5101
http://www4.wiwiss.fu-berlin.de/bizer/bsbm/v01/instances/dataFrom/Product4914;http://www4.wiwiss.fu-berlin.de/bizer/bsbm/v01/vocabulary/productFeature;http://www4.wiwiss.fu-berlin.de/bizer/bsbm/v01/instances/ProductFeature5101
http://www4.wiwiss.fu-berlin.de/bizer/bsbm/v01/instances/dataFrom/Product4914;http://www4.wiwiss.fu-berlin.de/bizer/bsbm/v01/vocabulary/productFeature;http://www4.wiwiss.fu-berlin.de/bizer/bsbm/v01/instances/ProductFeature5101
http://www4.wiwiss.fu-berlin.de/bizer/bsbm/v01/instances/dataFrom/Product4914;http://www4.wiwiss.fu-berlin.de/bizer/bsbm/v01/vocabulary/productFeature;http://www4.wiwiss.fu-berlin.de/bizer/bsbm/v01/instances/ProductFeature5101
http://www4.wiwiss.fu-berlin.de/bizer/bsbm/v01/instances/dataFrom/Product4914;http://www4.wiwiss.fu-berlin.de/bizer/bsbm/v01/vocabulary/productFeature;http://www4.wiwiss.fu-berlin.de/bizer/bsbm/v01/instances/ProductFeature5101
http://www4.wiwiss.fu-berlin.de/bizer/bsbm/v01/instances/dataFrom/Product4914;http://www4.wiwiss.fu-berlin.de/bizer/bsbm/v01/vocabulary/productFeature;http://www4.wiwiss.fu-berlin.de/bizer/bsbm/v01/instances/ProductFeature5101
http://www4.wiwiss.fu-berlin.de/bizer/bsbm/v01/instances/dataFrom/Product4914;http://www4.wiwiss.fu-berlin.de/bizer/bsbm/v01/vocabulary/productFeature;http://www4.wiwiss.fu-berlin.de/bizer/bsbm/v01/instances/ProductFeature5111
http://www4.wiwiss.fu-berlin.de/bizer/bsbm/v01/instances/dataFrom/Product4914;http://www4.wiwiss.fu-berlin.de/bizer/bsbm/v01/vocabulary/productFeature;http://www4.wiwiss.fu-berlin.de/bizer/bsbm/v01/instances/ProductFeature5111
http://www4.wiwiss.fu-berlin.de/bizer/bsbm/v01/instances/dataFrom/Product4914;http://www4.wiwiss.fu-berlin.de/bizer/bsbm/v01/vocabulary/productFeature;http://www4.wiwiss.fu-berlin.de/bizer/bsbm/v01/instances/ProductFeature5111
http://www4.wiwiss.fu-berlin.de/bizer/bsbm/v01/instances/dataFrom/Product4914;http://www4.wiwiss.fu-berlin.de/bizer/bsbm/v01/vocabulary/productFeature;http://www4.wiwiss.fu-berlin.de/bizer/bsbm/v01/instances/ProductFeature5111
http://www4.wiwiss.fu-berlin.de/bizer/bsbm/v01/instances/dataFrom/Product8740;http://www4.wiwiss.fu-berlin.de/bizer/bsbm/v01/vocabulary/productFeature;http://www4.wiwiss.fu-berlin.de/bizer/bsbm/v01/instances/ProductFeature5099
http://www4.wiwiss.fu-berlin.de/bizer/bsbm/v01/instances/dataFrom/Product8740;http://www4.wiwiss.fu-berlin.de/bizer/bsbm/v01/vocabulary/productFeature;http://www4.wiwiss.fu-berlin.de/bizer/bsbm/v01/instances/ProductFeature5099
http://www4.wiwiss.fu-berlin.de/bizer/bsbm/v01/instances/dataFrom/Product8740;http://www4.wiwiss.fu-berlin.de/bizer/bsbm/v01/vocabulary/productFeature;http://www4.wiwiss.fu-berlin.de/bizer/bsbm/v01/instances/ProductFeature5099
http://www4.wiwiss.fu-berlin.de/bizer/bsbm/v01/instances/dataFrom/Product8740;http://www4.wiwiss.fu-berlin.de/bizer/bsbm/v01/vocabulary/productFeature;http://www4.wiwiss.fu-berlin.de/bizer/bsbm/v01/instances/ProductFeature5099
http://www4.wiwiss.fu-berlin.de/bizer/bsbm/v01/instances/dataFrom/Product8740;http://www4.wiwiss.fu-berlin.de/bizer/bsbm/v01/vocabulary/productFeature;http://www4.wiwiss.fu-berlin.de/bizer/bsbm/v01/instances/ProductFeature5099
http://www4.wiwiss.fu-berlin.de/bizer/bsbm/v01/instances/dataFrom/Product8740;http://www4.wiwiss.fu-berlin.de/bizer/bsbm/v01/vocabulary/productFeature;http://www4.wiwiss.fu-berlin.de/bizer/bsbm/v01/instances/ProductFeature5099
http://www4.wiwiss.fu-berlin.de/bizer/bsbm/v01/instances/dataFrom/Product8740;http://www4.wiwiss.fu-berlin.de/bizer/bsbm/v01/vocabulary/productFeature;http://www4.wiwiss.fu-berlin.de/bizer/bsbm/v01/instances/ProductFeature5099
http://www4.wiwiss.fu-berlin.de/bizer/bsbm/v01/instances/dataFrom/Product8740;http://www4.wiwiss.fu-berlin.de/bizer/bsbm/v01/vocabulary/productFeature;http://www4.wiwiss.fu-berlin.de/bizer/bsbm/v01/instances/ProductFeature5099
http://www4.wiwiss.fu-berlin.de/bizer/bsbm/v01/instances/dataFrom/Product8740;http://www4.wiwiss.fu-berlin.de/bizer/bsbm/v01/vocabulary/productFeature;http://www4.wiwiss.fu-berlin.de/bizer/bsbm/v01/instances/ProductFeature5099
http://www4.wiwiss.fu-berlin.de/bizer/bsbm/v01/instances/dataFrom/Product8740;http://www4.wiwiss.fu-berlin.de/bizer/bsbm/v01/vocabulary/productFeature;http://www4.wiwiss.fu-berlin.de/bizer/bsbm/v01/instances/ProductFeature5101
http://www4.wiwiss.fu-berlin.de/bizer/bsbm/v01/instances/dataFrom/Product8740;http://www4.wiwiss.fu-berlin.de/bizer/bsbm/v01/vocabulary/productFeature;http://www4.wiwiss.fu-berlin.de/bizer/bsbm/v01/instances/ProductFeature5101
http://www4.wiwiss.fu-berlin.de/bizer/bsbm/v01/instances/dataFrom/Product8740;http://www4.wiwiss.fu-berlin.de/bizer/bsbm/v01/vocabulary/productFeature;http://www4.wiwiss.fu-berlin.de/bizer/bsbm/v01/instances/ProductFeature5101
http://www4.wiwiss.fu-berlin.de/bizer/bsbm/v01/instances/dataFrom/Product8740;http://www4.wiwiss.fu-berlin.de/bizer/bsbm/v01/vocabulary/productFeature;http://www4.wiwiss.fu-berlin.de/bizer/bsbm/v01/instances/ProductFeature5101
http://www4.wiwiss.fu-berlin.de/bizer/bsbm/v01/instances/dataFrom/Product8740;http://www4.wiwiss.fu-berlin.de/bizer/bsbm/v01/vocabulary/productFeature;http://www4.wiwiss.fu-berlin.de/bizer/bsbm/v01/instances/ProductFeature5101
http://www4.wiwiss.fu-berlin.de/bizer/bsbm/v01/instances/dataFrom/Product8740;http://www4.wiwiss.fu-berlin.de/bizer/bsbm/v01/vocabulary/productFeature;http://www4.wiwiss.fu-berlin.de/bizer/bsbm/v01/instances/ProductFeature5101
http://www4.wiwiss.fu-berlin.de/bizer/bsbm/v01/instances/dataFrom/Product8740;http://www4.wiwiss.fu-berlin.de/bizer/bsbm/v01/vocabulary/productFeature;http://www4.wiwiss.fu-berlin.de/bizer/bsbm/v01/instances/ProductFeature5101
http://www4.wiwiss.fu-berlin.de/bizer/bsbm/v01/instances/dataFrom/Product8740;http://www4.wiwiss.fu-berlin.de/bizer/bsbm/v01/vocabulary/productFeature;http://www4.wiwiss.fu-berlin.de/bizer/bsbm/v01/instances/ProductFeature5101
http://www4.wiwiss.fu-berlin.de/bizer/bsbm/v01/instances/dataFrom/Product8740;http://www4.wiwiss.fu-berlin.de/bizer/bsbm/v01/vocabulary/productFeature;http://www4.wiwiss.fu-berlin.de/bizer/bsbm/v01/instances/ProductFeature5101
http://www4.wiwiss.fu-berlin.de/bizer/bsbm/v01/instances/dataFrom/Product8740;http://www4.wiwiss.fu-berlin.de/bizer/bsbm/v01/vocabulary/productFeature;http://www4.wiwiss.fu-berlin.de/bizer/bsbm/v01/instances/ProductFeature5101
http://www4.wiwiss.fu-berlin.de/bizer/bsbm/v01/instances/dataFrom/Product8740;http://www4.wiwiss.fu-berlin.de/bizer/bsbm/v01/vocabulary/productFeature;http://www4.wiwiss.fu-berlin.de/bizer/bsbm/v01/instances/ProductFeature5101
http://www4.wiwiss.fu-berlin.de/bizer/bsbm/v01/instances/dataFrom/Product8740;http://www4.wiwiss.fu-berlin.de/bizer/bsbm/v01/vocabulary/productFeature;http://www4.wiwiss.fu-berlin.de/bizer/bsbm/v01/instances/ProductFeature5101
http://www4.wiwiss.fu-berlin.de/bizer/bsbm/v01/instances/dataFrom/Product8740;http://www4.wiwiss.fu-berlin.de/bizer/bsbm/v01/vocabulary/productFeature;http://www4.wiwiss.fu-berlin.de/bizer/bsbm/v01/instances/ProductFeature5111
http://www4.wiwiss.fu-berlin.de/bizer/bsbm/v01/instances/dataFrom/Product8740;http://www4.wiwiss.fu-berlin.de/bizer/bsbm/v01/vocabulary/productFeature;http://www4.wiwiss.fu-berlin.de/bizer/bsbm/v01/instances/ProductFeature5111
http://www4.wiwiss.fu-berlin.de/bizer/bsbm/v01/instances/dataFrom/Product8740;http://www4.wiwiss.fu-berlin.de/bizer/bsbm/v01/vocabulary/productFeature;http://www4.wiwiss.fu-berlin.de/bizer/bsbm/v01/instances/ProductFeature5111
http://www4.wiwiss.fu-berlin.de/bizer/bsbm/v01/instances/dataFrom/Product8740;http://www4.wiwiss.fu-berlin.de/bizer/bsbm/v01/vocabulary/productFeature;http://www4.wiwiss.fu-berlin.de/bizer/bsbm/v01/instances/ProductFeature5111
http://www4.wiwiss.fu-berlin.de/bizer/bsbm/v01/instances/dataFrom/Product8567;http://www4.wiwiss.fu-berlin.de/bizer/bsbm/v01/vocabulary/productFeature;http://www4.wiwiss.fu-berlin.de/bizer/bsbm/v01/instances/ProductFeature5099
http://www4.wiwiss.fu-berlin.de/bizer/bsbm/v01/instances/dataFrom/Product8567;http://www4.wiwiss.fu-berlin.de/bizer/bsbm/v01/vocabulary/productFeature;http://www4.wiwiss.fu-berlin.de/bizer/bsbm/v01/instances/ProductFeature5099
http://www4.wiwiss.fu-berlin.de/bizer/bsbm/v01/instances/dataFrom/Product8567;http://www4.wiwiss.fu-berlin.de/bizer/bsbm/v01/vocabulary/productFeature;http://www4.wiwiss.fu-berlin.de/bizer/bsbm/v01/instances/ProductFeature5099
http://www4.wiwiss.fu-berlin.de/bizer/bsbm/v01/instances/dataFrom/Product8567;http://www4.wiwiss.fu-berlin.de/bizer/bsbm/v01/vocabulary/productFeature;http://www4.wiwiss.fu-berlin.de/bizer/bsbm/v01/instances/ProductFeature5099
http://www4.wiwiss.fu-berlin.de/bizer/bsbm/v01/instances/dataFrom/Product8567;http://www4.wiwiss.fu-berlin.de/bizer/bsbm/v01/vocabulary/productFeature;http://www4.wiwiss.fu-berlin.de/bizer/bsbm/v01/instances/ProductFeature5099
http://www4.wiwiss.fu-berlin.de/bizer/bsbm/v01/instances/dataFrom/Product8567;http://www4.wiwiss.fu-berlin.de/bizer/bsbm/v01/vocabulary/productFeature;http://www4.wiwiss.fu-berlin.de/bizer/bsbm/v01/instances/ProductFeature5099
http://www4.wiwiss.fu-berlin.de/bizer/bsbm/v01/instances/dataFrom/Product8567;http://www4.wiwiss.fu-berlin.de/bizer/bsbm/v01/vocabulary/productFeature;http://www4.wiwiss.fu-berlin.de/bizer/bsbm/v01/instances/ProductFeature5099
http://www4.wiwiss.fu-berlin.de/bizer/bsbm/v01/instances/dataFrom/Product8567;http://www4.wiwiss.fu-berlin.de/bizer/bsbm/v01/vocabulary/productFeature;http://www4.wiwiss.fu-berlin.de/bizer/bsbm/v01/instances/ProductFeature5099
http://www4.wiwiss.fu-berlin.de/bizer/bsbm/v01/instances/dataFrom/Product8567;http://www4.wiwiss.fu-berlin.de/bizer/bsbm/v01/vocabulary/productFeature;http://www4.wiwiss.fu-berlin.de/bizer/bsbm/v01/instances/ProductFeature5099
http://www4.wiwiss.fu-berlin.de/bizer/bsbm/v01/instances/dataFrom/Product8567;http://www4.wiwiss.fu-berlin.de/bizer/bsbm/v01/vocabulary/productFeature;http://www4.wiwiss.fu-berlin.de/bizer/bsbm/v01/instances/ProductFeature5101
http://www4.wiwiss.fu-berlin.de/bizer/bsbm/v01/instances/dataFrom/Product8567;http://www4.wiwiss.fu-berlin.de/bizer/bsbm/v01/vocabulary/productFeature;http://www4.wiwiss.fu-berlin.de/bizer/bsbm/v01/instances/ProductFeature5101
http://www4.wiwiss.fu-berlin.de/bizer/bsbm/v01/instances/dataFrom/Product8567;http://www4.wiwiss.fu-berlin.de/bizer/bsbm/v01/vocabulary/productFeature;http://www4.wiwiss.fu-berlin.de/bizer/bsbm/v01/instances/ProductFeature5101
http://www4.wiwiss.fu-berlin.de/bizer/bsbm/v01/instances/dataFrom/Product8567;http://www4.wiwiss.fu-berlin.de/bizer/bsbm/v01/vocabulary/productFeature;http://www4.wiwiss.fu-berlin.de/bizer/bsbm/v01/instances/ProductFeature5101
http://www4.wiwiss.fu-berlin.de/bizer/bsbm/v01/instances/dataFrom/Product8567;http://www4.wiwiss.fu-berlin.de/bizer/bsbm/v01/vocabulary/productFeature;http://www4.wiwiss.fu-berlin.de/bizer/bsbm/v01/instances/ProductFeature5101
http://www4.wiwiss.fu-berlin.de/bizer/bsbm/v01/instances/dataFrom/Product8567;http://www4.wiwiss.fu-berlin.de/bizer/bsbm/v01/vocabulary/productFeature;http://www4.wiwiss.fu-berlin.de/bizer/bsbm/v01/instances/ProductFeature5101
http://www4.wiwiss.fu-berlin.de/bizer/bsbm/v01/instances/dataFrom/Product8567;http://www4.wiwiss.fu-berlin.de/bizer/bsbm/v01/vocabulary/productFeature;http://www4.wiwiss.fu-berlin.de/bizer/bsbm/v01/instances/ProductFeature5101
http://www4.wiwiss.fu-berlin.de/bizer/bsbm/v01/instances/dataFrom/Product8567;http://www4.wiwiss.fu-berlin.de/bizer/bsbm/v01/vocabulary/productFeature;http://www4.wiwiss.fu-berlin.de/bizer/bsbm/v01/instances/ProductFeature5101
http://www4.wiwiss.fu-berlin.de/bizer/bsbm/v01/instances/dataFrom/Product8567;http://www4.wiwiss.fu-berlin.de/bizer/bsbm/v01/vocabulary/productFeature;http://www4.wiwiss.fu-berlin.de/bizer/bsbm/v01/instances/ProductFeature5101
http://www4.wiwiss.fu-berlin.de/bizer/bsbm/v01/instances/dataFrom/Product8567;http://www4.wiwiss.fu-berlin.de/bizer/bsbm/v01/vocabulary/productFeature;http://www4.wiwiss.fu-berlin.de/bizer/bsbm/v01/instances/ProductFeature5101
http://www4.wiwiss.fu-berlin.de/bizer/bsbm/v01/instances/dataFrom/Product8567;http://www4.wiwiss.fu-berlin.de/bizer/bsbm/v01/vocabulary/productFeature;http://www4.wiwiss.fu-berlin.de/bizer/bsbm/v01/instances/ProductFeature5101
http://www4.wiwiss.fu-berlin.de/bizer/bsbm/v01/instances/dataFrom/Product8567;http://www4.wiwiss.fu-berlin.de/bizer/bsbm/v01/vocabulary/productFeature;http://www4.wiwiss.fu-berlin.de/bizer/bsbm/v01/instances/ProductFeature5101
http://www4.wiwiss.fu-berlin.de/bizer/bsbm/v01/instances/dataFrom/Product8567;http://www4.wiwiss.fu-berlin.de/bizer/bsbm/v01/vocabulary/productFeature;http://www4.wiwiss.fu-berlin.de/bizer/bsbm/v01/instances/ProductFeature5111
http://www4.wiwiss.fu-berlin.de/bizer/bsbm/v01/instances/dataFrom/Product8567;http://www4.wiwiss.fu-berlin.de/bizer/bsbm/v01/vocabulary/productFeature;http://www4.wiwiss.fu-berlin.de/bizer/bsbm/v01/instances/ProductFeature5111
http://www4.wiwiss.fu-berlin.de/bizer/bsbm/v01/instances/dataFrom/Product8567;http://www4.wiwiss.fu-berlin.de/bizer/bsbm/v01/vocabulary/productFeature;http://www4.wiwiss.fu-berlin.de/bizer/bsbm/v01/instances/ProductFeature5111
http://www4.wiwiss.fu-berlin.de/bizer/bsbm/v01/instances/dataFrom/Product8567;http://www4.wiwiss.fu-berlin.de/bizer/bsbm/v01/vocabulary/productFeature;http://www4.wiwiss.fu-berlin.de/bizer/bsbm/v01/instances/ProductFeature5111
http://www4.wiwiss.fu-berlin.de/bizer/bsbm/v01/instances/dataFrom/Product3223;http://www4.wiwiss.fu-berlin.de/bizer/bsbm/v01/vocabulary/productFeature;http://www4.wiwiss.fu-berlin.de/bizer/bsbm/v01/instances/ProductFeature5099
http://www4.wiwiss.fu-berlin.de/bizer/bsbm/v01/instances/dataFrom/Product3223;http://www4.wiwiss.fu-berlin.de/bizer/bsbm/v01/vocabulary/productFeature;http://www4.wiwiss.fu-berlin.de/bizer/bsbm/v01/instances/ProductFeature5099
http://www4.wiwiss.fu-berlin.de/bizer/bsbm/v01/instances/dataFrom/Product3223;http://www4.wiwiss.fu-berlin.de/bizer/bsbm/v01/vocabulary/productFeature;http://www4.wiwiss.fu-berlin.de/bizer/bsbm/v01/instances/ProductFeature5099
http://www4.wiwiss.fu-berlin.de/bizer/bsbm/v01/instances/dataFrom/Product3223;http://www4.wiwiss.fu-berlin.de/bizer/bsbm/v01/vocabulary/productFeature;http://www4.wiwiss.fu-berlin.de/bizer/bsbm/v01/instances/ProductFeature5099
http://www4.wiwiss.fu-berlin.de/bizer/bsbm/v01/instances/dataFrom/Product3223;http://www4.wiwiss.fu-berlin.de/bizer/bsbm/v01/vocabulary/productFeature;http://www4.wiwiss.fu-berlin.de/bizer/bsbm/v01/instances/ProductFeature5099
http://www4.wiwiss.fu-berlin.de/bizer/bsbm/v01/instances/dataFrom/Product3223;http://www4.wiwiss.fu-berlin.de/bizer/bsbm/v01/vocabulary/productFeature;http://www4.wiwiss.fu-berlin.de/bizer/bsbm/v01/instances/ProductFeature5099
http://www4.wiwiss.fu-berlin.de/bizer/bsbm/v01/instances/dataFrom/Product3223;http://www4.wiwiss.fu-berlin.de/bizer/bsbm/v01/vocabulary/productFeature;http://www4.wiwiss.fu-berlin.de/bizer/bsbm/v01/instances/ProductFeature5099
http://www4.wiwiss.fu-berlin.de/bizer/bsbm/v01/instances/dataFrom/Product3223;http://www4.wiwiss.fu-berlin.de/bizer/bsbm/v01/vocabulary/productFeature;http://www4.wiwiss.fu-berlin.de/bizer/bsbm/v01/instances/ProductFeature5099
http://www4.wiwiss.fu-berlin.de/bizer/bsbm/v01/instances/dataFrom/Product3223;http://www4.wiwiss.fu-berlin.de/bizer/bsbm/v01/vocabulary/productFeature;http://www4.wiwiss.fu-berlin.de/bizer/bsbm/v01/instances/ProductFeature5099
http://www4.wiwiss.fu-berlin.de/bizer/bsbm/v01/instances/dataFrom/Product3223;http://www4.wiwiss.fu-berlin.de/bizer/bsbm/v01/vocabulary/productFeature;http://www4.wiwiss.fu-berlin.de/bizer/bsbm/v01/instances/ProductFeature5101
http://www4.wiwiss.fu-berlin.de/bizer/bsbm/v01/instances/dataFrom/Product3223;http://www4.wiwiss.fu-berlin.de/bizer/bsbm/v01/vocabulary/productFeature;http://www4.wiwiss.fu-berlin.de/bizer/bsbm/v01/instances/ProductFeature5101
http://www4.wiwiss.fu-berlin.de/bizer/bsbm/v01/instances/dataFrom/Product3223;http://www4.wiwiss.fu-berlin.de/bizer/bsbm/v01/vocabulary/productFeature;http://www4.wiwiss.fu-berlin.de/bizer/bsbm/v01/instances/ProductFeature5101
http://www4.wiwiss.fu-berlin.de/bizer/bsbm/v01/instances/dataFrom/Product3223;http://www4.wiwiss.fu-berlin.de/bizer/bsbm/v01/vocabulary/productFeature;http://www4.wiwiss.fu-berlin.de/bizer/bsbm/v01/instances/ProductFeature5101
http://www4.wiwiss.fu-berlin.de/bizer/bsbm/v01/instances/dataFrom/Product3223;http://www4.wiwiss.fu-berlin.de/bizer/bsbm/v01/vocabulary/productFeature;http://www4.wiwiss.fu-berlin.de/bizer/bsbm/v01/instances/ProductFeature5101
http://www4.wiwiss.fu-berlin.de/bizer/bsbm/v01/instances/dataFrom/Product3223;http://www4.wiwiss.fu-berlin.de/bizer/bsbm/v01/vocabulary/productFeature;http://www4.wiwiss.fu-berlin.de/bizer/bsbm/v01/instances/ProductFeature5101
http://www4.wiwiss.fu-berlin.de/bizer/bsbm/v01/instances/dataFrom/Product3223;http://www4.wiwiss.fu-berlin.de/bizer/bsbm/v01/vocabulary/productFeature;http://www4.wiwiss.fu-berlin.de/bizer/bsbm/v01/instances/ProductFeature5101
http://www4.wiwiss.fu-berlin.de/bizer/bsbm/v01/instances/dataFrom/Product3223;http://www4.wiwiss.fu-berlin.de/bizer/bsbm/v01/vocabulary/productFeature;http://www4.wiwiss.fu-berlin.de/bizer/bsbm/v01/instances/ProductFeature5101
http://www4.wiwiss.fu-berlin.de/bizer/bsbm/v01/instances/dataFrom/Product3223;http://www4.wiwiss.fu-berlin.de/bizer/bsbm/v01/vocabulary/productFeature;http://www4.wiwiss.fu-berlin.de/bizer/bsbm/v01/instances/ProductFeature5101
http://www4.wiwiss.fu-berlin.de/bizer/bsbm/v01/instances/dataFrom/Product3223;http://www4.wiwiss.fu-berlin.de/bizer/bsbm/v01/vocabulary/productFeature;http://www4.wiwiss.fu-berlin.de/bizer/bsbm/v01/instances/ProductFeature5101
http://www4.wiwiss.fu-berlin.de/bizer/bsbm/v01/instances/dataFrom/Product3223;http://www4.wiwiss.fu-berlin.de/bizer/bsbm/v01/vocabulary/productFeature;http://www4.wiwiss.fu-berlin.de/bizer/bsbm/v01/instances/ProductFeature5101
http://www4.wiwiss.fu-berlin.de/bizer/bsbm/v01/instances/dataFrom/Product3223;http://www4.wiwiss.fu-berlin.de/bizer/bsbm/v01/vocabulary/productFeature;http://www4.wiwiss.fu-berlin.de/bizer/bsbm/v01/instances/ProductFeature5101
http://www4.wiwiss.fu-berlin.de/bizer/bsbm/v01/instances/dataFrom/Product3223;http://www4.wiwiss.fu-berlin.de/bizer/bsbm/v01/vocabulary/productFeature;http://www4.wiwiss.fu-berlin.de/bizer/bsbm/v01/instances/ProductFeature5111
http://www4.wiwiss.fu-berlin.de/bizer/bsbm/v01/instances/dataFrom/Product3223;http://www4.wiwiss.fu-berlin.de/bizer/bsbm/v01/vocabulary/productFeature;http://www4.wiwiss.fu-berlin.de/bizer/bsbm/v01/instances/ProductFeature5111
http://www4.wiwiss.fu-berlin.de/bizer/bsbm/v01/instances/dataFrom/Product3223;http://www4.wiwiss.fu-berlin.de/bizer/bsbm/v01/vocabulary/productFeature;http://www4.wiwiss.fu-berlin.de/bizer/bsbm/v01/instances/ProductFeature5111
http://www4.wiwiss.fu-berlin.de/bizer/bsbm/v01/instances/dataFrom/Product3223;http://www4.wiwiss.fu-berlin.de/bizer/bsbm/v01/vocabulary/productFeature;http://www4.wiwiss.fu-berlin.de/bizer/bsbm/v01/instances/ProductFeature5111
http://www4.wiwiss.fu-berlin.de/bizer/bsbm/v01/instances/dataFrom/Product1899;http://www4.wiwiss.fu-berlin.de/bizer/bsbm/v01/vocabulary/productFeature;http://www4.wiwiss.fu-berlin.de/bizer/bsbm/v01/instances/ProductFeature5099
http://www4.wiwiss.fu-berlin.de/bizer/bsbm/v01/instances/dataFrom/Product1899;http://www4.wiwiss.fu-berlin.de/bizer/bsbm/v01/vocabulary/productFeature;http://www4.wiwiss.fu-berlin.de/bizer/bsbm/v01/instances/ProductFeature5099
http://www4.wiwiss.fu-berlin.de/bizer/bsbm/v01/instances/dataFrom/Product1899;http://www4.wiwiss.fu-berlin.de/bizer/bsbm/v01/vocabulary/productFeature;http://www4.wiwiss.fu-berlin.de/bizer/bsbm/v01/instances/ProductFeature5099
http://www4.wiwiss.fu-berlin.de/bizer/bsbm/v01/instances/dataFrom/Product1899;http://www4.wiwiss.fu-berlin.de/bizer/bsbm/v01/vocabulary/productFeature;http://www4.wiwiss.fu-berlin.de/bizer/bsbm/v01/instances/ProductFeature5099
http://www4.wiwiss.fu-berlin.de/bizer/bsbm/v01/instances/dataFrom/Product1899;http://www4.wiwiss.fu-berlin.de/bizer/bsbm/v01/vocabulary/productFeature;http://www4.wiwiss.fu-berlin.de/bizer/bsbm/v01/instances/ProductFeature5099
http://www4.wiwiss.fu-berlin.de/bizer/bsbm/v01/instances/dataFrom/Product1899;http://www4.wiwiss.fu-berlin.de/bizer/bsbm/v01/vocabulary/productFeature;http://www4.wiwiss.fu-berlin.de/bizer/bsbm/v01/instances/ProductFeature5099
http://www4.wiwiss.fu-berlin.de/bizer/bsbm/v01/instances/dataFrom/Product1899;http://www4.wiwiss.fu-berlin.de/bizer/bsbm/v01/vocabulary/productFeature;http://www4.wiwiss.fu-berlin.de/bizer/bsbm/v01/instances/ProductFeature5099
http://www4.wiwiss.fu-berlin.de/bizer/bsbm/v01/instances/dataFrom/Product1899;http://www4.wiwiss.fu-berlin.de/bizer/bsbm/v01/vocabulary/productFeature;http://www4.wiwiss.fu-berlin.de/bizer/bsbm/v01/instances/ProductFeature5099
http://www4.wiwiss.fu-berlin.de/bizer/bsbm/v01/instances/dataFrom/Product1899;http://www4.wiwiss.fu-berlin.de/bizer/bsbm/v01/vocabulary/productFeature;http://www4.wiwiss.fu-berlin.de/bizer/bsbm/v01/instances/ProductFeature5099
http://www4.wiwiss.fu-berlin.de/bizer/bsbm/v01/instances/dataFrom/Product1899;http://www4.wiwiss.fu-berlin.de/bizer/bsbm/v01/vocabulary/productFeature;http://www4.wiwiss.fu-berlin.de/bizer/bsbm/v01/instances/ProductFeature5101
http://www4.wiwiss.fu-berlin.de/bizer/bsbm/v01/instances/dataFrom/Product1899;http://www4.wiwiss.fu-berlin.de/bizer/bsbm/v01/vocabulary/productFeature;http://www4.wiwiss.fu-berlin.de/bizer/bsbm/v01/instances/ProductFeature5101
http://www4.wiwiss.fu-berlin.de/bizer/bsbm/v01/instances/dataFrom/Product1899;http://www4.wiwiss.fu-berlin.de/bizer/bsbm/v01/vocabulary/productFeature;http://www4.wiwiss.fu-berlin.de/bizer/bsbm/v01/instances/ProductFeature5101
http://www4.wiwiss.fu-berlin.de/bizer/bsbm/v01/instances/dataFrom/Product1899;http://www4.wiwiss.fu-berlin.de/bizer/bsbm/v01/vocabulary/productFeature;http://www4.wiwiss.fu-berlin.de/bizer/bsbm/v01/instances/ProductFeature5101
http://www4.wiwiss.fu-berlin.de/bizer/bsbm/v01/instances/dataFrom/Product1899;http://www4.wiwiss.fu-berlin.de/bizer/bsbm/v01/vocabulary/productFeature;http://www4.wiwiss.fu-berlin.de/bizer/bsbm/v01/instances/ProductFeature5101
http://www4.wiwiss.fu-berlin.de/bizer/bsbm/v01/instances/dataFrom/Product1899;http://www4.wiwiss.fu-berlin.de/bizer/bsbm/v01/vocabulary/productFeature;http://www4.wiwiss.fu-berlin.de/bizer/bsbm/v01/instances/ProductFeature5101
http://www4.wiwiss.fu-berlin.de/bizer/bsbm/v01/instances/dataFrom/Product1899;http://www4.wiwiss.fu-berlin.de/bizer/bsbm/v01/vocabulary/productFeature;http://www4.wiwiss.fu-berlin.de/bizer/bsbm/v01/instances/ProductFeature5101
http://www4.wiwiss.fu-berlin.de/bizer/bsbm/v01/instances/dataFrom/Product1899;http://www4.wiwiss.fu-berlin.de/bizer/bsbm/v01/vocabulary/productFeature;http://www4.wiwiss.fu-berlin.de/bizer/bsbm/v01/instances/ProductFeature5101
http://www4.wiwiss.fu-berlin.de/bizer/bsbm/v01/instances/dataFrom/Product1899;http://www4.wiwiss.fu-berlin.de/bizer/bsbm/v01/vocabulary/productFeature;http://www4.wiwiss.fu-berlin.de/bizer/bsbm/v01/instances/ProductFeature5101
http://www4.wiwiss.fu-berlin.de/bizer/bsbm/v01/instances/dataFrom/Product1899;http://www4.wiwiss.fu-berlin.de/bizer/bsbm/v01/vocabulary/productFeature;http://www4.wiwiss.fu-berlin.de/bizer/bsbm/v01/instances/ProductFeature5101
http://www4.wiwiss.fu-berlin.de/bizer/bsbm/v01/instances/dataFrom/Product1899;http://www4.wiwiss.fu-berlin.de/bizer/bsbm/v01/vocabulary/productFeature;http://www4.wiwiss.fu-berlin.de/bizer/bsbm/v01/instances/ProductFeature5101
http://www4.wiwiss.fu-berlin.de/bizer/bsbm/v01/instances/dataFrom/Product1899;http://www4.wiwiss.fu-berlin.de/bizer/bsbm/v01/vocabulary/productFeature;http://www4.wiwiss.fu-berlin.de/bizer/bsbm/v01/instances/ProductFeature5101
http://www4.wiwiss.fu-berlin.de/bizer/bsbm/v01/instances/dataFrom/Product1899;http://www4.wiwiss.fu-berlin.de/bizer/bsbm/v01/vocabulary/productFeature;http://www4.wiwiss.fu-berlin.de/bizer/bsbm/v01/instances/ProductFeature5111
http://www4.wiwiss.fu-berlin.de/bizer/bsbm/v01/instances/dataFrom/Product1899;http://www4.wiwiss.fu-berlin.de/bizer/bsbm/v01/vocabulary/productFeature;http://www4.wiwiss.fu-berlin.de/bizer/bsbm/v01/instances/ProductFeature5111
http://www4.wiwiss.fu-berlin.de/bizer/bsbm/v01/instances/dataFrom/Product1899;http://www4.wiwiss.fu-berlin.de/bizer/bsbm/v01/vocabulary/productFeature;http://www4.wiwiss.fu-berlin.de/bizer/bsbm/v01/instances/ProductFeature5111
http://www4.wiwiss.fu-berlin.de/bizer/bsbm/v01/instances/dataFrom/Product1899;http://www4.wiwiss.fu-berlin.de/bizer/bsbm/v01/vocabulary/productFeature;http://www4.wiwiss.fu-berlin.de/bizer/bsbm/v01/instances/ProductFeature5111
http://www4.wiwiss.fu-berlin.de/bizer/bsbm/v01/instances/dataFrom/Product658;http://www4.wiwiss.fu-berlin.de/bizer/bsbm/v01/vocabulary/productFeature;http://www4.wiwiss.fu-berlin.de/bizer/bsbm/v01/instances/ProductFeature5099
http://www4.wiwiss.fu-berlin.de/bizer/bsbm/v01/instances/dataFrom/Product658;http://www4.wiwiss.fu-berlin.de/bizer/bsbm/v01/vocabulary/productFeature;http://www4.wiwiss.fu-berlin.de/bizer/bsbm/v01/instances/ProductFeature5099
http://www4.wiwiss.fu-berlin.de/bizer/bsbm/v01/instances/dataFrom/Product658;http://www4.wiwiss.fu-berlin.de/bizer/bsbm/v01/vocabulary/productFeature;http://www4.wiwiss.fu-berlin.de/bizer/bsbm/v01/instances/ProductFeature5099
http://www4.wiwiss.fu-berlin.de/bizer/bsbm/v01/instances/dataFrom/Product658;http://www4.wiwiss.fu-berlin.de/bizer/bsbm/v01/vocabulary/productFeature;http://www4.wiwiss.fu-berlin.de/bizer/bsbm/v01/instances/ProductFeature5099
http://www4.wiwiss.fu-berlin.de/bizer/bsbm/v01/instances/dataFrom/Product658;http://www4.wiwiss.fu-berlin.de/bizer/bsbm/v01/vocabulary/productFeature;http://www4.wiwiss.fu-berlin.de/bizer/bsbm/v01/instances/ProductFeature5099
http://www4.wiwiss.fu-berlin.de/bizer/bsbm/v01/instances/dataFrom/Product658;http://www4.wiwiss.fu-berlin.de/bizer/bsbm/v01/vocabulary/productFeature;http://www4.wiwiss.fu-berlin.de/bizer/bsbm/v01/instances/ProductFeature5099
http://www4.wiwiss.fu-berlin.de/bizer/bsbm/v01/instances/dataFrom/Product658;http://www4.wiwiss.fu-berlin.de/bizer/bsbm/v01/vocabulary/productFeature;http://www4.wiwiss.fu-berlin.de/bizer/bsbm/v01/instances/ProductFeature5099
http://www4.wiwiss.fu-berlin.de/bizer/bsbm/v01/instances/dataFrom/Product658;http://www4.wiwiss.fu-berlin.de/bizer/bsbm/v01/vocabulary/productFeature;http://www4.wiwiss.fu-berlin.de/bizer/bsbm/v01/instances/ProductFeature5099
http://www4.wiwiss.fu-berlin.de/bizer/bsbm/v01/instances/dataFrom/Product658;http://www4.wiwiss.fu-berlin.de/bizer/bsbm/v01/vocabulary/productFeature;http://www4.wiwiss.fu-berlin.de/bizer/bsbm/v01/instances/ProductFeature5099
http://www4.wiwiss.fu-berlin.de/bizer/bsbm/v01/instances/dataFrom/Product658;http://www4.wiwiss.fu-berlin.de/bizer/bsbm/v01/vocabulary/productFeature;http://www4.wiwiss.fu-berlin.de/bizer/bsbm/v01/instances/ProductFeature5101
http://www4.wiwiss.fu-berlin.de/bizer/bsbm/v01/instances/dataFrom/Product658;http://www4.wiwiss.fu-berlin.de/bizer/bsbm/v01/vocabulary/productFeature;http://www4.wiwiss.fu-berlin.de/bizer/bsbm/v01/instances/ProductFeature5101
http://www4.wiwiss.fu-berlin.de/bizer/bsbm/v01/instances/dataFrom/Product658;http://www4.wiwiss.fu-berlin.de/bizer/bsbm/v01/vocabulary/productFeature;http://www4.wiwiss.fu-berlin.de/bizer/bsbm/v01/instances/ProductFeature5101
http://www4.wiwiss.fu-berlin.de/bizer/bsbm/v01/instances/dataFrom/Product658;http://www4.wiwiss.fu-berlin.de/bizer/bsbm/v01/vocabulary/productFeature;http://www4.wiwiss.fu-berlin.de/bizer/bsbm/v01/instances/ProductFeature5101
http://www4.wiwiss.fu-berlin.de/bizer/bsbm/v01/instances/dataFrom/Product658;http://www4.wiwiss.fu-berlin.de/bizer/bsbm/v01/vocabulary/productFeature;http://www4.wiwiss.fu-berlin.de/bizer/bsbm/v01/instances/ProductFeature5101
http://www4.wiwiss.fu-berlin.de/bizer/bsbm/v01/instances/dataFrom/Product658;http://www4.wiwiss.fu-berlin.de/bizer/bsbm/v01/vocabulary/productFeature;http://www4.wiwiss.fu-berlin.de/bizer/bsbm/v01/instances/ProductFeature5101
http://www4.wiwiss.fu-berlin.de/bizer/bsbm/v01/instances/dataFrom/Product658;http://www4.wiwiss.fu-berlin.de/bizer/bsbm/v01/vocabulary/productFeature;http://www4.wiwiss.fu-berlin.de/bizer/bsbm/v01/instances/ProductFeature5101
http://www4.wiwiss.fu-berlin.de/bizer/bsbm/v01/instances/dataFrom/Product658;http://www4.wiwiss.fu-berlin.de/bizer/bsbm/v01/vocabulary/productFeature;http://www4.wiwiss.fu-berlin.de/bizer/bsbm/v01/instances/ProductFeature5101
http://www4.wiwiss.fu-berlin.de/bizer/bsbm/v01/instances/dataFrom/Product658;http://www4.wiwiss.fu-berlin.de/bizer/bsbm/v01/vocabulary/productFeature;http://www4.wiwiss.fu-berlin.de/bizer/bsbm/v01/instances/ProductFeature5101
http://www4.wiwiss.fu-berlin.de/bizer/bsbm/v01/instances/dataFrom/Product658;http://www4.wiwiss.fu-berlin.de/bizer/bsbm/v01/vocabulary/productFeature;http://www4.wiwiss.fu-berlin.de/bizer/bsbm/v01/instances/ProductFeature5101
http://www4.wiwiss.fu-berlin.de/bizer/bsbm/v01/instances/dataFrom/Product658;http://www4.wiwiss.fu-berlin.de/bizer/bsbm/v01/vocabulary/productFeature;http://www4.wiwiss.fu-berlin.de/bizer/bsbm/v01/instances/ProductFeature5101
http://www4.wiwiss.fu-berlin.de/bizer/bsbm/v01/instances/dataFrom/Product658;http://www4.wiwiss.fu-berlin.de/bizer/bsbm/v01/vocabulary/productFeature;http://www4.wiwiss.fu-berlin.de/bizer/bsbm/v01/instances/ProductFeature5101
http://www4.wiwiss.fu-berlin.de/bizer/bsbm/v01/instances/dataFrom/Product658;http://www4.wiwiss.fu-berlin.de/bizer/bsbm/v01/vocabulary/productFeature;http://www4.wiwiss.fu-berlin.de/bizer/bsbm/v01/instances/ProductFeature5111
http://www4.wiwiss.fu-berlin.de/bizer/bsbm/v01/instances/dataFrom/Product658;http://www4.wiwiss.fu-berlin.de/bizer/bsbm/v01/vocabulary/productFeature;http://www4.wiwiss.fu-berlin.de/bizer/bsbm/v01/instances/ProductFeature5111
http://www4.wiwiss.fu-berlin.de/bizer/bsbm/v01/instances/dataFrom/Product658;http://www4.wiwiss.fu-berlin.de/bizer/bsbm/v01/vocabulary/productFeature;http://www4.wiwiss.fu-berlin.de/bizer/bsbm/v01/instances/ProductFeature5111
http://www4.wiwiss.fu-berlin.de/bizer/bsbm/v01/instances/dataFrom/Product658;http://www4.wiwiss.fu-berlin.de/bizer/bsbm/v01/vocabulary/productFeature;http://www4.wiwiss.fu-berlin.de/bizer/bsbm/v01/instances/ProductFeature5111
http://www4.wiwiss.fu-berlin.de/bizer/bsbm/v01/instances/dataFrom/Product7122;http://www4.wiwiss.fu-berlin.de/bizer/bsbm/v01/vocabulary/productFeature;http://www4.wiwiss.fu-berlin.de/bizer/bsbm/v01/instances/ProductFeature5099
http://www4.wiwiss.fu-berlin.de/bizer/bsbm/v01/instances/dataFrom/Product7122;http://www4.wiwiss.fu-berlin.de/bizer/bsbm/v01/vocabulary/productFeature;http://www4.wiwiss.fu-berlin.de/bizer/bsbm/v01/instances/ProductFeature5099
http://www4.wiwiss.fu-berlin.de/bizer/bsbm/v01/instances/dataFrom/Product7122;http://www4.wiwiss.fu-berlin.de/bizer/bsbm/v01/vocabulary/productFeature;http://www4.wiwiss.fu-berlin.de/bizer/bsbm/v01/instances/ProductFeature5099
http://www4.wiwiss.fu-berlin.de/bizer/bsbm/v01/instances/dataFrom/Product7122;http://www4.wiwiss.fu-berlin.de/bizer/bsbm/v01/vocabulary/productFeature;http://www4.wiwiss.fu-berlin.de/bizer/bsbm/v01/instances/ProductFeature5099
http://www4.wiwiss.fu-berlin.de/bizer/bsbm/v01/instances/dataFrom/Product7122;http://www4.wiwiss.fu-berlin.de/bizer/bsbm/v01/vocabulary/productFeature;http://www4.wiwiss.fu-berlin.de/bizer/bsbm/v01/instances/ProductFeature5099
http://www4.wiwiss.fu-berlin.de/bizer/bsbm/v01/instances/dataFrom/Product7122;http://www4.wiwiss.fu-berlin.de/bizer/bsbm/v01/vocabulary/productFeature;http://www4.wiwiss.fu-berlin.de/bizer/bsbm/v01/instances/ProductFeature5099
http://www4.wiwiss.fu-berlin.de/bizer/bsbm/v01/instances/dataFrom/Product7122;http://www4.wiwiss.fu-berlin.de/bizer/bsbm/v01/vocabulary/productFeature;http://www4.wiwiss.fu-berlin.de/bizer/bsbm/v01/instances/ProductFeature5099
http://www4.wiwiss.fu-berlin.de/bizer/bsbm/v01/instances/dataFrom/Product7122;http://www4.wiwiss.fu-berlin.de/bizer/bsbm/v01/vocabulary/productFeature;http://www4.wiwiss.fu-berlin.de/bizer/bsbm/v01/instances/ProductFeature5099
http://www4.wiwiss.fu-berlin.de/bizer/bsbm/v01/instances/dataFrom/Product7122;http://www4.wiwiss.fu-berlin.de/bizer/bsbm/v01/vocabulary/productFeature;http://www4.wiwiss.fu-berlin.de/bizer/bsbm/v01/instances/ProductFeature5099
http://www4.wiwiss.fu-berlin.de/bizer/bsbm/v01/instances/dataFrom/Product7122;http://www4.wiwiss.fu-berlin.de/bizer/bsbm/v01/vocabulary/productFeature;http://www4.wiwiss.fu-berlin.de/bizer/bsbm/v01/instances/ProductFeature5101
http://www4.wiwiss.fu-berlin.de/bizer/bsbm/v01/instances/dataFrom/Product7122;http://www4.wiwiss.fu-berlin.de/bizer/bsbm/v01/vocabulary/productFeature;http://www4.wiwiss.fu-berlin.de/bizer/bsbm/v01/instances/ProductFeature5101
http://www4.wiwiss.fu-berlin.de/bizer/bsbm/v01/instances/dataFrom/Product7122;http://www4.wiwiss.fu-berlin.de/bizer/bsbm/v01/vocabulary/productFeature;http://www4.wiwiss.fu-berlin.de/bizer/bsbm/v01/instances/ProductFeature5101
http://www4.wiwiss.fu-berlin.de/bizer/bsbm/v01/instances/dataFrom/Product7122;http://www4.wiwiss.fu-berlin.de/bizer/bsbm/v01/vocabulary/productFeature;http://www4.wiwiss.fu-berlin.de/bizer/bsbm/v01/instances/ProductFeature5101
http://www4.wiwiss.fu-berlin.de/bizer/bsbm/v01/instances/dataFrom/Product7122;http://www4.wiwiss.fu-berlin.de/bizer/bsbm/v01/vocabulary/productFeature;http://www4.wiwiss.fu-berlin.de/bizer/bsbm/v01/instances/ProductFeature5101
http://www4.wiwiss.fu-berlin.de/bizer/bsbm/v01/instances/dataFrom/Product7122;http://www4.wiwiss.fu-berlin.de/bizer/bsbm/v01/vocabulary/productFeature;http://www4.wiwiss.fu-berlin.de/bizer/bsbm/v01/instances/ProductFeature5101
http://www4.wiwiss.fu-berlin.de/bizer/bsbm/v01/instances/dataFrom/Product7122;http://www4.wiwiss.fu-berlin.de/bizer/bsbm/v01/vocabulary/productFeature;http://www4.wiwiss.fu-berlin.de/bizer/bsbm/v01/instances/ProductFeature5101
http://www4.wiwiss.fu-berlin.de/bizer/bsbm/v01/instances/dataFrom/Product7122;http://www4.wiwiss.fu-berlin.de/bizer/bsbm/v01/vocabulary/productFeature;http://www4.wiwiss.fu-berlin.de/bizer/bsbm/v01/instances/ProductFeature5101
http://www4.wiwiss.fu-berlin.de/bizer/bsbm/v01/instances/dataFrom/Product7122;http://www4.wiwiss.fu-berlin.de/bizer/bsbm/v01/vocabulary/productFeature;http://www4.wiwiss.fu-berlin.de/bizer/bsbm/v01/instances/ProductFeature5101
http://www4.wiwiss.fu-berlin.de/bizer/bsbm/v01/instances/dataFrom/Product7122;http://www4.wiwiss.fu-berlin.de/bizer/bsbm/v01/vocabulary/productFeature;http://www4.wiwiss.fu-berlin.de/bizer/bsbm/v01/instances/ProductFeature5101
http://www4.wiwiss.fu-berlin.de/bizer/bsbm/v01/instances/dataFrom/Product7122;http://www4.wiwiss.fu-berlin.de/bizer/bsbm/v01/vocabulary/productFeature;http://www4.wiwiss.fu-berlin.de/bizer/bsbm/v01/instances/ProductFeature5101
http://www4.wiwiss.fu-berlin.de/bizer/bsbm/v01/instances/dataFrom/Product7122;http://www4.wiwiss.fu-berlin.de/bizer/bsbm/v01/vocabulary/productFeature;http://www4.wiwiss.fu-berlin.de/bizer/bsbm/v01/instances/ProductFeature5101
http://www4.wiwiss.fu-berlin.de/bizer/bsbm/v01/instances/dataFrom/Product7122;http://www4.wiwiss.fu-berlin.de/bizer/bsbm/v01/vocabulary/productFeature;http://www4.wiwiss.fu-berlin.de/bizer/bsbm/v01/instances/ProductFeature5111
http://www4.wiwiss.fu-berlin.de/bizer/bsbm/v01/instances/dataFrom/Product7122;http://www4.wiwiss.fu-berlin.de/bizer/bsbm/v01/vocabulary/productFeature;http://www4.wiwiss.fu-berlin.de/bizer/bsbm/v01/instances/ProductFeature5111
http://www4.wiwiss.fu-berlin.de/bizer/bsbm/v01/instances/dataFrom/Product7122;http://www4.wiwiss.fu-berlin.de/bizer/bsbm/v01/vocabulary/productFeature;http://www4.wiwiss.fu-berlin.de/bizer/bsbm/v01/instances/ProductFeature5111
http://www4.wiwiss.fu-berlin.de/bizer/bsbm/v01/instances/dataFrom/Product7122;http://www4.wiwiss.fu-berlin.de/bizer/bsbm/v01/vocabulary/productFeature;http://www4.wiwiss.fu-berlin.de/bizer/bsbm/v01/instances/ProductFeature5111
http://www4.wiwiss.fu-berlin.de/bizer/bsbm/v01/instances/dataFrom/Product7099;http://www4.wiwiss.fu-berlin.de/bizer/bsbm/v01/vocabulary/productFeature;http://www4.wiwiss.fu-berlin.de/bizer/bsbm/v01/instances/ProductFeature5099
http://www4.wiwiss.fu-berlin.de/bizer/bsbm/v01/instances/dataFrom/Product7099;http://www4.wiwiss.fu-berlin.de/bizer/bsbm/v01/vocabulary/productFeature;http://www4.wiwiss.fu-berlin.de/bizer/bsbm/v01/instances/ProductFeature5099
http://www4.wiwiss.fu-berlin.de/bizer/bsbm/v01/instances/dataFrom/Product7099;http://www4.wiwiss.fu-berlin.de/bizer/bsbm/v01/vocabulary/productFeature;http://www4.wiwiss.fu-berlin.de/bizer/bsbm/v01/instances/ProductFeature5099
http://www4.wiwiss.fu-berlin.de/bizer/bsbm/v01/instances/dataFrom/Product7099;http://www4.wiwiss.fu-berlin.de/bizer/bsbm/v01/vocabulary/productFeature;http://www4.wiwiss.fu-berlin.de/bizer/bsbm/v01/instances/ProductFeature5099
http://www4.wiwiss.fu-berlin.de/bizer/bsbm/v01/instances/dataFrom/Product7099;http://www4.wiwiss.fu-berlin.de/bizer/bsbm/v01/vocabulary/productFeature;http://www4.wiwiss.fu-berlin.de/bizer/bsbm/v01/instances/ProductFeature5099
http://www4.wiwiss.fu-berlin.de/bizer/bsbm/v01/instances/dataFrom/Product7099;http://www4.wiwiss.fu-berlin.de/bizer/bsbm/v01/vocabulary/productFeature;http://www4.wiwiss.fu-berlin.de/bizer/bsbm/v01/instances/ProductFeature5099
http://www4.wiwiss.fu-berlin.de/bizer/bsbm/v01/instances/dataFrom/Product7099;http://www4.wiwiss.fu-berlin.de/bizer/bsbm/v01/vocabulary/productFeature;http://www4.wiwiss.fu-berlin.de/bizer/bsbm/v01/instances/ProductFeature5099
http://www4.wiwiss.fu-berlin.de/bizer/bsbm/v01/instances/dataFrom/Product7099;http://www4.wiwiss.fu-berlin.de/bizer/bsbm/v01/vocabulary/productFeature;http://www4.wiwiss.fu-berlin.de/bizer/bsbm/v01/instances/ProductFeature5099
http://www4.wiwiss.fu-berlin.de/bizer/bsbm/v01/instances/dataFrom/Product7099;http://www4.wiwiss.fu-berlin.de/bizer/bsbm/v01/vocabulary/productFeature;http://www4.wiwiss.fu-berlin.de/bizer/bsbm/v01/instances/ProductFeature5099
http://www4.wiwiss.fu-berlin.de/bizer/bsbm/v01/instances/dataFrom/Product7099;http://www4.wiwiss.fu-berlin.de/bizer/bsbm/v01/vocabulary/productFeature;http://www4.wiwiss.fu-berlin.de/bizer/bsbm/v01/instances/ProductFeature5101
http://www4.wiwiss.fu-berlin.de/bizer/bsbm/v01/instances/dataFrom/Product7099;http://www4.wiwiss.fu-berlin.de/bizer/bsbm/v01/vocabulary/productFeature;http://www4.wiwiss.fu-berlin.de/bizer/bsbm/v01/instances/ProductFeature5101
http://www4.wiwiss.fu-berlin.de/bizer/bsbm/v01/instances/dataFrom/Product7099;http://www4.wiwiss.fu-berlin.de/bizer/bsbm/v01/vocabulary/productFeature;http://www4.wiwiss.fu-berlin.de/bizer/bsbm/v01/instances/ProductFeature5101
http://www4.wiwiss.fu-berlin.de/bizer/bsbm/v01/instances/dataFrom/Product7099;http://www4.wiwiss.fu-berlin.de/bizer/bsbm/v01/vocabulary/productFeature;http://www4.wiwiss.fu-berlin.de/bizer/bsbm/v01/instances/ProductFeature5101
http://www4.wiwiss.fu-berlin.de/bizer/bsbm/v01/instances/dataFrom/Product7099;http://www4.wiwiss.fu-berlin.de/bizer/bsbm/v01/vocabulary/productFeature;http://www4.wiwiss.fu-berlin.de/bizer/bsbm/v01/instances/ProductFeature5101
http://www4.wiwiss.fu-berlin.de/bizer/bsbm/v01/instances/dataFrom/Product7099;http://www4.wiwiss.fu-berlin.de/bizer/bsbm/v01/vocabulary/productFeature;http://www4.wiwiss.fu-berlin.de/bizer/bsbm/v01/instances/ProductFeature5101
http://www4.wiwiss.fu-berlin.de/bizer/bsbm/v01/instances/dataFrom/Product7099;http://www4.wiwiss.fu-berlin.de/bizer/bsbm/v01/vocabulary/productFeature;http://www4.wiwiss.fu-berlin.de/bizer/bsbm/v01/instances/ProductFeature5101
http://www4.wiwiss.fu-berlin.de/bizer/bsbm/v01/instances/dataFrom/Product7099;http://www4.wiwiss.fu-berlin.de/bizer/bsbm/v01/vocabulary/productFeature;http://www4.wiwiss.fu-berlin.de/bizer/bsbm/v01/instances/ProductFeature5101
http://www4.wiwiss.fu-berlin.de/bizer/bsbm/v01/instances/dataFrom/Product7099;http://www4.wiwiss.fu-berlin.de/bizer/bsbm/v01/vocabulary/productFeature;http://www4.wiwiss.fu-berlin.de/bizer/bsbm/v01/instances/ProductFeature5101
http://www4.wiwiss.fu-berlin.de/bizer/bsbm/v01/instances/dataFrom/Product7099;http://www4.wiwiss.fu-berlin.de/bizer/bsbm/v01/vocabulary/productFeature;http://www4.wiwiss.fu-berlin.de/bizer/bsbm/v01/instances/ProductFeature5101
http://www4.wiwiss.fu-berlin.de/bizer/bsbm/v01/instances/dataFrom/Product7099;http://www4.wiwiss.fu-berlin.de/bizer/bsbm/v01/vocabulary/productFeature;http://www4.wiwiss.fu-berlin.de/bizer/bsbm/v01/instances/ProductFeature5101
http://www4.wiwiss.fu-berlin.de/bizer/bsbm/v01/instances/dataFrom/Product7099;http://www4.wiwiss.fu-berlin.de/bizer/bsbm/v01/vocabulary/productFeature;http://www4.wiwiss.fu-berlin.de/bizer/bsbm/v01/instances/ProductFeature5101
http://www4.wiwiss.fu-berlin.de/bizer/bsbm/v01/instances/dataFrom/Product7099;http://www4.wiwiss.fu-berlin.de/bizer/bsbm/v01/vocabulary/productFeature;http://www4.wiwiss.fu-berlin.de/bizer/bsbm/v01/instances/ProductFeature5111
http://www4.wiwiss.fu-berlin.de/bizer/bsbm/v01/instances/dataFrom/Product7099;http://www4.wiwiss.fu-berlin.de/bizer/bsbm/v01/vocabulary/productFeature;http://www4.wiwiss.fu-berlin.de/bizer/bsbm/v01/instances/ProductFeature5111
http://www4.wiwiss.fu-berlin.de/bizer/bsbm/v01/instances/dataFrom/Product7099;http://www4.wiwiss.fu-berlin.de/bizer/bsbm/v01/vocabulary/productFeature;http://www4.wiwiss.fu-berlin.de/bizer/bsbm/v01/instances/ProductFeature5111
http://www4.wiwiss.fu-berlin.de/bizer/bsbm/v01/instances/dataFrom/Product7099;http://www4.wiwiss.fu-berlin.de/bizer/bsbm/v01/vocabulary/productFeature;http://www4.wiwiss.fu-berlin.de/bizer/bsbm/v01/instances/ProductFeature5111
http://www4.wiwiss.fu-berlin.de/bizer/bsbm/v01/instances/dataFrom/Product5674;http://www4.wiwiss.fu-berlin.de/bizer/bsbm/v01/vocabulary/productFeature;http://www4.wiwiss.fu-berlin.de/bizer/bsbm/v01/instances/ProductFeature5099
http://www4.wiwiss.fu-berlin.de/bizer/bsbm/v01/instances/dataFrom/Product5674;http://www4.wiwiss.fu-berlin.de/bizer/bsbm/v01/vocabulary/productFeature;http://www4.wiwiss.fu-berlin.de/bizer/bsbm/v01/instances/ProductFeature5099
http://www4.wiwiss.fu-berlin.de/bizer/bsbm/v01/instances/dataFrom/Product5674;http://www4.wiwiss.fu-berlin.de/bizer/bsbm/v01/vocabulary/productFeature;http://www4.wiwiss.fu-berlin.de/bizer/bsbm/v01/instances/ProductFeature5099
http://www4.wiwiss.fu-berlin.de/bizer/bsbm/v01/instances/dataFrom/Product5674;http://www4.wiwiss.fu-berlin.de/bizer/bsbm/v01/vocabulary/productFeature;http://www4.wiwiss.fu-berlin.de/bizer/bsbm/v01/instances/ProductFeature5099
http://www4.wiwiss.fu-berlin.de/bizer/bsbm/v01/instances/dataFrom/Product5674;http://www4.wiwiss.fu-berlin.de/bizer/bsbm/v01/vocabulary/productFeature;http://www4.wiwiss.fu-berlin.de/bizer/bsbm/v01/instances/ProductFeature5099
http://www4.wiwiss.fu-berlin.de/bizer/bsbm/v01/instances/dataFrom/Product5674;http://www4.wiwiss.fu-berlin.de/bizer/bsbm/v01/vocabulary/productFeature;http://www4.wiwiss.fu-berlin.de/bizer/bsbm/v01/instances/ProductFeature5099
http://www4.wiwiss.fu-berlin.de/bizer/bsbm/v01/instances/dataFrom/Product5674;http://www4.wiwiss.fu-berlin.de/bizer/bsbm/v01/vocabulary/productFeature;http://www4.wiwiss.fu-berlin.de/bizer/bsbm/v01/instances/ProductFeature5099
http://www4.wiwiss.fu-berlin.de/bizer/bsbm/v01/instances/dataFrom/Product5674;http://www4.wiwiss.fu-berlin.de/bizer/bsbm/v01/vocabulary/productFeature;http://www4.wiwiss.fu-berlin.de/bizer/bsbm/v01/instances/ProductFeature5099
http://www4.wiwiss.fu-berlin.de/bizer/bsbm/v01/instances/dataFrom/Product5674;http://www4.wiwiss.fu-berlin.de/bizer/bsbm/v01/vocabulary/productFeature;http://www4.wiwiss.fu-berlin.de/bizer/bsbm/v01/instances/ProductFeature5099
http://www4.wiwiss.fu-berlin.de/bizer/bsbm/v01/instances/dataFrom/Product5674;http://www4.wiwiss.fu-berlin.de/bizer/bsbm/v01/vocabulary/productFeature;http://www4.wiwiss.fu-berlin.de/bizer/bsbm/v01/instances/ProductFeature5101
http://www4.wiwiss.fu-berlin.de/bizer/bsbm/v01/instances/dataFrom/Product5674;http://www4.wiwiss.fu-berlin.de/bizer/bsbm/v01/vocabulary/productFeature;http://www4.wiwiss.fu-berlin.de/bizer/bsbm/v01/instances/ProductFeature5101
http://www4.wiwiss.fu-berlin.de/bizer/bsbm/v01/instances/dataFrom/Product5674;http://www4.wiwiss.fu-berlin.de/bizer/bsbm/v01/vocabulary/productFeature;http://www4.wiwiss.fu-berlin.de/bizer/bsbm/v01/instances/ProductFeature5101
http://www4.wiwiss.fu-berlin.de/bizer/bsbm/v01/instances/dataFrom/Product5674;http://www4.wiwiss.fu-berlin.de/bizer/bsbm/v01/vocabulary/productFeature;http://www4.wiwiss.fu-berlin.de/bizer/bsbm/v01/instances/ProductFeature5101
http://www4.wiwiss.fu-berlin.de/bizer/bsbm/v01/instances/dataFrom/Product5674;http://www4.wiwiss.fu-berlin.de/bizer/bsbm/v01/vocabulary/productFeature;http://www4.wiwiss.fu-berlin.de/bizer/bsbm/v01/instances/ProductFeature5101
http://www4.wiwiss.fu-berlin.de/bizer/bsbm/v01/instances/dataFrom/Product5674;http://www4.wiwiss.fu-berlin.de/bizer/bsbm/v01/vocabulary/productFeature;http://www4.wiwiss.fu-berlin.de/bizer/bsbm/v01/instances/ProductFeature5101
http://www4.wiwiss.fu-berlin.de/bizer/bsbm/v01/instances/dataFrom/Product5674;http://www4.wiwiss.fu-berlin.de/bizer/bsbm/v01/vocabulary/productFeature;http://www4.wiwiss.fu-berlin.de/bizer/bsbm/v01/instances/ProductFeature5101
http://www4.wiwiss.fu-berlin.de/bizer/bsbm/v01/instances/dataFrom/Product5674;http://www4.wiwiss.fu-berlin.de/bizer/bsbm/v01/vocabulary/productFeature;http://www4.wiwiss.fu-berlin.de/bizer/bsbm/v01/instances/ProductFeature5101
http://www4.wiwiss.fu-berlin.de/bizer/bsbm/v01/instances/dataFrom/Product5674;http://www4.wiwiss.fu-berlin.de/bizer/bsbm/v01/vocabulary/productFeature;http://www4.wiwiss.fu-berlin.de/bizer/bsbm/v01/instances/ProductFeature5101
http://www4.wiwiss.fu-berlin.de/bizer/bsbm/v01/instances/dataFrom/Product5674;http://www4.wiwiss.fu-berlin.de/bizer/bsbm/v01/vocabulary/productFeature;http://www4.wiwiss.fu-berlin.de/bizer/bsbm/v01/instances/ProductFeature5101
http://www4.wiwiss.fu-berlin.de/bizer/bsbm/v01/instances/dataFrom/Product5674;http://www4.wiwiss.fu-berlin.de/bizer/bsbm/v01/vocabulary/productFeature;http://www4.wiwiss.fu-berlin.de/bizer/bsbm/v01/instances/ProductFeature5101
http://www4.wiwiss.fu-berlin.de/bizer/bsbm/v01/instances/dataFrom/Product5674;http://www4.wiwiss.fu-berlin.de/bizer/bsbm/v01/vocabulary/productFeature;http://www4.wiwiss.fu-berlin.de/bizer/bsbm/v01/instances/ProductFeature5101
http://www4.wiwiss.fu-berlin.de/bizer/bsbm/v01/instances/dataFrom/Product5674;http://www4.wiwiss.fu-berlin.de/bizer/bsbm/v01/vocabulary/productFeature;http://www4.wiwiss.fu-berlin.de/bizer/bsbm/v01/instances/ProductFeature5111
http://www4.wiwiss.fu-berlin.de/bizer/bsbm/v01/instances/dataFrom/Product5674;http://www4.wiwiss.fu-berlin.de/bizer/bsbm/v01/vocabulary/productFeature;http://www4.wiwiss.fu-berlin.de/bizer/bsbm/v01/instances/ProductFeature5111
http://www4.wiwiss.fu-berlin.de/bizer/bsbm/v01/instances/dataFrom/Product5674;http://www4.wiwiss.fu-berlin.de/bizer/bsbm/v01/vocabulary/productFeature;http://www4.wiwiss.fu-berlin.de/bizer/bsbm/v01/instances/ProductFeature5111
http://www4.wiwiss.fu-berlin.de/bizer/bsbm/v01/instances/dataFrom/Product5674;http://www4.wiwiss.fu-berlin.de/bizer/bsbm/v01/vocabulary/productFeature;http://www4.wiwiss.fu-berlin.de/bizer/bsbm/v01/instances/ProductFeature5111
http://www4.wiwiss.fu-berlin.de/bizer/bsbm/v01/instances/dataFrom/Product2354;http://www4.wiwiss.fu-berlin.de/bizer/bsbm/v01/vocabulary/productFeature;http://www4.wiwiss.fu-berlin.de/bizer/bsbm/v01/instances/ProductFeature5099
http://www4.wiwiss.fu-berlin.de/bizer/bsbm/v01/instances/dataFrom/Product2354;http://www4.wiwiss.fu-berlin.de/bizer/bsbm/v01/vocabulary/productFeature;http://www4.wiwiss.fu-berlin.de/bizer/bsbm/v01/instances/ProductFeature5099
http://www4.wiwiss.fu-berlin.de/bizer/bsbm/v01/instances/dataFrom/Product2354;http://www4.wiwiss.fu-berlin.de/bizer/bsbm/v01/vocabulary/productFeature;http://www4.wiwiss.fu-berlin.de/bizer/bsbm/v01/instances/ProductFeature5099
http://www4.wiwiss.fu-berlin.de/bizer/bsbm/v01/instances/dataFrom/Product2354;http://www4.wiwiss.fu-berlin.de/bizer/bsbm/v01/vocabulary/productFeature;http://www4.wiwiss.fu-berlin.de/bizer/bsbm/v01/instances/ProductFeature5099
http://www4.wiwiss.fu-berlin.de/bizer/bsbm/v01/instances/dataFrom/Product2354;http://www4.wiwiss.fu-berlin.de/bizer/bsbm/v01/vocabulary/productFeature;http://www4.wiwiss.fu-berlin.de/bizer/bsbm/v01/instances/ProductFeature5099
http://www4.wiwiss.fu-berlin.de/bizer/bsbm/v01/instances/dataFrom/Product2354;http://www4.wiwiss.fu-berlin.de/bizer/bsbm/v01/vocabulary/productFeature;http://www4.wiwiss.fu-berlin.de/bizer/bsbm/v01/instances/ProductFeature5099
http://www4.wiwiss.fu-berlin.de/bizer/bsbm/v01/instances/dataFrom/Product2354;http://www4.wiwiss.fu-berlin.de/bizer/bsbm/v01/vocabulary/productFeature;http://www4.wiwiss.fu-berlin.de/bizer/bsbm/v01/instances/ProductFeature5099
http://www4.wiwiss.fu-berlin.de/bizer/bsbm/v01/instances/dataFrom/Product2354;http://www4.wiwiss.fu-berlin.de/bizer/bsbm/v01/vocabulary/productFeature;http://www4.wiwiss.fu-berlin.de/bizer/bsbm/v01/instances/ProductFeature5099
http://www4.wiwiss.fu-berlin.de/bizer/bsbm/v01/instances/dataFrom/Product2354;http://www4.wiwiss.fu-berlin.de/bizer/bsbm/v01/vocabulary/productFeature;http://www4.wiwiss.fu-berlin.de/bizer/bsbm/v01/instances/ProductFeature5099
http://www4.wiwiss.fu-berlin.de/bizer/bsbm/v01/instances/dataFrom/Product2354;http://www4.wiwiss.fu-berlin.de/bizer/bsbm/v01/vocabulary/productFeature;http://www4.wiwiss.fu-berlin.de/bizer/bsbm/v01/instances/ProductFeature5101
http://www4.wiwiss.fu-berlin.de/bizer/bsbm/v01/instances/dataFrom/Product2354;http://www4.wiwiss.fu-berlin.de/bizer/bsbm/v01/vocabulary/productFeature;http://www4.wiwiss.fu-berlin.de/bizer/bsbm/v01/instances/ProductFeature5101
http://www4.wiwiss.fu-berlin.de/bizer/bsbm/v01/instances/dataFrom/Product2354;http://www4.wiwiss.fu-berlin.de/bizer/bsbm/v01/vocabulary/productFeature;http://www4.wiwiss.fu-berlin.de/bizer/bsbm/v01/instances/ProductFeature5101
http://www4.wiwiss.fu-berlin.de/bizer/bsbm/v01/instances/dataFrom/Product2354;http://www4.wiwiss.fu-berlin.de/bizer/bsbm/v01/vocabulary/productFeature;http://www4.wiwiss.fu-berlin.de/bizer/bsbm/v01/instances/ProductFeature5101
http://www4.wiwiss.fu-berlin.de/bizer/bsbm/v01/instances/dataFrom/Product2354;http://www4.wiwiss.fu-berlin.de/bizer/bsbm/v01/vocabulary/productFeature;http://www4.wiwiss.fu-berlin.de/bizer/bsbm/v01/instances/ProductFeature5101
http://www4.wiwiss.fu-berlin.de/bizer/bsbm/v01/instances/dataFrom/Product2354;http://www4.wiwiss.fu-berlin.de/bizer/bsbm/v01/vocabulary/productFeature;http://www4.wiwiss.fu-berlin.de/bizer/bsbm/v01/instances/ProductFeature5101
http://www4.wiwiss.fu-berlin.de/bizer/bsbm/v01/instances/dataFrom/Product2354;http://www4.wiwiss.fu-berlin.de/bizer/bsbm/v01/vocabulary/productFeature;http://www4.wiwiss.fu-berlin.de/bizer/bsbm/v01/instances/ProductFeature5101
http://www4.wiwiss.fu-berlin.de/bizer/bsbm/v01/instances/dataFrom/Product2354;http://www4.wiwiss.fu-berlin.de/bizer/bsbm/v01/vocabulary/productFeature;http://www4.wiwiss.fu-berlin.de/bizer/bsbm/v01/instances/ProductFeature5101
http://www4.wiwiss.fu-berlin.de/bizer/bsbm/v01/instances/dataFrom/Product2354;http://www4.wiwiss.fu-berlin.de/bizer/bsbm/v01/vocabulary/productFeature;http://www4.wiwiss.fu-berlin.de/bizer/bsbm/v01/instances/ProductFeature5101
http://www4.wiwiss.fu-berlin.de/bizer/bsbm/v01/instances/dataFrom/Product2354;http://www4.wiwiss.fu-berlin.de/bizer/bsbm/v01/vocabulary/productFeature;http://www4.wiwiss.fu-berlin.de/bizer/bsbm/v01/instances/ProductFeature5101
http://www4.wiwiss.fu-berlin.de/bizer/bsbm/v01/instances/dataFrom/Product2354;http://www4.wiwiss.fu-berlin.de/bizer/bsbm/v01/vocabulary/productFeature;http://www4.wiwiss.fu-berlin.de/bizer/bsbm/v01/instances/ProductFeature5101
http://www4.wiwiss.fu-berlin.de/bizer/bsbm/v01/instances/dataFrom/Product2354;http://www4.wiwiss.fu-berlin.de/bizer/bsbm/v01/vocabulary/productFeature;http://www4.wiwiss.fu-berlin.de/bizer/bsbm/v01/instances/ProductFeature5101
http://www4.wiwiss.fu-berlin.de/bizer/bsbm/v01/instances/dataFrom/Product2354;http://www4.wiwiss.fu-berlin.de/bizer/bsbm/v01/vocabulary/productFeature;http://www4.wiwiss.fu-berlin.de/bizer/bsbm/v01/instances/ProductFeature5111
http://www4.wiwiss.fu-berlin.de/bizer/bsbm/v01/instances/dataFrom/Product2354;http://www4.wiwiss.fu-berlin.de/bizer/bsbm/v01/vocabulary/productFeature;http://www4.wiwiss.fu-berlin.de/bizer/bsbm/v01/instances/ProductFeature5111
http://www4.wiwiss.fu-berlin.de/bizer/bsbm/v01/instances/dataFrom/Product2354;http://www4.wiwiss.fu-berlin.de/bizer/bsbm/v01/vocabulary/productFeature;http://www4.wiwiss.fu-berlin.de/bizer/bsbm/v01/instances/ProductFeature5111
http://www4.wiwiss.fu-berlin.de/bizer/bsbm/v01/instances/dataFrom/Product2354;http://www4.wiwiss.fu-berlin.de/bizer/bsbm/v01/vocabulary/productFeature;http://www4.wiwiss.fu-berlin.de/bizer/bsbm/v01/instances/ProductFeature5111
http://www4.wiwiss.fu-berlin.de/bizer/bsbm/v01/instances/dataFrom/Product4376;http://www4.wiwiss.fu-berlin.de/bizer/bsbm/v01/vocabulary/productFeature;http://www4.wiwiss.fu-berlin.de/bizer/bsbm/v01/instances/ProductFeature5099
http://www4.wiwiss.fu-berlin.de/bizer/bsbm/v01/instances/dataFrom/Product4376;http://www4.wiwiss.fu-berlin.de/bizer/bsbm/v01/vocabulary/productFeature;http://www4.wiwiss.fu-berlin.de/bizer/bsbm/v01/instances/ProductFeature5099
http://www4.wiwiss.fu-berlin.de/bizer/bsbm/v01/instances/dataFrom/Product4376;http://www4.wiwiss.fu-berlin.de/bizer/bsbm/v01/vocabulary/productFeature;http://www4.wiwiss.fu-berlin.de/bizer/bsbm/v01/instances/ProductFeature5099
http://www4.wiwiss.fu-berlin.de/bizer/bsbm/v01/instances/dataFrom/Product4376;http://www4.wiwiss.fu-berlin.de/bizer/bsbm/v01/vocabulary/productFeature;http://www4.wiwiss.fu-berlin.de/bizer/bsbm/v01/instances/ProductFeature5099
http://www4.wiwiss.fu-berlin.de/bizer/bsbm/v01/instances/dataFrom/Product4376;http://www4.wiwiss.fu-berlin.de/bizer/bsbm/v01/vocabulary/productFeature;http://www4.wiwiss.fu-berlin.de/bizer/bsbm/v01/instances/ProductFeature5099
http://www4.wiwiss.fu-berlin.de/bizer/bsbm/v01/instances/dataFrom/Product4376;http://www4.wiwiss.fu-berlin.de/bizer/bsbm/v01/vocabulary/productFeature;http://www4.wiwiss.fu-berlin.de/bizer/bsbm/v01/instances/ProductFeature5099
http://www4.wiwiss.fu-berlin.de/bizer/bsbm/v01/instances/dataFrom/Product4376;http://www4.wiwiss.fu-berlin.de/bizer/bsbm/v01/vocabulary/productFeature;http://www4.wiwiss.fu-berlin.de/bizer/bsbm/v01/instances/ProductFeature5099
http://www4.wiwiss.fu-berlin.de/bizer/bsbm/v01/instances/dataFrom/Product4376;http://www4.wiwiss.fu-berlin.de/bizer/bsbm/v01/vocabulary/productFeature;http://www4.wiwiss.fu-berlin.de/bizer/bsbm/v01/instances/ProductFeature5099
http://www4.wiwiss.fu-berlin.de/bizer/bsbm/v01/instances/dataFrom/Product4376;http://www4.wiwiss.fu-berlin.de/bizer/bsbm/v01/vocabulary/productFeature;http://www4.wiwiss.fu-berlin.de/bizer/bsbm/v01/instances/ProductFeature5099
http://www4.wiwiss.fu-berlin.de/bizer/bsbm/v01/instances/dataFrom/Product4376;http://www4.wiwiss.fu-berlin.de/bizer/bsbm/v01/vocabulary/productFeature;http://www4.wiwiss.fu-berlin.de/bizer/bsbm/v01/instances/ProductFeature5101
http://www4.wiwiss.fu-berlin.de/bizer/bsbm/v01/instances/dataFrom/Product4376;http://www4.wiwiss.fu-berlin.de/bizer/bsbm/v01/vocabulary/productFeature;http://www4.wiwiss.fu-berlin.de/bizer/bsbm/v01/instances/ProductFeature5101
http://www4.wiwiss.fu-berlin.de/bizer/bsbm/v01/instances/dataFrom/Product4376;http://www4.wiwiss.fu-berlin.de/bizer/bsbm/v01/vocabulary/productFeature;http://www4.wiwiss.fu-berlin.de/bizer/bsbm/v01/instances/ProductFeature5101
http://www4.wiwiss.fu-berlin.de/bizer/bsbm/v01/instances/dataFrom/Product4376;http://www4.wiwiss.fu-berlin.de/bizer/bsbm/v01/vocabulary/productFeature;http://www4.wiwiss.fu-berlin.de/bizer/bsbm/v01/instances/ProductFeature5101
http://www4.wiwiss.fu-berlin.de/bizer/bsbm/v01/instances/dataFrom/Product4376;http://www4.wiwiss.fu-berlin.de/bizer/bsbm/v01/vocabulary/productFeature;http://www4.wiwiss.fu-berlin.de/bizer/bsbm/v01/instances/ProductFeature5101
http://www4.wiwiss.fu-berlin.de/bizer/bsbm/v01/instances/dataFrom/Product4376;http://www4.wiwiss.fu-berlin.de/bizer/bsbm/v01/vocabulary/productFeature;http://www4.wiwiss.fu-berlin.de/bizer/bsbm/v01/instances/ProductFeature5101
http://www4.wiwiss.fu-berlin.de/bizer/bsbm/v01/instances/dataFrom/Product4376;http://www4.wiwiss.fu-berlin.de/bizer/bsbm/v01/vocabulary/productFeature;http://www4.wiwiss.fu-berlin.de/bizer/bsbm/v01/instances/ProductFeature5101
http://www4.wiwiss.fu-berlin.de/bizer/bsbm/v01/instances/dataFrom/Product4376;http://www4.wiwiss.fu-berlin.de/bizer/bsbm/v01/vocabulary/productFeature;http://www4.wiwiss.fu-berlin.de/bizer/bsbm/v01/instances/ProductFeature5101
http://www4.wiwiss.fu-berlin.de/bizer/bsbm/v01/instances/dataFrom/Product4376;http://www4.wiwiss.fu-berlin.de/bizer/bsbm/v01/vocabulary/productFeature;http://www4.wiwiss.fu-berlin.de/bizer/bsbm/v01/instances/ProductFeature5101
http://www4.wiwiss.fu-berlin.de/bizer/bsbm/v01/instances/dataFrom/Product4376;http://www4.wiwiss.fu-berlin.de/bizer/bsbm/v01/vocabulary/productFeature;http://www4.wiwiss.fu-berlin.de/bizer/bsbm/v01/instances/ProductFeature5101
http://www4.wiwiss.fu-berlin.de/bizer/bsbm/v01/instances/dataFrom/Product4376;http://www4.wiwiss.fu-berlin.de/bizer/bsbm/v01/vocabulary/productFeature;http://www4.wiwiss.fu-berlin.de/bizer/bsbm/v01/instances/ProductFeature5101
http://www4.wiwiss.fu-berlin.de/bizer/bsbm/v01/instances/dataFrom/Product4376;http://www4.wiwiss.fu-berlin.de/bizer/bsbm/v01/vocabulary/productFeature;http://www4.wiwiss.fu-berlin.de/bizer/bsbm/v01/instances/ProductFeature5101
http://www4.wiwiss.fu-berlin.de/bizer/bsbm/v01/instances/dataFrom/Product4376;http://www4.wiwiss.fu-berlin.de/bizer/bsbm/v01/vocabulary/productFeature;http://www4.wiwiss.fu-berlin.de/bizer/bsbm/v01/instances/ProductFeature5111
http://www4.wiwiss.fu-berlin.de/bizer/bsbm/v01/instances/dataFrom/Product4376;http://www4.wiwiss.fu-berlin.de/bizer/bsbm/v01/vocabulary/productFeature;http://www4.wiwiss.fu-berlin.de/bizer/bsbm/v01/instances/ProductFeature5111
http://www4.wiwiss.fu-berlin.de/bizer/bsbm/v01/instances/dataFrom/Product4376;http://www4.wiwiss.fu-berlin.de/bizer/bsbm/v01/vocabulary/productFeature;http://www4.wiwiss.fu-berlin.de/bizer/bsbm/v01/instances/ProductFeature5111
http://www4.wiwiss.fu-berlin.de/bizer/bsbm/v01/instances/dataFrom/Product4376;http://www4.wiwiss.fu-berlin.de/bizer/bsbm/v01/vocabulary/productFeature;http://www4.wiwiss.fu-berlin.de/bizer/bsbm/v01/instances/ProductFeature5111
http://www4.wiwiss.fu-berlin.de/bizer/bsbm/v01/instances/dataFrom/Product1813;http://www4.wiwiss.fu-berlin.de/bizer/bsbm/v01/vocabulary/productFeature;http://www4.wiwiss.fu-berlin.de/bizer/bsbm/v01/instances/ProductFeature5099
http://www4.wiwiss.fu-berlin.de/bizer/bsbm/v01/instances/dataFrom/Product1813;http://www4.wiwiss.fu-berlin.de/bizer/bsbm/v01/vocabulary/productFeature;http://www4.wiwiss.fu-berlin.de/bizer/bsbm/v01/instances/ProductFeature5099
http://www4.wiwiss.fu-berlin.de/bizer/bsbm/v01/instances/dataFrom/Product1813;http://www4.wiwiss.fu-berlin.de/bizer/bsbm/v01/vocabulary/productFeature;http://www4.wiwiss.fu-berlin.de/bizer/bsbm/v01/instances/ProductFeature5099
http://www4.wiwiss.fu-berlin.de/bizer/bsbm/v01/instances/dataFrom/Product1813;http://www4.wiwiss.fu-berlin.de/bizer/bsbm/v01/vocabulary/productFeature;http://www4.wiwiss.fu-berlin.de/bizer/bsbm/v01/instances/ProductFeature5099
http://www4.wiwiss.fu-berlin.de/bizer/bsbm/v01/instances/dataFrom/Product1813;http://www4.wiwiss.fu-berlin.de/bizer/bsbm/v01/vocabulary/productFeature;http://www4.wiwiss.fu-berlin.de/bizer/bsbm/v01/instances/ProductFeature5099
http://www4.wiwiss.fu-berlin.de/bizer/bsbm/v01/instances/dataFrom/Product1813;http://www4.wiwiss.fu-berlin.de/bizer/bsbm/v01/vocabulary/productFeature;http://www4.wiwiss.fu-berlin.de/bizer/bsbm/v01/instances/ProductFeature5099
http://www4.wiwiss.fu-berlin.de/bizer/bsbm/v01/instances/dataFrom/Product1813;http://www4.wiwiss.fu-berlin.de/bizer/bsbm/v01/vocabulary/productFeature;http://www4.wiwiss.fu-berlin.de/bizer/bsbm/v01/instances/ProductFeature5099
http://www4.wiwiss.fu-berlin.de/bizer/bsbm/v01/instances/dataFrom/Product1813;http://www4.wiwiss.fu-berlin.de/bizer/bsbm/v01/vocabulary/productFeature;http://www4.wiwiss.fu-berlin.de/bizer/bsbm/v01/instances/ProductFeature5099
http://www4.wiwiss.fu-berlin.de/bizer/bsbm/v01/instances/dataFrom/Product1813;http://www4.wiwiss.fu-berlin.de/bizer/bsbm/v01/vocabulary/productFeature;http://www4.wiwiss.fu-berlin.de/bizer/bsbm/v01/instances/ProductFeature5099
http://www4.wiwiss.fu-berlin.de/bizer/bsbm/v01/instances/dataFrom/Product1813;http://www4.wiwiss.fu-berlin.de/bizer/bsbm/v01/vocabulary/productFeature;http://www4.wiwiss.fu-berlin.de/bizer/bsbm/v01/instances/ProductFeature5101
http://www4.wiwiss.fu-berlin.de/bizer/bsbm/v01/instances/dataFrom/Product1813;http://www4.wiwiss.fu-berlin.de/bizer/bsbm/v01/vocabulary/productFeature;http://www4.wiwiss.fu-berlin.de/bizer/bsbm/v01/instances/ProductFeature5101
http://www4.wiwiss.fu-berlin.de/bizer/bsbm/v01/instances/dataFrom/Product1813;http://www4.wiwiss.fu-berlin.de/bizer/bsbm/v01/vocabulary/productFeature;http://www4.wiwiss.fu-berlin.de/bizer/bsbm/v01/instances/ProductFeature5101
http://www4.wiwiss.fu-berlin.de/bizer/bsbm/v01/instances/dataFrom/Product1813;http://www4.wiwiss.fu-berlin.de/bizer/bsbm/v01/vocabulary/productFeature;http://www4.wiwiss.fu-berlin.de/bizer/bsbm/v01/instances/ProductFeature5101
http://www4.wiwiss.fu-berlin.de/bizer/bsbm/v01/instances/dataFrom/Product1813;http://www4.wiwiss.fu-berlin.de/bizer/bsbm/v01/vocabulary/productFeature;http://www4.wiwiss.fu-berlin.de/bizer/bsbm/v01/instances/ProductFeature5101
http://www4.wiwiss.fu-berlin.de/bizer/bsbm/v01/instances/dataFrom/Product1813;http://www4.wiwiss.fu-berlin.de/bizer/bsbm/v01/vocabulary/productFeature;http://www4.wiwiss.fu-berlin.de/bizer/bsbm/v01/instances/ProductFeature5101
http://www4.wiwiss.fu-berlin.de/bizer/bsbm/v01/instances/dataFrom/Product1813;http://www4.wiwiss.fu-berlin.de/bizer/bsbm/v01/vocabulary/productFeature;http://www4.wiwiss.fu-berlin.de/bizer/bsbm/v01/instances/ProductFeature5101
http://www4.wiwiss.fu-berlin.de/bizer/bsbm/v01/instances/dataFrom/Product1813;http://www4.wiwiss.fu-berlin.de/bizer/bsbm/v01/vocabulary/productFeature;http://www4.wiwiss.fu-berlin.de/bizer/bsbm/v01/instances/ProductFeature5101
http://www4.wiwiss.fu-berlin.de/bizer/bsbm/v01/instances/dataFrom/Product1813;http://www4.wiwiss.fu-berlin.de/bizer/bsbm/v01/vocabulary/productFeature;http://www4.wiwiss.fu-berlin.de/bizer/bsbm/v01/instances/ProductFeature5101
http://www4.wiwiss.fu-berlin.de/bizer/bsbm/v01/instances/dataFrom/Product1813;http://www4.wiwiss.fu-berlin.de/bizer/bsbm/v01/vocabulary/productFeature;http://www4.wiwiss.fu-berlin.de/bizer/bsbm/v01/instances/ProductFeature5101
http://www4.wiwiss.fu-berlin.de/bizer/bsbm/v01/instances/dataFrom/Product1813;http://www4.wiwiss.fu-berlin.de/bizer/bsbm/v01/vocabulary/productFeature;http://www4.wiwiss.fu-berlin.de/bizer/bsbm/v01/instances/ProductFeature5101
http://www4.wiwiss.fu-berlin.de/bizer/bsbm/v01/instances/dataFrom/Product1813;http://www4.wiwiss.fu-berlin.de/bizer/bsbm/v01/vocabulary/productFeature;http://www4.wiwiss.fu-berlin.de/bizer/bsbm/v01/instances/ProductFeature5101
http://www4.wiwiss.fu-berlin.de/bizer/bsbm/v01/instances/dataFrom/Product1813;http://www4.wiwiss.fu-berlin.de/bizer/bsbm/v01/vocabulary/productFeature;http://www4.wiwiss.fu-berlin.de/bizer/bsbm/v01/instances/ProductFeature5111
http://www4.wiwiss.fu-berlin.de/bizer/bsbm/v01/instances/dataFrom/Product1813;http://www4.wiwiss.fu-berlin.de/bizer/bsbm/v01/vocabulary/productFeature;http://www4.wiwiss.fu-berlin.de/bizer/bsbm/v01/instances/ProductFeature5111
http://www4.wiwiss.fu-berlin.de/bizer/bsbm/v01/instances/dataFrom/Product1813;http://www4.wiwiss.fu-berlin.de/bizer/bsbm/v01/vocabulary/productFeature;http://www4.wiwiss.fu-berlin.de/bizer/bsbm/v01/instances/ProductFeature5111
http://www4.wiwiss.fu-berlin.de/bizer/bsbm/v01/instances/dataFrom/Product1813;http://www4.wiwiss.fu-berlin.de/bizer/bsbm/v01/vocabulary/productFeature;http://www4.wiwiss.fu-berlin.de/bizer/bsbm/v01/instances/ProductFeature5111
http://www4.wiwiss.fu-berlin.de/bizer/bsbm/v01/instances/dataFrom/Product6018;http://www4.wiwiss.fu-berlin.de/bizer/bsbm/v01/vocabulary/productFeature;http://www4.wiwiss.fu-berlin.de/bizer/bsbm/v01/instances/ProductFeature5099
http://www4.wiwiss.fu-berlin.de/bizer/bsbm/v01/instances/dataFrom/Product6018;http://www4.wiwiss.fu-berlin.de/bizer/bsbm/v01/vocabulary/productFeature;http://www4.wiwiss.fu-berlin.de/bizer/bsbm/v01/instances/ProductFeature5099
http://www4.wiwiss.fu-berlin.de/bizer/bsbm/v01/instances/dataFrom/Product6018;http://www4.wiwiss.fu-berlin.de/bizer/bsbm/v01/vocabulary/productFeature;http://www4.wiwiss.fu-berlin.de/bizer/bsbm/v01/instances/ProductFeature5099
http://www4.wiwiss.fu-berlin.de/bizer/bsbm/v01/instances/dataFrom/Product6018;http://www4.wiwiss.fu-berlin.de/bizer/bsbm/v01/vocabulary/productFeature;http://www4.wiwiss.fu-berlin.de/bizer/bsbm/v01/instances/ProductFeature5099
http://www4.wiwiss.fu-berlin.de/bizer/bsbm/v01/instances/dataFrom/Product6018;http://www4.wiwiss.fu-berlin.de/bizer/bsbm/v01/vocabulary/productFeature;http://www4.wiwiss.fu-berlin.de/bizer/bsbm/v01/instances/ProductFeature5099
http://www4.wiwiss.fu-berlin.de/bizer/bsbm/v01/instances/dataFrom/Product6018;http://www4.wiwiss.fu-berlin.de/bizer/bsbm/v01/vocabulary/productFeature;http://www4.wiwiss.fu-berlin.de/bizer/bsbm/v01/instances/ProductFeature5099
http://www4.wiwiss.fu-berlin.de/bizer/bsbm/v01/instances/dataFrom/Product6018;http://www4.wiwiss.fu-berlin.de/bizer/bsbm/v01/vocabulary/productFeature;http://www4.wiwiss.fu-berlin.de/bizer/bsbm/v01/instances/ProductFeature5099
http://www4.wiwiss.fu-berlin.de/bizer/bsbm/v01/instances/dataFrom/Product6018;http://www4.wiwiss.fu-berlin.de/bizer/bsbm/v01/vocabulary/productFeature;http://www4.wiwiss.fu-berlin.de/bizer/bsbm/v01/instances/ProductFeature5099
http://www4.wiwiss.fu-berlin.de/bizer/bsbm/v01/instances/dataFrom/Product6018;http://www4.wiwiss.fu-berlin.de/bizer/bsbm/v01/vocabulary/productFeature;http://www4.wiwiss.fu-berlin.de/bizer/bsbm/v01/instances/ProductFeature5099
http://www4.wiwiss.fu-berlin.de/bizer/bsbm/v01/instances/dataFrom/Product6018;http://www4.wiwiss.fu-berlin.de/bizer/bsbm/v01/vocabulary/productFeature;http://www4.wiwiss.fu-berlin.de/bizer/bsbm/v01/instances/ProductFeature5101
http://www4.wiwiss.fu-berlin.de/bizer/bsbm/v01/instances/dataFrom/Product6018;http://www4.wiwiss.fu-berlin.de/bizer/bsbm/v01/vocabulary/productFeature;http://www4.wiwiss.fu-berlin.de/bizer/bsbm/v01/instances/ProductFeature5101
http://www4.wiwiss.fu-berlin.de/bizer/bsbm/v01/instances/dataFrom/Product6018;http://www4.wiwiss.fu-berlin.de/bizer/bsbm/v01/vocabulary/productFeature;http://www4.wiwiss.fu-berlin.de/bizer/bsbm/v01/instances/ProductFeature5101
http://www4.wiwiss.fu-berlin.de/bizer/bsbm/v01/instances/dataFrom/Product6018;http://www4.wiwiss.fu-berlin.de/bizer/bsbm/v01/vocabulary/productFeature;http://www4.wiwiss.fu-berlin.de/bizer/bsbm/v01/instances/ProductFeature5101
http://www4.wiwiss.fu-berlin.de/bizer/bsbm/v01/instances/dataFrom/Product6018;http://www4.wiwiss.fu-berlin.de/bizer/bsbm/v01/vocabulary/productFeature;http://www4.wiwiss.fu-berlin.de/bizer/bsbm/v01/instances/ProductFeature5101
http://www4.wiwiss.fu-berlin.de/bizer/bsbm/v01/instances/dataFrom/Product6018;http://www4.wiwiss.fu-berlin.de/bizer/bsbm/v01/vocabulary/productFeature;http://www4.wiwiss.fu-berlin.de/bizer/bsbm/v01/instances/ProductFeature5101
http://www4.wiwiss.fu-berlin.de/bizer/bsbm/v01/instances/dataFrom/Product6018;http://www4.wiwiss.fu-berlin.de/bizer/bsbm/v01/vocabulary/productFeature;http://www4.wiwiss.fu-berlin.de/bizer/bsbm/v01/instances/ProductFeature5101
http://www4.wiwiss.fu-berlin.de/bizer/bsbm/v01/instances/dataFrom/Product6018;http://www4.wiwiss.fu-berlin.de/bizer/bsbm/v01/vocabulary/productFeature;http://www4.wiwiss.fu-berlin.de/bizer/bsbm/v01/instances/ProductFeature5101
http://www4.wiwiss.fu-berlin.de/bizer/bsbm/v01/instances/dataFrom/Product6018;http://www4.wiwiss.fu-berlin.de/bizer/bsbm/v01/vocabulary/productFeature;http://www4.wiwiss.fu-berlin.de/bizer/bsbm/v01/instances/ProductFeature5101
http://www4.wiwiss.fu-berlin.de/bizer/bsbm/v01/instances/dataFrom/Product6018;http://www4.wiwiss.fu-berlin.de/bizer/bsbm/v01/vocabulary/productFeature;http://www4.wiwiss.fu-berlin.de/bizer/bsbm/v01/instances/ProductFeature5101
http://www4.wiwiss.fu-berlin.de/bizer/bsbm/v01/instances/dataFrom/Product6018;http://www4.wiwiss.fu-berlin.de/bizer/bsbm/v01/vocabulary/productFeature;http://www4.wiwiss.fu-berlin.de/bizer/bsbm/v01/instances/ProductFeature5101
http://www4.wiwiss.fu-berlin.de/bizer/bsbm/v01/instances/dataFrom/Product6018;http://www4.wiwiss.fu-berlin.de/bizer/bsbm/v01/vocabulary/productFeature;http://www4.wiwiss.fu-berlin.de/bizer/bsbm/v01/instances/ProductFeature5101
http://www4.wiwiss.fu-berlin.de/bizer/bsbm/v01/instances/dataFrom/Product6018;http://www4.wiwiss.fu-berlin.de/bizer/bsbm/v01/vocabulary/productFeature;http://www4.wiwiss.fu-berlin.de/bizer/bsbm/v01/instances/ProductFeature5111
http://www4.wiwiss.fu-berlin.de/bizer/bsbm/v01/instances/dataFrom/Product6018;http://www4.wiwiss.fu-berlin.de/bizer/bsbm/v01/vocabulary/productFeature;http://www4.wiwiss.fu-berlin.de/bizer/bsbm/v01/instances/ProductFeature5111
http://www4.wiwiss.fu-berlin.de/bizer/bsbm/v01/instances/dataFrom/Product6018;http://www4.wiwiss.fu-berlin.de/bizer/bsbm/v01/vocabulary/productFeature;http://www4.wiwiss.fu-berlin.de/bizer/bsbm/v01/instances/ProductFeature5111
http://www4.wiwiss.fu-berlin.de/bizer/bsbm/v01/instances/dataFrom/Product6018;http://www4.wiwiss.fu-berlin.de/bizer/bsbm/v01/vocabulary/productFeature;http://www4.wiwiss.fu-berlin.de/bizer/bsbm/v01/instances/ProductFeature5111
http://www4.wiwiss.fu-berlin.de/bizer/bsbm/v01/instances/dataFrom/Product8731;http://www4.wiwiss.fu-berlin.de/bizer/bsbm/v01/vocabulary/productFeature;http://www4.wiwiss.fu-berlin.de/bizer/bsbm/v01/instances/ProductFeature5099
http://www4.wiwiss.fu-berlin.de/bizer/bsbm/v01/instances/dataFrom/Product8731;http://www4.wiwiss.fu-berlin.de/bizer/bsbm/v01/vocabulary/productFeature;http://www4.wiwiss.fu-berlin.de/bizer/bsbm/v01/instances/ProductFeature5099
http://www4.wiwiss.fu-berlin.de/bizer/bsbm/v01/instances/dataFrom/Product8731;http://www4.wiwiss.fu-berlin.de/bizer/bsbm/v01/vocabulary/productFeature;http://www4.wiwiss.fu-berlin.de/bizer/bsbm/v01/instances/ProductFeature5099
http://www4.wiwiss.fu-berlin.de/bizer/bsbm/v01/instances/dataFrom/Product8731;http://www4.wiwiss.fu-berlin.de/bizer/bsbm/v01/vocabulary/productFeature;http://www4.wiwiss.fu-berlin.de/bizer/bsbm/v01/instances/ProductFeature5099
http://www4.wiwiss.fu-berlin.de/bizer/bsbm/v01/instances/dataFrom/Product8731;http://www4.wiwiss.fu-berlin.de/bizer/bsbm/v01/vocabulary/productFeature;http://www4.wiwiss.fu-berlin.de/bizer/bsbm/v01/instances/ProductFeature5099
http://www4.wiwiss.fu-berlin.de/bizer/bsbm/v01/instances/dataFrom/Product8731;http://www4.wiwiss.fu-berlin.de/bizer/bsbm/v01/vocabulary/productFeature;http://www4.wiwiss.fu-berlin.de/bizer/bsbm/v01/instances/ProductFeature5099
http://www4.wiwiss.fu-berlin.de/bizer/bsbm/v01/instances/dataFrom/Product8731;http://www4.wiwiss.fu-berlin.de/bizer/bsbm/v01/vocabulary/productFeature;http://www4.wiwiss.fu-berlin.de/bizer/bsbm/v01/instances/ProductFeature5099
http://www4.wiwiss.fu-berlin.de/bizer/bsbm/v01/instances/dataFrom/Product8731;http://www4.wiwiss.fu-berlin.de/bizer/bsbm/v01/vocabulary/productFeature;http://www4.wiwiss.fu-berlin.de/bizer/bsbm/v01/instances/ProductFeature5099
http://www4.wiwiss.fu-berlin.de/bizer/bsbm/v01/instances/dataFrom/Product8731;http://www4.wiwiss.fu-berlin.de/bizer/bsbm/v01/vocabulary/productFeature;http://www4.wiwiss.fu-berlin.de/bizer/bsbm/v01/instances/ProductFeature5099
http://www4.wiwiss.fu-berlin.de/bizer/bsbm/v01/instances/dataFrom/Product8731;http://www4.wiwiss.fu-berlin.de/bizer/bsbm/v01/vocabulary/productFeature;http://www4.wiwiss.fu-berlin.de/bizer/bsbm/v01/instances/ProductFeature5101
http://www4.wiwiss.fu-berlin.de/bizer/bsbm/v01/instances/dataFrom/Product8731;http://www4.wiwiss.fu-berlin.de/bizer/bsbm/v01/vocabulary/productFeature;http://www4.wiwiss.fu-berlin.de/bizer/bsbm/v01/instances/ProductFeature5101
http://www4.wiwiss.fu-berlin.de/bizer/bsbm/v01/instances/dataFrom/Product8731;http://www4.wiwiss.fu-berlin.de/bizer/bsbm/v01/vocabulary/productFeature;http://www4.wiwiss.fu-berlin.de/bizer/bsbm/v01/instances/ProductFeature5101
http://www4.wiwiss.fu-berlin.de/bizer/bsbm/v01/instances/dataFrom/Product8731;http://www4.wiwiss.fu-berlin.de/bizer/bsbm/v01/vocabulary/productFeature;http://www4.wiwiss.fu-berlin.de/bizer/bsbm/v01/instances/ProductFeature5101
http://www4.wiwiss.fu-berlin.de/bizer/bsbm/v01/instances/dataFrom/Product8731;http://www4.wiwiss.fu-berlin.de/bizer/bsbm/v01/vocabulary/productFeature;http://www4.wiwiss.fu-berlin.de/bizer/bsbm/v01/instances/ProductFeature5101
http://www4.wiwiss.fu-berlin.de/bizer/bsbm/v01/instances/dataFrom/Product8731;http://www4.wiwiss.fu-berlin.de/bizer/bsbm/v01/vocabulary/productFeature;http://www4.wiwiss.fu-berlin.de/bizer/bsbm/v01/instances/ProductFeature5101
http://www4.wiwiss.fu-berlin.de/bizer/bsbm/v01/instances/dataFrom/Product8731;http://www4.wiwiss.fu-berlin.de/bizer/bsbm/v01/vocabulary/productFeature;http://www4.wiwiss.fu-berlin.de/bizer/bsbm/v01/instances/ProductFeature5101
http://www4.wiwiss.fu-berlin.de/bizer/bsbm/v01/instances/dataFrom/Product8731;http://www4.wiwiss.fu-berlin.de/bizer/bsbm/v01/vocabulary/productFeature;http://www4.wiwiss.fu-berlin.de/bizer/bsbm/v01/instances/ProductFeature5101
http://www4.wiwiss.fu-berlin.de/bizer/bsbm/v01/instances/dataFrom/Product8731;http://www4.wiwiss.fu-berlin.de/bizer/bsbm/v01/vocabulary/productFeature;http://www4.wiwiss.fu-berlin.de/bizer/bsbm/v01/instances/ProductFeature5101
http://www4.wiwiss.fu-berlin.de/bizer/bsbm/v01/instances/dataFrom/Product8731;http://www4.wiwiss.fu-berlin.de/bizer/bsbm/v01/vocabulary/productFeature;http://www4.wiwiss.fu-berlin.de/bizer/bsbm/v01/instances/ProductFeature5101
http://www4.wiwiss.fu-berlin.de/bizer/bsbm/v01/instances/dataFrom/Product8731;http://www4.wiwiss.fu-berlin.de/bizer/bsbm/v01/vocabulary/productFeature;http://www4.wiwiss.fu-berlin.de/bizer/bsbm/v01/instances/ProductFeature5101
http://www4.wiwiss.fu-berlin.de/bizer/bsbm/v01/instances/dataFrom/Product8731;http://www4.wiwiss.fu-berlin.de/bizer/bsbm/v01/vocabulary/productFeature;http://www4.wiwiss.fu-berlin.de/bizer/bsbm/v01/instances/ProductFeature5101
http://www4.wiwiss.fu-berlin.de/bizer/bsbm/v01/instances/dataFrom/Product8731;http://www4.wiwiss.fu-berlin.de/bizer/bsbm/v01/vocabulary/productFeature;http://www4.wiwiss.fu-berlin.de/bizer/bsbm/v01/instances/ProductFeature5111
http://www4.wiwiss.fu-berlin.de/bizer/bsbm/v01/instances/dataFrom/Product8731;http://www4.wiwiss.fu-berlin.de/bizer/bsbm/v01/vocabulary/productFeature;http://www4.wiwiss.fu-berlin.de/bizer/bsbm/v01/instances/ProductFeature5111
http://www4.wiwiss.fu-berlin.de/bizer/bsbm/v01/instances/dataFrom/Product8731;http://www4.wiwiss.fu-berlin.de/bizer/bsbm/v01/vocabulary/productFeature;http://www4.wiwiss.fu-berlin.de/bizer/bsbm/v01/instances/ProductFeature5111
http://www4.wiwiss.fu-berlin.de/bizer/bsbm/v01/instances/dataFrom/Product8731;http://www4.wiwiss.fu-berlin.de/bizer/bsbm/v01/vocabulary/productFeature;http://www4.wiwiss.fu-berlin.de/bizer/bsbm/v01/instances/ProductFeature5111
http://www4.wiwiss.fu-berlin.de/bizer/bsbm/v01/instances/dataFrom/Product6972;http://www4.wiwiss.fu-berlin.de/bizer/bsbm/v01/vocabulary/productFeature;http://www4.wiwiss.fu-berlin.de/bizer/bsbm/v01/instances/ProductFeature5099
http://www4.wiwiss.fu-berlin.de/bizer/bsbm/v01/instances/dataFrom/Product6972;http://www4.wiwiss.fu-berlin.de/bizer/bsbm/v01/vocabulary/productFeature;http://www4.wiwiss.fu-berlin.de/bizer/bsbm/v01/instances/ProductFeature5099
http://www4.wiwiss.fu-berlin.de/bizer/bsbm/v01/instances/dataFrom/Product6972;http://www4.wiwiss.fu-berlin.de/bizer/bsbm/v01/vocabulary/productFeature;http://www4.wiwiss.fu-berlin.de/bizer/bsbm/v01/instances/ProductFeature5099
http://www4.wiwiss.fu-berlin.de/bizer/bsbm/v01/instances/dataFrom/Product6972;http://www4.wiwiss.fu-berlin.de/bizer/bsbm/v01/vocabulary/productFeature;http://www4.wiwiss.fu-berlin.de/bizer/bsbm/v01/instances/ProductFeature5099
http://www4.wiwiss.fu-berlin.de/bizer/bsbm/v01/instances/dataFrom/Product6972;http://www4.wiwiss.fu-berlin.de/bizer/bsbm/v01/vocabulary/productFeature;http://www4.wiwiss.fu-berlin.de/bizer/bsbm/v01/instances/ProductFeature5099
http://www4.wiwiss.fu-berlin.de/bizer/bsbm/v01/instances/dataFrom/Product6972;http://www4.wiwiss.fu-berlin.de/bizer/bsbm/v01/vocabulary/productFeature;http://www4.wiwiss.fu-berlin.de/bizer/bsbm/v01/instances/ProductFeature5099
http://www4.wiwiss.fu-berlin.de/bizer/bsbm/v01/instances/dataFrom/Product6972;http://www4.wiwiss.fu-berlin.de/bizer/bsbm/v01/vocabulary/productFeature;http://www4.wiwiss.fu-berlin.de/bizer/bsbm/v01/instances/ProductFeature5099
http://www4.wiwiss.fu-berlin.de/bizer/bsbm/v01/instances/dataFrom/Product6972;http://www4.wiwiss.fu-berlin.de/bizer/bsbm/v01/vocabulary/productFeature;http://www4.wiwiss.fu-berlin.de/bizer/bsbm/v01/instances/ProductFeature5099
http://www4.wiwiss.fu-berlin.de/bizer/bsbm/v01/instances/dataFrom/Product6972;http://www4.wiwiss.fu-berlin.de/bizer/bsbm/v01/vocabulary/productFeature;http://www4.wiwiss.fu-berlin.de/bizer/bsbm/v01/instances/ProductFeature5099
http://www4.wiwiss.fu-berlin.de/bizer/bsbm/v01/instances/dataFrom/Product6972;http://www4.wiwiss.fu-berlin.de/bizer/bsbm/v01/vocabulary/productFeature;http://www4.wiwiss.fu-berlin.de/bizer/bsbm/v01/instances/ProductFeature5101
http://www4.wiwiss.fu-berlin.de/bizer/bsbm/v01/instances/dataFrom/Product6972;http://www4.wiwiss.fu-berlin.de/bizer/bsbm/v01/vocabulary/productFeature;http://www4.wiwiss.fu-berlin.de/bizer/bsbm/v01/instances/ProductFeature5101
http://www4.wiwiss.fu-berlin.de/bizer/bsbm/v01/instances/dataFrom/Product6972;http://www4.wiwiss.fu-berlin.de/bizer/bsbm/v01/vocabulary/productFeature;http://www4.wiwiss.fu-berlin.de/bizer/bsbm/v01/instances/ProductFeature5101
http://www4.wiwiss.fu-berlin.de/bizer/bsbm/v01/instances/dataFrom/Product6972;http://www4.wiwiss.fu-berlin.de/bizer/bsbm/v01/vocabulary/productFeature;http://www4.wiwiss.fu-berlin.de/bizer/bsbm/v01/instances/ProductFeature5101
http://www4.wiwiss.fu-berlin.de/bizer/bsbm/v01/instances/dataFrom/Product6972;http://www4.wiwiss.fu-berlin.de/bizer/bsbm/v01/vocabulary/productFeature;http://www4.wiwiss.fu-berlin.de/bizer/bsbm/v01/instances/ProductFeature5101
http://www4.wiwiss.fu-berlin.de/bizer/bsbm/v01/instances/dataFrom/Product6972;http://www4.wiwiss.fu-berlin.de/bizer/bsbm/v01/vocabulary/productFeature;http://www4.wiwiss.fu-berlin.de/bizer/bsbm/v01/instances/ProductFeature5101
http://www4.wiwiss.fu-berlin.de/bizer/bsbm/v01/instances/dataFrom/Product6972;http://www4.wiwiss.fu-berlin.de/bizer/bsbm/v01/vocabulary/productFeature;http://www4.wiwiss.fu-berlin.de/bizer/bsbm/v01/instances/ProductFeature5101
http://www4.wiwiss.fu-berlin.de/bizer/bsbm/v01/instances/dataFrom/Product6972;http://www4.wiwiss.fu-berlin.de/bizer/bsbm/v01/vocabulary/productFeature;http://www4.wiwiss.fu-berlin.de/bizer/bsbm/v01/instances/ProductFeature5101
http://www4.wiwiss.fu-berlin.de/bizer/bsbm/v01/instances/dataFrom/Product6972;http://www4.wiwiss.fu-berlin.de/bizer/bsbm/v01/vocabulary/productFeature;http://www4.wiwiss.fu-berlin.de/bizer/bsbm/v01/instances/ProductFeature5101
http://www4.wiwiss.fu-berlin.de/bizer/bsbm/v01/instances/dataFrom/Product6972;http://www4.wiwiss.fu-berlin.de/bizer/bsbm/v01/vocabulary/productFeature;http://www4.wiwiss.fu-berlin.de/bizer/bsbm/v01/instances/ProductFeature5101
http://www4.wiwiss.fu-berlin.de/bizer/bsbm/v01/instances/dataFrom/Product6972;http://www4.wiwiss.fu-berlin.de/bizer/bsbm/v01/vocabulary/productFeature;http://www4.wiwiss.fu-berlin.de/bizer/bsbm/v01/instances/ProductFeature5101
http://www4.wiwiss.fu-berlin.de/bizer/bsbm/v01/instances/dataFrom/Product6972;http://www4.wiwiss.fu-berlin.de/bizer/bsbm/v01/vocabulary/productFeature;http://www4.wiwiss.fu-berlin.de/bizer/bsbm/v01/instances/ProductFeature5101
http://www4.wiwiss.fu-berlin.de/bizer/bsbm/v01/instances/dataFrom/Product6972;http://www4.wiwiss.fu-berlin.de/bizer/bsbm/v01/vocabulary/productFeature;http://www4.wiwiss.fu-berlin.de/bizer/bsbm/v01/instances/ProductFeature5111
http://www4.wiwiss.fu-berlin.de/bizer/bsbm/v01/instances/dataFrom/Product6972;http://www4.wiwiss.fu-berlin.de/bizer/bsbm/v01/vocabulary/productFeature;http://www4.wiwiss.fu-berlin.de/bizer/bsbm/v01/instances/ProductFeature5111
http://www4.wiwiss.fu-berlin.de/bizer/bsbm/v01/instances/dataFrom/Product6972;http://www4.wiwiss.fu-berlin.de/bizer/bsbm/v01/vocabulary/productFeature;http://www4.wiwiss.fu-berlin.de/bizer/bsbm/v01/instances/ProductFeature5111
http://www4.wiwiss.fu-berlin.de/bizer/bsbm/v01/instances/dataFrom/Product6972;http://www4.wiwiss.fu-berlin.de/bizer/bsbm/v01/vocabulary/productFeature;http://www4.wiwiss.fu-berlin.de/bizer/bsbm/v01/instances/ProductFeature5111
http://www4.wiwiss.fu-berlin.de/bizer/bsbm/v01/instances/dataFrom/Product9310;http://www4.wiwiss.fu-berlin.de/bizer/bsbm/v01/vocabulary/productFeature;http://www4.wiwiss.fu-berlin.de/bizer/bsbm/v01/instances/ProductFeature5099
http://www4.wiwiss.fu-berlin.de/bizer/bsbm/v01/instances/dataFrom/Product9310;http://www4.wiwiss.fu-berlin.de/bizer/bsbm/v01/vocabulary/productFeature;http://www4.wiwiss.fu-berlin.de/bizer/bsbm/v01/instances/ProductFeature5099
http://www4.wiwiss.fu-berlin.de/bizer/bsbm/v01/instances/dataFrom/Product9310;http://www4.wiwiss.fu-berlin.de/bizer/bsbm/v01/vocabulary/productFeature;http://www4.wiwiss.fu-berlin.de/bizer/bsbm/v01/instances/ProductFeature5099
http://www4.wiwiss.fu-berlin.de/bizer/bsbm/v01/instances/dataFrom/Product9310;http://www4.wiwiss.fu-berlin.de/bizer/bsbm/v01/vocabulary/productFeature;http://www4.wiwiss.fu-berlin.de/bizer/bsbm/v01/instances/ProductFeature5099
http://www4.wiwiss.fu-berlin.de/bizer/bsbm/v01/instances/dataFrom/Product9310;http://www4.wiwiss.fu-berlin.de/bizer/bsbm/v01/vocabulary/productFeature;http://www4.wiwiss.fu-berlin.de/bizer/bsbm/v01/instances/ProductFeature5099
http://www4.wiwiss.fu-berlin.de/bizer/bsbm/v01/instances/dataFrom/Product9310;http://www4.wiwiss.fu-berlin.de/bizer/bsbm/v01/vocabulary/productFeature;http://www4.wiwiss.fu-berlin.de/bizer/bsbm/v01/instances/ProductFeature5099
http://www4.wiwiss.fu-berlin.de/bizer/bsbm/v01/instances/dataFrom/Product9310;http://www4.wiwiss.fu-berlin.de/bizer/bsbm/v01/vocabulary/productFeature;http://www4.wiwiss.fu-berlin.de/bizer/bsbm/v01/instances/ProductFeature5099
http://www4.wiwiss.fu-berlin.de/bizer/bsbm/v01/instances/dataFrom/Product9310;http://www4.wiwiss.fu-berlin.de/bizer/bsbm/v01/vocabulary/productFeature;http://www4.wiwiss.fu-berlin.de/bizer/bsbm/v01/instances/ProductFeature5099
http://www4.wiwiss.fu-berlin.de/bizer/bsbm/v01/instances/dataFrom/Product9310;http://www4.wiwiss.fu-berlin.de/bizer/bsbm/v01/vocabulary/productFeature;http://www4.wiwiss.fu-berlin.de/bizer/bsbm/v01/instances/ProductFeature5099
http://www4.wiwiss.fu-berlin.de/bizer/bsbm/v01/instances/dataFrom/Product9310;http://www4.wiwiss.fu-berlin.de/bizer/bsbm/v01/vocabulary/productFeature;http://www4.wiwiss.fu-berlin.de/bizer/bsbm/v01/instances/ProductFeature5101
http://www4.wiwiss.fu-berlin.de/bizer/bsbm/v01/instances/dataFrom/Product9310;http://www4.wiwiss.fu-berlin.de/bizer/bsbm/v01/vocabulary/productFeature;http://www4.wiwiss.fu-berlin.de/bizer/bsbm/v01/instances/ProductFeature5101
http://www4.wiwiss.fu-berlin.de/bizer/bsbm/v01/instances/dataFrom/Product9310;http://www4.wiwiss.fu-berlin.de/bizer/bsbm/v01/vocabulary/productFeature;http://www4.wiwiss.fu-berlin.de/bizer/bsbm/v01/instances/ProductFeature5101
http://www4.wiwiss.fu-berlin.de/bizer/bsbm/v01/instances/dataFrom/Product9310;http://www4.wiwiss.fu-berlin.de/bizer/bsbm/v01/vocabulary/productFeature;http://www4.wiwiss.fu-berlin.de/bizer/bsbm/v01/instances/ProductFeature5101
http://www4.wiwiss.fu-berlin.de/bizer/bsbm/v01/instances/dataFrom/Product9310;http://www4.wiwiss.fu-berlin.de/bizer/bsbm/v01/vocabulary/productFeature;http://www4.wiwiss.fu-berlin.de/bizer/bsbm/v01/instances/ProductFeature5101
http://www4.wiwiss.fu-berlin.de/bizer/bsbm/v01/instances/dataFrom/Product9310;http://www4.wiwiss.fu-berlin.de/bizer/bsbm/v01/vocabulary/productFeature;http://www4.wiwiss.fu-berlin.de/bizer/bsbm/v01/instances/ProductFeature5101
http://www4.wiwiss.fu-berlin.de/bizer/bsbm/v01/instances/dataFrom/Product9310;http://www4.wiwiss.fu-berlin.de/bizer/bsbm/v01/vocabulary/productFeature;http://www4.wiwiss.fu-berlin.de/bizer/bsbm/v01/instances/ProductFeature5101
http://www4.wiwiss.fu-berlin.de/bizer/bsbm/v01/instances/dataFrom/Product9310;http://www4.wiwiss.fu-berlin.de/bizer/bsbm/v01/vocabulary/productFeature;http://www4.wiwiss.fu-berlin.de/bizer/bsbm/v01/instances/ProductFeature5101
http://www4.wiwiss.fu-berlin.de/bizer/bsbm/v01/instances/dataFrom/Product9310;http://www4.wiwiss.fu-berlin.de/bizer/bsbm/v01/vocabulary/productFeature;http://www4.wiwiss.fu-berlin.de/bizer/bsbm/v01/instances/ProductFeature5101
http://www4.wiwiss.fu-berlin.de/bizer/bsbm/v01/instances/dataFrom/Product9310;http://www4.wiwiss.fu-berlin.de/bizer/bsbm/v01/vocabulary/productFeature;http://www4.wiwiss.fu-berlin.de/bizer/bsbm/v01/instances/ProductFeature5101
http://www4.wiwiss.fu-berlin.de/bizer/bsbm/v01/instances/dataFrom/Product9310;http://www4.wiwiss.fu-berlin.de/bizer/bsbm/v01/vocabulary/productFeature;http://www4.wiwiss.fu-berlin.de/bizer/bsbm/v01/instances/ProductFeature5101
http://www4.wiwiss.fu-berlin.de/bizer/bsbm/v01/instances/dataFrom/Product9310;http://www4.wiwiss.fu-berlin.de/bizer/bsbm/v01/vocabulary/productFeature;http://www4.wiwiss.fu-berlin.de/bizer/bsbm/v01/instances/ProductFeature5101
http://www4.wiwiss.fu-berlin.de/bizer/bsbm/v01/instances/dataFrom/Product9310;http://www4.wiwiss.fu-berlin.de/bizer/bsbm/v01/vocabulary/productFeature;http://www4.wiwiss.fu-berlin.de/bizer/bsbm/v01/instances/ProductFeature5111
http://www4.wiwiss.fu-berlin.de/bizer/bsbm/v01/instances/dataFrom/Product9310;http://www4.wiwiss.fu-berlin.de/bizer/bsbm/v01/vocabulary/productFeature;http://www4.wiwiss.fu-berlin.de/bizer/bsbm/v01/instances/ProductFeature5111
http://www4.wiwiss.fu-berlin.de/bizer/bsbm/v01/instances/dataFrom/Product9310;http://www4.wiwiss.fu-berlin.de/bizer/bsbm/v01/vocabulary/productFeature;http://www4.wiwiss.fu-berlin.de/bizer/bsbm/v01/instances/ProductFeature5111
http://www4.wiwiss.fu-berlin.de/bizer/bsbm/v01/instances/dataFrom/Product9310;http://www4.wiwiss.fu-berlin.de/bizer/bsbm/v01/vocabulary/productFeature;http://www4.wiwiss.fu-berlin.de/bizer/bsbm/v01/instances/ProductFeature5111
http://www4.wiwiss.fu-berlin.de/bizer/bsbm/v01/instances/dataFrom/Product5224;http://www4.wiwiss.fu-berlin.de/bizer/bsbm/v01/vocabulary/productFeature;http://www4.wiwiss.fu-berlin.de/bizer/bsbm/v01/instances/ProductFeature5099
http://www4.wiwiss.fu-berlin.de/bizer/bsbm/v01/instances/dataFrom/Product5224;http://www4.wiwiss.fu-berlin.de/bizer/bsbm/v01/vocabulary/productFeature;http://www4.wiwiss.fu-berlin.de/bizer/bsbm/v01/instances/ProductFeature5099
http://www4.wiwiss.fu-berlin.de/bizer/bsbm/v01/instances/dataFrom/Product5224;http://www4.wiwiss.fu-berlin.de/bizer/bsbm/v01/vocabulary/productFeature;http://www4.wiwiss.fu-berlin.de/bizer/bsbm/v01/instances/ProductFeature5099
http://www4.wiwiss.fu-berlin.de/bizer/bsbm/v01/instances/dataFrom/Product5224;http://www4.wiwiss.fu-berlin.de/bizer/bsbm/v01/vocabulary/productFeature;http://www4.wiwiss.fu-berlin.de/bizer/bsbm/v01/instances/ProductFeature5099
http://www4.wiwiss.fu-berlin.de/bizer/bsbm/v01/instances/dataFrom/Product5224;http://www4.wiwiss.fu-berlin.de/bizer/bsbm/v01/vocabulary/productFeature;http://www4.wiwiss.fu-berlin.de/bizer/bsbm/v01/instances/ProductFeature5099
http://www4.wiwiss.fu-berlin.de/bizer/bsbm/v01/instances/dataFrom/Product5224;http://www4.wiwiss.fu-berlin.de/bizer/bsbm/v01/vocabulary/productFeature;http://www4.wiwiss.fu-berlin.de/bizer/bsbm/v01/instances/ProductFeature5099
http://www4.wiwiss.fu-berlin.de/bizer/bsbm/v01/instances/dataFrom/Product5224;http://www4.wiwiss.fu-berlin.de/bizer/bsbm/v01/vocabulary/productFeature;http://www4.wiwiss.fu-berlin.de/bizer/bsbm/v01/instances/ProductFeature5099
http://www4.wiwiss.fu-berlin.de/bizer/bsbm/v01/instances/dataFrom/Product5224;http://www4.wiwiss.fu-berlin.de/bizer/bsbm/v01/vocabulary/productFeature;http://www4.wiwiss.fu-berlin.de/bizer/bsbm/v01/instances/ProductFeature5099
http://www4.wiwiss.fu-berlin.de/bizer/bsbm/v01/instances/dataFrom/Product5224;http://www4.wiwiss.fu-berlin.de/bizer/bsbm/v01/vocabulary/productFeature;http://www4.wiwiss.fu-berlin.de/bizer/bsbm/v01/instances/ProductFeature5099
http://www4.wiwiss.fu-berlin.de/bizer/bsbm/v01/instances/dataFrom/Product5224;http://www4.wiwiss.fu-berlin.de/bizer/bsbm/v01/vocabulary/productFeature;http://www4.wiwiss.fu-berlin.de/bizer/bsbm/v01/instances/ProductFeature5101
http://www4.wiwiss.fu-berlin.de/bizer/bsbm/v01/instances/dataFrom/Product5224;http://www4.wiwiss.fu-berlin.de/bizer/bsbm/v01/vocabulary/productFeature;http://www4.wiwiss.fu-berlin.de/bizer/bsbm/v01/instances/ProductFeature5101
http://www4.wiwiss.fu-berlin.de/bizer/bsbm/v01/instances/dataFrom/Product5224;http://www4.wiwiss.fu-berlin.de/bizer/bsbm/v01/vocabulary/productFeature;http://www4.wiwiss.fu-berlin.de/bizer/bsbm/v01/instances/ProductFeature5101
http://www4.wiwiss.fu-berlin.de/bizer/bsbm/v01/instances/dataFrom/Product5224;http://www4.wiwiss.fu-berlin.de/bizer/bsbm/v01/vocabulary/productFeature;http://www4.wiwiss.fu-berlin.de/bizer/bsbm/v01/instances/ProductFeature5101
http://www4.wiwiss.fu-berlin.de/bizer/bsbm/v01/instances/dataFrom/Product5224;http://www4.wiwiss.fu-berlin.de/bizer/bsbm/v01/vocabulary/productFeature;http://www4.wiwiss.fu-berlin.de/bizer/bsbm/v01/instances/ProductFeature5101
http://www4.wiwiss.fu-berlin.de/bizer/bsbm/v01/instances/dataFrom/Product5224;http://www4.wiwiss.fu-berlin.de/bizer/bsbm/v01/vocabulary/productFeature;http://www4.wiwiss.fu-berlin.de/bizer/bsbm/v01/instances/ProductFeature5101
http://www4.wiwiss.fu-berlin.de/bizer/bsbm/v01/instances/dataFrom/Product5224;http://www4.wiwiss.fu-berlin.de/bizer/bsbm/v01/vocabulary/productFeature;http://www4.wiwiss.fu-berlin.de/bizer/bsbm/v01/instances/ProductFeature5101
http://www4.wiwiss.fu-berlin.de/bizer/bsbm/v01/instances/dataFrom/Product5224;http://www4.wiwiss.fu-berlin.de/bizer/bsbm/v01/vocabulary/productFeature;http://www4.wiwiss.fu-berlin.de/bizer/bsbm/v01/instances/ProductFeature5101
http://www4.wiwiss.fu-berlin.de/bizer/bsbm/v01/instances/dataFrom/Product5224;http://www4.wiwiss.fu-berlin.de/bizer/bsbm/v01/vocabulary/productFeature;http://www4.wiwiss.fu-berlin.de/bizer/bsbm/v01/instances/ProductFeature5101
http://www4.wiwiss.fu-berlin.de/bizer/bsbm/v01/instances/dataFrom/Product5224;http://www4.wiwiss.fu-berlin.de/bizer/bsbm/v01/vocabulary/productFeature;http://www4.wiwiss.fu-berlin.de/bizer/bsbm/v01/instances/ProductFeature5101
http://www4.wiwiss.fu-berlin.de/bizer/bsbm/v01/instances/dataFrom/Product5224;http://www4.wiwiss.fu-berlin.de/bizer/bsbm/v01/vocabulary/productFeature;http://www4.wiwiss.fu-berlin.de/bizer/bsbm/v01/instances/ProductFeature5101
http://www4.wiwiss.fu-berlin.de/bizer/bsbm/v01/instances/dataFrom/Product5224;http://www4.wiwiss.fu-berlin.de/bizer/bsbm/v01/vocabulary/productFeature;http://www4.wiwiss.fu-berlin.de/bizer/bsbm/v01/instances/ProductFeature5101
http://www4.wiwiss.fu-berlin.de/bizer/bsbm/v01/instances/dataFrom/Product5224;http://www4.wiwiss.fu-berlin.de/bizer/bsbm/v01/vocabulary/productFeature;http://www4.wiwiss.fu-berlin.de/bizer/bsbm/v01/instances/ProductFeature5111
http://www4.wiwiss.fu-berlin.de/bizer/bsbm/v01/instances/dataFrom/Product5224;http://www4.wiwiss.fu-berlin.de/bizer/bsbm/v01/vocabulary/productFeature;http://www4.wiwiss.fu-berlin.de/bizer/bsbm/v01/instances/ProductFeature5111
http://www4.wiwiss.fu-berlin.de/bizer/bsbm/v01/instances/dataFrom/Product5224;http://www4.wiwiss.fu-berlin.de/bizer/bsbm/v01/vocabulary/productFeature;http://www4.wiwiss.fu-berlin.de/bizer/bsbm/v01/instances/ProductFeature5111
http://www4.wiwiss.fu-berlin.de/bizer/bsbm/v01/instances/dataFrom/Product5224;http://www4.wiwiss.fu-berlin.de/bizer/bsbm/v01/vocabulary/productFeature;http://www4.wiwiss.fu-berlin.de/bizer/bsbm/v01/instances/ProductFeature5111
http://www4.wiwiss.fu-berlin.de/bizer/bsbm/v01/instances/dataFrom/Product5365;http://www4.wiwiss.fu-berlin.de/bizer/bsbm/v01/vocabulary/productFeature;http://www4.wiwiss.fu-berlin.de/bizer/bsbm/v01/instances/ProductFeature5099
http://www4.wiwiss.fu-berlin.de/bizer/bsbm/v01/instances/dataFrom/Product5365;http://www4.wiwiss.fu-berlin.de/bizer/bsbm/v01/vocabulary/productFeature;http://www4.wiwiss.fu-berlin.de/bizer/bsbm/v01/instances/ProductFeature5099
http://www4.wiwiss.fu-berlin.de/bizer/bsbm/v01/instances/dataFrom/Product5365;http://www4.wiwiss.fu-berlin.de/bizer/bsbm/v01/vocabulary/productFeature;http://www4.wiwiss.fu-berlin.de/bizer/bsbm/v01/instances/ProductFeature5099
http://www4.wiwiss.fu-berlin.de/bizer/bsbm/v01/instances/dataFrom/Product5365;http://www4.wiwiss.fu-berlin.de/bizer/bsbm/v01/vocabulary/productFeature;http://www4.wiwiss.fu-berlin.de/bizer/bsbm/v01/instances/ProductFeature5099
http://www4.wiwiss.fu-berlin.de/bizer/bsbm/v01/instances/dataFrom/Product5365;http://www4.wiwiss.fu-berlin.de/bizer/bsbm/v01/vocabulary/productFeature;http://www4.wiwiss.fu-berlin.de/bizer/bsbm/v01/instances/ProductFeature5099
http://www4.wiwiss.fu-berlin.de/bizer/bsbm/v01/instances/dataFrom/Product5365;http://www4.wiwiss.fu-berlin.de/bizer/bsbm/v01/vocabulary/productFeature;http://www4.wiwiss.fu-berlin.de/bizer/bsbm/v01/instances/ProductFeature5099
http://www4.wiwiss.fu-berlin.de/bizer/bsbm/v01/instances/dataFrom/Product5365;http://www4.wiwiss.fu-berlin.de/bizer/bsbm/v01/vocabulary/productFeature;http://www4.wiwiss.fu-berlin.de/bizer/bsbm/v01/instances/ProductFeature5099
http://www4.wiwiss.fu-berlin.de/bizer/bsbm/v01/instances/dataFrom/Product5365;http://www4.wiwiss.fu-berlin.de/bizer/bsbm/v01/vocabulary/productFeature;http://www4.wiwiss.fu-berlin.de/bizer/bsbm/v01/instances/ProductFeature5099
http://www4.wiwiss.fu-berlin.de/bizer/bsbm/v01/instances/dataFrom/Product5365;http://www4.wiwiss.fu-berlin.de/bizer/bsbm/v01/vocabulary/productFeature;http://www4.wiwiss.fu-berlin.de/bizer/bsbm/v01/instances/ProductFeature5099
http://www4.wiwiss.fu-berlin.de/bizer/bsbm/v01/instances/dataFrom/Product5365;http://www4.wiwiss.fu-berlin.de/bizer/bsbm/v01/vocabulary/productFeature;http://www4.wiwiss.fu-berlin.de/bizer/bsbm/v01/instances/ProductFeature5101
http://www4.wiwiss.fu-berlin.de/bizer/bsbm/v01/instances/dataFrom/Product5365;http://www4.wiwiss.fu-berlin.de/bizer/bsbm/v01/vocabulary/productFeature;http://www4.wiwiss.fu-berlin.de/bizer/bsbm/v01/instances/ProductFeature5101
http://www4.wiwiss.fu-berlin.de/bizer/bsbm/v01/instances/dataFrom/Product5365;http://www4.wiwiss.fu-berlin.de/bizer/bsbm/v01/vocabulary/productFeature;http://www4.wiwiss.fu-berlin.de/bizer/bsbm/v01/instances/ProductFeature5101
http://www4.wiwiss.fu-berlin.de/bizer/bsbm/v01/instances/dataFrom/Product5365;http://www4.wiwiss.fu-berlin.de/bizer/bsbm/v01/vocabulary/productFeature;http://www4.wiwiss.fu-berlin.de/bizer/bsbm/v01/instances/ProductFeature5101
http://www4.wiwiss.fu-berlin.de/bizer/bsbm/v01/instances/dataFrom/Product5365;http://www4.wiwiss.fu-berlin.de/bizer/bsbm/v01/vocabulary/productFeature;http://www4.wiwiss.fu-berlin.de/bizer/bsbm/v01/instances/ProductFeature5101
http://www4.wiwiss.fu-berlin.de/bizer/bsbm/v01/instances/dataFrom/Product5365;http://www4.wiwiss.fu-berlin.de/bizer/bsbm/v01/vocabulary/productFeature;http://www4.wiwiss.fu-berlin.de/bizer/bsbm/v01/instances/ProductFeature5101
http://www4.wiwiss.fu-berlin.de/bizer/bsbm/v01/instances/dataFrom/Product5365;http://www4.wiwiss.fu-berlin.de/bizer/bsbm/v01/vocabulary/productFeature;http://www4.wiwiss.fu-berlin.de/bizer/bsbm/v01/instances/ProductFeature5101
http://www4.wiwiss.fu-berlin.de/bizer/bsbm/v01/instances/dataFrom/Product5365;http://www4.wiwiss.fu-berlin.de/bizer/bsbm/v01/vocabulary/productFeature;http://www4.wiwiss.fu-berlin.de/bizer/bsbm/v01/instances/ProductFeature5101
http://www4.wiwiss.fu-berlin.de/bizer/bsbm/v01/instances/dataFrom/Product5365;http://www4.wiwiss.fu-berlin.de/bizer/bsbm/v01/vocabulary/productFeature;http://www4.wiwiss.fu-berlin.de/bizer/bsbm/v01/instances/ProductFeature5101
http://www4.wiwiss.fu-berlin.de/bizer/bsbm/v01/instances/dataFrom/Product5365;http://www4.wiwiss.fu-berlin.de/bizer/bsbm/v01/vocabulary/productFeature;http://www4.wiwiss.fu-berlin.de/bizer/bsbm/v01/instances/ProductFeature5101
http://www4.wiwiss.fu-berlin.de/bizer/bsbm/v01/instances/dataFrom/Product5365;http://www4.wiwiss.fu-berlin.de/bizer/bsbm/v01/vocabulary/productFeature;http://www4.wiwiss.fu-berlin.de/bizer/bsbm/v01/instances/ProductFeature5101
http://www4.wiwiss.fu-berlin.de/bizer/bsbm/v01/instances/dataFrom/Product5365;http://www4.wiwiss.fu-berlin.de/bizer/bsbm/v01/vocabulary/productFeature;http://www4.wiwiss.fu-berlin.de/bizer/bsbm/v01/instances/ProductFeature5101
http://www4.wiwiss.fu-berlin.de/bizer/bsbm/v01/instances/dataFrom/Product5365;http://www4.wiwiss.fu-berlin.de/bizer/bsbm/v01/vocabulary/productFeature;http://www4.wiwiss.fu-berlin.de/bizer/bsbm/v01/instances/ProductFeature5111
http://www4.wiwiss.fu-berlin.de/bizer/bsbm/v01/instances/dataFrom/Product5365;http://www4.wiwiss.fu-berlin.de/bizer/bsbm/v01/vocabulary/productFeature;http://www4.wiwiss.fu-berlin.de/bizer/bsbm/v01/instances/ProductFeature5111
http://www4.wiwiss.fu-berlin.de/bizer/bsbm/v01/instances/dataFrom/Product5365;http://www4.wiwiss.fu-berlin.de/bizer/bsbm/v01/vocabulary/productFeature;http://www4.wiwiss.fu-berlin.de/bizer/bsbm/v01/instances/ProductFeature5111
http://www4.wiwiss.fu-berlin.de/bizer/bsbm/v01/instances/dataFrom/Product5365;http://www4.wiwiss.fu-berlin.de/bizer/bsbm/v01/vocabulary/productFeature;http://www4.wiwiss.fu-berlin.de/bizer/bsbm/v01/instances/ProductFeature5111
http://www4.wiwiss.fu-berlin.de/bizer/bsbm/v01/instances/dataFrom/Product6431;http://www4.wiwiss.fu-berlin.de/bizer/bsbm/v01/vocabulary/productFeature;http://www4.wiwiss.fu-berlin.de/bizer/bsbm/v01/instances/ProductFeature5099
http://www4.wiwiss.fu-berlin.de/bizer/bsbm/v01/instances/dataFrom/Product6431;http://www4.wiwiss.fu-berlin.de/bizer/bsbm/v01/vocabulary/productFeature;http://www4.wiwiss.fu-berlin.de/bizer/bsbm/v01/instances/ProductFeature5099
http://www4.wiwiss.fu-berlin.de/bizer/bsbm/v01/instances/dataFrom/Product6431;http://www4.wiwiss.fu-berlin.de/bizer/bsbm/v01/vocabulary/productFeature;http://www4.wiwiss.fu-berlin.de/bizer/bsbm/v01/instances/ProductFeature5099
http://www4.wiwiss.fu-berlin.de/bizer/bsbm/v01/instances/dataFrom/Product6431;http://www4.wiwiss.fu-berlin.de/bizer/bsbm/v01/vocabulary/productFeature;http://www4.wiwiss.fu-berlin.de/bizer/bsbm/v01/instances/ProductFeature5099
http://www4.wiwiss.fu-berlin.de/bizer/bsbm/v01/instances/dataFrom/Product6431;http://www4.wiwiss.fu-berlin.de/bizer/bsbm/v01/vocabulary/productFeature;http://www4.wiwiss.fu-berlin.de/bizer/bsbm/v01/instances/ProductFeature5099
http://www4.wiwiss.fu-berlin.de/bizer/bsbm/v01/instances/dataFrom/Product6431;http://www4.wiwiss.fu-berlin.de/bizer/bsbm/v01/vocabulary/productFeature;http://www4.wiwiss.fu-berlin.de/bizer/bsbm/v01/instances/ProductFeature5099
http://www4.wiwiss.fu-berlin.de/bizer/bsbm/v01/instances/dataFrom/Product6431;http://www4.wiwiss.fu-berlin.de/bizer/bsbm/v01/vocabulary/productFeature;http://www4.wiwiss.fu-berlin.de/bizer/bsbm/v01/instances/ProductFeature5099
http://www4.wiwiss.fu-berlin.de/bizer/bsbm/v01/instances/dataFrom/Product6431;http://www4.wiwiss.fu-berlin.de/bizer/bsbm/v01/vocabulary/productFeature;http://www4.wiwiss.fu-berlin.de/bizer/bsbm/v01/instances/ProductFeature5099
http://www4.wiwiss.fu-berlin.de/bizer/bsbm/v01/instances/dataFrom/Product6431;http://www4.wiwiss.fu-berlin.de/bizer/bsbm/v01/vocabulary/productFeature;http://www4.wiwiss.fu-berlin.de/bizer/bsbm/v01/instances/ProductFeature5099
http://www4.wiwiss.fu-berlin.de/bizer/bsbm/v01/instances/dataFrom/Product6431;http://www4.wiwiss.fu-berlin.de/bizer/bsbm/v01/vocabulary/productFeature;http://www4.wiwiss.fu-berlin.de/bizer/bsbm/v01/instances/ProductFeature5101
http://www4.wiwiss.fu-berlin.de/bizer/bsbm/v01/instances/dataFrom/Product6431;http://www4.wiwiss.fu-berlin.de/bizer/bsbm/v01/vocabulary/productFeature;http://www4.wiwiss.fu-berlin.de/bizer/bsbm/v01/instances/ProductFeature5101
http://www4.wiwiss.fu-berlin.de/bizer/bsbm/v01/instances/dataFrom/Product6431;http://www4.wiwiss.fu-berlin.de/bizer/bsbm/v01/vocabulary/productFeature;http://www4.wiwiss.fu-berlin.de/bizer/bsbm/v01/instances/ProductFeature5101
http://www4.wiwiss.fu-berlin.de/bizer/bsbm/v01/instances/dataFrom/Product6431;http://www4.wiwiss.fu-berlin.de/bizer/bsbm/v01/vocabulary/productFeature;http://www4.wiwiss.fu-berlin.de/bizer/bsbm/v01/instances/ProductFeature5101
http://www4.wiwiss.fu-berlin.de/bizer/bsbm/v01/instances/dataFrom/Product6431;http://www4.wiwiss.fu-berlin.de/bizer/bsbm/v01/vocabulary/productFeature;http://www4.wiwiss.fu-berlin.de/bizer/bsbm/v01/instances/ProductFeature5101
http://www4.wiwiss.fu-berlin.de/bizer/bsbm/v01/instances/dataFrom/Product6431;http://www4.wiwiss.fu-berlin.de/bizer/bsbm/v01/vocabulary/productFeature;http://www4.wiwiss.fu-berlin.de/bizer/bsbm/v01/instances/ProductFeature5101
http://www4.wiwiss.fu-berlin.de/bizer/bsbm/v01/instances/dataFrom/Product6431;http://www4.wiwiss.fu-berlin.de/bizer/bsbm/v01/vocabulary/productFeature;http://www4.wiwiss.fu-berlin.de/bizer/bsbm/v01/instances/ProductFeature5101
http://www4.wiwiss.fu-berlin.de/bizer/bsbm/v01/instances/dataFrom/Product6431;http://www4.wiwiss.fu-berlin.de/bizer/bsbm/v01/vocabulary/productFeature;http://www4.wiwiss.fu-berlin.de/bizer/bsbm/v01/instances/ProductFeature5101
http://www4.wiwiss.fu-berlin.de/bizer/bsbm/v01/instances/dataFrom/Product6431;http://www4.wiwiss.fu-berlin.de/bizer/bsbm/v01/vocabulary/productFeature;http://www4.wiwiss.fu-berlin.de/bizer/bsbm/v01/instances/ProductFeature5101
http://www4.wiwiss.fu-berlin.de/bizer/bsbm/v01/instances/dataFrom/Product6431;http://www4.wiwiss.fu-berlin.de/bizer/bsbm/v01/vocabulary/productFeature;http://www4.wiwiss.fu-berlin.de/bizer/bsbm/v01/instances/ProductFeature5101
http://www4.wiwiss.fu-berlin.de/bizer/bsbm/v01/instances/dataFrom/Product6431;http://www4.wiwiss.fu-berlin.de/bizer/bsbm/v01/vocabulary/productFeature;http://www4.wiwiss.fu-berlin.de/bizer/bsbm/v01/instances/ProductFeature5101
http://www4.wiwiss.fu-berlin.de/bizer/bsbm/v01/instances/dataFrom/Product6431;http://www4.wiwiss.fu-berlin.de/bizer/bsbm/v01/vocabulary/productFeature;http://www4.wiwiss.fu-berlin.de/bizer/bsbm/v01/instances/ProductFeature5101
http://www4.wiwiss.fu-berlin.de/bizer/bsbm/v01/instances/dataFrom/Product6431;http://www4.wiwiss.fu-berlin.de/bizer/bsbm/v01/vocabulary/productFeature;http://www4.wiwiss.fu-berlin.de/bizer/bsbm/v01/instances/ProductFeature5111
http://www4.wiwiss.fu-berlin.de/bizer/bsbm/v01/instances/dataFrom/Product6431;http://www4.wiwiss.fu-berlin.de/bizer/bsbm/v01/vocabulary/productFeature;http://www4.wiwiss.fu-berlin.de/bizer/bsbm/v01/instances/ProductFeature5111
http://www4.wiwiss.fu-berlin.de/bizer/bsbm/v01/instances/dataFrom/Product6431;http://www4.wiwiss.fu-berlin.de/bizer/bsbm/v01/vocabulary/productFeature;http://www4.wiwiss.fu-berlin.de/bizer/bsbm/v01/instances/ProductFeature5111
http://www4.wiwiss.fu-berlin.de/bizer/bsbm/v01/instances/dataFrom/Product6431;http://www4.wiwiss.fu-berlin.de/bizer/bsbm/v01/vocabulary/productFeature;http://www4.wiwiss.fu-berlin.de/bizer/bsbm/v01/instances/ProductFeature5111
http://www4.wiwiss.fu-berlin.de/bizer/bsbm/v01/instances/dataFrom/Product496;http://www4.wiwiss.fu-berlin.de/bizer/bsbm/v01/vocabulary/productFeature;http://www4.wiwiss.fu-berlin.de/bizer/bsbm/v01/instances/ProductFeature5099
http://www4.wiwiss.fu-berlin.de/bizer/bsbm/v01/instances/dataFrom/Product496;http://www4.wiwiss.fu-berlin.de/bizer/bsbm/v01/vocabulary/productFeature;http://www4.wiwiss.fu-berlin.de/bizer/bsbm/v01/instances/ProductFeature5099
http://www4.wiwiss.fu-berlin.de/bizer/bsbm/v01/instances/dataFrom/Product496;http://www4.wiwiss.fu-berlin.de/bizer/bsbm/v01/vocabulary/productFeature;http://www4.wiwiss.fu-berlin.de/bizer/bsbm/v01/instances/ProductFeature5099
http://www4.wiwiss.fu-berlin.de/bizer/bsbm/v01/instances/dataFrom/Product496;http://www4.wiwiss.fu-berlin.de/bizer/bsbm/v01/vocabulary/productFeature;http://www4.wiwiss.fu-berlin.de/bizer/bsbm/v01/instances/ProductFeature5099
http://www4.wiwiss.fu-berlin.de/bizer/bsbm/v01/instances/dataFrom/Product496;http://www4.wiwiss.fu-berlin.de/bizer/bsbm/v01/vocabulary/productFeature;http://www4.wiwiss.fu-berlin.de/bizer/bsbm/v01/instances/ProductFeature5099
http://www4.wiwiss.fu-berlin.de/bizer/bsbm/v01/instances/dataFrom/Product496;http://www4.wiwiss.fu-berlin.de/bizer/bsbm/v01/vocabulary/productFeature;http://www4.wiwiss.fu-berlin.de/bizer/bsbm/v01/instances/ProductFeature5099
http://www4.wiwiss.fu-berlin.de/bizer/bsbm/v01/instances/dataFrom/Product496;http://www4.wiwiss.fu-berlin.de/bizer/bsbm/v01/vocabulary/productFeature;http://www4.wiwiss.fu-berlin.de/bizer/bsbm/v01/instances/ProductFeature5099
http://www4.wiwiss.fu-berlin.de/bizer/bsbm/v01/instances/dataFrom/Product496;http://www4.wiwiss.fu-berlin.de/bizer/bsbm/v01/vocabulary/productFeature;http://www4.wiwiss.fu-berlin.de/bizer/bsbm/v01/instances/ProductFeature5099
http://www4.wiwiss.fu-berlin.de/bizer/bsbm/v01/instances/dataFrom/Product496;http://www4.wiwiss.fu-berlin.de/bizer/bsbm/v01/vocabulary/productFeature;http://www4.wiwiss.fu-berlin.de/bizer/bsbm/v01/instances/ProductFeature5099
http://www4.wiwiss.fu-berlin.de/bizer/bsbm/v01/instances/dataFrom/Product496;http://www4.wiwiss.fu-berlin.de/bizer/bsbm/v01/vocabulary/productFeature;http://www4.wiwiss.fu-berlin.de/bizer/bsbm/v01/instances/ProductFeature5101
http://www4.wiwiss.fu-berlin.de/bizer/bsbm/v01/instances/dataFrom/Product496;http://www4.wiwiss.fu-berlin.de/bizer/bsbm/v01/vocabulary/productFeature;http://www4.wiwiss.fu-berlin.de/bizer/bsbm/v01/instances/ProductFeature5101
http://www4.wiwiss.fu-berlin.de/bizer/bsbm/v01/instances/dataFrom/Product496;http://www4.wiwiss.fu-berlin.de/bizer/bsbm/v01/vocabulary/productFeature;http://www4.wiwiss.fu-berlin.de/bizer/bsbm/v01/instances/ProductFeature5101
http://www4.wiwiss.fu-berlin.de/bizer/bsbm/v01/instances/dataFrom/Product496;http://www4.wiwiss.fu-berlin.de/bizer/bsbm/v01/vocabulary/productFeature;http://www4.wiwiss.fu-berlin.de/bizer/bsbm/v01/instances/ProductFeature5101
http://www4.wiwiss.fu-berlin.de/bizer/bsbm/v01/instances/dataFrom/Product496;http://www4.wiwiss.fu-berlin.de/bizer/bsbm/v01/vocabulary/productFeature;http://www4.wiwiss.fu-berlin.de/bizer/bsbm/v01/instances/ProductFeature5101
http://www4.wiwiss.fu-berlin.de/bizer/bsbm/v01/instances/dataFrom/Product496;http://www4.wiwiss.fu-berlin.de/bizer/bsbm/v01/vocabulary/productFeature;http://www4.wiwiss.fu-berlin.de/bizer/bsbm/v01/instances/ProductFeature5101
http://www4.wiwiss.fu-berlin.de/bizer/bsbm/v01/instances/dataFrom/Product496;http://www4.wiwiss.fu-berlin.de/bizer/bsbm/v01/vocabulary/productFeature;http://www4.wiwiss.fu-berlin.de/bizer/bsbm/v01/instances/ProductFeature5101
http://www4.wiwiss.fu-berlin.de/bizer/bsbm/v01/instances/dataFrom/Product496;http://www4.wiwiss.fu-berlin.de/bizer/bsbm/v01/vocabulary/productFeature;http://www4.wiwiss.fu-berlin.de/bizer/bsbm/v01/instances/ProductFeature5101
http://www4.wiwiss.fu-berlin.de/bizer/bsbm/v01/instances/dataFrom/Product496;http://www4.wiwiss.fu-berlin.de/bizer/bsbm/v01/vocabulary/productFeature;http://www4.wiwiss.fu-berlin.de/bizer/bsbm/v01/instances/ProductFeature5101
http://www4.wiwiss.fu-berlin.de/bizer/bsbm/v01/instances/dataFrom/Product496;http://www4.wiwiss.fu-berlin.de/bizer/bsbm/v01/vocabulary/productFeature;http://www4.wiwiss.fu-berlin.de/bizer/bsbm/v01/instances/ProductFeature5101
http://www4.wiwiss.fu-berlin.de/bizer/bsbm/v01/instances/dataFrom/Product496;http://www4.wiwiss.fu-berlin.de/bizer/bsbm/v01/vocabulary/productFeature;http://www4.wiwiss.fu-berlin.de/bizer/bsbm/v01/instances/ProductFeature5101
http://www4.wiwiss.fu-berlin.de/bizer/bsbm/v01/instances/dataFrom/Product496;http://www4.wiwiss.fu-berlin.de/bizer/bsbm/v01/vocabulary/productFeature;http://www4.wiwiss.fu-berlin.de/bizer/bsbm/v01/instances/ProductFeature5101
http://www4.wiwiss.fu-berlin.de/bizer/bsbm/v01/instances/dataFrom/Product496;http://www4.wiwiss.fu-berlin.de/bizer/bsbm/v01/vocabulary/productFeature;http://www4.wiwiss.fu-berlin.de/bizer/bsbm/v01/instances/ProductFeature5111
http://www4.wiwiss.fu-berlin.de/bizer/bsbm/v01/instances/dataFrom/Product496;http://www4.wiwiss.fu-berlin.de/bizer/bsbm/v01/vocabulary/productFeature;http://www4.wiwiss.fu-berlin.de/bizer/bsbm/v01/instances/ProductFeature5111
http://www4.wiwiss.fu-berlin.de/bizer/bsbm/v01/instances/dataFrom/Product496;http://www4.wiwiss.fu-berlin.de/bizer/bsbm/v01/vocabulary/productFeature;http://www4.wiwiss.fu-berlin.de/bizer/bsbm/v01/instances/ProductFeature5111
http://www4.wiwiss.fu-berlin.de/bizer/bsbm/v01/instances/dataFrom/Product496;http://www4.wiwiss.fu-berlin.de/bizer/bsbm/v01/vocabulary/productFeature;http://www4.wiwiss.fu-berlin.de/bizer/bsbm/v01/instances/ProductFeature5111
http://www4.wiwiss.fu-berlin.de/bizer/bsbm/v01/instances/dataFrom/Product1154;http://www4.wiwiss.fu-berlin.de/bizer/bsbm/v01/vocabulary/productFeature;http://www4.wiwiss.fu-berlin.de/bizer/bsbm/v01/instances/ProductFeature5099
http://www4.wiwiss.fu-berlin.de/bizer/bsbm/v01/instances/dataFrom/Product1154;http://www4.wiwiss.fu-berlin.de/bizer/bsbm/v01/vocabulary/productFeature;http://www4.wiwiss.fu-berlin.de/bizer/bsbm/v01/instances/ProductFeature5099
http://www4.wiwiss.fu-berlin.de/bizer/bsbm/v01/instances/dataFrom/Product1154;http://www4.wiwiss.fu-berlin.de/bizer/bsbm/v01/vocabulary/productFeature;http://www4.wiwiss.fu-berlin.de/bizer/bsbm/v01/instances/ProductFeature5099
http://www4.wiwiss.fu-berlin.de/bizer/bsbm/v01/instances/dataFrom/Product1154;http://www4.wiwiss.fu-berlin.de/bizer/bsbm/v01/vocabulary/productFeature;http://www4.wiwiss.fu-berlin.de/bizer/bsbm/v01/instances/ProductFeature5099
http://www4.wiwiss.fu-berlin.de/bizer/bsbm/v01/instances/dataFrom/Product1154;http://www4.wiwiss.fu-berlin.de/bizer/bsbm/v01/vocabulary/productFeature;http://www4.wiwiss.fu-berlin.de/bizer/bsbm/v01/instances/ProductFeature5099
http://www4.wiwiss.fu-berlin.de/bizer/bsbm/v01/instances/dataFrom/Product1154;http://www4.wiwiss.fu-berlin.de/bizer/bsbm/v01/vocabulary/productFeature;http://www4.wiwiss.fu-berlin.de/bizer/bsbm/v01/instances/ProductFeature5099
http://www4.wiwiss.fu-berlin.de/bizer/bsbm/v01/instances/dataFrom/Product1154;http://www4.wiwiss.fu-berlin.de/bizer/bsbm/v01/vocabulary/productFeature;http://www4.wiwiss.fu-berlin.de/bizer/bsbm/v01/instances/ProductFeature5099
http://www4.wiwiss.fu-berlin.de/bizer/bsbm/v01/instances/dataFrom/Product1154;http://www4.wiwiss.fu-berlin.de/bizer/bsbm/v01/vocabulary/productFeature;http://www4.wiwiss.fu-berlin.de/bizer/bsbm/v01/instances/ProductFeature5099
http://www4.wiwiss.fu-berlin.de/bizer/bsbm/v01/instances/dataFrom/Product1154;http://www4.wiwiss.fu-berlin.de/bizer/bsbm/v01/vocabulary/productFeature;http://www4.wiwiss.fu-berlin.de/bizer/bsbm/v01/instances/ProductFeature5099
http://www4.wiwiss.fu-berlin.de/bizer/bsbm/v01/instances/dataFrom/Product1154;http://www4.wiwiss.fu-berlin.de/bizer/bsbm/v01/vocabulary/productFeature;http://www4.wiwiss.fu-berlin.de/bizer/bsbm/v01/instances/ProductFeature5101
http://www4.wiwiss.fu-berlin.de/bizer/bsbm/v01/instances/dataFrom/Product1154;http://www4.wiwiss.fu-berlin.de/bizer/bsbm/v01/vocabulary/productFeature;http://www4.wiwiss.fu-berlin.de/bizer/bsbm/v01/instances/ProductFeature5101
http://www4.wiwiss.fu-berlin.de/bizer/bsbm/v01/instances/dataFrom/Product1154;http://www4.wiwiss.fu-berlin.de/bizer/bsbm/v01/vocabulary/productFeature;http://www4.wiwiss.fu-berlin.de/bizer/bsbm/v01/instances/ProductFeature5101
http://www4.wiwiss.fu-berlin.de/bizer/bsbm/v01/instances/dataFrom/Product1154;http://www4.wiwiss.fu-berlin.de/bizer/bsbm/v01/vocabulary/productFeature;http://www4.wiwiss.fu-berlin.de/bizer/bsbm/v01/instances/ProductFeature5101
http://www4.wiwiss.fu-berlin.de/bizer/bsbm/v01/instances/dataFrom/Product1154;http://www4.wiwiss.fu-berlin.de/bizer/bsbm/v01/vocabulary/productFeature;http://www4.wiwiss.fu-berlin.de/bizer/bsbm/v01/instances/ProductFeature5101
http://www4.wiwiss.fu-berlin.de/bizer/bsbm/v01/instances/dataFrom/Product1154;http://www4.wiwiss.fu-berlin.de/bizer/bsbm/v01/vocabulary/productFeature;http://www4.wiwiss.fu-berlin.de/bizer/bsbm/v01/instances/ProductFeature5101
http://www4.wiwiss.fu-berlin.de/bizer/bsbm/v01/instances/dataFrom/Product1154;http://www4.wiwiss.fu-berlin.de/bizer/bsbm/v01/vocabulary/productFeature;http://www4.wiwiss.fu-berlin.de/bizer/bsbm/v01/instances/ProductFeature5101
http://www4.wiwiss.fu-berlin.de/bizer/bsbm/v01/instances/dataFrom/Product1154;http://www4.wiwiss.fu-berlin.de/bizer/bsbm/v01/vocabulary/productFeature;http://www4.wiwiss.fu-berlin.de/bizer/bsbm/v01/instances/ProductFeature5101
http://www4.wiwiss.fu-berlin.de/bizer/bsbm/v01/instances/dataFrom/Product1154;http://www4.wiwiss.fu-berlin.de/bizer/bsbm/v01/vocabulary/productFeature;http://www4.wiwiss.fu-berlin.de/bizer/bsbm/v01/instances/ProductFeature5101
http://www4.wiwiss.fu-berlin.de/bizer/bsbm/v01/instances/dataFrom/Product1154;http://www4.wiwiss.fu-berlin.de/bizer/bsbm/v01/vocabulary/productFeature;http://www4.wiwiss.fu-berlin.de/bizer/bsbm/v01/instances/ProductFeature5101
http://www4.wiwiss.fu-berlin.de/bizer/bsbm/v01/instances/dataFrom/Product1154;http://www4.wiwiss.fu-berlin.de/bizer/bsbm/v01/vocabulary/productFeature;http://www4.wiwiss.fu-berlin.de/bizer/bsbm/v01/instances/ProductFeature5101
http://www4.wiwiss.fu-berlin.de/bizer/bsbm/v01/instances/dataFrom/Product1154;http://www4.wiwiss.fu-berlin.de/bizer/bsbm/v01/vocabulary/productFeature;http://www4.wiwiss.fu-berlin.de/bizer/bsbm/v01/instances/ProductFeature5101
http://www4.wiwiss.fu-berlin.de/bizer/bsbm/v01/instances/dataFrom/Product1154;http://www4.wiwiss.fu-berlin.de/bizer/bsbm/v01/vocabulary/productFeature;http://www4.wiwiss.fu-berlin.de/bizer/bsbm/v01/instances/ProductFeature5111
http://www4.wiwiss.fu-berlin.de/bizer/bsbm/v01/instances/dataFrom/Product1154;http://www4.wiwiss.fu-berlin.de/bizer/bsbm/v01/vocabulary/productFeature;http://www4.wiwiss.fu-berlin.de/bizer/bsbm/v01/instances/ProductFeature5111
http://www4.wiwiss.fu-berlin.de/bizer/bsbm/v01/instances/dataFrom/Product1154;http://www4.wiwiss.fu-berlin.de/bizer/bsbm/v01/vocabulary/productFeature;http://www4.wiwiss.fu-berlin.de/bizer/bsbm/v01/instances/ProductFeature5111
http://www4.wiwiss.fu-berlin.de/bizer/bsbm/v01/instances/dataFrom/Product1154;http://www4.wiwiss.fu-berlin.de/bizer/bsbm/v01/vocabulary/productFeature;http://www4.wiwiss.fu-berlin.de/bizer/bsbm/v01/instances/ProductFeature5111
http://www4.wiwiss.fu-berlin.de/bizer/bsbm/v01/instances/dataFrom/Product6725;http://www4.wiwiss.fu-berlin.de/bizer/bsbm/v01/vocabulary/productFeature;http://www4.wiwiss.fu-berlin.de/bizer/bsbm/v01/instances/ProductFeature5099
http://www4.wiwiss.fu-berlin.de/bizer/bsbm/v01/instances/dataFrom/Product6725;http://www4.wiwiss.fu-berlin.de/bizer/bsbm/v01/vocabulary/productFeature;http://www4.wiwiss.fu-berlin.de/bizer/bsbm/v01/instances/ProductFeature5099
http://www4.wiwiss.fu-berlin.de/bizer/bsbm/v01/instances/dataFrom/Product6725;http://www4.wiwiss.fu-berlin.de/bizer/bsbm/v01/vocabulary/productFeature;http://www4.wiwiss.fu-berlin.de/bizer/bsbm/v01/instances/ProductFeature5099
http://www4.wiwiss.fu-berlin.de/bizer/bsbm/v01/instances/dataFrom/Product6725;http://www4.wiwiss.fu-berlin.de/bizer/bsbm/v01/vocabulary/productFeature;http://www4.wiwiss.fu-berlin.de/bizer/bsbm/v01/instances/ProductFeature5099
http://www4.wiwiss.fu-berlin.de/bizer/bsbm/v01/instances/dataFrom/Product6725;http://www4.wiwiss.fu-berlin.de/bizer/bsbm/v01/vocabulary/productFeature;http://www4.wiwiss.fu-berlin.de/bizer/bsbm/v01/instances/ProductFeature5099
http://www4.wiwiss.fu-berlin.de/bizer/bsbm/v01/instances/dataFrom/Product6725;http://www4.wiwiss.fu-berlin.de/bizer/bsbm/v01/vocabulary/productFeature;http://www4.wiwiss.fu-berlin.de/bizer/bsbm/v01/instances/ProductFeature5099
http://www4.wiwiss.fu-berlin.de/bizer/bsbm/v01/instances/dataFrom/Product6725;http://www4.wiwiss.fu-berlin.de/bizer/bsbm/v01/vocabulary/productFeature;http://www4.wiwiss.fu-berlin.de/bizer/bsbm/v01/instances/ProductFeature5099
http://www4.wiwiss.fu-berlin.de/bizer/bsbm/v01/instances/dataFrom/Product6725;http://www4.wiwiss.fu-berlin.de/bizer/bsbm/v01/vocabulary/productFeature;http://www4.wiwiss.fu-berlin.de/bizer/bsbm/v01/instances/ProductFeature5099
http://www4.wiwiss.fu-berlin.de/bizer/bsbm/v01/instances/dataFrom/Product6725;http://www4.wiwiss.fu-berlin.de/bizer/bsbm/v01/vocabulary/productFeature;http://www4.wiwiss.fu-berlin.de/bizer/bsbm/v01/instances/ProductFeature5099
http://www4.wiwiss.fu-berlin.de/bizer/bsbm/v01/instances/dataFrom/Product6725;http://www4.wiwiss.fu-berlin.de/bizer/bsbm/v01/vocabulary/productFeature;http://www4.wiwiss.fu-berlin.de/bizer/bsbm/v01/instances/ProductFeature5101
http://www4.wiwiss.fu-berlin.de/bizer/bsbm/v01/instances/dataFrom/Product6725;http://www4.wiwiss.fu-berlin.de/bizer/bsbm/v01/vocabulary/productFeature;http://www4.wiwiss.fu-berlin.de/bizer/bsbm/v01/instances/ProductFeature5101
http://www4.wiwiss.fu-berlin.de/bizer/bsbm/v01/instances/dataFrom/Product6725;http://www4.wiwiss.fu-berlin.de/bizer/bsbm/v01/vocabulary/productFeature;http://www4.wiwiss.fu-berlin.de/bizer/bsbm/v01/instances/ProductFeature5101
http://www4.wiwiss.fu-berlin.de/bizer/bsbm/v01/instances/dataFrom/Product6725;http://www4.wiwiss.fu-berlin.de/bizer/bsbm/v01/vocabulary/productFeature;http://www4.wiwiss.fu-berlin.de/bizer/bsbm/v01/instances/ProductFeature5101
http://www4.wiwiss.fu-berlin.de/bizer/bsbm/v01/instances/dataFrom/Product6725;http://www4.wiwiss.fu-berlin.de/bizer/bsbm/v01/vocabulary/productFeature;http://www4.wiwiss.fu-berlin.de/bizer/bsbm/v01/instances/ProductFeature5101
http://www4.wiwiss.fu-berlin.de/bizer/bsbm/v01/instances/dataFrom/Product6725;http://www4.wiwiss.fu-berlin.de/bizer/bsbm/v01/vocabulary/productFeature;http://www4.wiwiss.fu-berlin.de/bizer/bsbm/v01/instances/ProductFeature5101
http://www4.wiwiss.fu-berlin.de/bizer/bsbm/v01/instances/dataFrom/Product6725;http://www4.wiwiss.fu-berlin.de/bizer/bsbm/v01/vocabulary/productFeature;http://www4.wiwiss.fu-berlin.de/bizer/bsbm/v01/instances/ProductFeature5101
http://www4.wiwiss.fu-berlin.de/bizer/bsbm/v01/instances/dataFrom/Product6725;http://www4.wiwiss.fu-berlin.de/bizer/bsbm/v01/vocabulary/productFeature;http://www4.wiwiss.fu-berlin.de/bizer/bsbm/v01/instances/ProductFeature5101
http://www4.wiwiss.fu-berlin.de/bizer/bsbm/v01/instances/dataFrom/Product6725;http://www4.wiwiss.fu-berlin.de/bizer/bsbm/v01/vocabulary/productFeature;http://www4.wiwiss.fu-berlin.de/bizer/bsbm/v01/instances/ProductFeature5101
http://www4.wiwiss.fu-berlin.de/bizer/bsbm/v01/instances/dataFrom/Product6725;http://www4.wiwiss.fu-berlin.de/bizer/bsbm/v01/vocabulary/productFeature;http://www4.wiwiss.fu-berlin.de/bizer/bsbm/v01/instances/ProductFeature5101
http://www4.wiwiss.fu-berlin.de/bizer/bsbm/v01/instances/dataFrom/Product6725;http://www4.wiwiss.fu-berlin.de/bizer/bsbm/v01/vocabulary/productFeature;http://www4.wiwiss.fu-berlin.de/bizer/bsbm/v01/instances/ProductFeature5101
http://www4.wiwiss.fu-berlin.de/bizer/bsbm/v01/instances/dataFrom/Product6725;http://www4.wiwiss.fu-berlin.de/bizer/bsbm/v01/vocabulary/productFeature;http://www4.wiwiss.fu-berlin.de/bizer/bsbm/v01/instances/ProductFeature5101
http://www4.wiwiss.fu-berlin.de/bizer/bsbm/v01/instances/dataFrom/Product6725;http://www4.wiwiss.fu-berlin.de/bizer/bsbm/v01/vocabulary/productFeature;http://www4.wiwiss.fu-berlin.de/bizer/bsbm/v01/instances/ProductFeature5111
http://www4.wiwiss.fu-berlin.de/bizer/bsbm/v01/instances/dataFrom/Product6725;http://www4.wiwiss.fu-berlin.de/bizer/bsbm/v01/vocabulary/productFeature;http://www4.wiwiss.fu-berlin.de/bizer/bsbm/v01/instances/ProductFeature5111
http://www4.wiwiss.fu-berlin.de/bizer/bsbm/v01/instances/dataFrom/Product6725;http://www4.wiwiss.fu-berlin.de/bizer/bsbm/v01/vocabulary/productFeature;http://www4.wiwiss.fu-berlin.de/bizer/bsbm/v01/instances/ProductFeature5111
http://www4.wiwiss.fu-berlin.de/bizer/bsbm/v01/instances/dataFrom/Product6725;http://www4.wiwiss.fu-berlin.de/bizer/bsbm/v01/vocabulary/productFeature;http://www4.wiwiss.fu-berlin.de/bizer/bsbm/v01/instances/ProductFeature5111
http://www4.wiwiss.fu-berlin.de/bizer/bsbm/v01/instances/dataFrom/Product2284;http://www4.wiwiss.fu-berlin.de/bizer/bsbm/v01/vocabulary/productFeature;http://www4.wiwiss.fu-berlin.de/bizer/bsbm/v01/instances/ProductFeature5099
http://www4.wiwiss.fu-berlin.de/bizer/bsbm/v01/instances/dataFrom/Product2284;http://www4.wiwiss.fu-berlin.de/bizer/bsbm/v01/vocabulary/productFeature;http://www4.wiwiss.fu-berlin.de/bizer/bsbm/v01/instances/ProductFeature5099
http://www4.wiwiss.fu-berlin.de/bizer/bsbm/v01/instances/dataFrom/Product2284;http://www4.wiwiss.fu-berlin.de/bizer/bsbm/v01/vocabulary/productFeature;http://www4.wiwiss.fu-berlin.de/bizer/bsbm/v01/instances/ProductFeature5099
http://www4.wiwiss.fu-berlin.de/bizer/bsbm/v01/instances/dataFrom/Product2284;http://www4.wiwiss.fu-berlin.de/bizer/bsbm/v01/vocabulary/productFeature;http://www4.wiwiss.fu-berlin.de/bizer/bsbm/v01/instances/ProductFeature5099
http://www4.wiwiss.fu-berlin.de/bizer/bsbm/v01/instances/dataFrom/Product2284;http://www4.wiwiss.fu-berlin.de/bizer/bsbm/v01/vocabulary/productFeature;http://www4.wiwiss.fu-berlin.de/bizer/bsbm/v01/instances/ProductFeature5099
http://www4.wiwiss.fu-berlin.de/bizer/bsbm/v01/instances/dataFrom/Product2284;http://www4.wiwiss.fu-berlin.de/bizer/bsbm/v01/vocabulary/productFeature;http://www4.wiwiss.fu-berlin.de/bizer/bsbm/v01/instances/ProductFeature5099
http://www4.wiwiss.fu-berlin.de/bizer/bsbm/v01/instances/dataFrom/Product2284;http://www4.wiwiss.fu-berlin.de/bizer/bsbm/v01/vocabulary/productFeature;http://www4.wiwiss.fu-berlin.de/bizer/bsbm/v01/instances/ProductFeature5099
http://www4.wiwiss.fu-berlin.de/bizer/bsbm/v01/instances/dataFrom/Product2284;http://www4.wiwiss.fu-berlin.de/bizer/bsbm/v01/vocabulary/productFeature;http://www4.wiwiss.fu-berlin.de/bizer/bsbm/v01/instances/ProductFeature5099
http://www4.wiwiss.fu-berlin.de/bizer/bsbm/v01/instances/dataFrom/Product2284;http://www4.wiwiss.fu-berlin.de/bizer/bsbm/v01/vocabulary/productFeature;http://www4.wiwiss.fu-berlin.de/bizer/bsbm/v01/instances/ProductFeature5099
http://www4.wiwiss.fu-berlin.de/bizer/bsbm/v01/instances/dataFrom/Product2284;http://www4.wiwiss.fu-berlin.de/bizer/bsbm/v01/vocabulary/productFeature;http://www4.wiwiss.fu-berlin.de/bizer/bsbm/v01/instances/ProductFeature5101
http://www4.wiwiss.fu-berlin.de/bizer/bsbm/v01/instances/dataFrom/Product2284;http://www4.wiwiss.fu-berlin.de/bizer/bsbm/v01/vocabulary/productFeature;http://www4.wiwiss.fu-berlin.de/bizer/bsbm/v01/instances/ProductFeature5101
http://www4.wiwiss.fu-berlin.de/bizer/bsbm/v01/instances/dataFrom/Product2284;http://www4.wiwiss.fu-berlin.de/bizer/bsbm/v01/vocabulary/productFeature;http://www4.wiwiss.fu-berlin.de/bizer/bsbm/v01/instances/ProductFeature5101
http://www4.wiwiss.fu-berlin.de/bizer/bsbm/v01/instances/dataFrom/Product2284;http://www4.wiwiss.fu-berlin.de/bizer/bsbm/v01/vocabulary/productFeature;http://www4.wiwiss.fu-berlin.de/bizer/bsbm/v01/instances/ProductFeature5101
http://www4.wiwiss.fu-berlin.de/bizer/bsbm/v01/instances/dataFrom/Product2284;http://www4.wiwiss.fu-berlin.de/bizer/bsbm/v01/vocabulary/productFeature;http://www4.wiwiss.fu-berlin.de/bizer/bsbm/v01/instances/ProductFeature5101
http://www4.wiwiss.fu-berlin.de/bizer/bsbm/v01/instances/dataFrom/Product2284;http://www4.wiwiss.fu-berlin.de/bizer/bsbm/v01/vocabulary/productFeature;http://www4.wiwiss.fu-berlin.de/bizer/bsbm/v01/instances/ProductFeature5101
http://www4.wiwiss.fu-berlin.de/bizer/bsbm/v01/instances/dataFrom/Product2284;http://www4.wiwiss.fu-berlin.de/bizer/bsbm/v01/vocabulary/productFeature;http://www4.wiwiss.fu-berlin.de/bizer/bsbm/v01/instances/ProductFeature5101
http://www4.wiwiss.fu-berlin.de/bizer/bsbm/v01/instances/dataFrom/Product2284;http://www4.wiwiss.fu-berlin.de/bizer/bsbm/v01/vocabulary/productFeature;http://www4.wiwiss.fu-berlin.de/bizer/bsbm/v01/instances/ProductFeature5101
http://www4.wiwiss.fu-berlin.de/bizer/bsbm/v01/instances/dataFrom/Product2284;http://www4.wiwiss.fu-berlin.de/bizer/bsbm/v01/vocabulary/productFeature;http://www4.wiwiss.fu-berlin.de/bizer/bsbm/v01/instances/ProductFeature5101
http://www4.wiwiss.fu-berlin.de/bizer/bsbm/v01/instances/dataFrom/Product2284;http://www4.wiwiss.fu-berlin.de/bizer/bsbm/v01/vocabulary/productFeature;http://www4.wiwiss.fu-berlin.de/bizer/bsbm/v01/instances/ProductFeature5101
http://www4.wiwiss.fu-berlin.de/bizer/bsbm/v01/instances/dataFrom/Product2284;http://www4.wiwiss.fu-berlin.de/bizer/bsbm/v01/vocabulary/productFeature;http://www4.wiwiss.fu-berlin.de/bizer/bsbm/v01/instances/ProductFeature5101
http://www4.wiwiss.fu-berlin.de/bizer/bsbm/v01/instances/dataFrom/Product2284;http://www4.wiwiss.fu-berlin.de/bizer/bsbm/v01/vocabulary/productFeature;http://www4.wiwiss.fu-berlin.de/bizer/bsbm/v01/instances/ProductFeature5101
http://www4.wiwiss.fu-berlin.de/bizer/bsbm/v01/instances/dataFrom/Product2284;http://www4.wiwiss.fu-berlin.de/bizer/bsbm/v01/vocabulary/productFeature;http://www4.wiwiss.fu-berlin.de/bizer/bsbm/v01/instances/ProductFeature5111
http://www4.wiwiss.fu-berlin.de/bizer/bsbm/v01/instances/dataFrom/Product2284;http://www4.wiwiss.fu-berlin.de/bizer/bsbm/v01/vocabulary/productFeature;http://www4.wiwiss.fu-berlin.de/bizer/bsbm/v01/instances/ProductFeature5111
http://www4.wiwiss.fu-berlin.de/bizer/bsbm/v01/instances/dataFrom/Product2284;http://www4.wiwiss.fu-berlin.de/bizer/bsbm/v01/vocabulary/productFeature;http://www4.wiwiss.fu-berlin.de/bizer/bsbm/v01/instances/ProductFeature5111
http://www4.wiwiss.fu-berlin.de/bizer/bsbm/v01/instances/dataFrom/Product2284;http://www4.wiwiss.fu-berlin.de/bizer/bsbm/v01/vocabulary/productFeature;http://www4.wiwiss.fu-berlin.de/bizer/bsbm/v01/instances/ProductFeature5111
http://www4.wiwiss.fu-berlin.de/bizer/bsbm/v01/instances/dataFrom/Product7102;http://www4.wiwiss.fu-berlin.de/bizer/bsbm/v01/vocabulary/productFeature;http://www4.wiwiss.fu-berlin.de/bizer/bsbm/v01/instances/ProductFeature5099
http://www4.wiwiss.fu-berlin.de/bizer/bsbm/v01/instances/dataFrom/Product7102;http://www4.wiwiss.fu-berlin.de/bizer/bsbm/v01/vocabulary/productFeature;http://www4.wiwiss.fu-berlin.de/bizer/bsbm/v01/instances/ProductFeature5099
http://www4.wiwiss.fu-berlin.de/bizer/bsbm/v01/instances/dataFrom/Product7102;http://www4.wiwiss.fu-berlin.de/bizer/bsbm/v01/vocabulary/productFeature;http://www4.wiwiss.fu-berlin.de/bizer/bsbm/v01/instances/ProductFeature5099
http://www4.wiwiss.fu-berlin.de/bizer/bsbm/v01/instances/dataFrom/Product7102;http://www4.wiwiss.fu-berlin.de/bizer/bsbm/v01/vocabulary/productFeature;http://www4.wiwiss.fu-berlin.de/bizer/bsbm/v01/instances/ProductFeature5099
http://www4.wiwiss.fu-berlin.de/bizer/bsbm/v01/instances/dataFrom/Product7102;http://www4.wiwiss.fu-berlin.de/bizer/bsbm/v01/vocabulary/productFeature;http://www4.wiwiss.fu-berlin.de/bizer/bsbm/v01/instances/ProductFeature5099
http://www4.wiwiss.fu-berlin.de/bizer/bsbm/v01/instances/dataFrom/Product7102;http://www4.wiwiss.fu-berlin.de/bizer/bsbm/v01/vocabulary/productFeature;http://www4.wiwiss.fu-berlin.de/bizer/bsbm/v01/instances/ProductFeature5099
http://www4.wiwiss.fu-berlin.de/bizer/bsbm/v01/instances/dataFrom/Product7102;http://www4.wiwiss.fu-berlin.de/bizer/bsbm/v01/vocabulary/productFeature;http://www4.wiwiss.fu-berlin.de/bizer/bsbm/v01/instances/ProductFeature5099
http://www4.wiwiss.fu-berlin.de/bizer/bsbm/v01/instances/dataFrom/Product7102;http://www4.wiwiss.fu-berlin.de/bizer/bsbm/v01/vocabulary/productFeature;http://www4.wiwiss.fu-berlin.de/bizer/bsbm/v01/instances/ProductFeature5099
http://www4.wiwiss.fu-berlin.de/bizer/bsbm/v01/instances/dataFrom/Product7102;http://www4.wiwiss.fu-berlin.de/bizer/bsbm/v01/vocabulary/productFeature;http://www4.wiwiss.fu-berlin.de/bizer/bsbm/v01/instances/ProductFeature5099
http://www4.wiwiss.fu-berlin.de/bizer/bsbm/v01/instances/dataFrom/Product7102;http://www4.wiwiss.fu-berlin.de/bizer/bsbm/v01/vocabulary/productFeature;http://www4.wiwiss.fu-berlin.de/bizer/bsbm/v01/instances/ProductFeature5101
http://www4.wiwiss.fu-berlin.de/bizer/bsbm/v01/instances/dataFrom/Product7102;http://www4.wiwiss.fu-berlin.de/bizer/bsbm/v01/vocabulary/productFeature;http://www4.wiwiss.fu-berlin.de/bizer/bsbm/v01/instances/ProductFeature5101
http://www4.wiwiss.fu-berlin.de/bizer/bsbm/v01/instances/dataFrom/Product7102;http://www4.wiwiss.fu-berlin.de/bizer/bsbm/v01/vocabulary/productFeature;http://www4.wiwiss.fu-berlin.de/bizer/bsbm/v01/instances/ProductFeature5101
http://www4.wiwiss.fu-berlin.de/bizer/bsbm/v01/instances/dataFrom/Product7102;http://www4.wiwiss.fu-berlin.de/bizer/bsbm/v01/vocabulary/productFeature;http://www4.wiwiss.fu-berlin.de/bizer/bsbm/v01/instances/ProductFeature5101
http://www4.wiwiss.fu-berlin.de/bizer/bsbm/v01/instances/dataFrom/Product7102;http://www4.wiwiss.fu-berlin.de/bizer/bsbm/v01/vocabulary/productFeature;http://www4.wiwiss.fu-berlin.de/bizer/bsbm/v01/instances/ProductFeature5101
http://www4.wiwiss.fu-berlin.de/bizer/bsbm/v01/instances/dataFrom/Product7102;http://www4.wiwiss.fu-berlin.de/bizer/bsbm/v01/vocabulary/productFeature;http://www4.wiwiss.fu-berlin.de/bizer/bsbm/v01/instances/ProductFeature5101
http://www4.wiwiss.fu-berlin.de/bizer/bsbm/v01/instances/dataFrom/Product7102;http://www4.wiwiss.fu-berlin.de/bizer/bsbm/v01/vocabulary/productFeature;http://www4.wiwiss.fu-berlin.de/bizer/bsbm/v01/instances/ProductFeature5101
http://www4.wiwiss.fu-berlin.de/bizer/bsbm/v01/instances/dataFrom/Product7102;http://www4.wiwiss.fu-berlin.de/bizer/bsbm/v01/vocabulary/productFeature;http://www4.wiwiss.fu-berlin.de/bizer/bsbm/v01/instances/ProductFeature5101
http://www4.wiwiss.fu-berlin.de/bizer/bsbm/v01/instances/dataFrom/Product7102;http://www4.wiwiss.fu-berlin.de/bizer/bsbm/v01/vocabulary/productFeature;http://www4.wiwiss.fu-berlin.de/bizer/bsbm/v01/instances/ProductFeature5101
http://www4.wiwiss.fu-berlin.de/bizer/bsbm/v01/instances/dataFrom/Product7102;http://www4.wiwiss.fu-berlin.de/bizer/bsbm/v01/vocabulary/productFeature;http://www4.wiwiss.fu-berlin.de/bizer/bsbm/v01/instances/ProductFeature5101
http://www4.wiwiss.fu-berlin.de/bizer/bsbm/v01/instances/dataFrom/Product7102;http://www4.wiwiss.fu-berlin.de/bizer/bsbm/v01/vocabulary/productFeature;http://www4.wiwiss.fu-berlin.de/bizer/bsbm/v01/instances/ProductFeature5101
http://www4.wiwiss.fu-berlin.de/bizer/bsbm/v01/instances/dataFrom/Product7102;http://www4.wiwiss.fu-berlin.de/bizer/bsbm/v01/vocabulary/productFeature;http://www4.wiwiss.fu-berlin.de/bizer/bsbm/v01/instances/ProductFeature5101
http://www4.wiwiss.fu-berlin.de/bizer/bsbm/v01/instances/dataFrom/Product7102;http://www4.wiwiss.fu-berlin.de/bizer/bsbm/v01/vocabulary/productFeature;http://www4.wiwiss.fu-berlin.de/bizer/bsbm/v01/instances/ProductFeature5111
http://www4.wiwiss.fu-berlin.de/bizer/bsbm/v01/instances/dataFrom/Product7102;http://www4.wiwiss.fu-berlin.de/bizer/bsbm/v01/vocabulary/productFeature;http://www4.wiwiss.fu-berlin.de/bizer/bsbm/v01/instances/ProductFeature5111
http://www4.wiwiss.fu-berlin.de/bizer/bsbm/v01/instances/dataFrom/Product7102;http://www4.wiwiss.fu-berlin.de/bizer/bsbm/v01/vocabulary/productFeature;http://www4.wiwiss.fu-berlin.de/bizer/bsbm/v01/instances/ProductFeature5111
http://www4.wiwiss.fu-berlin.de/bizer/bsbm/v01/instances/dataFrom/Product7102;http://www4.wiwiss.fu-berlin.de/bizer/bsbm/v01/vocabulary/productFeature;http://www4.wiwiss.fu-berlin.de/bizer/bsbm/v01/instances/ProductFeature5111
http://www4.wiwiss.fu-berlin.de/bizer/bsbm/v01/instances/dataFrom/Product8476;http://www4.wiwiss.fu-berlin.de/bizer/bsbm/v01/vocabulary/productFeature;http://www4.wiwiss.fu-berlin.de/bizer/bsbm/v01/instances/ProductFeature5099
http://www4.wiwiss.fu-berlin.de/bizer/bsbm/v01/instances/dataFrom/Product8476;http://www4.wiwiss.fu-berlin.de/bizer/bsbm/v01/vocabulary/productFeature;http://www4.wiwiss.fu-berlin.de/bizer/bsbm/v01/instances/ProductFeature5099
http://www4.wiwiss.fu-berlin.de/bizer/bsbm/v01/instances/dataFrom/Product8476;http://www4.wiwiss.fu-berlin.de/bizer/bsbm/v01/vocabulary/productFeature;http://www4.wiwiss.fu-berlin.de/bizer/bsbm/v01/instances/ProductFeature5099
http://www4.wiwiss.fu-berlin.de/bizer/bsbm/v01/instances/dataFrom/Product8476;http://www4.wiwiss.fu-berlin.de/bizer/bsbm/v01/vocabulary/productFeature;http://www4.wiwiss.fu-berlin.de/bizer/bsbm/v01/instances/ProductFeature5099
http://www4.wiwiss.fu-berlin.de/bizer/bsbm/v01/instances/dataFrom/Product8476;http://www4.wiwiss.fu-berlin.de/bizer/bsbm/v01/vocabulary/productFeature;http://www4.wiwiss.fu-berlin.de/bizer/bsbm/v01/instances/ProductFeature5099
http://www4.wiwiss.fu-berlin.de/bizer/bsbm/v01/instances/dataFrom/Product8476;http://www4.wiwiss.fu-berlin.de/bizer/bsbm/v01/vocabulary/productFeature;http://www4.wiwiss.fu-berlin.de/bizer/bsbm/v01/instances/ProductFeature5099
http://www4.wiwiss.fu-berlin.de/bizer/bsbm/v01/instances/dataFrom/Product8476;http://www4.wiwiss.fu-berlin.de/bizer/bsbm/v01/vocabulary/productFeature;http://www4.wiwiss.fu-berlin.de/bizer/bsbm/v01/instances/ProductFeature5099
http://www4.wiwiss.fu-berlin.de/bizer/bsbm/v01/instances/dataFrom/Product8476;http://www4.wiwiss.fu-berlin.de/bizer/bsbm/v01/vocabulary/productFeature;http://www4.wiwiss.fu-berlin.de/bizer/bsbm/v01/instances/ProductFeature5099
http://www4.wiwiss.fu-berlin.de/bizer/bsbm/v01/instances/dataFrom/Product8476;http://www4.wiwiss.fu-berlin.de/bizer/bsbm/v01/vocabulary/productFeature;http://www4.wiwiss.fu-berlin.de/bizer/bsbm/v01/instances/ProductFeature5099
http://www4.wiwiss.fu-berlin.de/bizer/bsbm/v01/instances/dataFrom/Product8476;http://www4.wiwiss.fu-berlin.de/bizer/bsbm/v01/vocabulary/productFeature;http://www4.wiwiss.fu-berlin.de/bizer/bsbm/v01/instances/ProductFeature5101
http://www4.wiwiss.fu-berlin.de/bizer/bsbm/v01/instances/dataFrom/Product8476;http://www4.wiwiss.fu-berlin.de/bizer/bsbm/v01/vocabulary/productFeature;http://www4.wiwiss.fu-berlin.de/bizer/bsbm/v01/instances/ProductFeature5101
http://www4.wiwiss.fu-berlin.de/bizer/bsbm/v01/instances/dataFrom/Product8476;http://www4.wiwiss.fu-berlin.de/bizer/bsbm/v01/vocabulary/productFeature;http://www4.wiwiss.fu-berlin.de/bizer/bsbm/v01/instances/ProductFeature5101
http://www4.wiwiss.fu-berlin.de/bizer/bsbm/v01/instances/dataFrom/Product8476;http://www4.wiwiss.fu-berlin.de/bizer/bsbm/v01/vocabulary/productFeature;http://www4.wiwiss.fu-berlin.de/bizer/bsbm/v01/instances/ProductFeature5101
http://www4.wiwiss.fu-berlin.de/bizer/bsbm/v01/instances/dataFrom/Product8476;http://www4.wiwiss.fu-berlin.de/bizer/bsbm/v01/vocabulary/productFeature;http://www4.wiwiss.fu-berlin.de/bizer/bsbm/v01/instances/ProductFeature5101
http://www4.wiwiss.fu-berlin.de/bizer/bsbm/v01/instances/dataFrom/Product8476;http://www4.wiwiss.fu-berlin.de/bizer/bsbm/v01/vocabulary/productFeature;http://www4.wiwiss.fu-berlin.de/bizer/bsbm/v01/instances/ProductFeature5101
http://www4.wiwiss.fu-berlin.de/bizer/bsbm/v01/instances/dataFrom/Product8476;http://www4.wiwiss.fu-berlin.de/bizer/bsbm/v01/vocabulary/productFeature;http://www4.wiwiss.fu-berlin.de/bizer/bsbm/v01/instances/ProductFeature5101
http://www4.wiwiss.fu-berlin.de/bizer/bsbm/v01/instances/dataFrom/Product8476;http://www4.wiwiss.fu-berlin.de/bizer/bsbm/v01/vocabulary/productFeature;http://www4.wiwiss.fu-berlin.de/bizer/bsbm/v01/instances/ProductFeature5101
http://www4.wiwiss.fu-berlin.de/bizer/bsbm/v01/instances/dataFrom/Product8476;http://www4.wiwiss.fu-berlin.de/bizer/bsbm/v01/vocabulary/productFeature;http://www4.wiwiss.fu-berlin.de/bizer/bsbm/v01/instances/ProductFeature5101
http://www4.wiwiss.fu-berlin.de/bizer/bsbm/v01/instances/dataFrom/Product8476;http://www4.wiwiss.fu-berlin.de/bizer/bsbm/v01/vocabulary/productFeature;http://www4.wiwiss.fu-berlin.de/bizer/bsbm/v01/instances/ProductFeature5101
http://www4.wiwiss.fu-berlin.de/bizer/bsbm/v01/instances/dataFrom/Product8476;http://www4.wiwiss.fu-berlin.de/bizer/bsbm/v01/vocabulary/productFeature;http://www4.wiwiss.fu-berlin.de/bizer/bsbm/v01/instances/ProductFeature5101
http://www4.wiwiss.fu-berlin.de/bizer/bsbm/v01/instances/dataFrom/Product8476;http://www4.wiwiss.fu-berlin.de/bizer/bsbm/v01/vocabulary/productFeature;http://www4.wiwiss.fu-berlin.de/bizer/bsbm/v01/instances/ProductFeature5101
http://www4.wiwiss.fu-berlin.de/bizer/bsbm/v01/instances/dataFrom/Product8476;http://www4.wiwiss.fu-berlin.de/bizer/bsbm/v01/vocabulary/productFeature;http://www4.wiwiss.fu-berlin.de/bizer/bsbm/v01/instances/ProductFeature5111
http://www4.wiwiss.fu-berlin.de/bizer/bsbm/v01/instances/dataFrom/Product8476;http://www4.wiwiss.fu-berlin.de/bizer/bsbm/v01/vocabulary/productFeature;http://www4.wiwiss.fu-berlin.de/bizer/bsbm/v01/instances/ProductFeature5111
http://www4.wiwiss.fu-berlin.de/bizer/bsbm/v01/instances/dataFrom/Product8476;http://www4.wiwiss.fu-berlin.de/bizer/bsbm/v01/vocabulary/productFeature;http://www4.wiwiss.fu-berlin.de/bizer/bsbm/v01/instances/ProductFeature5111
http://www4.wiwiss.fu-berlin.de/bizer/bsbm/v01/instances/dataFrom/Product8476;http://www4.wiwiss.fu-berlin.de/bizer/bsbm/v01/vocabulary/productFeature;http://www4.wiwiss.fu-berlin.de/bizer/bsbm/v01/instances/ProductFeature5111
http://www4.wiwiss.fu-berlin.de/bizer/bsbm/v01/instances/dataFrom/Product3317;http://www4.wiwiss.fu-berlin.de/bizer/bsbm/v01/vocabulary/productFeature;http://www4.wiwiss.fu-berlin.de/bizer/bsbm/v01/instances/ProductFeature5099
http://www4.wiwiss.fu-berlin.de/bizer/bsbm/v01/instances/dataFrom/Product3317;http://www4.wiwiss.fu-berlin.de/bizer/bsbm/v01/vocabulary/productFeature;http://www4.wiwiss.fu-berlin.de/bizer/bsbm/v01/instances/ProductFeature5099
http://www4.wiwiss.fu-berlin.de/bizer/bsbm/v01/instances/dataFrom/Product3317;http://www4.wiwiss.fu-berlin.de/bizer/bsbm/v01/vocabulary/productFeature;http://www4.wiwiss.fu-berlin.de/bizer/bsbm/v01/instances/ProductFeature5099
http://www4.wiwiss.fu-berlin.de/bizer/bsbm/v01/instances/dataFrom/Product3317;http://www4.wiwiss.fu-berlin.de/bizer/bsbm/v01/vocabulary/productFeature;http://www4.wiwiss.fu-berlin.de/bizer/bsbm/v01/instances/ProductFeature5099
http://www4.wiwiss.fu-berlin.de/bizer/bsbm/v01/instances/dataFrom/Product3317;http://www4.wiwiss.fu-berlin.de/bizer/bsbm/v01/vocabulary/productFeature;http://www4.wiwiss.fu-berlin.de/bizer/bsbm/v01/instances/ProductFeature5099
http://www4.wiwiss.fu-berlin.de/bizer/bsbm/v01/instances/dataFrom/Product3317;http://www4.wiwiss.fu-berlin.de/bizer/bsbm/v01/vocabulary/productFeature;http://www4.wiwiss.fu-berlin.de/bizer/bsbm/v01/instances/ProductFeature5099
http://www4.wiwiss.fu-berlin.de/bizer/bsbm/v01/instances/dataFrom/Product3317;http://www4.wiwiss.fu-berlin.de/bizer/bsbm/v01/vocabulary/productFeature;http://www4.wiwiss.fu-berlin.de/bizer/bsbm/v01/instances/ProductFeature5099
http://www4.wiwiss.fu-berlin.de/bizer/bsbm/v01/instances/dataFrom/Product3317;http://www4.wiwiss.fu-berlin.de/bizer/bsbm/v01/vocabulary/productFeature;http://www4.wiwiss.fu-berlin.de/bizer/bsbm/v01/instances/ProductFeature5099
http://www4.wiwiss.fu-berlin.de/bizer/bsbm/v01/instances/dataFrom/Product3317;http://www4.wiwiss.fu-berlin.de/bizer/bsbm/v01/vocabulary/productFeature;http://www4.wiwiss.fu-berlin.de/bizer/bsbm/v01/instances/ProductFeature5099
http://www4.wiwiss.fu-berlin.de/bizer/bsbm/v01/instances/dataFrom/Product3317;http://www4.wiwiss.fu-berlin.de/bizer/bsbm/v01/vocabulary/productFeature;http://www4.wiwiss.fu-berlin.de/bizer/bsbm/v01/instances/ProductFeature5101
http://www4.wiwiss.fu-berlin.de/bizer/bsbm/v01/instances/dataFrom/Product3317;http://www4.wiwiss.fu-berlin.de/bizer/bsbm/v01/vocabulary/productFeature;http://www4.wiwiss.fu-berlin.de/bizer/bsbm/v01/instances/ProductFeature5101
http://www4.wiwiss.fu-berlin.de/bizer/bsbm/v01/instances/dataFrom/Product3317;http://www4.wiwiss.fu-berlin.de/bizer/bsbm/v01/vocabulary/productFeature;http://www4.wiwiss.fu-berlin.de/bizer/bsbm/v01/instances/ProductFeature5101
http://www4.wiwiss.fu-berlin.de/bizer/bsbm/v01/instances/dataFrom/Product3317;http://www4.wiwiss.fu-berlin.de/bizer/bsbm/v01/vocabulary/productFeature;http://www4.wiwiss.fu-berlin.de/bizer/bsbm/v01/instances/ProductFeature5101
http://www4.wiwiss.fu-berlin.de/bizer/bsbm/v01/instances/dataFrom/Product3317;http://www4.wiwiss.fu-berlin.de/bizer/bsbm/v01/vocabulary/productFeature;http://www4.wiwiss.fu-berlin.de/bizer/bsbm/v01/instances/ProductFeature5101
http://www4.wiwiss.fu-berlin.de/bizer/bsbm/v01/instances/dataFrom/Product3317;http://www4.wiwiss.fu-berlin.de/bizer/bsbm/v01/vocabulary/productFeature;http://www4.wiwiss.fu-berlin.de/bizer/bsbm/v01/instances/ProductFeature5101
http://www4.wiwiss.fu-berlin.de/bizer/bsbm/v01/instances/dataFrom/Product3317;http://www4.wiwiss.fu-berlin.de/bizer/bsbm/v01/vocabulary/productFeature;http://www4.wiwiss.fu-berlin.de/bizer/bsbm/v01/instances/ProductFeature5101
http://www4.wiwiss.fu-berlin.de/bizer/bsbm/v01/instances/dataFrom/Product3317;http://www4.wiwiss.fu-berlin.de/bizer/bsbm/v01/vocabulary/productFeature;http://www4.wiwiss.fu-berlin.de/bizer/bsbm/v01/instances/ProductFeature5101
http://www4.wiwiss.fu-berlin.de/bizer/bsbm/v01/instances/dataFrom/Product3317;http://www4.wiwiss.fu-berlin.de/bizer/bsbm/v01/vocabulary/productFeature;http://www4.wiwiss.fu-berlin.de/bizer/bsbm/v01/instances/ProductFeature5101
http://www4.wiwiss.fu-berlin.de/bizer/bsbm/v01/instances/dataFrom/Product3317;http://www4.wiwiss.fu-berlin.de/bizer/bsbm/v01/vocabulary/productFeature;http://www4.wiwiss.fu-berlin.de/bizer/bsbm/v01/instances/ProductFeature5101
http://www4.wiwiss.fu-berlin.de/bizer/bsbm/v01/instances/dataFrom/Product3317;http://www4.wiwiss.fu-berlin.de/bizer/bsbm/v01/vocabulary/productFeature;http://www4.wiwiss.fu-berlin.de/bizer/bsbm/v01/instances/ProductFeature5101
http://www4.wiwiss.fu-berlin.de/bizer/bsbm/v01/instances/dataFrom/Product3317;http://www4.wiwiss.fu-berlin.de/bizer/bsbm/v01/vocabulary/productFeature;http://www4.wiwiss.fu-berlin.de/bizer/bsbm/v01/instances/ProductFeature5101
http://www4.wiwiss.fu-berlin.de/bizer/bsbm/v01/instances/dataFrom/Product3317;http://www4.wiwiss.fu-berlin.de/bizer/bsbm/v01/vocabulary/productFeature;http://www4.wiwiss.fu-berlin.de/bizer/bsbm/v01/instances/ProductFeature5111
http://www4.wiwiss.fu-berlin.de/bizer/bsbm/v01/instances/dataFrom/Product3317;http://www4.wiwiss.fu-berlin.de/bizer/bsbm/v01/vocabulary/productFeature;http://www4.wiwiss.fu-berlin.de/bizer/bsbm/v01/instances/ProductFeature5111
http://www4.wiwiss.fu-berlin.de/bizer/bsbm/v01/instances/dataFrom/Product3317;http://www4.wiwiss.fu-berlin.de/bizer/bsbm/v01/vocabulary/productFeature;http://www4.wiwiss.fu-berlin.de/bizer/bsbm/v01/instances/ProductFeature5111
http://www4.wiwiss.fu-berlin.de/bizer/bsbm/v01/instances/dataFrom/Product3317;http://www4.wiwiss.fu-berlin.de/bizer/bsbm/v01/vocabulary/productFeature;http://www4.wiwiss.fu-berlin.de/bizer/bsbm/v01/instances/ProductFeature5111
http://www4.wiwiss.fu-berlin.de/bizer/bsbm/v01/instances/dataFrom/Product3916;http://www4.wiwiss.fu-berlin.de/bizer/bsbm/v01/vocabulary/productFeature;http://www4.wiwiss.fu-berlin.de/bizer/bsbm/v01/instances/ProductFeature5099
http://www4.wiwiss.fu-berlin.de/bizer/bsbm/v01/instances/dataFrom/Product3916;http://www4.wiwiss.fu-berlin.de/bizer/bsbm/v01/vocabulary/productFeature;http://www4.wiwiss.fu-berlin.de/bizer/bsbm/v01/instances/ProductFeature5099
http://www4.wiwiss.fu-berlin.de/bizer/bsbm/v01/instances/dataFrom/Product3916;http://www4.wiwiss.fu-berlin.de/bizer/bsbm/v01/vocabulary/productFeature;http://www4.wiwiss.fu-berlin.de/bizer/bsbm/v01/instances/ProductFeature5099
http://www4.wiwiss.fu-berlin.de/bizer/bsbm/v01/instances/dataFrom/Product3916;http://www4.wiwiss.fu-berlin.de/bizer/bsbm/v01/vocabulary/productFeature;http://www4.wiwiss.fu-berlin.de/bizer/bsbm/v01/instances/ProductFeature5099
http://www4.wiwiss.fu-berlin.de/bizer/bsbm/v01/instances/dataFrom/Product3916;http://www4.wiwiss.fu-berlin.de/bizer/bsbm/v01/vocabulary/productFeature;http://www4.wiwiss.fu-berlin.de/bizer/bsbm/v01/instances/ProductFeature5099
http://www4.wiwiss.fu-berlin.de/bizer/bsbm/v01/instances/dataFrom/Product3916;http://www4.wiwiss.fu-berlin.de/bizer/bsbm/v01/vocabulary/productFeature;http://www4.wiwiss.fu-berlin.de/bizer/bsbm/v01/instances/ProductFeature5099
http://www4.wiwiss.fu-berlin.de/bizer/bsbm/v01/instances/dataFrom/Product3916;http://www4.wiwiss.fu-berlin.de/bizer/bsbm/v01/vocabulary/productFeature;http://www4.wiwiss.fu-berlin.de/bizer/bsbm/v01/instances/ProductFeature5099
http://www4.wiwiss.fu-berlin.de/bizer/bsbm/v01/instances/dataFrom/Product3916;http://www4.wiwiss.fu-berlin.de/bizer/bsbm/v01/vocabulary/productFeature;http://www4.wiwiss.fu-berlin.de/bizer/bsbm/v01/instances/ProductFeature5099
http://www4.wiwiss.fu-berlin.de/bizer/bsbm/v01/instances/dataFrom/Product3916;http://www4.wiwiss.fu-berlin.de/bizer/bsbm/v01/vocabulary/productFeature;http://www4.wiwiss.fu-berlin.de/bizer/bsbm/v01/instances/ProductFeature5099
http://www4.wiwiss.fu-berlin.de/bizer/bsbm/v01/instances/dataFrom/Product3916;http://www4.wiwiss.fu-berlin.de/bizer/bsbm/v01/vocabulary/productFeature;http://www4.wiwiss.fu-berlin.de/bizer/bsbm/v01/instances/ProductFeature5101
http://www4.wiwiss.fu-berlin.de/bizer/bsbm/v01/instances/dataFrom/Product3916;http://www4.wiwiss.fu-berlin.de/bizer/bsbm/v01/vocabulary/productFeature;http://www4.wiwiss.fu-berlin.de/bizer/bsbm/v01/instances/ProductFeature5101
http://www4.wiwiss.fu-berlin.de/bizer/bsbm/v01/instances/dataFrom/Product3916;http://www4.wiwiss.fu-berlin.de/bizer/bsbm/v01/vocabulary/productFeature;http://www4.wiwiss.fu-berlin.de/bizer/bsbm/v01/instances/ProductFeature5101
http://www4.wiwiss.fu-berlin.de/bizer/bsbm/v01/instances/dataFrom/Product3916;http://www4.wiwiss.fu-berlin.de/bizer/bsbm/v01/vocabulary/productFeature;http://www4.wiwiss.fu-berlin.de/bizer/bsbm/v01/instances/ProductFeature5101
http://www4.wiwiss.fu-berlin.de/bizer/bsbm/v01/instances/dataFrom/Product3916;http://www4.wiwiss.fu-berlin.de/bizer/bsbm/v01/vocabulary/productFeature;http://www4.wiwiss.fu-berlin.de/bizer/bsbm/v01/instances/ProductFeature5101
http://www4.wiwiss.fu-berlin.de/bizer/bsbm/v01/instances/dataFrom/Product3916;http://www4.wiwiss.fu-berlin.de/bizer/bsbm/v01/vocabulary/productFeature;http://www4.wiwiss.fu-berlin.de/bizer/bsbm/v01/instances/ProductFeature5101
http://www4.wiwiss.fu-berlin.de/bizer/bsbm/v01/instances/dataFrom/Product3916;http://www4.wiwiss.fu-berlin.de/bizer/bsbm/v01/vocabulary/productFeature;http://www4.wiwiss.fu-berlin.de/bizer/bsbm/v01/instances/ProductFeature5101
http://www4.wiwiss.fu-berlin.de/bizer/bsbm/v01/instances/dataFrom/Product3916;http://www4.wiwiss.fu-berlin.de/bizer/bsbm/v01/vocabulary/productFeature;http://www4.wiwiss.fu-berlin.de/bizer/bsbm/v01/instances/ProductFeature5101
http://www4.wiwiss.fu-berlin.de/bizer/bsbm/v01/instances/dataFrom/Product3916;http://www4.wiwiss.fu-berlin.de/bizer/bsbm/v01/vocabulary/productFeature;http://www4.wiwiss.fu-berlin.de/bizer/bsbm/v01/instances/ProductFeature5101
http://www4.wiwiss.fu-berlin.de/bizer/bsbm/v01/instances/dataFrom/Product3916;http://www4.wiwiss.fu-berlin.de/bizer/bsbm/v01/vocabulary/productFeature;http://www4.wiwiss.fu-berlin.de/bizer/bsbm/v01/instances/ProductFeature5101
http://www4.wiwiss.fu-berlin.de/bizer/bsbm/v01/instances/dataFrom/Product3916;http://www4.wiwiss.fu-berlin.de/bizer/bsbm/v01/vocabulary/productFeature;http://www4.wiwiss.fu-berlin.de/bizer/bsbm/v01/instances/ProductFeature5101
http://www4.wiwiss.fu-berlin.de/bizer/bsbm/v01/instances/dataFrom/Product3916;http://www4.wiwiss.fu-berlin.de/bizer/bsbm/v01/vocabulary/productFeature;http://www4.wiwiss.fu-berlin.de/bizer/bsbm/v01/instances/ProductFeature5101
http://www4.wiwiss.fu-berlin.de/bizer/bsbm/v01/instances/dataFrom/Product3916;http://www4.wiwiss.fu-berlin.de/bizer/bsbm/v01/vocabulary/productFeature;http://www4.wiwiss.fu-berlin.de/bizer/bsbm/v01/instances/ProductFeature5111
http://www4.wiwiss.fu-berlin.de/bizer/bsbm/v01/instances/dataFrom/Product3916;http://www4.wiwiss.fu-berlin.de/bizer/bsbm/v01/vocabulary/productFeature;http://www4.wiwiss.fu-berlin.de/bizer/bsbm/v01/instances/ProductFeature5111
http://www4.wiwiss.fu-berlin.de/bizer/bsbm/v01/instances/dataFrom/Product3916;http://www4.wiwiss.fu-berlin.de/bizer/bsbm/v01/vocabulary/productFeature;http://www4.wiwiss.fu-berlin.de/bizer/bsbm/v01/instances/ProductFeature5111
http://www4.wiwiss.fu-berlin.de/bizer/bsbm/v01/instances/dataFrom/Product3916;http://www4.wiwiss.fu-berlin.de/bizer/bsbm/v01/vocabulary/productFeature;http://www4.wiwiss.fu-berlin.de/bizer/bsbm/v01/instances/ProductFeature5111
http://www4.wiwiss.fu-berlin.de/bizer/bsbm/v01/instances/dataFrom/Product4796;http://www4.wiwiss.fu-berlin.de/bizer/bsbm/v01/vocabulary/productFeature;http://www4.wiwiss.fu-berlin.de/bizer/bsbm/v01/instances/ProductFeature5099
http://www4.wiwiss.fu-berlin.de/bizer/bsbm/v01/instances/dataFrom/Product4796;http://www4.wiwiss.fu-berlin.de/bizer/bsbm/v01/vocabulary/productFeature;http://www4.wiwiss.fu-berlin.de/bizer/bsbm/v01/instances/ProductFeature5099
http://www4.wiwiss.fu-berlin.de/bizer/bsbm/v01/instances/dataFrom/Product4796;http://www4.wiwiss.fu-berlin.de/bizer/bsbm/v01/vocabulary/productFeature;http://www4.wiwiss.fu-berlin.de/bizer/bsbm/v01/instances/ProductFeature5099
http://www4.wiwiss.fu-berlin.de/bizer/bsbm/v01/instances/dataFrom/Product4796;http://www4.wiwiss.fu-berlin.de/bizer/bsbm/v01/vocabulary/productFeature;http://www4.wiwiss.fu-berlin.de/bizer/bsbm/v01/instances/ProductFeature5099
http://www4.wiwiss.fu-berlin.de/bizer/bsbm/v01/instances/dataFrom/Product4796;http://www4.wiwiss.fu-berlin.de/bizer/bsbm/v01/vocabulary/productFeature;http://www4.wiwiss.fu-berlin.de/bizer/bsbm/v01/instances/ProductFeature5099
http://www4.wiwiss.fu-berlin.de/bizer/bsbm/v01/instances/dataFrom/Product4796;http://www4.wiwiss.fu-berlin.de/bizer/bsbm/v01/vocabulary/productFeature;http://www4.wiwiss.fu-berlin.de/bizer/bsbm/v01/instances/ProductFeature5099
http://www4.wiwiss.fu-berlin.de/bizer/bsbm/v01/instances/dataFrom/Product4796;http://www4.wiwiss.fu-berlin.de/bizer/bsbm/v01/vocabulary/productFeature;http://www4.wiwiss.fu-berlin.de/bizer/bsbm/v01/instances/ProductFeature5099
http://www4.wiwiss.fu-berlin.de/bizer/bsbm/v01/instances/dataFrom/Product4796;http://www4.wiwiss.fu-berlin.de/bizer/bsbm/v01/vocabulary/productFeature;http://www4.wiwiss.fu-berlin.de/bizer/bsbm/v01/instances/ProductFeature5099
http://www4.wiwiss.fu-berlin.de/bizer/bsbm/v01/instances/dataFrom/Product4796;http://www4.wiwiss.fu-berlin.de/bizer/bsbm/v01/vocabulary/productFeature;http://www4.wiwiss.fu-berlin.de/bizer/bsbm/v01/instances/ProductFeature5099
http://www4.wiwiss.fu-berlin.de/bizer/bsbm/v01/instances/dataFrom/Product4796;http://www4.wiwiss.fu-berlin.de/bizer/bsbm/v01/vocabulary/productFeature;http://www4.wiwiss.fu-berlin.de/bizer/bsbm/v01/instances/ProductFeature5101
http://www4.wiwiss.fu-berlin.de/bizer/bsbm/v01/instances/dataFrom/Product4796;http://www4.wiwiss.fu-berlin.de/bizer/bsbm/v01/vocabulary/productFeature;http://www4.wiwiss.fu-berlin.de/bizer/bsbm/v01/instances/ProductFeature5101
http://www4.wiwiss.fu-berlin.de/bizer/bsbm/v01/instances/dataFrom/Product4796;http://www4.wiwiss.fu-berlin.de/bizer/bsbm/v01/vocabulary/productFeature;http://www4.wiwiss.fu-berlin.de/bizer/bsbm/v01/instances/ProductFeature5101
http://www4.wiwiss.fu-berlin.de/bizer/bsbm/v01/instances/dataFrom/Product4796;http://www4.wiwiss.fu-berlin.de/bizer/bsbm/v01/vocabulary/productFeature;http://www4.wiwiss.fu-berlin.de/bizer/bsbm/v01/instances/ProductFeature5101
http://www4.wiwiss.fu-berlin.de/bizer/bsbm/v01/instances/dataFrom/Product4796;http://www4.wiwiss.fu-berlin.de/bizer/bsbm/v01/vocabulary/productFeature;http://www4.wiwiss.fu-berlin.de/bizer/bsbm/v01/instances/ProductFeature5101
http://www4.wiwiss.fu-berlin.de/bizer/bsbm/v01/instances/dataFrom/Product4796;http://www4.wiwiss.fu-berlin.de/bizer/bsbm/v01/vocabulary/productFeature;http://www4.wiwiss.fu-berlin.de/bizer/bsbm/v01/instances/ProductFeature5101
http://www4.wiwiss.fu-berlin.de/bizer/bsbm/v01/instances/dataFrom/Product4796;http://www4.wiwiss.fu-berlin.de/bizer/bsbm/v01/vocabulary/productFeature;http://www4.wiwiss.fu-berlin.de/bizer/bsbm/v01/instances/ProductFeature5101
http://www4.wiwiss.fu-berlin.de/bizer/bsbm/v01/instances/dataFrom/Product4796;http://www4.wiwiss.fu-berlin.de/bizer/bsbm/v01/vocabulary/productFeature;http://www4.wiwiss.fu-berlin.de/bizer/bsbm/v01/instances/ProductFeature5101
http://www4.wiwiss.fu-berlin.de/bizer/bsbm/v01/instances/dataFrom/Product4796;http://www4.wiwiss.fu-berlin.de/bizer/bsbm/v01/vocabulary/productFeature;http://www4.wiwiss.fu-berlin.de/bizer/bsbm/v01/instances/ProductFeature5101
http://www4.wiwiss.fu-berlin.de/bizer/bsbm/v01/instances/dataFrom/Product4796;http://www4.wiwiss.fu-berlin.de/bizer/bsbm/v01/vocabulary/productFeature;http://www4.wiwiss.fu-berlin.de/bizer/bsbm/v01/instances/ProductFeature5101
http://www4.wiwiss.fu-berlin.de/bizer/bsbm/v01/instances/dataFrom/Product4796;http://www4.wiwiss.fu-berlin.de/bizer/bsbm/v01/vocabulary/productFeature;http://www4.wiwiss.fu-berlin.de/bizer/bsbm/v01/instances/ProductFeature5101
http://www4.wiwiss.fu-berlin.de/bizer/bsbm/v01/instances/dataFrom/Product4796;http://www4.wiwiss.fu-berlin.de/bizer/bsbm/v01/vocabulary/productFeature;http://www4.wiwiss.fu-berlin.de/bizer/bsbm/v01/instances/ProductFeature5101
http://www4.wiwiss.fu-berlin.de/bizer/bsbm/v01/instances/dataFrom/Product4796;http://www4.wiwiss.fu-berlin.de/bizer/bsbm/v01/vocabulary/productFeature;http://www4.wiwiss.fu-berlin.de/bizer/bsbm/v01/instances/ProductFeature5111
http://www4.wiwiss.fu-berlin.de/bizer/bsbm/v01/instances/dataFrom/Product4796;http://www4.wiwiss.fu-berlin.de/bizer/bsbm/v01/vocabulary/productFeature;http://www4.wiwiss.fu-berlin.de/bizer/bsbm/v01/instances/ProductFeature5111
http://www4.wiwiss.fu-berlin.de/bizer/bsbm/v01/instances/dataFrom/Product4796;http://www4.wiwiss.fu-berlin.de/bizer/bsbm/v01/vocabulary/productFeature;http://www4.wiwiss.fu-berlin.de/bizer/bsbm/v01/instances/ProductFeature5111
http://www4.wiwiss.fu-berlin.de/bizer/bsbm/v01/instances/dataFrom/Product4796;http://www4.wiwiss.fu-berlin.de/bizer/bsbm/v01/vocabulary/productFeature;http://www4.wiwiss.fu-berlin.de/bizer/bsbm/v01/instances/ProductFeature5111
http://www4.wiwiss.fu-berlin.de/bizer/bsbm/v01/instances/dataFrom/Product7045;http://www4.wiwiss.fu-berlin.de/bizer/bsbm/v01/vocabulary/productFeature;http://www4.wiwiss.fu-berlin.de/bizer/bsbm/v01/instances/ProductFeature5099
http://www4.wiwiss.fu-berlin.de/bizer/bsbm/v01/instances/dataFrom/Product7045;http://www4.wiwiss.fu-berlin.de/bizer/bsbm/v01/vocabulary/productFeature;http://www4.wiwiss.fu-berlin.de/bizer/bsbm/v01/instances/ProductFeature5099
http://www4.wiwiss.fu-berlin.de/bizer/bsbm/v01/instances/dataFrom/Product7045;http://www4.wiwiss.fu-berlin.de/bizer/bsbm/v01/vocabulary/productFeature;http://www4.wiwiss.fu-berlin.de/bizer/bsbm/v01/instances/ProductFeature5099
http://www4.wiwiss.fu-berlin.de/bizer/bsbm/v01/instances/dataFrom/Product7045;http://www4.wiwiss.fu-berlin.de/bizer/bsbm/v01/vocabulary/productFeature;http://www4.wiwiss.fu-berlin.de/bizer/bsbm/v01/instances/ProductFeature5099
http://www4.wiwiss.fu-berlin.de/bizer/bsbm/v01/instances/dataFrom/Product7045;http://www4.wiwiss.fu-berlin.de/bizer/bsbm/v01/vocabulary/productFeature;http://www4.wiwiss.fu-berlin.de/bizer/bsbm/v01/instances/ProductFeature5099
http://www4.wiwiss.fu-berlin.de/bizer/bsbm/v01/instances/dataFrom/Product7045;http://www4.wiwiss.fu-berlin.de/bizer/bsbm/v01/vocabulary/productFeature;http://www4.wiwiss.fu-berlin.de/bizer/bsbm/v01/instances/ProductFeature5099
http://www4.wiwiss.fu-berlin.de/bizer/bsbm/v01/instances/dataFrom/Product7045;http://www4.wiwiss.fu-berlin.de/bizer/bsbm/v01/vocabulary/productFeature;http://www4.wiwiss.fu-berlin.de/bizer/bsbm/v01/instances/ProductFeature5099
http://www4.wiwiss.fu-berlin.de/bizer/bsbm/v01/instances/dataFrom/Product7045;http://www4.wiwiss.fu-berlin.de/bizer/bsbm/v01/vocabulary/productFeature;http://www4.wiwiss.fu-berlin.de/bizer/bsbm/v01/instances/ProductFeature5099
http://www4.wiwiss.fu-berlin.de/bizer/bsbm/v01/instances/dataFrom/Product7045;http://www4.wiwiss.fu-berlin.de/bizer/bsbm/v01/vocabulary/productFeature;http://www4.wiwiss.fu-berlin.de/bizer/bsbm/v01/instances/ProductFeature5099
http://www4.wiwiss.fu-berlin.de/bizer/bsbm/v01/instances/dataFrom/Product7045;http://www4.wiwiss.fu-berlin.de/bizer/bsbm/v01/vocabulary/productFeature;http://www4.wiwiss.fu-berlin.de/bizer/bsbm/v01/instances/ProductFeature5101
http://www4.wiwiss.fu-berlin.de/bizer/bsbm/v01/instances/dataFrom/Product7045;http://www4.wiwiss.fu-berlin.de/bizer/bsbm/v01/vocabulary/productFeature;http://www4.wiwiss.fu-berlin.de/bizer/bsbm/v01/instances/ProductFeature5101
http://www4.wiwiss.fu-berlin.de/bizer/bsbm/v01/instances/dataFrom/Product7045;http://www4.wiwiss.fu-berlin.de/bizer/bsbm/v01/vocabulary/productFeature;http://www4.wiwiss.fu-berlin.de/bizer/bsbm/v01/instances/ProductFeature5101
http://www4.wiwiss.fu-berlin.de/bizer/bsbm/v01/instances/dataFrom/Product7045;http://www4.wiwiss.fu-berlin.de/bizer/bsbm/v01/vocabulary/productFeature;http://www4.wiwiss.fu-berlin.de/bizer/bsbm/v01/instances/ProductFeature5101
http://www4.wiwiss.fu-berlin.de/bizer/bsbm/v01/instances/dataFrom/Product7045;http://www4.wiwiss.fu-berlin.de/bizer/bsbm/v01/vocabulary/productFeature;http://www4.wiwiss.fu-berlin.de/bizer/bsbm/v01/instances/ProductFeature5101
http://www4.wiwiss.fu-berlin.de/bizer/bsbm/v01/instances/dataFrom/Product7045;http://www4.wiwiss.fu-berlin.de/bizer/bsbm/v01/vocabulary/productFeature;http://www4.wiwiss.fu-berlin.de/bizer/bsbm/v01/instances/ProductFeature5101
http://www4.wiwiss.fu-berlin.de/bizer/bsbm/v01/instances/dataFrom/Product7045;http://www4.wiwiss.fu-berlin.de/bizer/bsbm/v01/vocabulary/productFeature;http://www4.wiwiss.fu-berlin.de/bizer/bsbm/v01/instances/ProductFeature5101
http://www4.wiwiss.fu-berlin.de/bizer/bsbm/v01/instances/dataFrom/Product7045;http://www4.wiwiss.fu-berlin.de/bizer/bsbm/v01/vocabulary/productFeature;http://www4.wiwiss.fu-berlin.de/bizer/bsbm/v01/instances/ProductFeature5101
http://www4.wiwiss.fu-berlin.de/bizer/bsbm/v01/instances/dataFrom/Product7045;http://www4.wiwiss.fu-berlin.de/bizer/bsbm/v01/vocabulary/productFeature;http://www4.wiwiss.fu-berlin.de/bizer/bsbm/v01/instances/ProductFeature5101
http://www4.wiwiss.fu-berlin.de/bizer/bsbm/v01/instances/dataFrom/Product7045;http://www4.wiwiss.fu-berlin.de/bizer/bsbm/v01/vocabulary/productFeature;http://www4.wiwiss.fu-berlin.de/bizer/bsbm/v01/instances/ProductFeature5101
http://www4.wiwiss.fu-berlin.de/bizer/bsbm/v01/instances/dataFrom/Product7045;http://www4.wiwiss.fu-berlin.de/bizer/bsbm/v01/vocabulary/productFeature;http://www4.wiwiss.fu-berlin.de/bizer/bsbm/v01/instances/ProductFeature5101
http://www4.wiwiss.fu-berlin.de/bizer/bsbm/v01/instances/dataFrom/Product7045;http://www4.wiwiss.fu-berlin.de/bizer/bsbm/v01/vocabulary/productFeature;http://www4.wiwiss.fu-berlin.de/bizer/bsbm/v01/instances/ProductFeature5101
http://www4.wiwiss.fu-berlin.de/bizer/bsbm/v01/instances/dataFrom/Product7045;http://www4.wiwiss.fu-berlin.de/bizer/bsbm/v01/vocabulary/productFeature;http://www4.wiwiss.fu-berlin.de/bizer/bsbm/v01/instances/ProductFeature5111
http://www4.wiwiss.fu-berlin.de/bizer/bsbm/v01/instances/dataFrom/Product7045;http://www4.wiwiss.fu-berlin.de/bizer/bsbm/v01/vocabulary/productFeature;http://www4.wiwiss.fu-berlin.de/bizer/bsbm/v01/instances/ProductFeature5111
http://www4.wiwiss.fu-berlin.de/bizer/bsbm/v01/instances/dataFrom/Product7045;http://www4.wiwiss.fu-berlin.de/bizer/bsbm/v01/vocabulary/productFeature;http://www4.wiwiss.fu-berlin.de/bizer/bsbm/v01/instances/ProductFeature5111
http://www4.wiwiss.fu-berlin.de/bizer/bsbm/v01/instances/dataFrom/Product7045;http://www4.wiwiss.fu-berlin.de/bizer/bsbm/v01/vocabulary/productFeature;http://www4.wiwiss.fu-berlin.de/bizer/bsbm/v01/instances/ProductFeature5111
http://www4.wiwiss.fu-berlin.de/bizer/bsbm/v01/instances/dataFrom/Product6966;http://www4.wiwiss.fu-berlin.de/bizer/bsbm/v01/vocabulary/productFeature;http://www4.wiwiss.fu-berlin.de/bizer/bsbm/v01/instances/ProductFeature5099
http://www4.wiwiss.fu-berlin.de/bizer/bsbm/v01/instances/dataFrom/Product6966;http://www4.wiwiss.fu-berlin.de/bizer/bsbm/v01/vocabulary/productFeature;http://www4.wiwiss.fu-berlin.de/bizer/bsbm/v01/instances/ProductFeature5099
http://www4.wiwiss.fu-berlin.de/bizer/bsbm/v01/instances/dataFrom/Product6966;http://www4.wiwiss.fu-berlin.de/bizer/bsbm/v01/vocabulary/productFeature;http://www4.wiwiss.fu-berlin.de/bizer/bsbm/v01/instances/ProductFeature5099
http://www4.wiwiss.fu-berlin.de/bizer/bsbm/v01/instances/dataFrom/Product6966;http://www4.wiwiss.fu-berlin.de/bizer/bsbm/v01/vocabulary/productFeature;http://www4.wiwiss.fu-berlin.de/bizer/bsbm/v01/instances/ProductFeature5099
http://www4.wiwiss.fu-berlin.de/bizer/bsbm/v01/instances/dataFrom/Product6966;http://www4.wiwiss.fu-berlin.de/bizer/bsbm/v01/vocabulary/productFeature;http://www4.wiwiss.fu-berlin.de/bizer/bsbm/v01/instances/ProductFeature5099
http://www4.wiwiss.fu-berlin.de/bizer/bsbm/v01/instances/dataFrom/Product6966;http://www4.wiwiss.fu-berlin.de/bizer/bsbm/v01/vocabulary/productFeature;http://www4.wiwiss.fu-berlin.de/bizer/bsbm/v01/instances/ProductFeature5099
http://www4.wiwiss.fu-berlin.de/bizer/bsbm/v01/instances/dataFrom/Product6966;http://www4.wiwiss.fu-berlin.de/bizer/bsbm/v01/vocabulary/productFeature;http://www4.wiwiss.fu-berlin.de/bizer/bsbm/v01/instances/ProductFeature5099
http://www4.wiwiss.fu-berlin.de/bizer/bsbm/v01/instances/dataFrom/Product6966;http://www4.wiwiss.fu-berlin.de/bizer/bsbm/v01/vocabulary/productFeature;http://www4.wiwiss.fu-berlin.de/bizer/bsbm/v01/instances/ProductFeature5099
http://www4.wiwiss.fu-berlin.de/bizer/bsbm/v01/instances/dataFrom/Product6966;http://www4.wiwiss.fu-berlin.de/bizer/bsbm/v01/vocabulary/productFeature;http://www4.wiwiss.fu-berlin.de/bizer/bsbm/v01/instances/ProductFeature5099
http://www4.wiwiss.fu-berlin.de/bizer/bsbm/v01/instances/dataFrom/Product6966;http://www4.wiwiss.fu-berlin.de/bizer/bsbm/v01/vocabulary/productFeature;http://www4.wiwiss.fu-berlin.de/bizer/bsbm/v01/instances/ProductFeature5101
http://www4.wiwiss.fu-berlin.de/bizer/bsbm/v01/instances/dataFrom/Product6966;http://www4.wiwiss.fu-berlin.de/bizer/bsbm/v01/vocabulary/productFeature;http://www4.wiwiss.fu-berlin.de/bizer/bsbm/v01/instances/ProductFeature5101
http://www4.wiwiss.fu-berlin.de/bizer/bsbm/v01/instances/dataFrom/Product6966;http://www4.wiwiss.fu-berlin.de/bizer/bsbm/v01/vocabulary/productFeature;http://www4.wiwiss.fu-berlin.de/bizer/bsbm/v01/instances/ProductFeature5101
http://www4.wiwiss.fu-berlin.de/bizer/bsbm/v01/instances/dataFrom/Product6966;http://www4.wiwiss.fu-berlin.de/bizer/bsbm/v01/vocabulary/productFeature;http://www4.wiwiss.fu-berlin.de/bizer/bsbm/v01/instances/ProductFeature5101
http://www4.wiwiss.fu-berlin.de/bizer/bsbm/v01/instances/dataFrom/Product6966;http://www4.wiwiss.fu-berlin.de/bizer/bsbm/v01/vocabulary/productFeature;http://www4.wiwiss.fu-berlin.de/bizer/bsbm/v01/instances/ProductFeature5101
http://www4.wiwiss.fu-berlin.de/bizer/bsbm/v01/instances/dataFrom/Product6966;http://www4.wiwiss.fu-berlin.de/bizer/bsbm/v01/vocabulary/productFeature;http://www4.wiwiss.fu-berlin.de/bizer/bsbm/v01/instances/ProductFeature5101
http://www4.wiwiss.fu-berlin.de/bizer/bsbm/v01/instances/dataFrom/Product6966;http://www4.wiwiss.fu-berlin.de/bizer/bsbm/v01/vocabulary/productFeature;http://www4.wiwiss.fu-berlin.de/bizer/bsbm/v01/instances/ProductFeature5101
http://www4.wiwiss.fu-berlin.de/bizer/bsbm/v01/instances/dataFrom/Product6966;http://www4.wiwiss.fu-berlin.de/bizer/bsbm/v01/vocabulary/productFeature;http://www4.wiwiss.fu-berlin.de/bizer/bsbm/v01/instances/ProductFeature5101
http://www4.wiwiss.fu-berlin.de/bizer/bsbm/v01/instances/dataFrom/Product6966;http://www4.wiwiss.fu-berlin.de/bizer/bsbm/v01/vocabulary/productFeature;http://www4.wiwiss.fu-berlin.de/bizer/bsbm/v01/instances/ProductFeature5101
http://www4.wiwiss.fu-berlin.de/bizer/bsbm/v01/instances/dataFrom/Product6966;http://www4.wiwiss.fu-berlin.de/bizer/bsbm/v01/vocabulary/productFeature;http://www4.wiwiss.fu-berlin.de/bizer/bsbm/v01/instances/ProductFeature5101
http://www4.wiwiss.fu-berlin.de/bizer/bsbm/v01/instances/dataFrom/Product6966;http://www4.wiwiss.fu-berlin.de/bizer/bsbm/v01/vocabulary/productFeature;http://www4.wiwiss.fu-berlin.de/bizer/bsbm/v01/instances/ProductFeature5101
http://www4.wiwiss.fu-berlin.de/bizer/bsbm/v01/instances/dataFrom/Product6966;http://www4.wiwiss.fu-berlin.de/bizer/bsbm/v01/vocabulary/productFeature;http://www4.wiwiss.fu-berlin.de/bizer/bsbm/v01/instances/ProductFeature5101
http://www4.wiwiss.fu-berlin.de/bizer/bsbm/v01/instances/dataFrom/Product6966;http://www4.wiwiss.fu-berlin.de/bizer/bsbm/v01/vocabulary/productFeature;http://www4.wiwiss.fu-berlin.de/bizer/bsbm/v01/instances/ProductFeature5111
http://www4.wiwiss.fu-berlin.de/bizer/bsbm/v01/instances/dataFrom/Product6966;http://www4.wiwiss.fu-berlin.de/bizer/bsbm/v01/vocabulary/productFeature;http://www4.wiwiss.fu-berlin.de/bizer/bsbm/v01/instances/ProductFeature5111
http://www4.wiwiss.fu-berlin.de/bizer/bsbm/v01/instances/dataFrom/Product6966;http://www4.wiwiss.fu-berlin.de/bizer/bsbm/v01/vocabulary/productFeature;http://www4.wiwiss.fu-berlin.de/bizer/bsbm/v01/instances/ProductFeature5111
http://www4.wiwiss.fu-berlin.de/bizer/bsbm/v01/instances/dataFrom/Product6966;http://www4.wiwiss.fu-berlin.de/bizer/bsbm/v01/vocabulary/productFeature;http://www4.wiwiss.fu-berlin.de/bizer/bsbm/v01/instances/ProductFeature5111
http://www4.wiwiss.fu-berlin.de/bizer/bsbm/v01/instances/dataFrom/Product114;http://www4.wiwiss.fu-berlin.de/bizer/bsbm/v01/vocabulary/productFeature;http://www4.wiwiss.fu-berlin.de/bizer/bsbm/v01/instances/ProductFeature5099
http://www4.wiwiss.fu-berlin.de/bizer/bsbm/v01/instances/dataFrom/Product114;http://www4.wiwiss.fu-berlin.de/bizer/bsbm/v01/vocabulary/productFeature;http://www4.wiwiss.fu-berlin.de/bizer/bsbm/v01/instances/ProductFeature5099
http://www4.wiwiss.fu-berlin.de/bizer/bsbm/v01/instances/dataFrom/Product114;http://www4.wiwiss.fu-berlin.de/bizer/bsbm/v01/vocabulary/productFeature;http://www4.wiwiss.fu-berlin.de/bizer/bsbm/v01/instances/ProductFeature5099
http://www4.wiwiss.fu-berlin.de/bizer/bsbm/v01/instances/dataFrom/Product114;http://www4.wiwiss.fu-berlin.de/bizer/bsbm/v01/vocabulary/productFeature;http://www4.wiwiss.fu-berlin.de/bizer/bsbm/v01/instances/ProductFeature5099
http://www4.wiwiss.fu-berlin.de/bizer/bsbm/v01/instances/dataFrom/Product114;http://www4.wiwiss.fu-berlin.de/bizer/bsbm/v01/vocabulary/productFeature;http://www4.wiwiss.fu-berlin.de/bizer/bsbm/v01/instances/ProductFeature5099
http://www4.wiwiss.fu-berlin.de/bizer/bsbm/v01/instances/dataFrom/Product114;http://www4.wiwiss.fu-berlin.de/bizer/bsbm/v01/vocabulary/productFeature;http://www4.wiwiss.fu-berlin.de/bizer/bsbm/v01/instances/ProductFeature5099
http://www4.wiwiss.fu-berlin.de/bizer/bsbm/v01/instances/dataFrom/Product114;http://www4.wiwiss.fu-berlin.de/bizer/bsbm/v01/vocabulary/productFeature;http://www4.wiwiss.fu-berlin.de/bizer/bsbm/v01/instances/ProductFeature5099
http://www4.wiwiss.fu-berlin.de/bizer/bsbm/v01/instances/dataFrom/Product114;http://www4.wiwiss.fu-berlin.de/bizer/bsbm/v01/vocabulary/productFeature;http://www4.wiwiss.fu-berlin.de/bizer/bsbm/v01/instances/ProductFeature5099
http://www4.wiwiss.fu-berlin.de/bizer/bsbm/v01/instances/dataFrom/Product114;http://www4.wiwiss.fu-berlin.de/bizer/bsbm/v01/vocabulary/productFeature;http://www4.wiwiss.fu-berlin.de/bizer/bsbm/v01/instances/ProductFeature5099
http://www4.wiwiss.fu-berlin.de/bizer/bsbm/v01/instances/dataFrom/Product114;http://www4.wiwiss.fu-berlin.de/bizer/bsbm/v01/vocabulary/productFeature;http://www4.wiwiss.fu-berlin.de/bizer/bsbm/v01/instances/ProductFeature5101
http://www4.wiwiss.fu-berlin.de/bizer/bsbm/v01/instances/dataFrom/Product114;http://www4.wiwiss.fu-berlin.de/bizer/bsbm/v01/vocabulary/productFeature;http://www4.wiwiss.fu-berlin.de/bizer/bsbm/v01/instances/ProductFeature5101
http://www4.wiwiss.fu-berlin.de/bizer/bsbm/v01/instances/dataFrom/Product114;http://www4.wiwiss.fu-berlin.de/bizer/bsbm/v01/vocabulary/productFeature;http://www4.wiwiss.fu-berlin.de/bizer/bsbm/v01/instances/ProductFeature5101
http://www4.wiwiss.fu-berlin.de/bizer/bsbm/v01/instances/dataFrom/Product114;http://www4.wiwiss.fu-berlin.de/bizer/bsbm/v01/vocabulary/productFeature;http://www4.wiwiss.fu-berlin.de/bizer/bsbm/v01/instances/ProductFeature5101
http://www4.wiwiss.fu-berlin.de/bizer/bsbm/v01/instances/dataFrom/Product114;http://www4.wiwiss.fu-berlin.de/bizer/bsbm/v01/vocabulary/productFeature;http://www4.wiwiss.fu-berlin.de/bizer/bsbm/v01/instances/ProductFeature5101
http://www4.wiwiss.fu-berlin.de/bizer/bsbm/v01/instances/dataFrom/Product114;http://www4.wiwiss.fu-berlin.de/bizer/bsbm/v01/vocabulary/productFeature;http://www4.wiwiss.fu-berlin.de/bizer/bsbm/v01/instances/ProductFeature5101
http://www4.wiwiss.fu-berlin.de/bizer/bsbm/v01/instances/dataFrom/Product114;http://www4.wiwiss.fu-berlin.de/bizer/bsbm/v01/vocabulary/productFeature;http://www4.wiwiss.fu-berlin.de/bizer/bsbm/v01/instances/ProductFeature5101
http://www4.wiwiss.fu-berlin.de/bizer/bsbm/v01/instances/dataFrom/Product114;http://www4.wiwiss.fu-berlin.de/bizer/bsbm/v01/vocabulary/productFeature;http://www4.wiwiss.fu-berlin.de/bizer/bsbm/v01/instances/ProductFeature5101
http://www4.wiwiss.fu-berlin.de/bizer/bsbm/v01/instances/dataFrom/Product114;http://www4.wiwiss.fu-berlin.de/bizer/bsbm/v01/vocabulary/productFeature;http://www4.wiwiss.fu-berlin.de/bizer/bsbm/v01/instances/ProductFeature5101
http://www4.wiwiss.fu-berlin.de/bizer/bsbm/v01/instances/dataFrom/Product114;http://www4.wiwiss.fu-berlin.de/bizer/bsbm/v01/vocabulary/productFeature;http://www4.wiwiss.fu-berlin.de/bizer/bsbm/v01/instances/ProductFeature5101
http://www4.wiwiss.fu-berlin.de/bizer/bsbm/v01/instances/dataFrom/Product114;http://www4.wiwiss.fu-berlin.de/bizer/bsbm/v01/vocabulary/productFeature;http://www4.wiwiss.fu-berlin.de/bizer/bsbm/v01/instances/ProductFeature5101
http://www4.wiwiss.fu-berlin.de/bizer/bsbm/v01/instances/dataFrom/Product114;http://www4.wiwiss.fu-berlin.de/bizer/bsbm/v01/vocabulary/productFeature;http://www4.wiwiss.fu-berlin.de/bizer/bsbm/v01/instances/ProductFeature5101
http://www4.wiwiss.fu-berlin.de/bizer/bsbm/v01/instances/dataFrom/Product114;http://www4.wiwiss.fu-berlin.de/bizer/bsbm/v01/vocabulary/productFeature;http://www4.wiwiss.fu-berlin.de/bizer/bsbm/v01/instances/ProductFeature5111
http://www4.wiwiss.fu-berlin.de/bizer/bsbm/v01/instances/dataFrom/Product114;http://www4.wiwiss.fu-berlin.de/bizer/bsbm/v01/vocabulary/productFeature;http://www4.wiwiss.fu-berlin.de/bizer/bsbm/v01/instances/ProductFeature5111
http://www4.wiwiss.fu-berlin.de/bizer/bsbm/v01/instances/dataFrom/Product114;http://www4.wiwiss.fu-berlin.de/bizer/bsbm/v01/vocabulary/productFeature;http://www4.wiwiss.fu-berlin.de/bizer/bsbm/v01/instances/ProductFeature5111
http://www4.wiwiss.fu-berlin.de/bizer/bsbm/v01/instances/dataFrom/Product114;http://www4.wiwiss.fu-berlin.de/bizer/bsbm/v01/vocabulary/productFeature;http://www4.wiwiss.fu-berlin.de/bizer/bsbm/v01/instances/ProductFeature5111
http://www4.wiwiss.fu-berlin.de/bizer/bsbm/v01/instances/dataFrom/Product5587;http://www4.wiwiss.fu-berlin.de/bizer/bsbm/v01/vocabulary/productFeature;http://www4.wiwiss.fu-berlin.de/bizer/bsbm/v01/instances/ProductFeature5099
http://www4.wiwiss.fu-berlin.de/bizer/bsbm/v01/instances/dataFrom/Product5587;http://www4.wiwiss.fu-berlin.de/bizer/bsbm/v01/vocabulary/productFeature;http://www4.wiwiss.fu-berlin.de/bizer/bsbm/v01/instances/ProductFeature5099
http://www4.wiwiss.fu-berlin.de/bizer/bsbm/v01/instances/dataFrom/Product5587;http://www4.wiwiss.fu-berlin.de/bizer/bsbm/v01/vocabulary/productFeature;http://www4.wiwiss.fu-berlin.de/bizer/bsbm/v01/instances/ProductFeature5099
http://www4.wiwiss.fu-berlin.de/bizer/bsbm/v01/instances/dataFrom/Product5587;http://www4.wiwiss.fu-berlin.de/bizer/bsbm/v01/vocabulary/productFeature;http://www4.wiwiss.fu-berlin.de/bizer/bsbm/v01/instances/ProductFeature5099
http://www4.wiwiss.fu-berlin.de/bizer/bsbm/v01/instances/dataFrom/Product5587;http://www4.wiwiss.fu-berlin.de/bizer/bsbm/v01/vocabulary/productFeature;http://www4.wiwiss.fu-berlin.de/bizer/bsbm/v01/instances/ProductFeature5099
http://www4.wiwiss.fu-berlin.de/bizer/bsbm/v01/instances/dataFrom/Product5587;http://www4.wiwiss.fu-berlin.de/bizer/bsbm/v01/vocabulary/productFeature;http://www4.wiwiss.fu-berlin.de/bizer/bsbm/v01/instances/ProductFeature5099
http://www4.wiwiss.fu-berlin.de/bizer/bsbm/v01/instances/dataFrom/Product5587;http://www4.wiwiss.fu-berlin.de/bizer/bsbm/v01/vocabulary/productFeature;http://www4.wiwiss.fu-berlin.de/bizer/bsbm/v01/instances/ProductFeature5099
http://www4.wiwiss.fu-berlin.de/bizer/bsbm/v01/instances/dataFrom/Product5587;http://www4.wiwiss.fu-berlin.de/bizer/bsbm/v01/vocabulary/productFeature;http://www4.wiwiss.fu-berlin.de/bizer/bsbm/v01/instances/ProductFeature5099
http://www4.wiwiss.fu-berlin.de/bizer/bsbm/v01/instances/dataFrom/Product5587;http://www4.wiwiss.fu-berlin.de/bizer/bsbm/v01/vocabulary/productFeature;http://www4.wiwiss.fu-berlin.de/bizer/bsbm/v01/instances/ProductFeature5099
http://www4.wiwiss.fu-berlin.de/bizer/bsbm/v01/instances/dataFrom/Product5587;http://www4.wiwiss.fu-berlin.de/bizer/bsbm/v01/vocabulary/productFeature;http://www4.wiwiss.fu-berlin.de/bizer/bsbm/v01/instances/ProductFeature5101
http://www4.wiwiss.fu-berlin.de/bizer/bsbm/v01/instances/dataFrom/Product5587;http://www4.wiwiss.fu-berlin.de/bizer/bsbm/v01/vocabulary/productFeature;http://www4.wiwiss.fu-berlin.de/bizer/bsbm/v01/instances/ProductFeature5101
http://www4.wiwiss.fu-berlin.de/bizer/bsbm/v01/instances/dataFrom/Product5587;http://www4.wiwiss.fu-berlin.de/bizer/bsbm/v01/vocabulary/productFeature;http://www4.wiwiss.fu-berlin.de/bizer/bsbm/v01/instances/ProductFeature5101
http://www4.wiwiss.fu-berlin.de/bizer/bsbm/v01/instances/dataFrom/Product5587;http://www4.wiwiss.fu-berlin.de/bizer/bsbm/v01/vocabulary/productFeature;http://www4.wiwiss.fu-berlin.de/bizer/bsbm/v01/instances/ProductFeature5101
http://www4.wiwiss.fu-berlin.de/bizer/bsbm/v01/instances/dataFrom/Product5587;http://www4.wiwiss.fu-berlin.de/bizer/bsbm/v01/vocabulary/productFeature;http://www4.wiwiss.fu-berlin.de/bizer/bsbm/v01/instances/ProductFeature5101
http://www4.wiwiss.fu-berlin.de/bizer/bsbm/v01/instances/dataFrom/Product5587;http://www4.wiwiss.fu-berlin.de/bizer/bsbm/v01/vocabulary/productFeature;http://www4.wiwiss.fu-berlin.de/bizer/bsbm/v01/instances/ProductFeature5101
http://www4.wiwiss.fu-berlin.de/bizer/bsbm/v01/instances/dataFrom/Product5587;http://www4.wiwiss.fu-berlin.de/bizer/bsbm/v01/vocabulary/productFeature;http://www4.wiwiss.fu-berlin.de/bizer/bsbm/v01/instances/ProductFeature5101
http://www4.wiwiss.fu-berlin.de/bizer/bsbm/v01/instances/dataFrom/Product5587;http://www4.wiwiss.fu-berlin.de/bizer/bsbm/v01/vocabulary/productFeature;http://www4.wiwiss.fu-berlin.de/bizer/bsbm/v01/instances/ProductFeature5101
http://www4.wiwiss.fu-berlin.de/bizer/bsbm/v01/instances/dataFrom/Product5587;http://www4.wiwiss.fu-berlin.de/bizer/bsbm/v01/vocabulary/productFeature;http://www4.wiwiss.fu-berlin.de/bizer/bsbm/v01/instances/ProductFeature5101
http://www4.wiwiss.fu-berlin.de/bizer/bsbm/v01/instances/dataFrom/Product5587;http://www4.wiwiss.fu-berlin.de/bizer/bsbm/v01/vocabulary/productFeature;http://www4.wiwiss.fu-berlin.de/bizer/bsbm/v01/instances/ProductFeature5101
http://www4.wiwiss.fu-berlin.de/bizer/bsbm/v01/instances/dataFrom/Product5587;http://www4.wiwiss.fu-berlin.de/bizer/bsbm/v01/vocabulary/productFeature;http://www4.wiwiss.fu-berlin.de/bizer/bsbm/v01/instances/ProductFeature5101
http://www4.wiwiss.fu-berlin.de/bizer/bsbm/v01/instances/dataFrom/Product5587;http://www4.wiwiss.fu-berlin.de/bizer/bsbm/v01/vocabulary/productFeature;http://www4.wiwiss.fu-berlin.de/bizer/bsbm/v01/instances/ProductFeature5101
http://www4.wiwiss.fu-berlin.de/bizer/bsbm/v01/instances/dataFrom/Product5587;http://www4.wiwiss.fu-berlin.de/bizer/bsbm/v01/vocabulary/productFeature;http://www4.wiwiss.fu-berlin.de/bizer/bsbm/v01/instances/ProductFeature5111
http://www4.wiwiss.fu-berlin.de/bizer/bsbm/v01/instances/dataFrom/Product5587;http://www4.wiwiss.fu-berlin.de/bizer/bsbm/v01/vocabulary/productFeature;http://www4.wiwiss.fu-berlin.de/bizer/bsbm/v01/instances/ProductFeature5111
http://www4.wiwiss.fu-berlin.de/bizer/bsbm/v01/instances/dataFrom/Product5587;http://www4.wiwiss.fu-berlin.de/bizer/bsbm/v01/vocabulary/productFeature;http://www4.wiwiss.fu-berlin.de/bizer/bsbm/v01/instances/ProductFeature5111
http://www4.wiwiss.fu-berlin.de/bizer/bsbm/v01/instances/dataFrom/Product5587;http://www4.wiwiss.fu-berlin.de/bizer/bsbm/v01/vocabulary/productFeature;http://www4.wiwiss.fu-berlin.de/bizer/bsbm/v01/instances/ProductFeature5111
http://www4.wiwiss.fu-berlin.de/bizer/bsbm/v01/instances/dataFrom/Product8303;http://www4.wiwiss.fu-berlin.de/bizer/bsbm/v01/vocabulary/productFeature;http://www4.wiwiss.fu-berlin.de/bizer/bsbm/v01/instances/ProductFeature5099
http://www4.wiwiss.fu-berlin.de/bizer/bsbm/v01/instances/dataFrom/Product8303;http://www4.wiwiss.fu-berlin.de/bizer/bsbm/v01/vocabulary/productFeature;http://www4.wiwiss.fu-berlin.de/bizer/bsbm/v01/instances/ProductFeature5099
http://www4.wiwiss.fu-berlin.de/bizer/bsbm/v01/instances/dataFrom/Product8303;http://www4.wiwiss.fu-berlin.de/bizer/bsbm/v01/vocabulary/productFeature;http://www4.wiwiss.fu-berlin.de/bizer/bsbm/v01/instances/ProductFeature5099
http://www4.wiwiss.fu-berlin.de/bizer/bsbm/v01/instances/dataFrom/Product8303;http://www4.wiwiss.fu-berlin.de/bizer/bsbm/v01/vocabulary/productFeature;http://www4.wiwiss.fu-berlin.de/bizer/bsbm/v01/instances/ProductFeature5099
http://www4.wiwiss.fu-berlin.de/bizer/bsbm/v01/instances/dataFrom/Product8303;http://www4.wiwiss.fu-berlin.de/bizer/bsbm/v01/vocabulary/productFeature;http://www4.wiwiss.fu-berlin.de/bizer/bsbm/v01/instances/ProductFeature5099
http://www4.wiwiss.fu-berlin.de/bizer/bsbm/v01/instances/dataFrom/Product8303;http://www4.wiwiss.fu-berlin.de/bizer/bsbm/v01/vocabulary/productFeature;http://www4.wiwiss.fu-berlin.de/bizer/bsbm/v01/instances/ProductFeature5099
http://www4.wiwiss.fu-berlin.de/bizer/bsbm/v01/instances/dataFrom/Product8303;http://www4.wiwiss.fu-berlin.de/bizer/bsbm/v01/vocabulary/productFeature;http://www4.wiwiss.fu-berlin.de/bizer/bsbm/v01/instances/ProductFeature5099
http://www4.wiwiss.fu-berlin.de/bizer/bsbm/v01/instances/dataFrom/Product8303;http://www4.wiwiss.fu-berlin.de/bizer/bsbm/v01/vocabulary/productFeature;http://www4.wiwiss.fu-berlin.de/bizer/bsbm/v01/instances/ProductFeature5099
http://www4.wiwiss.fu-berlin.de/bizer/bsbm/v01/instances/dataFrom/Product8303;http://www4.wiwiss.fu-berlin.de/bizer/bsbm/v01/vocabulary/productFeature;http://www4.wiwiss.fu-berlin.de/bizer/bsbm/v01/instances/ProductFeature5099
http://www4.wiwiss.fu-berlin.de/bizer/bsbm/v01/instances/dataFrom/Product8303;http://www4.wiwiss.fu-berlin.de/bizer/bsbm/v01/vocabulary/productFeature;http://www4.wiwiss.fu-berlin.de/bizer/bsbm/v01/instances/ProductFeature5101
http://www4.wiwiss.fu-berlin.de/bizer/bsbm/v01/instances/dataFrom/Product8303;http://www4.wiwiss.fu-berlin.de/bizer/bsbm/v01/vocabulary/productFeature;http://www4.wiwiss.fu-berlin.de/bizer/bsbm/v01/instances/ProductFeature5101
http://www4.wiwiss.fu-berlin.de/bizer/bsbm/v01/instances/dataFrom/Product8303;http://www4.wiwiss.fu-berlin.de/bizer/bsbm/v01/vocabulary/productFeature;http://www4.wiwiss.fu-berlin.de/bizer/bsbm/v01/instances/ProductFeature5101
http://www4.wiwiss.fu-berlin.de/bizer/bsbm/v01/instances/dataFrom/Product8303;http://www4.wiwiss.fu-berlin.de/bizer/bsbm/v01/vocabulary/productFeature;http://www4.wiwiss.fu-berlin.de/bizer/bsbm/v01/instances/ProductFeature5101
http://www4.wiwiss.fu-berlin.de/bizer/bsbm/v01/instances/dataFrom/Product8303;http://www4.wiwiss.fu-berlin.de/bizer/bsbm/v01/vocabulary/productFeature;http://www4.wiwiss.fu-berlin.de/bizer/bsbm/v01/instances/ProductFeature5101
http://www4.wiwiss.fu-berlin.de/bizer/bsbm/v01/instances/dataFrom/Product8303;http://www4.wiwiss.fu-berlin.de/bizer/bsbm/v01/vocabulary/productFeature;http://www4.wiwiss.fu-berlin.de/bizer/bsbm/v01/instances/ProductFeature5101
http://www4.wiwiss.fu-berlin.de/bizer/bsbm/v01/instances/dataFrom/Product8303;http://www4.wiwiss.fu-berlin.de/bizer/bsbm/v01/vocabulary/productFeature;http://www4.wiwiss.fu-berlin.de/bizer/bsbm/v01/instances/ProductFeature5101
http://www4.wiwiss.fu-berlin.de/bizer/bsbm/v01/instances/dataFrom/Product8303;http://www4.wiwiss.fu-berlin.de/bizer/bsbm/v01/vocabulary/productFeature;http://www4.wiwiss.fu-berlin.de/bizer/bsbm/v01/instances/ProductFeature5101
http://www4.wiwiss.fu-berlin.de/bizer/bsbm/v01/instances/dataFrom/Product8303;http://www4.wiwiss.fu-berlin.de/bizer/bsbm/v01/vocabulary/productFeature;http://www4.wiwiss.fu-berlin.de/bizer/bsbm/v01/instances/ProductFeature5101
http://www4.wiwiss.fu-berlin.de/bizer/bsbm/v01/instances/dataFrom/Product8303;http://www4.wiwiss.fu-berlin.de/bizer/bsbm/v01/vocabulary/productFeature;http://www4.wiwiss.fu-berlin.de/bizer/bsbm/v01/instances/ProductFeature5101
http://www4.wiwiss.fu-berlin.de/bizer/bsbm/v01/instances/dataFrom/Product8303;http://www4.wiwiss.fu-berlin.de/bizer/bsbm/v01/vocabulary/productFeature;http://www4.wiwiss.fu-berlin.de/bizer/bsbm/v01/instances/ProductFeature5101
http://www4.wiwiss.fu-berlin.de/bizer/bsbm/v01/instances/dataFrom/Product8303;http://www4.wiwiss.fu-berlin.de/bizer/bsbm/v01/vocabulary/productFeature;http://www4.wiwiss.fu-berlin.de/bizer/bsbm/v01/instances/ProductFeature5101
http://www4.wiwiss.fu-berlin.de/bizer/bsbm/v01/instances/dataFrom/Product8303;http://www4.wiwiss.fu-berlin.de/bizer/bsbm/v01/vocabulary/productFeature;http://www4.wiwiss.fu-berlin.de/bizer/bsbm/v01/instances/ProductFeature5111
http://www4.wiwiss.fu-berlin.de/bizer/bsbm/v01/instances/dataFrom/Product8303;http://www4.wiwiss.fu-berlin.de/bizer/bsbm/v01/vocabulary/productFeature;http://www4.wiwiss.fu-berlin.de/bizer/bsbm/v01/instances/ProductFeature5111
http://www4.wiwiss.fu-berlin.de/bizer/bsbm/v01/instances/dataFrom/Product8303;http://www4.wiwiss.fu-berlin.de/bizer/bsbm/v01/vocabulary/productFeature;http://www4.wiwiss.fu-berlin.de/bizer/bsbm/v01/instances/ProductFeature5111
http://www4.wiwiss.fu-berlin.de/bizer/bsbm/v01/instances/dataFrom/Product8303;http://www4.wiwiss.fu-berlin.de/bizer/bsbm/v01/vocabulary/productFeature;http://www4.wiwiss.fu-berlin.de/bizer/bsbm/v01/instances/ProductFeature5111
http://www4.wiwiss.fu-berlin.de/bizer/bsbm/v01/instances/dataFrom/Product4363;http://www4.wiwiss.fu-berlin.de/bizer/bsbm/v01/vocabulary/productFeature;http://www4.wiwiss.fu-berlin.de/bizer/bsbm/v01/instances/ProductFeature5099
http://www4.wiwiss.fu-berlin.de/bizer/bsbm/v01/instances/dataFrom/Product4363;http://www4.wiwiss.fu-berlin.de/bizer/bsbm/v01/vocabulary/productFeature;http://www4.wiwiss.fu-berlin.de/bizer/bsbm/v01/instances/ProductFeature5099
http://www4.wiwiss.fu-berlin.de/bizer/bsbm/v01/instances/dataFrom/Product4363;http://www4.wiwiss.fu-berlin.de/bizer/bsbm/v01/vocabulary/productFeature;http://www4.wiwiss.fu-berlin.de/bizer/bsbm/v01/instances/ProductFeature5099
http://www4.wiwiss.fu-berlin.de/bizer/bsbm/v01/instances/dataFrom/Product4363;http://www4.wiwiss.fu-berlin.de/bizer/bsbm/v01/vocabulary/productFeature;http://www4.wiwiss.fu-berlin.de/bizer/bsbm/v01/instances/ProductFeature5099
http://www4.wiwiss.fu-berlin.de/bizer/bsbm/v01/instances/dataFrom/Product4363;http://www4.wiwiss.fu-berlin.de/bizer/bsbm/v01/vocabulary/productFeature;http://www4.wiwiss.fu-berlin.de/bizer/bsbm/v01/instances/ProductFeature5099
http://www4.wiwiss.fu-berlin.de/bizer/bsbm/v01/instances/dataFrom/Product4363;http://www4.wiwiss.fu-berlin.de/bizer/bsbm/v01/vocabulary/productFeature;http://www4.wiwiss.fu-berlin.de/bizer/bsbm/v01/instances/ProductFeature5099
http://www4.wiwiss.fu-berlin.de/bizer/bsbm/v01/instances/dataFrom/Product4363;http://www4.wiwiss.fu-berlin.de/bizer/bsbm/v01/vocabulary/productFeature;http://www4.wiwiss.fu-berlin.de/bizer/bsbm/v01/instances/ProductFeature5099
http://www4.wiwiss.fu-berlin.de/bizer/bsbm/v01/instances/dataFrom/Product4363;http://www4.wiwiss.fu-berlin.de/bizer/bsbm/v01/vocabulary/productFeature;http://www4.wiwiss.fu-berlin.de/bizer/bsbm/v01/instances/ProductFeature5099
http://www4.wiwiss.fu-berlin.de/bizer/bsbm/v01/instances/dataFrom/Product4363;http://www4.wiwiss.fu-berlin.de/bizer/bsbm/v01/vocabulary/productFeature;http://www4.wiwiss.fu-berlin.de/bizer/bsbm/v01/instances/ProductFeature5099
http://www4.wiwiss.fu-berlin.de/bizer/bsbm/v01/instances/dataFrom/Product4363;http://www4.wiwiss.fu-berlin.de/bizer/bsbm/v01/vocabulary/productFeature;http://www4.wiwiss.fu-berlin.de/bizer/bsbm/v01/instances/ProductFeature5101
http://www4.wiwiss.fu-berlin.de/bizer/bsbm/v01/instances/dataFrom/Product4363;http://www4.wiwiss.fu-berlin.de/bizer/bsbm/v01/vocabulary/productFeature;http://www4.wiwiss.fu-berlin.de/bizer/bsbm/v01/instances/ProductFeature5101
http://www4.wiwiss.fu-berlin.de/bizer/bsbm/v01/instances/dataFrom/Product4363;http://www4.wiwiss.fu-berlin.de/bizer/bsbm/v01/vocabulary/productFeature;http://www4.wiwiss.fu-berlin.de/bizer/bsbm/v01/instances/ProductFeature5101
http://www4.wiwiss.fu-berlin.de/bizer/bsbm/v01/instances/dataFrom/Product4363;http://www4.wiwiss.fu-berlin.de/bizer/bsbm/v01/vocabulary/productFeature;http://www4.wiwiss.fu-berlin.de/bizer/bsbm/v01/instances/ProductFeature5101
http://www4.wiwiss.fu-berlin.de/bizer/bsbm/v01/instances/dataFrom/Product4363;http://www4.wiwiss.fu-berlin.de/bizer/bsbm/v01/vocabulary/productFeature;http://www4.wiwiss.fu-berlin.de/bizer/bsbm/v01/instances/ProductFeature5101
http://www4.wiwiss.fu-berlin.de/bizer/bsbm/v01/instances/dataFrom/Product4363;http://www4.wiwiss.fu-berlin.de/bizer/bsbm/v01/vocabulary/productFeature;http://www4.wiwiss.fu-berlin.de/bizer/bsbm/v01/instances/ProductFeature5101
http://www4.wiwiss.fu-berlin.de/bizer/bsbm/v01/instances/dataFrom/Product4363;http://www4.wiwiss.fu-berlin.de/bizer/bsbm/v01/vocabulary/productFeature;http://www4.wiwiss.fu-berlin.de/bizer/bsbm/v01/instances/ProductFeature5101
http://www4.wiwiss.fu-berlin.de/bizer/bsbm/v01/instances/dataFrom/Product4363;http://www4.wiwiss.fu-berlin.de/bizer/bsbm/v01/vocabulary/productFeature;http://www4.wiwiss.fu-berlin.de/bizer/bsbm/v01/instances/ProductFeature5101
http://www4.wiwiss.fu-berlin.de/bizer/bsbm/v01/instances/dataFrom/Product4363;http://www4.wiwiss.fu-berlin.de/bizer/bsbm/v01/vocabulary/productFeature;http://www4.wiwiss.fu-berlin.de/bizer/bsbm/v01/instances/ProductFeature5101
http://www4.wiwiss.fu-berlin.de/bizer/bsbm/v01/instances/dataFrom/Product4363;http://www4.wiwiss.fu-berlin.de/bizer/bsbm/v01/vocabulary/productFeature;http://www4.wiwiss.fu-berlin.de/bizer/bsbm/v01/instances/ProductFeature5101
http://www4.wiwiss.fu-berlin.de/bizer/bsbm/v01/instances/dataFrom/Product4363;http://www4.wiwiss.fu-berlin.de/bizer/bsbm/v01/vocabulary/productFeature;http://www4.wiwiss.fu-berlin.de/bizer/bsbm/v01/instances/ProductFeature5101
http://www4.wiwiss.fu-berlin.de/bizer/bsbm/v01/instances/dataFrom/Product4363;http://www4.wiwiss.fu-berlin.de/bizer/bsbm/v01/vocabulary/productFeature;http://www4.wiwiss.fu-berlin.de/bizer/bsbm/v01/instances/ProductFeature5101
http://www4.wiwiss.fu-berlin.de/bizer/bsbm/v01/instances/dataFrom/Product4363;http://www4.wiwiss.fu-berlin.de/bizer/bsbm/v01/vocabulary/productFeature;http://www4.wiwiss.fu-berlin.de/bizer/bsbm/v01/instances/ProductFeature5111
http://www4.wiwiss.fu-berlin.de/bizer/bsbm/v01/instances/dataFrom/Product4363;http://www4.wiwiss.fu-berlin.de/bizer/bsbm/v01/vocabulary/productFeature;http://www4.wiwiss.fu-berlin.de/bizer/bsbm/v01/instances/ProductFeature5111
http://www4.wiwiss.fu-berlin.de/bizer/bsbm/v01/instances/dataFrom/Product4363;http://www4.wiwiss.fu-berlin.de/bizer/bsbm/v01/vocabulary/productFeature;http://www4.wiwiss.fu-berlin.de/bizer/bsbm/v01/instances/ProductFeature5111
http://www4.wiwiss.fu-berlin.de/bizer/bsbm/v01/instances/dataFrom/Product4363;http://www4.wiwiss.fu-berlin.de/bizer/bsbm/v01/vocabulary/productFeature;http://www4.wiwiss.fu-berlin.de/bizer/bsbm/v01/instances/ProductFeature5111
http://www4.wiwiss.fu-berlin.de/bizer/bsbm/v01/instances/dataFrom/Product860;http://www4.wiwiss.fu-berlin.de/bizer/bsbm/v01/vocabulary/productFeature;http://www4.wiwiss.fu-berlin.de/bizer/bsbm/v01/instances/ProductFeature5099
http://www4.wiwiss.fu-berlin.de/bizer/bsbm/v01/instances/dataFrom/Product860;http://www4.wiwiss.fu-berlin.de/bizer/bsbm/v01/vocabulary/productFeature;http://www4.wiwiss.fu-berlin.de/bizer/bsbm/v01/instances/ProductFeature5099
http://www4.wiwiss.fu-berlin.de/bizer/bsbm/v01/instances/dataFrom/Product860;http://www4.wiwiss.fu-berlin.de/bizer/bsbm/v01/vocabulary/productFeature;http://www4.wiwiss.fu-berlin.de/bizer/bsbm/v01/instances/ProductFeature5099
http://www4.wiwiss.fu-berlin.de/bizer/bsbm/v01/instances/dataFrom/Product860;http://www4.wiwiss.fu-berlin.de/bizer/bsbm/v01/vocabulary/productFeature;http://www4.wiwiss.fu-berlin.de/bizer/bsbm/v01/instances/ProductFeature5099
http://www4.wiwiss.fu-berlin.de/bizer/bsbm/v01/instances/dataFrom/Product860;http://www4.wiwiss.fu-berlin.de/bizer/bsbm/v01/vocabulary/productFeature;http://www4.wiwiss.fu-berlin.de/bizer/bsbm/v01/instances/ProductFeature5099
http://www4.wiwiss.fu-berlin.de/bizer/bsbm/v01/instances/dataFrom/Product860;http://www4.wiwiss.fu-berlin.de/bizer/bsbm/v01/vocabulary/productFeature;http://www4.wiwiss.fu-berlin.de/bizer/bsbm/v01/instances/ProductFeature5099
http://www4.wiwiss.fu-berlin.de/bizer/bsbm/v01/instances/dataFrom/Product860;http://www4.wiwiss.fu-berlin.de/bizer/bsbm/v01/vocabulary/productFeature;http://www4.wiwiss.fu-berlin.de/bizer/bsbm/v01/instances/ProductFeature5099
http://www4.wiwiss.fu-berlin.de/bizer/bsbm/v01/instances/dataFrom/Product860;http://www4.wiwiss.fu-berlin.de/bizer/bsbm/v01/vocabulary/productFeature;http://www4.wiwiss.fu-berlin.de/bizer/bsbm/v01/instances/ProductFeature5099
http://www4.wiwiss.fu-berlin.de/bizer/bsbm/v01/instances/dataFrom/Product860;http://www4.wiwiss.fu-berlin.de/bizer/bsbm/v01/vocabulary/productFeature;http://www4.wiwiss.fu-berlin.de/bizer/bsbm/v01/instances/ProductFeature5099
http://www4.wiwiss.fu-berlin.de/bizer/bsbm/v01/instances/dataFrom/Product860;http://www4.wiwiss.fu-berlin.de/bizer/bsbm/v01/vocabulary/productFeature;http://www4.wiwiss.fu-berlin.de/bizer/bsbm/v01/instances/ProductFeature5101
http://www4.wiwiss.fu-berlin.de/bizer/bsbm/v01/instances/dataFrom/Product860;http://www4.wiwiss.fu-berlin.de/bizer/bsbm/v01/vocabulary/productFeature;http://www4.wiwiss.fu-berlin.de/bizer/bsbm/v01/instances/ProductFeature5101
http://www4.wiwiss.fu-berlin.de/bizer/bsbm/v01/instances/dataFrom/Product860;http://www4.wiwiss.fu-berlin.de/bizer/bsbm/v01/vocabulary/productFeature;http://www4.wiwiss.fu-berlin.de/bizer/bsbm/v01/instances/ProductFeature5101
http://www4.wiwiss.fu-berlin.de/bizer/bsbm/v01/instances/dataFrom/Product860;http://www4.wiwiss.fu-berlin.de/bizer/bsbm/v01/vocabulary/productFeature;http://www4.wiwiss.fu-berlin.de/bizer/bsbm/v01/instances/ProductFeature5101
http://www4.wiwiss.fu-berlin.de/bizer/bsbm/v01/instances/dataFrom/Product860;http://www4.wiwiss.fu-berlin.de/bizer/bsbm/v01/vocabulary/productFeature;http://www4.wiwiss.fu-berlin.de/bizer/bsbm/v01/instances/ProductFeature5101
http://www4.wiwiss.fu-berlin.de/bizer/bsbm/v01/instances/dataFrom/Product860;http://www4.wiwiss.fu-berlin.de/bizer/bsbm/v01/vocabulary/productFeature;http://www4.wiwiss.fu-berlin.de/bizer/bsbm/v01/instances/ProductFeature5101
http://www4.wiwiss.fu-berlin.de/bizer/bsbm/v01/instances/dataFrom/Product860;http://www4.wiwiss.fu-berlin.de/bizer/bsbm/v01/vocabulary/productFeature;http://www4.wiwiss.fu-berlin.de/bizer/bsbm/v01/instances/ProductFeature5101
http://www4.wiwiss.fu-berlin.de/bizer/bsbm/v01/instances/dataFrom/Product860;http://www4.wiwiss.fu-berlin.de/bizer/bsbm/v01/vocabulary/productFeature;http://www4.wiwiss.fu-berlin.de/bizer/bsbm/v01/instances/ProductFeature5101
http://www4.wiwiss.fu-berlin.de/bizer/bsbm/v01/instances/dataFrom/Product860;http://www4.wiwiss.fu-berlin.de/bizer/bsbm/v01/vocabulary/productFeature;http://www4.wiwiss.fu-berlin.de/bizer/bsbm/v01/instances/ProductFeature5101
http://www4.wiwiss.fu-berlin.de/bizer/bsbm/v01/instances/dataFrom/Product860;http://www4.wiwiss.fu-berlin.de/bizer/bsbm/v01/vocabulary/productFeature;http://www4.wiwiss.fu-berlin.de/bizer/bsbm/v01/instances/ProductFeature5101
http://www4.wiwiss.fu-berlin.de/bizer/bsbm/v01/instances/dataFrom/Product860;http://www4.wiwiss.fu-berlin.de/bizer/bsbm/v01/vocabulary/productFeature;http://www4.wiwiss.fu-berlin.de/bizer/bsbm/v01/instances/ProductFeature5101
http://www4.wiwiss.fu-berlin.de/bizer/bsbm/v01/instances/dataFrom/Product860;http://www4.wiwiss.fu-berlin.de/bizer/bsbm/v01/vocabulary/productFeature;http://www4.wiwiss.fu-berlin.de/bizer/bsbm/v01/instances/ProductFeature5101
http://www4.wiwiss.fu-berlin.de/bizer/bsbm/v01/instances/dataFrom/Product860;http://www4.wiwiss.fu-berlin.de/bizer/bsbm/v01/vocabulary/productFeature;http://www4.wiwiss.fu-berlin.de/bizer/bsbm/v01/instances/ProductFeature5111
http://www4.wiwiss.fu-berlin.de/bizer/bsbm/v01/instances/dataFrom/Product860;http://www4.wiwiss.fu-berlin.de/bizer/bsbm/v01/vocabulary/productFeature;http://www4.wiwiss.fu-berlin.de/bizer/bsbm/v01/instances/ProductFeature5111
http://www4.wiwiss.fu-berlin.de/bizer/bsbm/v01/instances/dataFrom/Product860;http://www4.wiwiss.fu-berlin.de/bizer/bsbm/v01/vocabulary/productFeature;http://www4.wiwiss.fu-berlin.de/bizer/bsbm/v01/instances/ProductFeature5111
http://www4.wiwiss.fu-berlin.de/bizer/bsbm/v01/instances/dataFrom/Product860;http://www4.wiwiss.fu-berlin.de/bizer/bsbm/v01/vocabulary/productFeature;http://www4.wiwiss.fu-berlin.de/bizer/bsbm/v01/instances/ProductFeature5111
http://www4.wiwiss.fu-berlin.de/bizer/bsbm/v01/instances/dataFrom/Product6570;http://www4.wiwiss.fu-berlin.de/bizer/bsbm/v01/vocabulary/productFeature;http://www4.wiwiss.fu-berlin.de/bizer/bsbm/v01/instances/ProductFeature5099
http://www4.wiwiss.fu-berlin.de/bizer/bsbm/v01/instances/dataFrom/Product6570;http://www4.wiwiss.fu-berlin.de/bizer/bsbm/v01/vocabulary/productFeature;http://www4.wiwiss.fu-berlin.de/bizer/bsbm/v01/instances/ProductFeature5099
http://www4.wiwiss.fu-berlin.de/bizer/bsbm/v01/instances/dataFrom/Product6570;http://www4.wiwiss.fu-berlin.de/bizer/bsbm/v01/vocabulary/productFeature;http://www4.wiwiss.fu-berlin.de/bizer/bsbm/v01/instances/ProductFeature5099
http://www4.wiwiss.fu-berlin.de/bizer/bsbm/v01/instances/dataFrom/Product6570;http://www4.wiwiss.fu-berlin.de/bizer/bsbm/v01/vocabulary/productFeature;http://www4.wiwiss.fu-berlin.de/bizer/bsbm/v01/instances/ProductFeature5099
http://www4.wiwiss.fu-berlin.de/bizer/bsbm/v01/instances/dataFrom/Product6570;http://www4.wiwiss.fu-berlin.de/bizer/bsbm/v01/vocabulary/productFeature;http://www4.wiwiss.fu-berlin.de/bizer/bsbm/v01/instances/ProductFeature5099
http://www4.wiwiss.fu-berlin.de/bizer/bsbm/v01/instances/dataFrom/Product6570;http://www4.wiwiss.fu-berlin.de/bizer/bsbm/v01/vocabulary/productFeature;http://www4.wiwiss.fu-berlin.de/bizer/bsbm/v01/instances/ProductFeature5099
http://www4.wiwiss.fu-berlin.de/bizer/bsbm/v01/instances/dataFrom/Product6570;http://www4.wiwiss.fu-berlin.de/bizer/bsbm/v01/vocabulary/productFeature;http://www4.wiwiss.fu-berlin.de/bizer/bsbm/v01/instances/ProductFeature5099
http://www4.wiwiss.fu-berlin.de/bizer/bsbm/v01/instances/dataFrom/Product6570;http://www4.wiwiss.fu-berlin.de/bizer/bsbm/v01/vocabulary/productFeature;http://www4.wiwiss.fu-berlin.de/bizer/bsbm/v01/instances/ProductFeature5099
http://www4.wiwiss.fu-berlin.de/bizer/bsbm/v01/instances/dataFrom/Product6570;http://www4.wiwiss.fu-berlin.de/bizer/bsbm/v01/vocabulary/productFeature;http://www4.wiwiss.fu-berlin.de/bizer/bsbm/v01/instances/ProductFeature5099
http://www4.wiwiss.fu-berlin.de/bizer/bsbm/v01/instances/dataFrom/Product6570;http://www4.wiwiss.fu-berlin.de/bizer/bsbm/v01/vocabulary/productFeature;http://www4.wiwiss.fu-berlin.de/bizer/bsbm/v01/instances/ProductFeature5101
http://www4.wiwiss.fu-berlin.de/bizer/bsbm/v01/instances/dataFrom/Product6570;http://www4.wiwiss.fu-berlin.de/bizer/bsbm/v01/vocabulary/productFeature;http://www4.wiwiss.fu-berlin.de/bizer/bsbm/v01/instances/ProductFeature5101
http://www4.wiwiss.fu-berlin.de/bizer/bsbm/v01/instances/dataFrom/Product6570;http://www4.wiwiss.fu-berlin.de/bizer/bsbm/v01/vocabulary/productFeature;http://www4.wiwiss.fu-berlin.de/bizer/bsbm/v01/instances/ProductFeature5101
http://www4.wiwiss.fu-berlin.de/bizer/bsbm/v01/instances/dataFrom/Product6570;http://www4.wiwiss.fu-berlin.de/bizer/bsbm/v01/vocabulary/productFeature;http://www4.wiwiss.fu-berlin.de/bizer/bsbm/v01/instances/ProductFeature5101
http://www4.wiwiss.fu-berlin.de/bizer/bsbm/v01/instances/dataFrom/Product6570;http://www4.wiwiss.fu-berlin.de/bizer/bsbm/v01/vocabulary/productFeature;http://www4.wiwiss.fu-berlin.de/bizer/bsbm/v01/instances/ProductFeature5101
http://www4.wiwiss.fu-berlin.de/bizer/bsbm/v01/instances/dataFrom/Product6570;http://www4.wiwiss.fu-berlin.de/bizer/bsbm/v01/vocabulary/productFeature;http://www4.wiwiss.fu-berlin.de/bizer/bsbm/v01/instances/ProductFeature5101
http://www4.wiwiss.fu-berlin.de/bizer/bsbm/v01/instances/dataFrom/Product6570;http://www4.wiwiss.fu-berlin.de/bizer/bsbm/v01/vocabulary/productFeature;http://www4.wiwiss.fu-berlin.de/bizer/bsbm/v01/instances/ProductFeature5101
http://www4.wiwiss.fu-berlin.de/bizer/bsbm/v01/instances/dataFrom/Product6570;http://www4.wiwiss.fu-berlin.de/bizer/bsbm/v01/vocabulary/productFeature;http://www4.wiwiss.fu-berlin.de/bizer/bsbm/v01/instances/ProductFeature5101
http://www4.wiwiss.fu-berlin.de/bizer/bsbm/v01/instances/dataFrom/Product6570;http://www4.wiwiss.fu-berlin.de/bizer/bsbm/v01/vocabulary/productFeature;http://www4.wiwiss.fu-berlin.de/bizer/bsbm/v01/instances/ProductFeature5101
http://www4.wiwiss.fu-berlin.de/bizer/bsbm/v01/instances/dataFrom/Product6570;http://www4.wiwiss.fu-berlin.de/bizer/bsbm/v01/vocabulary/productFeature;http://www4.wiwiss.fu-berlin.de/bizer/bsbm/v01/instances/ProductFeature5101
http://www4.wiwiss.fu-berlin.de/bizer/bsbm/v01/instances/dataFrom/Product6570;http://www4.wiwiss.fu-berlin.de/bizer/bsbm/v01/vocabulary/productFeature;http://www4.wiwiss.fu-berlin.de/bizer/bsbm/v01/instances/ProductFeature5101
http://www4.wiwiss.fu-berlin.de/bizer/bsbm/v01/instances/dataFrom/Product6570;http://www4.wiwiss.fu-berlin.de/bizer/bsbm/v01/vocabulary/productFeature;http://www4.wiwiss.fu-berlin.de/bizer/bsbm/v01/instances/ProductFeature5101
http://www4.wiwiss.fu-berlin.de/bizer/bsbm/v01/instances/dataFrom/Product6570;http://www4.wiwiss.fu-berlin.de/bizer/bsbm/v01/vocabulary/productFeature;http://www4.wiwiss.fu-berlin.de/bizer/bsbm/v01/instances/ProductFeature5111
http://www4.wiwiss.fu-berlin.de/bizer/bsbm/v01/instances/dataFrom/Product6570;http://www4.wiwiss.fu-berlin.de/bizer/bsbm/v01/vocabulary/productFeature;http://www4.wiwiss.fu-berlin.de/bizer/bsbm/v01/instances/ProductFeature5111
http://www4.wiwiss.fu-berlin.de/bizer/bsbm/v01/instances/dataFrom/Product6570;http://www4.wiwiss.fu-berlin.de/bizer/bsbm/v01/vocabulary/productFeature;http://www4.wiwiss.fu-berlin.de/bizer/bsbm/v01/instances/ProductFeature5111
http://www4.wiwiss.fu-berlin.de/bizer/bsbm/v01/instances/dataFrom/Product6570;http://www4.wiwiss.fu-berlin.de/bizer/bsbm/v01/vocabulary/productFeature;http://www4.wiwiss.fu-berlin.de/bizer/bsbm/v01/instances/ProductFeature5111
http://www4.wiwiss.fu-berlin.de/bizer/bsbm/v01/instances/dataFrom/Product1530;http://www4.wiwiss.fu-berlin.de/bizer/bsbm/v01/vocabulary/productFeature;http://www4.wiwiss.fu-berlin.de/bizer/bsbm/v01/instances/ProductFeature5099
http://www4.wiwiss.fu-berlin.de/bizer/bsbm/v01/instances/dataFrom/Product1530;http://www4.wiwiss.fu-berlin.de/bizer/bsbm/v01/vocabulary/productFeature;http://www4.wiwiss.fu-berlin.de/bizer/bsbm/v01/instances/ProductFeature5099
http://www4.wiwiss.fu-berlin.de/bizer/bsbm/v01/instances/dataFrom/Product1530;http://www4.wiwiss.fu-berlin.de/bizer/bsbm/v01/vocabulary/productFeature;http://www4.wiwiss.fu-berlin.de/bizer/bsbm/v01/instances/ProductFeature5099
http://www4.wiwiss.fu-berlin.de/bizer/bsbm/v01/instances/dataFrom/Product1530;http://www4.wiwiss.fu-berlin.de/bizer/bsbm/v01/vocabulary/productFeature;http://www4.wiwiss.fu-berlin.de/bizer/bsbm/v01/instances/ProductFeature5099
http://www4.wiwiss.fu-berlin.de/bizer/bsbm/v01/instances/dataFrom/Product1530;http://www4.wiwiss.fu-berlin.de/bizer/bsbm/v01/vocabulary/productFeature;http://www4.wiwiss.fu-berlin.de/bizer/bsbm/v01/instances/ProductFeature5099
http://www4.wiwiss.fu-berlin.de/bizer/bsbm/v01/instances/dataFrom/Product1530;http://www4.wiwiss.fu-berlin.de/bizer/bsbm/v01/vocabulary/productFeature;http://www4.wiwiss.fu-berlin.de/bizer/bsbm/v01/instances/ProductFeature5099
http://www4.wiwiss.fu-berlin.de/bizer/bsbm/v01/instances/dataFrom/Product1530;http://www4.wiwiss.fu-berlin.de/bizer/bsbm/v01/vocabulary/productFeature;http://www4.wiwiss.fu-berlin.de/bizer/bsbm/v01/instances/ProductFeature5099
http://www4.wiwiss.fu-berlin.de/bizer/bsbm/v01/instances/dataFrom/Product1530;http://www4.wiwiss.fu-berlin.de/bizer/bsbm/v01/vocabulary/productFeature;http://www4.wiwiss.fu-berlin.de/bizer/bsbm/v01/instances/ProductFeature5099
http://www4.wiwiss.fu-berlin.de/bizer/bsbm/v01/instances/dataFrom/Product1530;http://www4.wiwiss.fu-berlin.de/bizer/bsbm/v01/vocabulary/productFeature;http://www4.wiwiss.fu-berlin.de/bizer/bsbm/v01/instances/ProductFeature5099
http://www4.wiwiss.fu-berlin.de/bizer/bsbm/v01/instances/dataFrom/Product1530;http://www4.wiwiss.fu-berlin.de/bizer/bsbm/v01/vocabulary/productFeature;http://www4.wiwiss.fu-berlin.de/bizer/bsbm/v01/instances/ProductFeature5101
http://www4.wiwiss.fu-berlin.de/bizer/bsbm/v01/instances/dataFrom/Product1530;http://www4.wiwiss.fu-berlin.de/bizer/bsbm/v01/vocabulary/productFeature;http://www4.wiwiss.fu-berlin.de/bizer/bsbm/v01/instances/ProductFeature5101
http://www4.wiwiss.fu-berlin.de/bizer/bsbm/v01/instances/dataFrom/Product1530;http://www4.wiwiss.fu-berlin.de/bizer/bsbm/v01/vocabulary/productFeature;http://www4.wiwiss.fu-berlin.de/bizer/bsbm/v01/instances/ProductFeature5101
http://www4.wiwiss.fu-berlin.de/bizer/bsbm/v01/instances/dataFrom/Product1530;http://www4.wiwiss.fu-berlin.de/bizer/bsbm/v01/vocabulary/productFeature;http://www4.wiwiss.fu-berlin.de/bizer/bsbm/v01/instances/ProductFeature5101
http://www4.wiwiss.fu-berlin.de/bizer/bsbm/v01/instances/dataFrom/Product1530;http://www4.wiwiss.fu-berlin.de/bizer/bsbm/v01/vocabulary/productFeature;http://www4.wiwiss.fu-berlin.de/bizer/bsbm/v01/instances/ProductFeature5101
http://www4.wiwiss.fu-berlin.de/bizer/bsbm/v01/instances/dataFrom/Product1530;http://www4.wiwiss.fu-berlin.de/bizer/bsbm/v01/vocabulary/productFeature;http://www4.wiwiss.fu-berlin.de/bizer/bsbm/v01/instances/ProductFeature5101
http://www4.wiwiss.fu-berlin.de/bizer/bsbm/v01/instances/dataFrom/Product1530;http://www4.wiwiss.fu-berlin.de/bizer/bsbm/v01/vocabulary/productFeature;http://www4.wiwiss.fu-berlin.de/bizer/bsbm/v01/instances/ProductFeature5101
http://www4.wiwiss.fu-berlin.de/bizer/bsbm/v01/instances/dataFrom/Product1530;http://www4.wiwiss.fu-berlin.de/bizer/bsbm/v01/vocabulary/productFeature;http://www4.wiwiss.fu-berlin.de/bizer/bsbm/v01/instances/ProductFeature5101
http://www4.wiwiss.fu-berlin.de/bizer/bsbm/v01/instances/dataFrom/Product1530;http://www4.wiwiss.fu-berlin.de/bizer/bsbm/v01/vocabulary/productFeature;http://www4.wiwiss.fu-berlin.de/bizer/bsbm/v01/instances/ProductFeature5101
http://www4.wiwiss.fu-berlin.de/bizer/bsbm/v01/instances/dataFrom/Product1530;http://www4.wiwiss.fu-berlin.de/bizer/bsbm/v01/vocabulary/productFeature;http://www4.wiwiss.fu-berlin.de/bizer/bsbm/v01/instances/ProductFeature5101
http://www4.wiwiss.fu-berlin.de/bizer/bsbm/v01/instances/dataFrom/Product1530;http://www4.wiwiss.fu-berlin.de/bizer/bsbm/v01/vocabulary/productFeature;http://www4.wiwiss.fu-berlin.de/bizer/bsbm/v01/instances/ProductFeature5101
http://www4.wiwiss.fu-berlin.de/bizer/bsbm/v01/instances/dataFrom/Product1530;http://www4.wiwiss.fu-berlin.de/bizer/bsbm/v01/vocabulary/productFeature;http://www4.wiwiss.fu-berlin.de/bizer/bsbm/v01/instances/ProductFeature5101
http://www4.wiwiss.fu-berlin.de/bizer/bsbm/v01/instances/dataFrom/Product1530;http://www4.wiwiss.fu-berlin.de/bizer/bsbm/v01/vocabulary/productFeature;http://www4.wiwiss.fu-berlin.de/bizer/bsbm/v01/instances/ProductFeature5111
http://www4.wiwiss.fu-berlin.de/bizer/bsbm/v01/instances/dataFrom/Product1530;http://www4.wiwiss.fu-berlin.de/bizer/bsbm/v01/vocabulary/productFeature;http://www4.wiwiss.fu-berlin.de/bizer/bsbm/v01/instances/ProductFeature5111
http://www4.wiwiss.fu-berlin.de/bizer/bsbm/v01/instances/dataFrom/Product1530;http://www4.wiwiss.fu-berlin.de/bizer/bsbm/v01/vocabulary/productFeature;http://www4.wiwiss.fu-berlin.de/bizer/bsbm/v01/instances/ProductFeature5111
http://www4.wiwiss.fu-berlin.de/bizer/bsbm/v01/instances/dataFrom/Product1530;http://www4.wiwiss.fu-berlin.de/bizer/bsbm/v01/vocabulary/productFeature;http://www4.wiwiss.fu-berlin.de/bizer/bsbm/v01/instances/ProductFeature5111
http://www4.wiwiss.fu-berlin.de/bizer/bsbm/v01/instances/dataFrom/Product1832;http://www4.wiwiss.fu-berlin.de/bizer/bsbm/v01/vocabulary/productFeature;http://www4.wiwiss.fu-berlin.de/bizer/bsbm/v01/instances/ProductFeature5099
http://www4.wiwiss.fu-berlin.de/bizer/bsbm/v01/instances/dataFrom/Product1832;http://www4.wiwiss.fu-berlin.de/bizer/bsbm/v01/vocabulary/productFeature;http://www4.wiwiss.fu-berlin.de/bizer/bsbm/v01/instances/ProductFeature5099
http://www4.wiwiss.fu-berlin.de/bizer/bsbm/v01/instances/dataFrom/Product1832;http://www4.wiwiss.fu-berlin.de/bizer/bsbm/v01/vocabulary/productFeature;http://www4.wiwiss.fu-berlin.de/bizer/bsbm/v01/instances/ProductFeature5099
http://www4.wiwiss.fu-berlin.de/bizer/bsbm/v01/instances/dataFrom/Product1832;http://www4.wiwiss.fu-berlin.de/bizer/bsbm/v01/vocabulary/productFeature;http://www4.wiwiss.fu-berlin.de/bizer/bsbm/v01/instances/ProductFeature5099
http://www4.wiwiss.fu-berlin.de/bizer/bsbm/v01/instances/dataFrom/Product1832;http://www4.wiwiss.fu-berlin.de/bizer/bsbm/v01/vocabulary/productFeature;http://www4.wiwiss.fu-berlin.de/bizer/bsbm/v01/instances/ProductFeature5099
http://www4.wiwiss.fu-berlin.de/bizer/bsbm/v01/instances/dataFrom/Product1832;http://www4.wiwiss.fu-berlin.de/bizer/bsbm/v01/vocabulary/productFeature;http://www4.wiwiss.fu-berlin.de/bizer/bsbm/v01/instances/ProductFeature5099
http://www4.wiwiss.fu-berlin.de/bizer/bsbm/v01/instances/dataFrom/Product1832;http://www4.wiwiss.fu-berlin.de/bizer/bsbm/v01/vocabulary/productFeature;http://www4.wiwiss.fu-berlin.de/bizer/bsbm/v01/instances/ProductFeature5099
http://www4.wiwiss.fu-berlin.de/bizer/bsbm/v01/instances/dataFrom/Product1832;http://www4.wiwiss.fu-berlin.de/bizer/bsbm/v01/vocabulary/productFeature;http://www4.wiwiss.fu-berlin.de/bizer/bsbm/v01/instances/ProductFeature5099
http://www4.wiwiss.fu-berlin.de/bizer/bsbm/v01/instances/dataFrom/Product1832;http://www4.wiwiss.fu-berlin.de/bizer/bsbm/v01/vocabulary/productFeature;http://www4.wiwiss.fu-berlin.de/bizer/bsbm/v01/instances/ProductFeature5099
http://www4.wiwiss.fu-berlin.de/bizer/bsbm/v01/instances/dataFrom/Product1832;http://www4.wiwiss.fu-berlin.de/bizer/bsbm/v01/vocabulary/productFeature;http://www4.wiwiss.fu-berlin.de/bizer/bsbm/v01/instances/ProductFeature5101
http://www4.wiwiss.fu-berlin.de/bizer/bsbm/v01/instances/dataFrom/Product1832;http://www4.wiwiss.fu-berlin.de/bizer/bsbm/v01/vocabulary/productFeature;http://www4.wiwiss.fu-berlin.de/bizer/bsbm/v01/instances/ProductFeature5101
http://www4.wiwiss.fu-berlin.de/bizer/bsbm/v01/instances/dataFrom/Product1832;http://www4.wiwiss.fu-berlin.de/bizer/bsbm/v01/vocabulary/productFeature;http://www4.wiwiss.fu-berlin.de/bizer/bsbm/v01/instances/ProductFeature5101
http://www4.wiwiss.fu-berlin.de/bizer/bsbm/v01/instances/dataFrom/Product1832;http://www4.wiwiss.fu-berlin.de/bizer/bsbm/v01/vocabulary/productFeature;http://www4.wiwiss.fu-berlin.de/bizer/bsbm/v01/instances/ProductFeature5101
http://www4.wiwiss.fu-berlin.de/bizer/bsbm/v01/instances/dataFrom/Product1832;http://www4.wiwiss.fu-berlin.de/bizer/bsbm/v01/vocabulary/productFeature;http://www4.wiwiss.fu-berlin.de/bizer/bsbm/v01/instances/ProductFeature5101
http://www4.wiwiss.fu-berlin.de/bizer/bsbm/v01/instances/dataFrom/Product1832;http://www4.wiwiss.fu-berlin.de/bizer/bsbm/v01/vocabulary/productFeature;http://www4.wiwiss.fu-berlin.de/bizer/bsbm/v01/instances/ProductFeature5101
http://www4.wiwiss.fu-berlin.de/bizer/bsbm/v01/instances/dataFrom/Product1832;http://www4.wiwiss.fu-berlin.de/bizer/bsbm/v01/vocabulary/productFeature;http://www4.wiwiss.fu-berlin.de/bizer/bsbm/v01/instances/ProductFeature5101
http://www4.wiwiss.fu-berlin.de/bizer/bsbm/v01/instances/dataFrom/Product1832;http://www4.wiwiss.fu-berlin.de/bizer/bsbm/v01/vocabulary/productFeature;http://www4.wiwiss.fu-berlin.de/bizer/bsbm/v01/instances/ProductFeature5101
http://www4.wiwiss.fu-berlin.de/bizer/bsbm/v01/instances/dataFrom/Product1832;http://www4.wiwiss.fu-berlin.de/bizer/bsbm/v01/vocabulary/productFeature;http://www4.wiwiss.fu-berlin.de/bizer/bsbm/v01/instances/ProductFeature5101
http://www4.wiwiss.fu-berlin.de/bizer/bsbm/v01/instances/dataFrom/Product1832;http://www4.wiwiss.fu-berlin.de/bizer/bsbm/v01/vocabulary/productFeature;http://www4.wiwiss.fu-berlin.de/bizer/bsbm/v01/instances/ProductFeature5101
http://www4.wiwiss.fu-berlin.de/bizer/bsbm/v01/instances/dataFrom/Product1832;http://www4.wiwiss.fu-berlin.de/bizer/bsbm/v01/vocabulary/productFeature;http://www4.wiwiss.fu-berlin.de/bizer/bsbm/v01/instances/ProductFeature5101
http://www4.wiwiss.fu-berlin.de/bizer/bsbm/v01/instances/dataFrom/Product1832;http://www4.wiwiss.fu-berlin.de/bizer/bsbm/v01/vocabulary/productFeature;http://www4.wiwiss.fu-berlin.de/bizer/bsbm/v01/instances/ProductFeature5101
http://www4.wiwiss.fu-berlin.de/bizer/bsbm/v01/instances/dataFrom/Product1832;http://www4.wiwiss.fu-berlin.de/bizer/bsbm/v01/vocabulary/productFeature;http://www4.wiwiss.fu-berlin.de/bizer/bsbm/v01/instances/ProductFeature5111
http://www4.wiwiss.fu-berlin.de/bizer/bsbm/v01/instances/dataFrom/Product1832;http://www4.wiwiss.fu-berlin.de/bizer/bsbm/v01/vocabulary/productFeature;http://www4.wiwiss.fu-berlin.de/bizer/bsbm/v01/instances/ProductFeature5111
http://www4.wiwiss.fu-berlin.de/bizer/bsbm/v01/instances/dataFrom/Product1832;http://www4.wiwiss.fu-berlin.de/bizer/bsbm/v01/vocabulary/productFeature;http://www4.wiwiss.fu-berlin.de/bizer/bsbm/v01/instances/ProductFeature5111
http://www4.wiwiss.fu-berlin.de/bizer/bsbm/v01/instances/dataFrom/Product1832;http://www4.wiwiss.fu-berlin.de/bizer/bsbm/v01/vocabulary/productFeature;http://www4.wiwiss.fu-berlin.de/bizer/bsbm/v01/instances/ProductFeature5111
http://www4.wiwiss.fu-berlin.de/bizer/bsbm/v01/instances/dataFrom/Product8778;http://www4.wiwiss.fu-berlin.de/bizer/bsbm/v01/vocabulary/productFeature;http://www4.wiwiss.fu-berlin.de/bizer/bsbm/v01/instances/ProductFeature5099
http://www4.wiwiss.fu-berlin.de/bizer/bsbm/v01/instances/dataFrom/Product8778;http://www4.wiwiss.fu-berlin.de/bizer/bsbm/v01/vocabulary/productFeature;http://www4.wiwiss.fu-berlin.de/bizer/bsbm/v01/instances/ProductFeature5099
http://www4.wiwiss.fu-berlin.de/bizer/bsbm/v01/instances/dataFrom/Product8778;http://www4.wiwiss.fu-berlin.de/bizer/bsbm/v01/vocabulary/productFeature;http://www4.wiwiss.fu-berlin.de/bizer/bsbm/v01/instances/ProductFeature5099
http://www4.wiwiss.fu-berlin.de/bizer/bsbm/v01/instances/dataFrom/Product8778;http://www4.wiwiss.fu-berlin.de/bizer/bsbm/v01/vocabulary/productFeature;http://www4.wiwiss.fu-berlin.de/bizer/bsbm/v01/instances/ProductFeature5099
http://www4.wiwiss.fu-berlin.de/bizer/bsbm/v01/instances/dataFrom/Product8778;http://www4.wiwiss.fu-berlin.de/bizer/bsbm/v01/vocabulary/productFeature;http://www4.wiwiss.fu-berlin.de/bizer/bsbm/v01/instances/ProductFeature5099
http://www4.wiwiss.fu-berlin.de/bizer/bsbm/v01/instances/dataFrom/Product8778;http://www4.wiwiss.fu-berlin.de/bizer/bsbm/v01/vocabulary/productFeature;http://www4.wiwiss.fu-berlin.de/bizer/bsbm/v01/instances/ProductFeature5099
http://www4.wiwiss.fu-berlin.de/bizer/bsbm/v01/instances/dataFrom/Product8778;http://www4.wiwiss.fu-berlin.de/bizer/bsbm/v01/vocabulary/productFeature;http://www4.wiwiss.fu-berlin.de/bizer/bsbm/v01/instances/ProductFeature5099
http://www4.wiwiss.fu-berlin.de/bizer/bsbm/v01/instances/dataFrom/Product8778;http://www4.wiwiss.fu-berlin.de/bizer/bsbm/v01/vocabulary/productFeature;http://www4.wiwiss.fu-berlin.de/bizer/bsbm/v01/instances/ProductFeature5099
http://www4.wiwiss.fu-berlin.de/bizer/bsbm/v01/instances/dataFrom/Product8778;http://www4.wiwiss.fu-berlin.de/bizer/bsbm/v01/vocabulary/productFeature;http://www4.wiwiss.fu-berlin.de/bizer/bsbm/v01/instances/ProductFeature5099
http://www4.wiwiss.fu-berlin.de/bizer/bsbm/v01/instances/dataFrom/Product8778;http://www4.wiwiss.fu-berlin.de/bizer/bsbm/v01/vocabulary/productFeature;http://www4.wiwiss.fu-berlin.de/bizer/bsbm/v01/instances/ProductFeature5101
http://www4.wiwiss.fu-berlin.de/bizer/bsbm/v01/instances/dataFrom/Product8778;http://www4.wiwiss.fu-berlin.de/bizer/bsbm/v01/vocabulary/productFeature;http://www4.wiwiss.fu-berlin.de/bizer/bsbm/v01/instances/ProductFeature5101
http://www4.wiwiss.fu-berlin.de/bizer/bsbm/v01/instances/dataFrom/Product8778;http://www4.wiwiss.fu-berlin.de/bizer/bsbm/v01/vocabulary/productFeature;http://www4.wiwiss.fu-berlin.de/bizer/bsbm/v01/instances/ProductFeature5101
http://www4.wiwiss.fu-berlin.de/bizer/bsbm/v01/instances/dataFrom/Product8778;http://www4.wiwiss.fu-berlin.de/bizer/bsbm/v01/vocabulary/productFeature;http://www4.wiwiss.fu-berlin.de/bizer/bsbm/v01/instances/ProductFeature5101
http://www4.wiwiss.fu-berlin.de/bizer/bsbm/v01/instances/dataFrom/Product8778;http://www4.wiwiss.fu-berlin.de/bizer/bsbm/v01/vocabulary/productFeature;http://www4.wiwiss.fu-berlin.de/bizer/bsbm/v01/instances/ProductFeature5101
http://www4.wiwiss.fu-berlin.de/bizer/bsbm/v01/instances/dataFrom/Product8778;http://www4.wiwiss.fu-berlin.de/bizer/bsbm/v01/vocabulary/productFeature;http://www4.wiwiss.fu-berlin.de/bizer/bsbm/v01/instances/ProductFeature5101
http://www4.wiwiss.fu-berlin.de/bizer/bsbm/v01/instances/dataFrom/Product8778;http://www4.wiwiss.fu-berlin.de/bizer/bsbm/v01/vocabulary/productFeature;http://www4.wiwiss.fu-berlin.de/bizer/bsbm/v01/instances/ProductFeature5101
http://www4.wiwiss.fu-berlin.de/bizer/bsbm/v01/instances/dataFrom/Product8778;http://www4.wiwiss.fu-berlin.de/bizer/bsbm/v01/vocabulary/productFeature;http://www4.wiwiss.fu-berlin.de/bizer/bsbm/v01/instances/ProductFeature5101
http://www4.wiwiss.fu-berlin.de/bizer/bsbm/v01/instances/dataFrom/Product8778;http://www4.wiwiss.fu-berlin.de/bizer/bsbm/v01/vocabulary/productFeature;http://www4.wiwiss.fu-berlin.de/bizer/bsbm/v01/instances/ProductFeature5101
http://www4.wiwiss.fu-berlin.de/bizer/bsbm/v01/instances/dataFrom/Product8778;http://www4.wiwiss.fu-berlin.de/bizer/bsbm/v01/vocabulary/productFeature;http://www4.wiwiss.fu-berlin.de/bizer/bsbm/v01/instances/ProductFeature5101
http://www4.wiwiss.fu-berlin.de/bizer/bsbm/v01/instances/dataFrom/Product8778;http://www4.wiwiss.fu-berlin.de/bizer/bsbm/v01/vocabulary/productFeature;http://www4.wiwiss.fu-berlin.de/bizer/bsbm/v01/instances/ProductFeature5101
http://www4.wiwiss.fu-berlin.de/bizer/bsbm/v01/instances/dataFrom/Product8778;http://www4.wiwiss.fu-berlin.de/bizer/bsbm/v01/vocabulary/productFeature;http://www4.wiwiss.fu-berlin.de/bizer/bsbm/v01/instances/ProductFeature5101
http://www4.wiwiss.fu-berlin.de/bizer/bsbm/v01/instances/dataFrom/Product8778;http://www4.wiwiss.fu-berlin.de/bizer/bsbm/v01/vocabulary/productFeature;http://www4.wiwiss.fu-berlin.de/bizer/bsbm/v01/instances/ProductFeature5111
http://www4.wiwiss.fu-berlin.de/bizer/bsbm/v01/instances/dataFrom/Product8778;http://www4.wiwiss.fu-berlin.de/bizer/bsbm/v01/vocabulary/productFeature;http://www4.wiwiss.fu-berlin.de/bizer/bsbm/v01/instances/ProductFeature5111
http://www4.wiwiss.fu-berlin.de/bizer/bsbm/v01/instances/dataFrom/Product8778;http://www4.wiwiss.fu-berlin.de/bizer/bsbm/v01/vocabulary/productFeature;http://www4.wiwiss.fu-berlin.de/bizer/bsbm/v01/instances/ProductFeature5111
http://www4.wiwiss.fu-berlin.de/bizer/bsbm/v01/instances/dataFrom/Product8778;http://www4.wiwiss.fu-berlin.de/bizer/bsbm/v01/vocabulary/productFeature;http://www4.wiwiss.fu-berlin.de/bizer/bsbm/v01/instances/ProductFeature5111
http://www4.wiwiss.fu-berlin.de/bizer/bsbm/v01/instances/dataFrom/Product4496;http://www4.wiwiss.fu-berlin.de/bizer/bsbm/v01/vocabulary/productFeature;http://www4.wiwiss.fu-berlin.de/bizer/bsbm/v01/instances/ProductFeature5099
http://www4.wiwiss.fu-berlin.de/bizer/bsbm/v01/instances/dataFrom/Product4496;http://www4.wiwiss.fu-berlin.de/bizer/bsbm/v01/vocabulary/productFeature;http://www4.wiwiss.fu-berlin.de/bizer/bsbm/v01/instances/ProductFeature5099
http://www4.wiwiss.fu-berlin.de/bizer/bsbm/v01/instances/dataFrom/Product4496;http://www4.wiwiss.fu-berlin.de/bizer/bsbm/v01/vocabulary/productFeature;http://www4.wiwiss.fu-berlin.de/bizer/bsbm/v01/instances/ProductFeature5099
http://www4.wiwiss.fu-berlin.de/bizer/bsbm/v01/instances/dataFrom/Product4496;http://www4.wiwiss.fu-berlin.de/bizer/bsbm/v01/vocabulary/productFeature;http://www4.wiwiss.fu-berlin.de/bizer/bsbm/v01/instances/ProductFeature5099
http://www4.wiwiss.fu-berlin.de/bizer/bsbm/v01/instances/dataFrom/Product4496;http://www4.wiwiss.fu-berlin.de/bizer/bsbm/v01/vocabulary/productFeature;http://www4.wiwiss.fu-berlin.de/bizer/bsbm/v01/instances/ProductFeature5099
http://www4.wiwiss.fu-berlin.de/bizer/bsbm/v01/instances/dataFrom/Product4496;http://www4.wiwiss.fu-berlin.de/bizer/bsbm/v01/vocabulary/productFeature;http://www4.wiwiss.fu-berlin.de/bizer/bsbm/v01/instances/ProductFeature5099
http://www4.wiwiss.fu-berlin.de/bizer/bsbm/v01/instances/dataFrom/Product4496;http://www4.wiwiss.fu-berlin.de/bizer/bsbm/v01/vocabulary/productFeature;http://www4.wiwiss.fu-berlin.de/bizer/bsbm/v01/instances/ProductFeature5099
http://www4.wiwiss.fu-berlin.de/bizer/bsbm/v01/instances/dataFrom/Product4496;http://www4.wiwiss.fu-berlin.de/bizer/bsbm/v01/vocabulary/productFeature;http://www4.wiwiss.fu-berlin.de/bizer/bsbm/v01/instances/ProductFeature5099
http://www4.wiwiss.fu-berlin.de/bizer/bsbm/v01/instances/dataFrom/Product4496;http://www4.wiwiss.fu-berlin.de/bizer/bsbm/v01/vocabulary/productFeature;http://www4.wiwiss.fu-berlin.de/bizer/bsbm/v01/instances/ProductFeature5099
http://www4.wiwiss.fu-berlin.de/bizer/bsbm/v01/instances/dataFrom/Product4496;http://www4.wiwiss.fu-berlin.de/bizer/bsbm/v01/vocabulary/productFeature;http://www4.wiwiss.fu-berlin.de/bizer/bsbm/v01/instances/ProductFeature5101
http://www4.wiwiss.fu-berlin.de/bizer/bsbm/v01/instances/dataFrom/Product4496;http://www4.wiwiss.fu-berlin.de/bizer/bsbm/v01/vocabulary/productFeature;http://www4.wiwiss.fu-berlin.de/bizer/bsbm/v01/instances/ProductFeature5101
http://www4.wiwiss.fu-berlin.de/bizer/bsbm/v01/instances/dataFrom/Product4496;http://www4.wiwiss.fu-berlin.de/bizer/bsbm/v01/vocabulary/productFeature;http://www4.wiwiss.fu-berlin.de/bizer/bsbm/v01/instances/ProductFeature5101
http://www4.wiwiss.fu-berlin.de/bizer/bsbm/v01/instances/dataFrom/Product4496;http://www4.wiwiss.fu-berlin.de/bizer/bsbm/v01/vocabulary/productFeature;http://www4.wiwiss.fu-berlin.de/bizer/bsbm/v01/instances/ProductFeature5101
http://www4.wiwiss.fu-berlin.de/bizer/bsbm/v01/instances/dataFrom/Product4496;http://www4.wiwiss.fu-berlin.de/bizer/bsbm/v01/vocabulary/productFeature;http://www4.wiwiss.fu-berlin.de/bizer/bsbm/v01/instances/ProductFeature5101
http://www4.wiwiss.fu-berlin.de/bizer/bsbm/v01/instances/dataFrom/Product4496;http://www4.wiwiss.fu-berlin.de/bizer/bsbm/v01/vocabulary/productFeature;http://www4.wiwiss.fu-berlin.de/bizer/bsbm/v01/instances/ProductFeature5101
http://www4.wiwiss.fu-berlin.de/bizer/bsbm/v01/instances/dataFrom/Product4496;http://www4.wiwiss.fu-berlin.de/bizer/bsbm/v01/vocabulary/productFeature;http://www4.wiwiss.fu-berlin.de/bizer/bsbm/v01/instances/ProductFeature5101
http://www4.wiwiss.fu-berlin.de/bizer/bsbm/v01/instances/dataFrom/Product4496;http://www4.wiwiss.fu-berlin.de/bizer/bsbm/v01/vocabulary/productFeature;http://www4.wiwiss.fu-berlin.de/bizer/bsbm/v01/instances/ProductFeature5101
http://www4.wiwiss.fu-berlin.de/bizer/bsbm/v01/instances/dataFrom/Product4496;http://www4.wiwiss.fu-berlin.de/bizer/bsbm/v01/vocabulary/productFeature;http://www4.wiwiss.fu-berlin.de/bizer/bsbm/v01/instances/ProductFeature5101
http://www4.wiwiss.fu-berlin.de/bizer/bsbm/v01/instances/dataFrom/Product4496;http://www4.wiwiss.fu-berlin.de/bizer/bsbm/v01/vocabulary/productFeature;http://www4.wiwiss.fu-berlin.de/bizer/bsbm/v01/instances/ProductFeature5101
http://www4.wiwiss.fu-berlin.de/bizer/bsbm/v01/instances/dataFrom/Product4496;http://www4.wiwiss.fu-berlin.de/bizer/bsbm/v01/vocabulary/productFeature;http://www4.wiwiss.fu-berlin.de/bizer/bsbm/v01/instances/ProductFeature5101
http://www4.wiwiss.fu-berlin.de/bizer/bsbm/v01/instances/dataFrom/Product4496;http://www4.wiwiss.fu-berlin.de/bizer/bsbm/v01/vocabulary/productFeature;http://www4.wiwiss.fu-berlin.de/bizer/bsbm/v01/instances/ProductFeature5101
http://www4.wiwiss.fu-berlin.de/bizer/bsbm/v01/instances/dataFrom/Product4496;http://www4.wiwiss.fu-berlin.de/bizer/bsbm/v01/vocabulary/productFeature;http://www4.wiwiss.fu-berlin.de/bizer/bsbm/v01/instances/ProductFeature5111
http://www4.wiwiss.fu-berlin.de/bizer/bsbm/v01/instances/dataFrom/Product4496;http://www4.wiwiss.fu-berlin.de/bizer/bsbm/v01/vocabulary/productFeature;http://www4.wiwiss.fu-berlin.de/bizer/bsbm/v01/instances/ProductFeature5111
http://www4.wiwiss.fu-berlin.de/bizer/bsbm/v01/instances/dataFrom/Product4496;http://www4.wiwiss.fu-berlin.de/bizer/bsbm/v01/vocabulary/productFeature;http://www4.wiwiss.fu-berlin.de/bizer/bsbm/v01/instances/ProductFeature5111
http://www4.wiwiss.fu-berlin.de/bizer/bsbm/v01/instances/dataFrom/Product4496;http://www4.wiwiss.fu-berlin.de/bizer/bsbm/v01/vocabulary/productFeature;http://www4.wiwiss.fu-berlin.de/bizer/bsbm/v01/instances/ProductFeature5111
http://www4.wiwiss.fu-berlin.de/bizer/bsbm/v01/instances/dataFrom/Product3312;http://www4.wiwiss.fu-berlin.de/bizer/bsbm/v01/vocabulary/productFeature;http://www4.wiwiss.fu-berlin.de/bizer/bsbm/v01/instances/ProductFeature5099
http://www4.wiwiss.fu-berlin.de/bizer/bsbm/v01/instances/dataFrom/Product3312;http://www4.wiwiss.fu-berlin.de/bizer/bsbm/v01/vocabulary/productFeature;http://www4.wiwiss.fu-berlin.de/bizer/bsbm/v01/instances/ProductFeature5099
http://www4.wiwiss.fu-berlin.de/bizer/bsbm/v01/instances/dataFrom/Product3312;http://www4.wiwiss.fu-berlin.de/bizer/bsbm/v01/vocabulary/productFeature;http://www4.wiwiss.fu-berlin.de/bizer/bsbm/v01/instances/ProductFeature5099
http://www4.wiwiss.fu-berlin.de/bizer/bsbm/v01/instances/dataFrom/Product3312;http://www4.wiwiss.fu-berlin.de/bizer/bsbm/v01/vocabulary/productFeature;http://www4.wiwiss.fu-berlin.de/bizer/bsbm/v01/instances/ProductFeature5099
http://www4.wiwiss.fu-berlin.de/bizer/bsbm/v01/instances/dataFrom/Product3312;http://www4.wiwiss.fu-berlin.de/bizer/bsbm/v01/vocabulary/productFeature;http://www4.wiwiss.fu-berlin.de/bizer/bsbm/v01/instances/ProductFeature5099
http://www4.wiwiss.fu-berlin.de/bizer/bsbm/v01/instances/dataFrom/Product3312;http://www4.wiwiss.fu-berlin.de/bizer/bsbm/v01/vocabulary/productFeature;http://www4.wiwiss.fu-berlin.de/bizer/bsbm/v01/instances/ProductFeature5099
http://www4.wiwiss.fu-berlin.de/bizer/bsbm/v01/instances/dataFrom/Product3312;http://www4.wiwiss.fu-berlin.de/bizer/bsbm/v01/vocabulary/productFeature;http://www4.wiwiss.fu-berlin.de/bizer/bsbm/v01/instances/ProductFeature5099
http://www4.wiwiss.fu-berlin.de/bizer/bsbm/v01/instances/dataFrom/Product3312;http://www4.wiwiss.fu-berlin.de/bizer/bsbm/v01/vocabulary/productFeature;http://www4.wiwiss.fu-berlin.de/bizer/bsbm/v01/instances/ProductFeature5099
http://www4.wiwiss.fu-berlin.de/bizer/bsbm/v01/instances/dataFrom/Product3312;http://www4.wiwiss.fu-berlin.de/bizer/bsbm/v01/vocabulary/productFeature;http://www4.wiwiss.fu-berlin.de/bizer/bsbm/v01/instances/ProductFeature5099
http://www4.wiwiss.fu-berlin.de/bizer/bsbm/v01/instances/dataFrom/Product3312;http://www4.wiwiss.fu-berlin.de/bizer/bsbm/v01/vocabulary/productFeature;http://www4.wiwiss.fu-berlin.de/bizer/bsbm/v01/instances/ProductFeature5101
http://www4.wiwiss.fu-berlin.de/bizer/bsbm/v01/instances/dataFrom/Product3312;http://www4.wiwiss.fu-berlin.de/bizer/bsbm/v01/vocabulary/productFeature;http://www4.wiwiss.fu-berlin.de/bizer/bsbm/v01/instances/ProductFeature5101
http://www4.wiwiss.fu-berlin.de/bizer/bsbm/v01/instances/dataFrom/Product3312;http://www4.wiwiss.fu-berlin.de/bizer/bsbm/v01/vocabulary/productFeature;http://www4.wiwiss.fu-berlin.de/bizer/bsbm/v01/instances/ProductFeature5101
http://www4.wiwiss.fu-berlin.de/bizer/bsbm/v01/instances/dataFrom/Product3312;http://www4.wiwiss.fu-berlin.de/bizer/bsbm/v01/vocabulary/productFeature;http://www4.wiwiss.fu-berlin.de/bizer/bsbm/v01/instances/ProductFeature5101
http://www4.wiwiss.fu-berlin.de/bizer/bsbm/v01/instances/dataFrom/Product3312;http://www4.wiwiss.fu-berlin.de/bizer/bsbm/v01/vocabulary/productFeature;http://www4.wiwiss.fu-berlin.de/bizer/bsbm/v01/instances/ProductFeature5101
http://www4.wiwiss.fu-berlin.de/bizer/bsbm/v01/instances/dataFrom/Product3312;http://www4.wiwiss.fu-berlin.de/bizer/bsbm/v01/vocabulary/productFeature;http://www4.wiwiss.fu-berlin.de/bizer/bsbm/v01/instances/ProductFeature5101
http://www4.wiwiss.fu-berlin.de/bizer/bsbm/v01/instances/dataFrom/Product3312;http://www4.wiwiss.fu-berlin.de/bizer/bsbm/v01/vocabulary/productFeature;http://www4.wiwiss.fu-berlin.de/bizer/bsbm/v01/instances/ProductFeature5101
http://www4.wiwiss.fu-berlin.de/bizer/bsbm/v01/instances/dataFrom/Product3312;http://www4.wiwiss.fu-berlin.de/bizer/bsbm/v01/vocabulary/productFeature;http://www4.wiwiss.fu-berlin.de/bizer/bsbm/v01/instances/ProductFeature5101
http://www4.wiwiss.fu-berlin.de/bizer/bsbm/v01/instances/dataFrom/Product3312;http://www4.wiwiss.fu-berlin.de/bizer/bsbm/v01/vocabulary/productFeature;http://www4.wiwiss.fu-berlin.de/bizer/bsbm/v01/instances/ProductFeature5101
http://www4.wiwiss.fu-berlin.de/bizer/bsbm/v01/instances/dataFrom/Product3312;http://www4.wiwiss.fu-berlin.de/bizer/bsbm/v01/vocabulary/productFeature;http://www4.wiwiss.fu-berlin.de/bizer/bsbm/v01/instances/ProductFeature5101
http://www4.wiwiss.fu-berlin.de/bizer/bsbm/v01/instances/dataFrom/Product3312;http://www4.wiwiss.fu-berlin.de/bizer/bsbm/v01/vocabulary/productFeature;http://www4.wiwiss.fu-berlin.de/bizer/bsbm/v01/instances/ProductFeature5101
http://www4.wiwiss.fu-berlin.de/bizer/bsbm/v01/instances/dataFrom/Product3312;http://www4.wiwiss.fu-berlin.de/bizer/bsbm/v01/vocabulary/productFeature;http://www4.wiwiss.fu-berlin.de/bizer/bsbm/v01/instances/ProductFeature5101
http://www4.wiwiss.fu-berlin.de/bizer/bsbm/v01/instances/dataFrom/Product3312;http://www4.wiwiss.fu-berlin.de/bizer/bsbm/v01/vocabulary/productFeature;http://www4.wiwiss.fu-berlin.de/bizer/bsbm/v01/instances/ProductFeature5111
http://www4.wiwiss.fu-berlin.de/bizer/bsbm/v01/instances/dataFrom/Product3312;http://www4.wiwiss.fu-berlin.de/bizer/bsbm/v01/vocabulary/productFeature;http://www4.wiwiss.fu-berlin.de/bizer/bsbm/v01/instances/ProductFeature5111
http://www4.wiwiss.fu-berlin.de/bizer/bsbm/v01/instances/dataFrom/Product3312;http://www4.wiwiss.fu-berlin.de/bizer/bsbm/v01/vocabulary/productFeature;http://www4.wiwiss.fu-berlin.de/bizer/bsbm/v01/instances/ProductFeature5111
http://www4.wiwiss.fu-berlin.de/bizer/bsbm/v01/instances/dataFrom/Product3312;http://www4.wiwiss.fu-berlin.de/bizer/bsbm/v01/vocabulary/productFeature;http://www4.wiwiss.fu-berlin.de/bizer/bsbm/v01/instances/ProductFeature5111
http://www4.wiwiss.fu-berlin.de/bizer/bsbm/v01/instances/dataFrom/Product782;http://www4.wiwiss.fu-berlin.de/bizer/bsbm/v01/vocabulary/productFeature;http://www4.wiwiss.fu-berlin.de/bizer/bsbm/v01/instances/ProductFeature5099
http://www4.wiwiss.fu-berlin.de/bizer/bsbm/v01/instances/dataFrom/Product782;http://www4.wiwiss.fu-berlin.de/bizer/bsbm/v01/vocabulary/productFeature;http://www4.wiwiss.fu-berlin.de/bizer/bsbm/v01/instances/ProductFeature5099
http://www4.wiwiss.fu-berlin.de/bizer/bsbm/v01/instances/dataFrom/Product782;http://www4.wiwiss.fu-berlin.de/bizer/bsbm/v01/vocabulary/productFeature;http://www4.wiwiss.fu-berlin.de/bizer/bsbm/v01/instances/ProductFeature5099
http://www4.wiwiss.fu-berlin.de/bizer/bsbm/v01/instances/dataFrom/Product782;http://www4.wiwiss.fu-berlin.de/bizer/bsbm/v01/vocabulary/productFeature;http://www4.wiwiss.fu-berlin.de/bizer/bsbm/v01/instances/ProductFeature5099
http://www4.wiwiss.fu-berlin.de/bizer/bsbm/v01/instances/dataFrom/Product782;http://www4.wiwiss.fu-berlin.de/bizer/bsbm/v01/vocabulary/productFeature;http://www4.wiwiss.fu-berlin.de/bizer/bsbm/v01/instances/ProductFeature5099
http://www4.wiwiss.fu-berlin.de/bizer/bsbm/v01/instances/dataFrom/Product782;http://www4.wiwiss.fu-berlin.de/bizer/bsbm/v01/vocabulary/productFeature;http://www4.wiwiss.fu-berlin.de/bizer/bsbm/v01/instances/ProductFeature5099
http://www4.wiwiss.fu-berlin.de/bizer/bsbm/v01/instances/dataFrom/Product782;http://www4.wiwiss.fu-berlin.de/bizer/bsbm/v01/vocabulary/productFeature;http://www4.wiwiss.fu-berlin.de/bizer/bsbm/v01/instances/ProductFeature5099
http://www4.wiwiss.fu-berlin.de/bizer/bsbm/v01/instances/dataFrom/Product782;http://www4.wiwiss.fu-berlin.de/bizer/bsbm/v01/vocabulary/productFeature;http://www4.wiwiss.fu-berlin.de/bizer/bsbm/v01/instances/ProductFeature5099
http://www4.wiwiss.fu-berlin.de/bizer/bsbm/v01/instances/dataFrom/Product782;http://www4.wiwiss.fu-berlin.de/bizer/bsbm/v01/vocabulary/productFeature;http://www4.wiwiss.fu-berlin.de/bizer/bsbm/v01/instances/ProductFeature5099
http://www4.wiwiss.fu-berlin.de/bizer/bsbm/v01/instances/dataFrom/Product782;http://www4.wiwiss.fu-berlin.de/bizer/bsbm/v01/vocabulary/productFeature;http://www4.wiwiss.fu-berlin.de/bizer/bsbm/v01/instances/ProductFeature5101
http://www4.wiwiss.fu-berlin.de/bizer/bsbm/v01/instances/dataFrom/Product782;http://www4.wiwiss.fu-berlin.de/bizer/bsbm/v01/vocabulary/productFeature;http://www4.wiwiss.fu-berlin.de/bizer/bsbm/v01/instances/ProductFeature5101
http://www4.wiwiss.fu-berlin.de/bizer/bsbm/v01/instances/dataFrom/Product782;http://www4.wiwiss.fu-berlin.de/bizer/bsbm/v01/vocabulary/productFeature;http://www4.wiwiss.fu-berlin.de/bizer/bsbm/v01/instances/ProductFeature5101
http://www4.wiwiss.fu-berlin.de/bizer/bsbm/v01/instances/dataFrom/Product782;http://www4.wiwiss.fu-berlin.de/bizer/bsbm/v01/vocabulary/productFeature;http://www4.wiwiss.fu-berlin.de/bizer/bsbm/v01/instances/ProductFeature5101
http://www4.wiwiss.fu-berlin.de/bizer/bsbm/v01/instances/dataFrom/Product782;http://www4.wiwiss.fu-berlin.de/bizer/bsbm/v01/vocabulary/productFeature;http://www4.wiwiss.fu-berlin.de/bizer/bsbm/v01/instances/ProductFeature5101
http://www4.wiwiss.fu-berlin.de/bizer/bsbm/v01/instances/dataFrom/Product782;http://www4.wiwiss.fu-berlin.de/bizer/bsbm/v01/vocabulary/productFeature;http://www4.wiwiss.fu-berlin.de/bizer/bsbm/v01/instances/ProductFeature5101
http://www4.wiwiss.fu-berlin.de/bizer/bsbm/v01/instances/dataFrom/Product782;http://www4.wiwiss.fu-berlin.de/bizer/bsbm/v01/vocabulary/productFeature;http://www4.wiwiss.fu-berlin.de/bizer/bsbm/v01/instances/ProductFeature5101
http://www4.wiwiss.fu-berlin.de/bizer/bsbm/v01/instances/dataFrom/Product782;http://www4.wiwiss.fu-berlin.de/bizer/bsbm/v01/vocabulary/productFeature;http://www4.wiwiss.fu-berlin.de/bizer/bsbm/v01/instances/ProductFeature5101
http://www4.wiwiss.fu-berlin.de/bizer/bsbm/v01/instances/dataFrom/Product782;http://www4.wiwiss.fu-berlin.de/bizer/bsbm/v01/vocabulary/productFeature;http://www4.wiwiss.fu-berlin.de/bizer/bsbm/v01/instances/ProductFeature5101
http://www4.wiwiss.fu-berlin.de/bizer/bsbm/v01/instances/dataFrom/Product782;http://www4.wiwiss.fu-berlin.de/bizer/bsbm/v01/vocabulary/productFeature;http://www4.wiwiss.fu-berlin.de/bizer/bsbm/v01/instances/ProductFeature5101
http://www4.wiwiss.fu-berlin.de/bizer/bsbm/v01/instances/dataFrom/Product782;http://www4.wiwiss.fu-berlin.de/bizer/bsbm/v01/vocabulary/productFeature;http://www4.wiwiss.fu-berlin.de/bizer/bsbm/v01/instances/ProductFeature5101
http://www4.wiwiss.fu-berlin.de/bizer/bsbm/v01/instances/dataFrom/Product782;http://www4.wiwiss.fu-berlin.de/bizer/bsbm/v01/vocabulary/productFeature;http://www4.wiwiss.fu-berlin.de/bizer/bsbm/v01/instances/ProductFeature5101
http://www4.wiwiss.fu-berlin.de/bizer/bsbm/v01/instances/dataFrom/Product782;http://www4.wiwiss.fu-berlin.de/bizer/bsbm/v01/vocabulary/productFeature;http://www4.wiwiss.fu-berlin.de/bizer/bsbm/v01/instances/ProductFeature5111
http://www4.wiwiss.fu-berlin.de/bizer/bsbm/v01/instances/dataFrom/Product782;http://www4.wiwiss.fu-berlin.de/bizer/bsbm/v01/vocabulary/productFeature;http://www4.wiwiss.fu-berlin.de/bizer/bsbm/v01/instances/ProductFeature5111
http://www4.wiwiss.fu-berlin.de/bizer/bsbm/v01/instances/dataFrom/Product782;http://www4.wiwiss.fu-berlin.de/bizer/bsbm/v01/vocabulary/productFeature;http://www4.wiwiss.fu-berlin.de/bizer/bsbm/v01/instances/ProductFeature5111
http://www4.wiwiss.fu-berlin.de/bizer/bsbm/v01/instances/dataFrom/Product782;http://www4.wiwiss.fu-berlin.de/bizer/bsbm/v01/vocabulary/productFeature;http://www4.wiwiss.fu-berlin.de/bizer/bsbm/v01/instances/ProductFeature5111
http://www4.wiwiss.fu-berlin.de/bizer/bsbm/v01/instances/dataFrom/Product8683;http://www4.wiwiss.fu-berlin.de/bizer/bsbm/v01/vocabulary/productFeature;http://www4.wiwiss.fu-berlin.de/bizer/bsbm/v01/instances/ProductFeature5099
http://www4.wiwiss.fu-berlin.de/bizer/bsbm/v01/instances/dataFrom/Product8683;http://www4.wiwiss.fu-berlin.de/bizer/bsbm/v01/vocabulary/productFeature;http://www4.wiwiss.fu-berlin.de/bizer/bsbm/v01/instances/ProductFeature5099
http://www4.wiwiss.fu-berlin.de/bizer/bsbm/v01/instances/dataFrom/Product8683;http://www4.wiwiss.fu-berlin.de/bizer/bsbm/v01/vocabulary/productFeature;http://www4.wiwiss.fu-berlin.de/bizer/bsbm/v01/instances/ProductFeature5099
http://www4.wiwiss.fu-berlin.de/bizer/bsbm/v01/instances/dataFrom/Product8683;http://www4.wiwiss.fu-berlin.de/bizer/bsbm/v01/vocabulary/productFeature;http://www4.wiwiss.fu-berlin.de/bizer/bsbm/v01/instances/ProductFeature5099
http://www4.wiwiss.fu-berlin.de/bizer/bsbm/v01/instances/dataFrom/Product8683;http://www4.wiwiss.fu-berlin.de/bizer/bsbm/v01/vocabulary/productFeature;http://www4.wiwiss.fu-berlin.de/bizer/bsbm/v01/instances/ProductFeature5099
http://www4.wiwiss.fu-berlin.de/bizer/bsbm/v01/instances/dataFrom/Product8683;http://www4.wiwiss.fu-berlin.de/bizer/bsbm/v01/vocabulary/productFeature;http://www4.wiwiss.fu-berlin.de/bizer/bsbm/v01/instances/ProductFeature5099
http://www4.wiwiss.fu-berlin.de/bizer/bsbm/v01/instances/dataFrom/Product8683;http://www4.wiwiss.fu-berlin.de/bizer/bsbm/v01/vocabulary/productFeature;http://www4.wiwiss.fu-berlin.de/bizer/bsbm/v01/instances/ProductFeature5099
http://www4.wiwiss.fu-berlin.de/bizer/bsbm/v01/instances/dataFrom/Product8683;http://www4.wiwiss.fu-berlin.de/bizer/bsbm/v01/vocabulary/productFeature;http://www4.wiwiss.fu-berlin.de/bizer/bsbm/v01/instances/ProductFeature5099
http://www4.wiwiss.fu-berlin.de/bizer/bsbm/v01/instances/dataFrom/Product8683;http://www4.wiwiss.fu-berlin.de/bizer/bsbm/v01/vocabulary/productFeature;http://www4.wiwiss.fu-berlin.de/bizer/bsbm/v01/instances/ProductFeature5099
http://www4.wiwiss.fu-berlin.de/bizer/bsbm/v01/instances/dataFrom/Product8683;http://www4.wiwiss.fu-berlin.de/bizer/bsbm/v01/vocabulary/productFeature;http://www4.wiwiss.fu-berlin.de/bizer/bsbm/v01/instances/ProductFeature5101
http://www4.wiwiss.fu-berlin.de/bizer/bsbm/v01/instances/dataFrom/Product8683;http://www4.wiwiss.fu-berlin.de/bizer/bsbm/v01/vocabulary/productFeature;http://www4.wiwiss.fu-berlin.de/bizer/bsbm/v01/instances/ProductFeature5101
http://www4.wiwiss.fu-berlin.de/bizer/bsbm/v01/instances/dataFrom/Product8683;http://www4.wiwiss.fu-berlin.de/bizer/bsbm/v01/vocabulary/productFeature;http://www4.wiwiss.fu-berlin.de/bizer/bsbm/v01/instances/ProductFeature5101
http://www4.wiwiss.fu-berlin.de/bizer/bsbm/v01/instances/dataFrom/Product8683;http://www4.wiwiss.fu-berlin.de/bizer/bsbm/v01/vocabulary/productFeature;http://www4.wiwiss.fu-berlin.de/bizer/bsbm/v01/instances/ProductFeature5101
http://www4.wiwiss.fu-berlin.de/bizer/bsbm/v01/instances/dataFrom/Product8683;http://www4.wiwiss.fu-berlin.de/bizer/bsbm/v01/vocabulary/productFeature;http://www4.wiwiss.fu-berlin.de/bizer/bsbm/v01/instances/ProductFeature5101
http://www4.wiwiss.fu-berlin.de/bizer/bsbm/v01/instances/dataFrom/Product8683;http://www4.wiwiss.fu-berlin.de/bizer/bsbm/v01/vocabulary/productFeature;http://www4.wiwiss.fu-berlin.de/bizer/bsbm/v01/instances/ProductFeature5101
http://www4.wiwiss.fu-berlin.de/bizer/bsbm/v01/instances/dataFrom/Product8683;http://www4.wiwiss.fu-berlin.de/bizer/bsbm/v01/vocabulary/productFeature;http://www4.wiwiss.fu-berlin.de/bizer/bsbm/v01/instances/ProductFeature5101
http://www4.wiwiss.fu-berlin.de/bizer/bsbm/v01/instances/dataFrom/Product8683;http://www4.wiwiss.fu-berlin.de/bizer/bsbm/v01/vocabulary/productFeature;http://www4.wiwiss.fu-berlin.de/bizer/bsbm/v01/instances/ProductFeature5101
http://www4.wiwiss.fu-berlin.de/bizer/bsbm/v01/instances/dataFrom/Product8683;http://www4.wiwiss.fu-berlin.de/bizer/bsbm/v01/vocabulary/productFeature;http://www4.wiwiss.fu-berlin.de/bizer/bsbm/v01/instances/ProductFeature5101
http://www4.wiwiss.fu-berlin.de/bizer/bsbm/v01/instances/dataFrom/Product8683;http://www4.wiwiss.fu-berlin.de/bizer/bsbm/v01/vocabulary/productFeature;http://www4.wiwiss.fu-berlin.de/bizer/bsbm/v01/instances/ProductFeature5101
http://www4.wiwiss.fu-berlin.de/bizer/bsbm/v01/instances/dataFrom/Product8683;http://www4.wiwiss.fu-berlin.de/bizer/bsbm/v01/vocabulary/productFeature;http://www4.wiwiss.fu-berlin.de/bizer/bsbm/v01/instances/ProductFeature5101
http://www4.wiwiss.fu-berlin.de/bizer/bsbm/v01/instances/dataFrom/Product8683;http://www4.wiwiss.fu-berlin.de/bizer/bsbm/v01/vocabulary/productFeature;http://www4.wiwiss.fu-berlin.de/bizer/bsbm/v01/instances/ProductFeature5101
http://www4.wiwiss.fu-berlin.de/bizer/bsbm/v01/instances/dataFrom/Product8683;http://www4.wiwiss.fu-berlin.de/bizer/bsbm/v01/vocabulary/productFeature;http://www4.wiwiss.fu-berlin.de/bizer/bsbm/v01/instances/ProductFeature5111
http://www4.wiwiss.fu-berlin.de/bizer/bsbm/v01/instances/dataFrom/Product8683;http://www4.wiwiss.fu-berlin.de/bizer/bsbm/v01/vocabulary/productFeature;http://www4.wiwiss.fu-berlin.de/bizer/bsbm/v01/instances/ProductFeature5111
http://www4.wiwiss.fu-berlin.de/bizer/bsbm/v01/instances/dataFrom/Product8683;http://www4.wiwiss.fu-berlin.de/bizer/bsbm/v01/vocabulary/productFeature;http://www4.wiwiss.fu-berlin.de/bizer/bsbm/v01/instances/ProductFeature5111
http://www4.wiwiss.fu-berlin.de/bizer/bsbm/v01/instances/dataFrom/Product8683;http://www4.wiwiss.fu-berlin.de/bizer/bsbm/v01/vocabulary/productFeature;http://www4.wiwiss.fu-berlin.de/bizer/bsbm/v01/instances/ProductFeature5111
http://www4.wiwiss.fu-berlin.de/bizer/bsbm/v01/instances/dataFrom/Product4962;http://www4.wiwiss.fu-berlin.de/bizer/bsbm/v01/vocabulary/productFeature;http://www4.wiwiss.fu-berlin.de/bizer/bsbm/v01/instances/ProductFeature5099
http://www4.wiwiss.fu-berlin.de/bizer/bsbm/v01/instances/dataFrom/Product4962;http://www4.wiwiss.fu-berlin.de/bizer/bsbm/v01/vocabulary/productFeature;http://www4.wiwiss.fu-berlin.de/bizer/bsbm/v01/instances/ProductFeature5099
http://www4.wiwiss.fu-berlin.de/bizer/bsbm/v01/instances/dataFrom/Product4962;http://www4.wiwiss.fu-berlin.de/bizer/bsbm/v01/vocabulary/productFeature;http://www4.wiwiss.fu-berlin.de/bizer/bsbm/v01/instances/ProductFeature5099
http://www4.wiwiss.fu-berlin.de/bizer/bsbm/v01/instances/dataFrom/Product4962;http://www4.wiwiss.fu-berlin.de/bizer/bsbm/v01/vocabulary/productFeature;http://www4.wiwiss.fu-berlin.de/bizer/bsbm/v01/instances/ProductFeature5099
http://www4.wiwiss.fu-berlin.de/bizer/bsbm/v01/instances/dataFrom/Product4962;http://www4.wiwiss.fu-berlin.de/bizer/bsbm/v01/vocabulary/productFeature;http://www4.wiwiss.fu-berlin.de/bizer/bsbm/v01/instances/ProductFeature5099
http://www4.wiwiss.fu-berlin.de/bizer/bsbm/v01/instances/dataFrom/Product4962;http://www4.wiwiss.fu-berlin.de/bizer/bsbm/v01/vocabulary/productFeature;http://www4.wiwiss.fu-berlin.de/bizer/bsbm/v01/instances/ProductFeature5099
http://www4.wiwiss.fu-berlin.de/bizer/bsbm/v01/instances/dataFrom/Product4962;http://www4.wiwiss.fu-berlin.de/bizer/bsbm/v01/vocabulary/productFeature;http://www4.wiwiss.fu-berlin.de/bizer/bsbm/v01/instances/ProductFeature5099
http://www4.wiwiss.fu-berlin.de/bizer/bsbm/v01/instances/dataFrom/Product4962;http://www4.wiwiss.fu-berlin.de/bizer/bsbm/v01/vocabulary/productFeature;http://www4.wiwiss.fu-berlin.de/bizer/bsbm/v01/instances/ProductFeature5099
http://www4.wiwiss.fu-berlin.de/bizer/bsbm/v01/instances/dataFrom/Product4962;http://www4.wiwiss.fu-berlin.de/bizer/bsbm/v01/vocabulary/productFeature;http://www4.wiwiss.fu-berlin.de/bizer/bsbm/v01/instances/ProductFeature5099
http://www4.wiwiss.fu-berlin.de/bizer/bsbm/v01/instances/dataFrom/Product4962;http://www4.wiwiss.fu-berlin.de/bizer/bsbm/v01/vocabulary/productFeature;http://www4.wiwiss.fu-berlin.de/bizer/bsbm/v01/instances/ProductFeature5101
http://www4.wiwiss.fu-berlin.de/bizer/bsbm/v01/instances/dataFrom/Product4962;http://www4.wiwiss.fu-berlin.de/bizer/bsbm/v01/vocabulary/productFeature;http://www4.wiwiss.fu-berlin.de/bizer/bsbm/v01/instances/ProductFeature5101
http://www4.wiwiss.fu-berlin.de/bizer/bsbm/v01/instances/dataFrom/Product4962;http://www4.wiwiss.fu-berlin.de/bizer/bsbm/v01/vocabulary/productFeature;http://www4.wiwiss.fu-berlin.de/bizer/bsbm/v01/instances/ProductFeature5101
http://www4.wiwiss.fu-berlin.de/bizer/bsbm/v01/instances/dataFrom/Product4962;http://www4.wiwiss.fu-berlin.de/bizer/bsbm/v01/vocabulary/productFeature;http://www4.wiwiss.fu-berlin.de/bizer/bsbm/v01/instances/ProductFeature5101
http://www4.wiwiss.fu-berlin.de/bizer/bsbm/v01/instances/dataFrom/Product4962;http://www4.wiwiss.fu-berlin.de/bizer/bsbm/v01/vocabulary/productFeature;http://www4.wiwiss.fu-berlin.de/bizer/bsbm/v01/instances/ProductFeature5101
http://www4.wiwiss.fu-berlin.de/bizer/bsbm/v01/instances/dataFrom/Product4962;http://www4.wiwiss.fu-berlin.de/bizer/bsbm/v01/vocabulary/productFeature;http://www4.wiwiss.fu-berlin.de/bizer/bsbm/v01/instances/ProductFeature5101
http://www4.wiwiss.fu-berlin.de/bizer/bsbm/v01/instances/dataFrom/Product4962;http://www4.wiwiss.fu-berlin.de/bizer/bsbm/v01/vocabulary/productFeature;http://www4.wiwiss.fu-berlin.de/bizer/bsbm/v01/instances/ProductFeature5101
http://www4.wiwiss.fu-berlin.de/bizer/bsbm/v01/instances/dataFrom/Product4962;http://www4.wiwiss.fu-berlin.de/bizer/bsbm/v01/vocabulary/productFeature;http://www4.wiwiss.fu-berlin.de/bizer/bsbm/v01/instances/ProductFeature5101
http://www4.wiwiss.fu-berlin.de/bizer/bsbm/v01/instances/dataFrom/Product4962;http://www4.wiwiss.fu-berlin.de/bizer/bsbm/v01/vocabulary/productFeature;http://www4.wiwiss.fu-berlin.de/bizer/bsbm/v01/instances/ProductFeature5101
http://www4.wiwiss.fu-berlin.de/bizer/bsbm/v01/instances/dataFrom/Product4962;http://www4.wiwiss.fu-berlin.de/bizer/bsbm/v01/vocabulary/productFeature;http://www4.wiwiss.fu-berlin.de/bizer/bsbm/v01/instances/ProductFeature5101
http://www4.wiwiss.fu-berlin.de/bizer/bsbm/v01/instances/dataFrom/Product4962;http://www4.wiwiss.fu-berlin.de/bizer/bsbm/v01/vocabulary/productFeature;http://www4.wiwiss.fu-berlin.de/bizer/bsbm/v01/instances/ProductFeature5101
http://www4.wiwiss.fu-berlin.de/bizer/bsbm/v01/instances/dataFrom/Product4962;http://www4.wiwiss.fu-berlin.de/bizer/bsbm/v01/vocabulary/productFeature;http://www4.wiwiss.fu-berlin.de/bizer/bsbm/v01/instances/ProductFeature5101
http://www4.wiwiss.fu-berlin.de/bizer/bsbm/v01/instances/dataFrom/Product4962;http://www4.wiwiss.fu-berlin.de/bizer/bsbm/v01/vocabulary/productFeature;http://www4.wiwiss.fu-berlin.de/bizer/bsbm/v01/instances/ProductFeature5111
http://www4.wiwiss.fu-berlin.de/bizer/bsbm/v01/instances/dataFrom/Product4962;http://www4.wiwiss.fu-berlin.de/bizer/bsbm/v01/vocabulary/productFeature;http://www4.wiwiss.fu-berlin.de/bizer/bsbm/v01/instances/ProductFeature5111
http://www4.wiwiss.fu-berlin.de/bizer/bsbm/v01/instances/dataFrom/Product4962;http://www4.wiwiss.fu-berlin.de/bizer/bsbm/v01/vocabulary/productFeature;http://www4.wiwiss.fu-berlin.de/bizer/bsbm/v01/instances/ProductFeature5111
http://www4.wiwiss.fu-berlin.de/bizer/bsbm/v01/instances/dataFrom/Product4962;http://www4.wiwiss.fu-berlin.de/bizer/bsbm/v01/vocabulary/productFeature;http://www4.wiwiss.fu-berlin.de/bizer/bsbm/v01/instances/ProductFeature5111
http://www4.wiwiss.fu-berlin.de/bizer/bsbm/v01/instances/dataFrom/Product9730;http://www4.wiwiss.fu-berlin.de/bizer/bsbm/v01/vocabulary/productFeature;http://www4.wiwiss.fu-berlin.de/bizer/bsbm/v01/instances/ProductFeature5099
http://www4.wiwiss.fu-berlin.de/bizer/bsbm/v01/instances/dataFrom/Product9730;http://www4.wiwiss.fu-berlin.de/bizer/bsbm/v01/vocabulary/productFeature;http://www4.wiwiss.fu-berlin.de/bizer/bsbm/v01/instances/ProductFeature5099
http://www4.wiwiss.fu-berlin.de/bizer/bsbm/v01/instances/dataFrom/Product9730;http://www4.wiwiss.fu-berlin.de/bizer/bsbm/v01/vocabulary/productFeature;http://www4.wiwiss.fu-berlin.de/bizer/bsbm/v01/instances/ProductFeature5099
http://www4.wiwiss.fu-berlin.de/bizer/bsbm/v01/instances/dataFrom/Product9730;http://www4.wiwiss.fu-berlin.de/bizer/bsbm/v01/vocabulary/productFeature;http://www4.wiwiss.fu-berlin.de/bizer/bsbm/v01/instances/ProductFeature5099
http://www4.wiwiss.fu-berlin.de/bizer/bsbm/v01/instances/dataFrom/Product9730;http://www4.wiwiss.fu-berlin.de/bizer/bsbm/v01/vocabulary/productFeature;http://www4.wiwiss.fu-berlin.de/bizer/bsbm/v01/instances/ProductFeature5099
http://www4.wiwiss.fu-berlin.de/bizer/bsbm/v01/instances/dataFrom/Product9730;http://www4.wiwiss.fu-berlin.de/bizer/bsbm/v01/vocabulary/productFeature;http://www4.wiwiss.fu-berlin.de/bizer/bsbm/v01/instances/ProductFeature5099
http://www4.wiwiss.fu-berlin.de/bizer/bsbm/v01/instances/dataFrom/Product9730;http://www4.wiwiss.fu-berlin.de/bizer/bsbm/v01/vocabulary/productFeature;http://www4.wiwiss.fu-berlin.de/bizer/bsbm/v01/instances/ProductFeature5099
http://www4.wiwiss.fu-berlin.de/bizer/bsbm/v01/instances/dataFrom/Product9730;http://www4.wiwiss.fu-berlin.de/bizer/bsbm/v01/vocabulary/productFeature;http://www4.wiwiss.fu-berlin.de/bizer/bsbm/v01/instances/ProductFeature5099
http://www4.wiwiss.fu-berlin.de/bizer/bsbm/v01/instances/dataFrom/Product9730;http://www4.wiwiss.fu-berlin.de/bizer/bsbm/v01/vocabulary/productFeature;http://www4.wiwiss.fu-berlin.de/bizer/bsbm/v01/instances/ProductFeature5099
http://www4.wiwiss.fu-berlin.de/bizer/bsbm/v01/instances/dataFrom/Product9730;http://www4.wiwiss.fu-berlin.de/bizer/bsbm/v01/vocabulary/productFeature;http://www4.wiwiss.fu-berlin.de/bizer/bsbm/v01/instances/ProductFeature5101
http://www4.wiwiss.fu-berlin.de/bizer/bsbm/v01/instances/dataFrom/Product9730;http://www4.wiwiss.fu-berlin.de/bizer/bsbm/v01/vocabulary/productFeature;http://www4.wiwiss.fu-berlin.de/bizer/bsbm/v01/instances/ProductFeature5101
http://www4.wiwiss.fu-berlin.de/bizer/bsbm/v01/instances/dataFrom/Product9730;http://www4.wiwiss.fu-berlin.de/bizer/bsbm/v01/vocabulary/productFeature;http://www4.wiwiss.fu-berlin.de/bizer/bsbm/v01/instances/ProductFeature5101
http://www4.wiwiss.fu-berlin.de/bizer/bsbm/v01/instances/dataFrom/Product9730;http://www4.wiwiss.fu-berlin.de/bizer/bsbm/v01/vocabulary/productFeature;http://www4.wiwiss.fu-berlin.de/bizer/bsbm/v01/instances/ProductFeature5101
http://www4.wiwiss.fu-berlin.de/bizer/bsbm/v01/instances/dataFrom/Product9730;http://www4.wiwiss.fu-berlin.de/bizer/bsbm/v01/vocabulary/productFeature;http://www4.wiwiss.fu-berlin.de/bizer/bsbm/v01/instances/ProductFeature5101
http://www4.wiwiss.fu-berlin.de/bizer/bsbm/v01/instances/dataFrom/Product9730;http://www4.wiwiss.fu-berlin.de/bizer/bsbm/v01/vocabulary/productFeature;http://www4.wiwiss.fu-berlin.de/bizer/bsbm/v01/instances/ProductFeature5101
http://www4.wiwiss.fu-berlin.de/bizer/bsbm/v01/instances/dataFrom/Product9730;http://www4.wiwiss.fu-berlin.de/bizer/bsbm/v01/vocabulary/productFeature;http://www4.wiwiss.fu-berlin.de/bizer/bsbm/v01/instances/ProductFeature5101
http://www4.wiwiss.fu-berlin.de/bizer/bsbm/v01/instances/dataFrom/Product9730;http://www4.wiwiss.fu-berlin.de/bizer/bsbm/v01/vocabulary/productFeature;http://www4.wiwiss.fu-berlin.de/bizer/bsbm/v01/instances/ProductFeature5101
http://www4.wiwiss.fu-berlin.de/bizer/bsbm/v01/instances/dataFrom/Product9730;http://www4.wiwiss.fu-berlin.de/bizer/bsbm/v01/vocabulary/productFeature;http://www4.wiwiss.fu-berlin.de/bizer/bsbm/v01/instances/ProductFeature5101
http://www4.wiwiss.fu-berlin.de/bizer/bsbm/v01/instances/dataFrom/Product9730;http://www4.wiwiss.fu-berlin.de/bizer/bsbm/v01/vocabulary/productFeature;http://www4.wiwiss.fu-berlin.de/bizer/bsbm/v01/instances/ProductFeature5101
http://www4.wiwiss.fu-berlin.de/bizer/bsbm/v01/instances/dataFrom/Product9730;http://www4.wiwiss.fu-berlin.de/bizer/bsbm/v01/vocabulary/productFeature;http://www4.wiwiss.fu-berlin.de/bizer/bsbm/v01/instances/ProductFeature5101
http://www4.wiwiss.fu-berlin.de/bizer/bsbm/v01/instances/dataFrom/Product9730;http://www4.wiwiss.fu-berlin.de/bizer/bsbm/v01/vocabulary/productFeature;http://www4.wiwiss.fu-berlin.de/bizer/bsbm/v01/instances/ProductFeature5101
http://www4.wiwiss.fu-berlin.de/bizer/bsbm/v01/instances/dataFrom/Product9730;http://www4.wiwiss.fu-berlin.de/bizer/bsbm/v01/vocabulary/productFeature;http://www4.wiwiss.fu-berlin.de/bizer/bsbm/v01/instances/ProductFeature5111
http://www4.wiwiss.fu-berlin.de/bizer/bsbm/v01/instances/dataFrom/Product9730;http://www4.wiwiss.fu-berlin.de/bizer/bsbm/v01/vocabulary/productFeature;http://www4.wiwiss.fu-berlin.de/bizer/bsbm/v01/instances/ProductFeature5111
http://www4.wiwiss.fu-berlin.de/bizer/bsbm/v01/instances/dataFrom/Product9730;http://www4.wiwiss.fu-berlin.de/bizer/bsbm/v01/vocabulary/productFeature;http://www4.wiwiss.fu-berlin.de/bizer/bsbm/v01/instances/ProductFeature5111
http://www4.wiwiss.fu-berlin.de/bizer/bsbm/v01/instances/dataFrom/Product9730;http://www4.wiwiss.fu-berlin.de/bizer/bsbm/v01/vocabulary/productFeature;http://www4.wiwiss.fu-berlin.de/bizer/bsbm/v01/instances/ProductFeature5111
http://www4.wiwiss.fu-berlin.de/bizer/bsbm/v01/instances/dataFrom/Product9280;http://www4.wiwiss.fu-berlin.de/bizer/bsbm/v01/vocabulary/productFeature;http://www4.wiwiss.fu-berlin.de/bizer/bsbm/v01/instances/ProductFeature5099
http://www4.wiwiss.fu-berlin.de/bizer/bsbm/v01/instances/dataFrom/Product9280;http://www4.wiwiss.fu-berlin.de/bizer/bsbm/v01/vocabulary/productFeature;http://www4.wiwiss.fu-berlin.de/bizer/bsbm/v01/instances/ProductFeature5099
http://www4.wiwiss.fu-berlin.de/bizer/bsbm/v01/instances/dataFrom/Product9280;http://www4.wiwiss.fu-berlin.de/bizer/bsbm/v01/vocabulary/productFeature;http://www4.wiwiss.fu-berlin.de/bizer/bsbm/v01/instances/ProductFeature5099
http://www4.wiwiss.fu-berlin.de/bizer/bsbm/v01/instances/dataFrom/Product9280;http://www4.wiwiss.fu-berlin.de/bizer/bsbm/v01/vocabulary/productFeature;http://www4.wiwiss.fu-berlin.de/bizer/bsbm/v01/instances/ProductFeature5099
http://www4.wiwiss.fu-berlin.de/bizer/bsbm/v01/instances/dataFrom/Product9280;http://www4.wiwiss.fu-berlin.de/bizer/bsbm/v01/vocabulary/productFeature;http://www4.wiwiss.fu-berlin.de/bizer/bsbm/v01/instances/ProductFeature5099
http://www4.wiwiss.fu-berlin.de/bizer/bsbm/v01/instances/dataFrom/Product9280;http://www4.wiwiss.fu-berlin.de/bizer/bsbm/v01/vocabulary/productFeature;http://www4.wiwiss.fu-berlin.de/bizer/bsbm/v01/instances/ProductFeature5099
http://www4.wiwiss.fu-berlin.de/bizer/bsbm/v01/instances/dataFrom/Product9280;http://www4.wiwiss.fu-berlin.de/bizer/bsbm/v01/vocabulary/productFeature;http://www4.wiwiss.fu-berlin.de/bizer/bsbm/v01/instances/ProductFeature5099
http://www4.wiwiss.fu-berlin.de/bizer/bsbm/v01/instances/dataFrom/Product9280;http://www4.wiwiss.fu-berlin.de/bizer/bsbm/v01/vocabulary/productFeature;http://www4.wiwiss.fu-berlin.de/bizer/bsbm/v01/instances/ProductFeature5099
http://www4.wiwiss.fu-berlin.de/bizer/bsbm/v01/instances/dataFrom/Product9280;http://www4.wiwiss.fu-berlin.de/bizer/bsbm/v01/vocabulary/productFeature;http://www4.wiwiss.fu-berlin.de/bizer/bsbm/v01/instances/ProductFeature5099
http://www4.wiwiss.fu-berlin.de/bizer/bsbm/v01/instances/dataFrom/Product9280;http://www4.wiwiss.fu-berlin.de/bizer/bsbm/v01/vocabulary/productFeature;http://www4.wiwiss.fu-berlin.de/bizer/bsbm/v01/instances/ProductFeature5101
http://www4.wiwiss.fu-berlin.de/bizer/bsbm/v01/instances/dataFrom/Product9280;http://www4.wiwiss.fu-berlin.de/bizer/bsbm/v01/vocabulary/productFeature;http://www4.wiwiss.fu-berlin.de/bizer/bsbm/v01/instances/ProductFeature5101
http://www4.wiwiss.fu-berlin.de/bizer/bsbm/v01/instances/dataFrom/Product9280;http://www4.wiwiss.fu-berlin.de/bizer/bsbm/v01/vocabulary/productFeature;http://www4.wiwiss.fu-berlin.de/bizer/bsbm/v01/instances/ProductFeature5101
http://www4.wiwiss.fu-berlin.de/bizer/bsbm/v01/instances/dataFrom/Product9280;http://www4.wiwiss.fu-berlin.de/bizer/bsbm/v01/vocabulary/productFeature;http://www4.wiwiss.fu-berlin.de/bizer/bsbm/v01/instances/ProductFeature5101
http://www4.wiwiss.fu-berlin.de/bizer/bsbm/v01/instances/dataFrom/Product9280;http://www4.wiwiss.fu-berlin.de/bizer/bsbm/v01/vocabulary/productFeature;http://www4.wiwiss.fu-berlin.de/bizer/bsbm/v01/instances/ProductFeature5101
http://www4.wiwiss.fu-berlin.de/bizer/bsbm/v01/instances/dataFrom/Product9280;http://www4.wiwiss.fu-berlin.de/bizer/bsbm/v01/vocabulary/productFeature;http://www4.wiwiss.fu-berlin.de/bizer/bsbm/v01/instances/ProductFeature5101
http://www4.wiwiss.fu-berlin.de/bizer/bsbm/v01/instances/dataFrom/Product9280;http://www4.wiwiss.fu-berlin.de/bizer/bsbm/v01/vocabulary/productFeature;http://www4.wiwiss.fu-berlin.de/bizer/bsbm/v01/instances/ProductFeature5101
http://www4.wiwiss.fu-berlin.de/bizer/bsbm/v01/instances/dataFrom/Product9280;http://www4.wiwiss.fu-berlin.de/bizer/bsbm/v01/vocabulary/productFeature;http://www4.wiwiss.fu-berlin.de/bizer/bsbm/v01/instances/ProductFeature5101
http://www4.wiwiss.fu-berlin.de/bizer/bsbm/v01/instances/dataFrom/Product9280;http://www4.wiwiss.fu-berlin.de/bizer/bsbm/v01/vocabulary/productFeature;http://www4.wiwiss.fu-berlin.de/bizer/bsbm/v01/instances/ProductFeature5101
http://www4.wiwiss.fu-berlin.de/bizer/bsbm/v01/instances/dataFrom/Product9280;http://www4.wiwiss.fu-berlin.de/bizer/bsbm/v01/vocabulary/productFeature;http://www4.wiwiss.fu-berlin.de/bizer/bsbm/v01/instances/ProductFeature5101
http://www4.wiwiss.fu-berlin.de/bizer/bsbm/v01/instances/dataFrom/Product9280;http://www4.wiwiss.fu-berlin.de/bizer/bsbm/v01/vocabulary/productFeature;http://www4.wiwiss.fu-berlin.de/bizer/bsbm/v01/instances/ProductFeature5101
http://www4.wiwiss.fu-berlin.de/bizer/bsbm/v01/instances/dataFrom/Product9280;http://www4.wiwiss.fu-berlin.de/bizer/bsbm/v01/vocabulary/productFeature;http://www4.wiwiss.fu-berlin.de/bizer/bsbm/v01/instances/ProductFeature5101
http://www4.wiwiss.fu-berlin.de/bizer/bsbm/v01/instances/dataFrom/Product9280;http://www4.wiwiss.fu-berlin.de/bizer/bsbm/v01/vocabulary/productFeature;http://www4.wiwiss.fu-berlin.de/bizer/bsbm/v01/instances/ProductFeature5111
http://www4.wiwiss.fu-berlin.de/bizer/bsbm/v01/instances/dataFrom/Product9280;http://www4.wiwiss.fu-berlin.de/bizer/bsbm/v01/vocabulary/productFeature;http://www4.wiwiss.fu-berlin.de/bizer/bsbm/v01/instances/ProductFeature5111
http://www4.wiwiss.fu-berlin.de/bizer/bsbm/v01/instances/dataFrom/Product9280;http://www4.wiwiss.fu-berlin.de/bizer/bsbm/v01/vocabulary/productFeature;http://www4.wiwiss.fu-berlin.de/bizer/bsbm/v01/instances/ProductFeature5111
http://www4.wiwiss.fu-berlin.de/bizer/bsbm/v01/instances/dataFrom/Product9280;http://www4.wiwiss.fu-berlin.de/bizer/bsbm/v01/vocabulary/productFeature;http://www4.wiwiss.fu-berlin.de/bizer/bsbm/v01/instances/ProductFeature5111
http://www4.wiwiss.fu-berlin.de/bizer/bsbm/v01/instances/dataFrom/Product1367;http://www4.wiwiss.fu-berlin.de/bizer/bsbm/v01/vocabulary/productFeature;http://www4.wiwiss.fu-berlin.de/bizer/bsbm/v01/instances/ProductFeature5099
http://www4.wiwiss.fu-berlin.de/bizer/bsbm/v01/instances/dataFrom/Product1367;http://www4.wiwiss.fu-berlin.de/bizer/bsbm/v01/vocabulary/productFeature;http://www4.wiwiss.fu-berlin.de/bizer/bsbm/v01/instances/ProductFeature5099
http://www4.wiwiss.fu-berlin.de/bizer/bsbm/v01/instances/dataFrom/Product1367;http://www4.wiwiss.fu-berlin.de/bizer/bsbm/v01/vocabulary/productFeature;http://www4.wiwiss.fu-berlin.de/bizer/bsbm/v01/instances/ProductFeature5099
http://www4.wiwiss.fu-berlin.de/bizer/bsbm/v01/instances/dataFrom/Product1367;http://www4.wiwiss.fu-berlin.de/bizer/bsbm/v01/vocabulary/productFeature;http://www4.wiwiss.fu-berlin.de/bizer/bsbm/v01/instances/ProductFeature5099
http://www4.wiwiss.fu-berlin.de/bizer/bsbm/v01/instances/dataFrom/Product1367;http://www4.wiwiss.fu-berlin.de/bizer/bsbm/v01/vocabulary/productFeature;http://www4.wiwiss.fu-berlin.de/bizer/bsbm/v01/instances/ProductFeature5099
http://www4.wiwiss.fu-berlin.de/bizer/bsbm/v01/instances/dataFrom/Product1367;http://www4.wiwiss.fu-berlin.de/bizer/bsbm/v01/vocabulary/productFeature;http://www4.wiwiss.fu-berlin.de/bizer/bsbm/v01/instances/ProductFeature5099
http://www4.wiwiss.fu-berlin.de/bizer/bsbm/v01/instances/dataFrom/Product1367;http://www4.wiwiss.fu-berlin.de/bizer/bsbm/v01/vocabulary/productFeature;http://www4.wiwiss.fu-berlin.de/bizer/bsbm/v01/instances/ProductFeature5099
http://www4.wiwiss.fu-berlin.de/bizer/bsbm/v01/instances/dataFrom/Product1367;http://www4.wiwiss.fu-berlin.de/bizer/bsbm/v01/vocabulary/productFeature;http://www4.wiwiss.fu-berlin.de/bizer/bsbm/v01/instances/ProductFeature5099
http://www4.wiwiss.fu-berlin.de/bizer/bsbm/v01/instances/dataFrom/Product1367;http://www4.wiwiss.fu-berlin.de/bizer/bsbm/v01/vocabulary/productFeature;http://www4.wiwiss.fu-berlin.de/bizer/bsbm/v01/instances/ProductFeature5099
http://www4.wiwiss.fu-berlin.de/bizer/bsbm/v01/instances/dataFrom/Product1367;http://www4.wiwiss.fu-berlin.de/bizer/bsbm/v01/vocabulary/productFeature;http://www4.wiwiss.fu-berlin.de/bizer/bsbm/v01/instances/ProductFeature5101
http://www4.wiwiss.fu-berlin.de/bizer/bsbm/v01/instances/dataFrom/Product1367;http://www4.wiwiss.fu-berlin.de/bizer/bsbm/v01/vocabulary/productFeature;http://www4.wiwiss.fu-berlin.de/bizer/bsbm/v01/instances/ProductFeature5101
http://www4.wiwiss.fu-berlin.de/bizer/bsbm/v01/instances/dataFrom/Product1367;http://www4.wiwiss.fu-berlin.de/bizer/bsbm/v01/vocabulary/productFeature;http://www4.wiwiss.fu-berlin.de/bizer/bsbm/v01/instances/ProductFeature5101
http://www4.wiwiss.fu-berlin.de/bizer/bsbm/v01/instances/dataFrom/Product1367;http://www4.wiwiss.fu-berlin.de/bizer/bsbm/v01/vocabulary/productFeature;http://www4.wiwiss.fu-berlin.de/bizer/bsbm/v01/instances/ProductFeature5101
http://www4.wiwiss.fu-berlin.de/bizer/bsbm/v01/instances/dataFrom/Product1367;http://www4.wiwiss.fu-berlin.de/bizer/bsbm/v01/vocabulary/productFeature;http://www4.wiwiss.fu-berlin.de/bizer/bsbm/v01/instances/ProductFeature5101
http://www4.wiwiss.fu-berlin.de/bizer/bsbm/v01/instances/dataFrom/Product1367;http://www4.wiwiss.fu-berlin.de/bizer/bsbm/v01/vocabulary/productFeature;http://www4.wiwiss.fu-berlin.de/bizer/bsbm/v01/instances/ProductFeature5101
http://www4.wiwiss.fu-berlin.de/bizer/bsbm/v01/instances/dataFrom/Product1367;http://www4.wiwiss.fu-berlin.de/bizer/bsbm/v01/vocabulary/productFeature;http://www4.wiwiss.fu-berlin.de/bizer/bsbm/v01/instances/ProductFeature5101
http://www4.wiwiss.fu-berlin.de/bizer/bsbm/v01/instances/dataFrom/Product1367;http://www4.wiwiss.fu-berlin.de/bizer/bsbm/v01/vocabulary/productFeature;http://www4.wiwiss.fu-berlin.de/bizer/bsbm/v01/instances/ProductFeature5101
http://www4.wiwiss.fu-berlin.de/bizer/bsbm/v01/instances/dataFrom/Product1367;http://www4.wiwiss.fu-berlin.de/bizer/bsbm/v01/vocabulary/productFeature;http://www4.wiwiss.fu-berlin.de/bizer/bsbm/v01/instances/ProductFeature5101
http://www4.wiwiss.fu-berlin.de/bizer/bsbm/v01/instances/dataFrom/Product1367;http://www4.wiwiss.fu-berlin.de/bizer/bsbm/v01/vocabulary/productFeature;http://www4.wiwiss.fu-berlin.de/bizer/bsbm/v01/instances/ProductFeature5101
http://www4.wiwiss.fu-berlin.de/bizer/bsbm/v01/instances/dataFrom/Product1367;http://www4.wiwiss.fu-berlin.de/bizer/bsbm/v01/vocabulary/productFeature;http://www4.wiwiss.fu-berlin.de/bizer/bsbm/v01/instances/ProductFeature5101
http://www4.wiwiss.fu-berlin.de/bizer/bsbm/v01/instances/dataFrom/Product1367;http://www4.wiwiss.fu-berlin.de/bizer/bsbm/v01/vocabulary/productFeature;http://www4.wiwiss.fu-berlin.de/bizer/bsbm/v01/instances/ProductFeature5101
http://www4.wiwiss.fu-berlin.de/bizer/bsbm/v01/instances/dataFrom/Product1367;http://www4.wiwiss.fu-berlin.de/bizer/bsbm/v01/vocabulary/productFeature;http://www4.wiwiss.fu-berlin.de/bizer/bsbm/v01/instances/ProductFeature5111
http://www4.wiwiss.fu-berlin.de/bizer/bsbm/v01/instances/dataFrom/Product1367;http://www4.wiwiss.fu-berlin.de/bizer/bsbm/v01/vocabulary/productFeature;http://www4.wiwiss.fu-berlin.de/bizer/bsbm/v01/instances/ProductFeature5111
http://www4.wiwiss.fu-berlin.de/bizer/bsbm/v01/instances/dataFrom/Product1367;http://www4.wiwiss.fu-berlin.de/bizer/bsbm/v01/vocabulary/productFeature;http://www4.wiwiss.fu-berlin.de/bizer/bsbm/v01/instances/ProductFeature5111
http://www4.wiwiss.fu-berlin.de/bizer/bsbm/v01/instances/dataFrom/Product1367;http://www4.wiwiss.fu-berlin.de/bizer/bsbm/v01/vocabulary/productFeature;http://www4.wiwiss.fu-berlin.de/bizer/bsbm/v01/instances/ProductFeature5111
http://www4.wiwiss.fu-berlin.de/bizer/bsbm/v01/instances/dataFrom/Product7958;http://www4.wiwiss.fu-berlin.de/bizer/bsbm/v01/vocabulary/productFeature;http://www4.wiwiss.fu-berlin.de/bizer/bsbm/v01/instances/ProductFeature5099
http://www4.wiwiss.fu-berlin.de/bizer/bsbm/v01/instances/dataFrom/Product7958;http://www4.wiwiss.fu-berlin.de/bizer/bsbm/v01/vocabulary/productFeature;http://www4.wiwiss.fu-berlin.de/bizer/bsbm/v01/instances/ProductFeature5099
http://www4.wiwiss.fu-berlin.de/bizer/bsbm/v01/instances/dataFrom/Product7958;http://www4.wiwiss.fu-berlin.de/bizer/bsbm/v01/vocabulary/productFeature;http://www4.wiwiss.fu-berlin.de/bizer/bsbm/v01/instances/ProductFeature5099
http://www4.wiwiss.fu-berlin.de/bizer/bsbm/v01/instances/dataFrom/Product7958;http://www4.wiwiss.fu-berlin.de/bizer/bsbm/v01/vocabulary/productFeature;http://www4.wiwiss.fu-berlin.de/bizer/bsbm/v01/instances/ProductFeature5099
http://www4.wiwiss.fu-berlin.de/bizer/bsbm/v01/instances/dataFrom/Product7958;http://www4.wiwiss.fu-berlin.de/bizer/bsbm/v01/vocabulary/productFeature;http://www4.wiwiss.fu-berlin.de/bizer/bsbm/v01/instances/ProductFeature5099
http://www4.wiwiss.fu-berlin.de/bizer/bsbm/v01/instances/dataFrom/Product7958;http://www4.wiwiss.fu-berlin.de/bizer/bsbm/v01/vocabulary/productFeature;http://www4.wiwiss.fu-berlin.de/bizer/bsbm/v01/instances/ProductFeature5099
http://www4.wiwiss.fu-berlin.de/bizer/bsbm/v01/instances/dataFrom/Product7958;http://www4.wiwiss.fu-berlin.de/bizer/bsbm/v01/vocabulary/productFeature;http://www4.wiwiss.fu-berlin.de/bizer/bsbm/v01/instances/ProductFeature5099
http://www4.wiwiss.fu-berlin.de/bizer/bsbm/v01/instances/dataFrom/Product7958;http://www4.wiwiss.fu-berlin.de/bizer/bsbm/v01/vocabulary/productFeature;http://www4.wiwiss.fu-berlin.de/bizer/bsbm/v01/instances/ProductFeature5099
http://www4.wiwiss.fu-berlin.de/bizer/bsbm/v01/instances/dataFrom/Product7958;http://www4.wiwiss.fu-berlin.de/bizer/bsbm/v01/vocabulary/productFeature;http://www4.wiwiss.fu-berlin.de/bizer/bsbm/v01/instances/ProductFeature5099
http://www4.wiwiss.fu-berlin.de/bizer/bsbm/v01/instances/dataFrom/Product7958;http://www4.wiwiss.fu-berlin.de/bizer/bsbm/v01/vocabulary/productFeature;http://www4.wiwiss.fu-berlin.de/bizer/bsbm/v01/instances/ProductFeature5101
http://www4.wiwiss.fu-berlin.de/bizer/bsbm/v01/instances/dataFrom/Product7958;http://www4.wiwiss.fu-berlin.de/bizer/bsbm/v01/vocabulary/productFeature;http://www4.wiwiss.fu-berlin.de/bizer/bsbm/v01/instances/ProductFeature5101
http://www4.wiwiss.fu-berlin.de/bizer/bsbm/v01/instances/dataFrom/Product7958;http://www4.wiwiss.fu-berlin.de/bizer/bsbm/v01/vocabulary/productFeature;http://www4.wiwiss.fu-berlin.de/bizer/bsbm/v01/instances/ProductFeature5101
http://www4.wiwiss.fu-berlin.de/bizer/bsbm/v01/instances/dataFrom/Product7958;http://www4.wiwiss.fu-berlin.de/bizer/bsbm/v01/vocabulary/productFeature;http://www4.wiwiss.fu-berlin.de/bizer/bsbm/v01/instances/ProductFeature5101
http://www4.wiwiss.fu-berlin.de/bizer/bsbm/v01/instances/dataFrom/Product7958;http://www4.wiwiss.fu-berlin.de/bizer/bsbm/v01/vocabulary/productFeature;http://www4.wiwiss.fu-berlin.de/bizer/bsbm/v01/instances/ProductFeature5101
http://www4.wiwiss.fu-berlin.de/bizer/bsbm/v01/instances/dataFrom/Product7958;http://www4.wiwiss.fu-berlin.de/bizer/bsbm/v01/vocabulary/productFeature;http://www4.wiwiss.fu-berlin.de/bizer/bsbm/v01/instances/ProductFeature5101
http://www4.wiwiss.fu-berlin.de/bizer/bsbm/v01/instances/dataFrom/Product7958;http://www4.wiwiss.fu-berlin.de/bizer/bsbm/v01/vocabulary/productFeature;http://www4.wiwiss.fu-berlin.de/bizer/bsbm/v01/instances/ProductFeature5101
http://www4.wiwiss.fu-berlin.de/bizer/bsbm/v01/instances/dataFrom/Product7958;http://www4.wiwiss.fu-berlin.de/bizer/bsbm/v01/vocabulary/productFeature;http://www4.wiwiss.fu-berlin.de/bizer/bsbm/v01/instances/ProductFeature5101
http://www4.wiwiss.fu-berlin.de/bizer/bsbm/v01/instances/dataFrom/Product7958;http://www4.wiwiss.fu-berlin.de/bizer/bsbm/v01/vocabulary/productFeature;http://www4.wiwiss.fu-berlin.de/bizer/bsbm/v01/instances/ProductFeature5101
http://www4.wiwiss.fu-berlin.de/bizer/bsbm/v01/instances/dataFrom/Product7958;http://www4.wiwiss.fu-berlin.de/bizer/bsbm/v01/vocabulary/productFeature;http://www4.wiwiss.fu-berlin.de/bizer/bsbm/v01/instances/ProductFeature5101
http://www4.wiwiss.fu-berlin.de/bizer/bsbm/v01/instances/dataFrom/Product7958;http://www4.wiwiss.fu-berlin.de/bizer/bsbm/v01/vocabulary/productFeature;http://www4.wiwiss.fu-berlin.de/bizer/bsbm/v01/instances/ProductFeature5101
http://www4.wiwiss.fu-berlin.de/bizer/bsbm/v01/instances/dataFrom/Product7958;http://www4.wiwiss.fu-berlin.de/bizer/bsbm/v01/vocabulary/productFeature;http://www4.wiwiss.fu-berlin.de/bizer/bsbm/v01/instances/ProductFeature5101
http://www4.wiwiss.fu-berlin.de/bizer/bsbm/v01/instances/dataFrom/Product7958;http://www4.wiwiss.fu-berlin.de/bizer/bsbm/v01/vocabulary/productFeature;http://www4.wiwiss.fu-berlin.de/bizer/bsbm/v01/instances/ProductFeature5111
http://www4.wiwiss.fu-berlin.de/bizer/bsbm/v01/instances/dataFrom/Product7958;http://www4.wiwiss.fu-berlin.de/bizer/bsbm/v01/vocabulary/productFeature;http://www4.wiwiss.fu-berlin.de/bizer/bsbm/v01/instances/ProductFeature5111
http://www4.wiwiss.fu-berlin.de/bizer/bsbm/v01/instances/dataFrom/Product7958;http://www4.wiwiss.fu-berlin.de/bizer/bsbm/v01/vocabulary/productFeature;http://www4.wiwiss.fu-berlin.de/bizer/bsbm/v01/instances/ProductFeature5111
http://www4.wiwiss.fu-berlin.de/bizer/bsbm/v01/instances/dataFrom/Product7958;http://www4.wiwiss.fu-berlin.de/bizer/bsbm/v01/vocabulary/productFeature;http://www4.wiwiss.fu-berlin.de/bizer/bsbm/v01/instances/ProductFeature5111
http://www4.wiwiss.fu-berlin.de/bizer/bsbm/v01/instances/dataFrom/Product3448;http://www4.wiwiss.fu-berlin.de/bizer/bsbm/v01/vocabulary/productFeature;http://www4.wiwiss.fu-berlin.de/bizer/bsbm/v01/instances/ProductFeature5099
http://www4.wiwiss.fu-berlin.de/bizer/bsbm/v01/instances/dataFrom/Product3448;http://www4.wiwiss.fu-berlin.de/bizer/bsbm/v01/vocabulary/productFeature;http://www4.wiwiss.fu-berlin.de/bizer/bsbm/v01/instances/ProductFeature5099
http://www4.wiwiss.fu-berlin.de/bizer/bsbm/v01/instances/dataFrom/Product3448;http://www4.wiwiss.fu-berlin.de/bizer/bsbm/v01/vocabulary/productFeature;http://www4.wiwiss.fu-berlin.de/bizer/bsbm/v01/instances/ProductFeature5099
http://www4.wiwiss.fu-berlin.de/bizer/bsbm/v01/instances/dataFrom/Product3448;http://www4.wiwiss.fu-berlin.de/bizer/bsbm/v01/vocabulary/productFeature;http://www4.wiwiss.fu-berlin.de/bizer/bsbm/v01/instances/ProductFeature5099
http://www4.wiwiss.fu-berlin.de/bizer/bsbm/v01/instances/dataFrom/Product3448;http://www4.wiwiss.fu-berlin.de/bizer/bsbm/v01/vocabulary/productFeature;http://www4.wiwiss.fu-berlin.de/bizer/bsbm/v01/instances/ProductFeature5099
http://www4.wiwiss.fu-berlin.de/bizer/bsbm/v01/instances/dataFrom/Product3448;http://www4.wiwiss.fu-berlin.de/bizer/bsbm/v01/vocabulary/productFeature;http://www4.wiwiss.fu-berlin.de/bizer/bsbm/v01/instances/ProductFeature5099
http://www4.wiwiss.fu-berlin.de/bizer/bsbm/v01/instances/dataFrom/Product3448;http://www4.wiwiss.fu-berlin.de/bizer/bsbm/v01/vocabulary/productFeature;http://www4.wiwiss.fu-berlin.de/bizer/bsbm/v01/instances/ProductFeature5099
http://www4.wiwiss.fu-berlin.de/bizer/bsbm/v01/instances/dataFrom/Product3448;http://www4.wiwiss.fu-berlin.de/bizer/bsbm/v01/vocabulary/productFeature;http://www4.wiwiss.fu-berlin.de/bizer/bsbm/v01/instances/ProductFeature5099
http://www4.wiwiss.fu-berlin.de/bizer/bsbm/v01/instances/dataFrom/Product3448;http://www4.wiwiss.fu-berlin.de/bizer/bsbm/v01/vocabulary/productFeature;http://www4.wiwiss.fu-berlin.de/bizer/bsbm/v01/instances/ProductFeature5099
http://www4.wiwiss.fu-berlin.de/bizer/bsbm/v01/instances/dataFrom/Product3448;http://www4.wiwiss.fu-berlin.de/bizer/bsbm/v01/vocabulary/productFeature;http://www4.wiwiss.fu-berlin.de/bizer/bsbm/v01/instances/ProductFeature5101
http://www4.wiwiss.fu-berlin.de/bizer/bsbm/v01/instances/dataFrom/Product3448;http://www4.wiwiss.fu-berlin.de/bizer/bsbm/v01/vocabulary/productFeature;http://www4.wiwiss.fu-berlin.de/bizer/bsbm/v01/instances/ProductFeature5101
http://www4.wiwiss.fu-berlin.de/bizer/bsbm/v01/instances/dataFrom/Product3448;http://www4.wiwiss.fu-berlin.de/bizer/bsbm/v01/vocabulary/productFeature;http://www4.wiwiss.fu-berlin.de/bizer/bsbm/v01/instances/ProductFeature5101
http://www4.wiwiss.fu-berlin.de/bizer/bsbm/v01/instances/dataFrom/Product3448;http://www4.wiwiss.fu-berlin.de/bizer/bsbm/v01/vocabulary/productFeature;http://www4.wiwiss.fu-berlin.de/bizer/bsbm/v01/instances/ProductFeature5101
http://www4.wiwiss.fu-berlin.de/bizer/bsbm/v01/instances/dataFrom/Product3448;http://www4.wiwiss.fu-berlin.de/bizer/bsbm/v01/vocabulary/productFeature;http://www4.wiwiss.fu-berlin.de/bizer/bsbm/v01/instances/ProductFeature5101
http://www4.wiwiss.fu-berlin.de/bizer/bsbm/v01/instances/dataFrom/Product3448;http://www4.wiwiss.fu-berlin.de/bizer/bsbm/v01/vocabulary/productFeature;http://www4.wiwiss.fu-berlin.de/bizer/bsbm/v01/instances/ProductFeature5101
http://www4.wiwiss.fu-berlin.de/bizer/bsbm/v01/instances/dataFrom/Product3448;http://www4.wiwiss.fu-berlin.de/bizer/bsbm/v01/vocabulary/productFeature;http://www4.wiwiss.fu-berlin.de/bizer/bsbm/v01/instances/ProductFeature5101
http://www4.wiwiss.fu-berlin.de/bizer/bsbm/v01/instances/dataFrom/Product3448;http://www4.wiwiss.fu-berlin.de/bizer/bsbm/v01/vocabulary/productFeature;http://www4.wiwiss.fu-berlin.de/bizer/bsbm/v01/instances/ProductFeature5101
http://www4.wiwiss.fu-berlin.de/bizer/bsbm/v01/instances/dataFrom/Product3448;http://www4.wiwiss.fu-berlin.de/bizer/bsbm/v01/vocabulary/productFeature;http://www4.wiwiss.fu-berlin.de/bizer/bsbm/v01/instances/ProductFeature5101
http://www4.wiwiss.fu-berlin.de/bizer/bsbm/v01/instances/dataFrom/Product3448;http://www4.wiwiss.fu-berlin.de/bizer/bsbm/v01/vocabulary/productFeature;http://www4.wiwiss.fu-berlin.de/bizer/bsbm/v01/instances/ProductFeature5101
http://www4.wiwiss.fu-berlin.de/bizer/bsbm/v01/instances/dataFrom/Product3448;http://www4.wiwiss.fu-berlin.de/bizer/bsbm/v01/vocabulary/productFeature;http://www4.wiwiss.fu-berlin.de/bizer/bsbm/v01/instances/ProductFeature5101
http://www4.wiwiss.fu-berlin.de/bizer/bsbm/v01/instances/dataFrom/Product3448;http://www4.wiwiss.fu-berlin.de/bizer/bsbm/v01/vocabulary/productFeature;http://www4.wiwiss.fu-berlin.de/bizer/bsbm/v01/instances/ProductFeature5101
http://www4.wiwiss.fu-berlin.de/bizer/bsbm/v01/instances/dataFrom/Product3448;http://www4.wiwiss.fu-berlin.de/bizer/bsbm/v01/vocabulary/productFeature;http://www4.wiwiss.fu-berlin.de/bizer/bsbm/v01/instances/ProductFeature5111
http://www4.wiwiss.fu-berlin.de/bizer/bsbm/v01/instances/dataFrom/Product3448;http://www4.wiwiss.fu-berlin.de/bizer/bsbm/v01/vocabulary/productFeature;http://www4.wiwiss.fu-berlin.de/bizer/bsbm/v01/instances/ProductFeature5111
http://www4.wiwiss.fu-berlin.de/bizer/bsbm/v01/instances/dataFrom/Product3448;http://www4.wiwiss.fu-berlin.de/bizer/bsbm/v01/vocabulary/productFeature;http://www4.wiwiss.fu-berlin.de/bizer/bsbm/v01/instances/ProductFeature5111
http://www4.wiwiss.fu-berlin.de/bizer/bsbm/v01/instances/dataFrom/Product3448;http://www4.wiwiss.fu-berlin.de/bizer/bsbm/v01/vocabulary/productFeature;http://www4.wiwiss.fu-berlin.de/bizer/bsbm/v01/instances/ProductFeature5111
http://www4.wiwiss.fu-berlin.de/bizer/bsbm/v01/instances/dataFrom/Product3518;http://www4.wiwiss.fu-berlin.de/bizer/bsbm/v01/vocabulary/productFeature;http://www4.wiwiss.fu-berlin.de/bizer/bsbm/v01/instances/ProductFeature5099
http://www4.wiwiss.fu-berlin.de/bizer/bsbm/v01/instances/dataFrom/Product3518;http://www4.wiwiss.fu-berlin.de/bizer/bsbm/v01/vocabulary/productFeature;http://www4.wiwiss.fu-berlin.de/bizer/bsbm/v01/instances/ProductFeature5099
http://www4.wiwiss.fu-berlin.de/bizer/bsbm/v01/instances/dataFrom/Product3518;http://www4.wiwiss.fu-berlin.de/bizer/bsbm/v01/vocabulary/productFeature;http://www4.wiwiss.fu-berlin.de/bizer/bsbm/v01/instances/ProductFeature5099
http://www4.wiwiss.fu-berlin.de/bizer/bsbm/v01/instances/dataFrom/Product3518;http://www4.wiwiss.fu-berlin.de/bizer/bsbm/v01/vocabulary/productFeature;http://www4.wiwiss.fu-berlin.de/bizer/bsbm/v01/instances/ProductFeature5099
http://www4.wiwiss.fu-berlin.de/bizer/bsbm/v01/instances/dataFrom/Product3518;http://www4.wiwiss.fu-berlin.de/bizer/bsbm/v01/vocabulary/productFeature;http://www4.wiwiss.fu-berlin.de/bizer/bsbm/v01/instances/ProductFeature5099
http://www4.wiwiss.fu-berlin.de/bizer/bsbm/v01/instances/dataFrom/Product3518;http://www4.wiwiss.fu-berlin.de/bizer/bsbm/v01/vocabulary/productFeature;http://www4.wiwiss.fu-berlin.de/bizer/bsbm/v01/instances/ProductFeature5099
http://www4.wiwiss.fu-berlin.de/bizer/bsbm/v01/instances/dataFrom/Product3518;http://www4.wiwiss.fu-berlin.de/bizer/bsbm/v01/vocabulary/productFeature;http://www4.wiwiss.fu-berlin.de/bizer/bsbm/v01/instances/ProductFeature5099
http://www4.wiwiss.fu-berlin.de/bizer/bsbm/v01/instances/dataFrom/Product3518;http://www4.wiwiss.fu-berlin.de/bizer/bsbm/v01/vocabulary/productFeature;http://www4.wiwiss.fu-berlin.de/bizer/bsbm/v01/instances/ProductFeature5099
http://www4.wiwiss.fu-berlin.de/bizer/bsbm/v01/instances/dataFrom/Product3518;http://www4.wiwiss.fu-berlin.de/bizer/bsbm/v01/vocabulary/productFeature;http://www4.wiwiss.fu-berlin.de/bizer/bsbm/v01/instances/ProductFeature5099
http://www4.wiwiss.fu-berlin.de/bizer/bsbm/v01/instances/dataFrom/Product3518;http://www4.wiwiss.fu-berlin.de/bizer/bsbm/v01/vocabulary/productFeature;http://www4.wiwiss.fu-berlin.de/bizer/bsbm/v01/instances/ProductFeature5101
http://www4.wiwiss.fu-berlin.de/bizer/bsbm/v01/instances/dataFrom/Product3518;http://www4.wiwiss.fu-berlin.de/bizer/bsbm/v01/vocabulary/productFeature;http://www4.wiwiss.fu-berlin.de/bizer/bsbm/v01/instances/ProductFeature5101
http://www4.wiwiss.fu-berlin.de/bizer/bsbm/v01/instances/dataFrom/Product3518;http://www4.wiwiss.fu-berlin.de/bizer/bsbm/v01/vocabulary/productFeature;http://www4.wiwiss.fu-berlin.de/bizer/bsbm/v01/instances/ProductFeature5101
http://www4.wiwiss.fu-berlin.de/bizer/bsbm/v01/instances/dataFrom/Product3518;http://www4.wiwiss.fu-berlin.de/bizer/bsbm/v01/vocabulary/productFeature;http://www4.wiwiss.fu-berlin.de/bizer/bsbm/v01/instances/ProductFeature5101
http://www4.wiwiss.fu-berlin.de/bizer/bsbm/v01/instances/dataFrom/Product3518;http://www4.wiwiss.fu-berlin.de/bizer/bsbm/v01/vocabulary/productFeature;http://www4.wiwiss.fu-berlin.de/bizer/bsbm/v01/instances/ProductFeature5101
http://www4.wiwiss.fu-berlin.de/bizer/bsbm/v01/instances/dataFrom/Product3518;http://www4.wiwiss.fu-berlin.de/bizer/bsbm/v01/vocabulary/productFeature;http://www4.wiwiss.fu-berlin.de/bizer/bsbm/v01/instances/ProductFeature5101
http://www4.wiwiss.fu-berlin.de/bizer/bsbm/v01/instances/dataFrom/Product3518;http://www4.wiwiss.fu-berlin.de/bizer/bsbm/v01/vocabulary/productFeature;http://www4.wiwiss.fu-berlin.de/bizer/bsbm/v01/instances/ProductFeature5101
http://www4.wiwiss.fu-berlin.de/bizer/bsbm/v01/instances/dataFrom/Product3518;http://www4.wiwiss.fu-berlin.de/bizer/bsbm/v01/vocabulary/productFeature;http://www4.wiwiss.fu-berlin.de/bizer/bsbm/v01/instances/ProductFeature5101
http://www4.wiwiss.fu-berlin.de/bizer/bsbm/v01/instances/dataFrom/Product3518;http://www4.wiwiss.fu-berlin.de/bizer/bsbm/v01/vocabulary/productFeature;http://www4.wiwiss.fu-berlin.de/bizer/bsbm/v01/instances/ProductFeature5101
http://www4.wiwiss.fu-berlin.de/bizer/bsbm/v01/instances/dataFrom/Product3518;http://www4.wiwiss.fu-berlin.de/bizer/bsbm/v01/vocabulary/productFeature;http://www4.wiwiss.fu-berlin.de/bizer/bsbm/v01/instances/ProductFeature5101
http://www4.wiwiss.fu-berlin.de/bizer/bsbm/v01/instances/dataFrom/Product3518;http://www4.wiwiss.fu-berlin.de/bizer/bsbm/v01/vocabulary/productFeature;http://www4.wiwiss.fu-berlin.de/bizer/bsbm/v01/instances/ProductFeature5101
http://www4.wiwiss.fu-berlin.de/bizer/bsbm/v01/instances/dataFrom/Product3518;http://www4.wiwiss.fu-berlin.de/bizer/bsbm/v01/vocabulary/productFeature;http://www4.wiwiss.fu-berlin.de/bizer/bsbm/v01/instances/ProductFeature5101
http://www4.wiwiss.fu-berlin.de/bizer/bsbm/v01/instances/dataFrom/Product3518;http://www4.wiwiss.fu-berlin.de/bizer/bsbm/v01/vocabulary/productFeature;http://www4.wiwiss.fu-berlin.de/bizer/bsbm/v01/instances/ProductFeature5111
http://www4.wiwiss.fu-berlin.de/bizer/bsbm/v01/instances/dataFrom/Product3518;http://www4.wiwiss.fu-berlin.de/bizer/bsbm/v01/vocabulary/productFeature;http://www4.wiwiss.fu-berlin.de/bizer/bsbm/v01/instances/ProductFeature5111
http://www4.wiwiss.fu-berlin.de/bizer/bsbm/v01/instances/dataFrom/Product3518;http://www4.wiwiss.fu-berlin.de/bizer/bsbm/v01/vocabulary/productFeature;http://www4.wiwiss.fu-berlin.de/bizer/bsbm/v01/instances/ProductFeature5111
http://www4.wiwiss.fu-berlin.de/bizer/bsbm/v01/instances/dataFrom/Product3518;http://www4.wiwiss.fu-berlin.de/bizer/bsbm/v01/vocabulary/productFeature;http://www4.wiwiss.fu-berlin.de/bizer/bsbm/v01/instances/ProductFeature5111
http://www4.wiwiss.fu-berlin.de/bizer/bsbm/v01/instances/dataFrom/Product2332;http://www4.wiwiss.fu-berlin.de/bizer/bsbm/v01/vocabulary/productFeature;http://www4.wiwiss.fu-berlin.de/bizer/bsbm/v01/instances/ProductFeature5099
http://www4.wiwiss.fu-berlin.de/bizer/bsbm/v01/instances/dataFrom/Product2332;http://www4.wiwiss.fu-berlin.de/bizer/bsbm/v01/vocabulary/productFeature;http://www4.wiwiss.fu-berlin.de/bizer/bsbm/v01/instances/ProductFeature5099
http://www4.wiwiss.fu-berlin.de/bizer/bsbm/v01/instances/dataFrom/Product2332;http://www4.wiwiss.fu-berlin.de/bizer/bsbm/v01/vocabulary/productFeature;http://www4.wiwiss.fu-berlin.de/bizer/bsbm/v01/instances/ProductFeature5099
http://www4.wiwiss.fu-berlin.de/bizer/bsbm/v01/instances/dataFrom/Product2332;http://www4.wiwiss.fu-berlin.de/bizer/bsbm/v01/vocabulary/productFeature;http://www4.wiwiss.fu-berlin.de/bizer/bsbm/v01/instances/ProductFeature5099
http://www4.wiwiss.fu-berlin.de/bizer/bsbm/v01/instances/dataFrom/Product2332;http://www4.wiwiss.fu-berlin.de/bizer/bsbm/v01/vocabulary/productFeature;http://www4.wiwiss.fu-berlin.de/bizer/bsbm/v01/instances/ProductFeature5099
http://www4.wiwiss.fu-berlin.de/bizer/bsbm/v01/instances/dataFrom/Product2332;http://www4.wiwiss.fu-berlin.de/bizer/bsbm/v01/vocabulary/productFeature;http://www4.wiwiss.fu-berlin.de/bizer/bsbm/v01/instances/ProductFeature5099
http://www4.wiwiss.fu-berlin.de/bizer/bsbm/v01/instances/dataFrom/Product2332;http://www4.wiwiss.fu-berlin.de/bizer/bsbm/v01/vocabulary/productFeature;http://www4.wiwiss.fu-berlin.de/bizer/bsbm/v01/instances/ProductFeature5099
http://www4.wiwiss.fu-berlin.de/bizer/bsbm/v01/instances/dataFrom/Product2332;http://www4.wiwiss.fu-berlin.de/bizer/bsbm/v01/vocabulary/productFeature;http://www4.wiwiss.fu-berlin.de/bizer/bsbm/v01/instances/ProductFeature5099
http://www4.wiwiss.fu-berlin.de/bizer/bsbm/v01/instances/dataFrom/Product2332;http://www4.wiwiss.fu-berlin.de/bizer/bsbm/v01/vocabulary/productFeature;http://www4.wiwiss.fu-berlin.de/bizer/bsbm/v01/instances/ProductFeature5099
http://www4.wiwiss.fu-berlin.de/bizer/bsbm/v01/instances/dataFrom/Product2332;http://www4.wiwiss.fu-berlin.de/bizer/bsbm/v01/vocabulary/productFeature;http://www4.wiwiss.fu-berlin.de/bizer/bsbm/v01/instances/ProductFeature5101
http://www4.wiwiss.fu-berlin.de/bizer/bsbm/v01/instances/dataFrom/Product2332;http://www4.wiwiss.fu-berlin.de/bizer/bsbm/v01/vocabulary/productFeature;http://www4.wiwiss.fu-berlin.de/bizer/bsbm/v01/instances/ProductFeature5101
http://www4.wiwiss.fu-berlin.de/bizer/bsbm/v01/instances/dataFrom/Product2332;http://www4.wiwiss.fu-berlin.de/bizer/bsbm/v01/vocabulary/productFeature;http://www4.wiwiss.fu-berlin.de/bizer/bsbm/v01/instances/ProductFeature5101
http://www4.wiwiss.fu-berlin.de/bizer/bsbm/v01/instances/dataFrom/Product2332;http://www4.wiwiss.fu-berlin.de/bizer/bsbm/v01/vocabulary/productFeature;http://www4.wiwiss.fu-berlin.de/bizer/bsbm/v01/instances/ProductFeature5101
http://www4.wiwiss.fu-berlin.de/bizer/bsbm/v01/instances/dataFrom/Product2332;http://www4.wiwiss.fu-berlin.de/bizer/bsbm/v01/vocabulary/productFeature;http://www4.wiwiss.fu-berlin.de/bizer/bsbm/v01/instances/ProductFeature5101
http://www4.wiwiss.fu-berlin.de/bizer/bsbm/v01/instances/dataFrom/Product2332;http://www4.wiwiss.fu-berlin.de/bizer/bsbm/v01/vocabulary/productFeature;http://www4.wiwiss.fu-berlin.de/bizer/bsbm/v01/instances/ProductFeature5101
http://www4.wiwiss.fu-berlin.de/bizer/bsbm/v01/instances/dataFrom/Product2332;http://www4.wiwiss.fu-berlin.de/bizer/bsbm/v01/vocabulary/productFeature;http://www4.wiwiss.fu-berlin.de/bizer/bsbm/v01/instances/ProductFeature5101
http://www4.wiwiss.fu-berlin.de/bizer/bsbm/v01/instances/dataFrom/Product2332;http://www4.wiwiss.fu-berlin.de/bizer/bsbm/v01/vocabulary/productFeature;http://www4.wiwiss.fu-berlin.de/bizer/bsbm/v01/instances/ProductFeature5101
http://www4.wiwiss.fu-berlin.de/bizer/bsbm/v01/instances/dataFrom/Product2332;http://www4.wiwiss.fu-berlin.de/bizer/bsbm/v01/vocabulary/productFeature;http://www4.wiwiss.fu-berlin.de/bizer/bsbm/v01/instances/ProductFeature5101
http://www4.wiwiss.fu-berlin.de/bizer/bsbm/v01/instances/dataFrom/Product2332;http://www4.wiwiss.fu-berlin.de/bizer/bsbm/v01/vocabulary/productFeature;http://www4.wiwiss.fu-berlin.de/bizer/bsbm/v01/instances/ProductFeature5101
http://www4.wiwiss.fu-berlin.de/bizer/bsbm/v01/instances/dataFrom/Product2332;http://www4.wiwiss.fu-berlin.de/bizer/bsbm/v01/vocabulary/productFeature;http://www4.wiwiss.fu-berlin.de/bizer/bsbm/v01/instances/ProductFeature5101
http://www4.wiwiss.fu-berlin.de/bizer/bsbm/v01/instances/dataFrom/Product2332;http://www4.wiwiss.fu-berlin.de/bizer/bsbm/v01/vocabulary/productFeature;http://www4.wiwiss.fu-berlin.de/bizer/bsbm/v01/instances/ProductFeature5101
http://www4.wiwiss.fu-berlin.de/bizer/bsbm/v01/instances/dataFrom/Product2332;http://www4.wiwiss.fu-berlin.de/bizer/bsbm/v01/vocabulary/productFeature;http://www4.wiwiss.fu-berlin.de/bizer/bsbm/v01/instances/ProductFeature5111
http://www4.wiwiss.fu-berlin.de/bizer/bsbm/v01/instances/dataFrom/Product2332;http://www4.wiwiss.fu-berlin.de/bizer/bsbm/v01/vocabulary/productFeature;http://www4.wiwiss.fu-berlin.de/bizer/bsbm/v01/instances/ProductFeature5111
http://www4.wiwiss.fu-berlin.de/bizer/bsbm/v01/instances/dataFrom/Product2332;http://www4.wiwiss.fu-berlin.de/bizer/bsbm/v01/vocabulary/productFeature;http://www4.wiwiss.fu-berlin.de/bizer/bsbm/v01/instances/ProductFeature5111
http://www4.wiwiss.fu-berlin.de/bizer/bsbm/v01/instances/dataFrom/Product2332;http://www4.wiwiss.fu-berlin.de/bizer/bsbm/v01/vocabulary/productFeature;http://www4.wiwiss.fu-berlin.de/bizer/bsbm/v01/instances/ProductFeature5111
http://www4.wiwiss.fu-berlin.de/bizer/bsbm/v01/instances/dataFrom/Product4642;http://www4.wiwiss.fu-berlin.de/bizer/bsbm/v01/vocabulary/productFeature;http://www4.wiwiss.fu-berlin.de/bizer/bsbm/v01/instances/ProductFeature5099
http://www4.wiwiss.fu-berlin.de/bizer/bsbm/v01/instances/dataFrom/Product4642;http://www4.wiwiss.fu-berlin.de/bizer/bsbm/v01/vocabulary/productFeature;http://www4.wiwiss.fu-berlin.de/bizer/bsbm/v01/instances/ProductFeature5099
http://www4.wiwiss.fu-berlin.de/bizer/bsbm/v01/instances/dataFrom/Product4642;http://www4.wiwiss.fu-berlin.de/bizer/bsbm/v01/vocabulary/productFeature;http://www4.wiwiss.fu-berlin.de/bizer/bsbm/v01/instances/ProductFeature5099
http://www4.wiwiss.fu-berlin.de/bizer/bsbm/v01/instances/dataFrom/Product4642;http://www4.wiwiss.fu-berlin.de/bizer/bsbm/v01/vocabulary/productFeature;http://www4.wiwiss.fu-berlin.de/bizer/bsbm/v01/instances/ProductFeature5099
http://www4.wiwiss.fu-berlin.de/bizer/bsbm/v01/instances/dataFrom/Product4642;http://www4.wiwiss.fu-berlin.de/bizer/bsbm/v01/vocabulary/productFeature;http://www4.wiwiss.fu-berlin.de/bizer/bsbm/v01/instances/ProductFeature5099
http://www4.wiwiss.fu-berlin.de/bizer/bsbm/v01/instances/dataFrom/Product4642;http://www4.wiwiss.fu-berlin.de/bizer/bsbm/v01/vocabulary/productFeature;http://www4.wiwiss.fu-berlin.de/bizer/bsbm/v01/instances/ProductFeature5099
http://www4.wiwiss.fu-berlin.de/bizer/bsbm/v01/instances/dataFrom/Product4642;http://www4.wiwiss.fu-berlin.de/bizer/bsbm/v01/vocabulary/productFeature;http://www4.wiwiss.fu-berlin.de/bizer/bsbm/v01/instances/ProductFeature5099
http://www4.wiwiss.fu-berlin.de/bizer/bsbm/v01/instances/dataFrom/Product4642;http://www4.wiwiss.fu-berlin.de/bizer/bsbm/v01/vocabulary/productFeature;http://www4.wiwiss.fu-berlin.de/bizer/bsbm/v01/instances/ProductFeature5099
http://www4.wiwiss.fu-berlin.de/bizer/bsbm/v01/instances/dataFrom/Product4642;http://www4.wiwiss.fu-berlin.de/bizer/bsbm/v01/vocabulary/productFeature;http://www4.wiwiss.fu-berlin.de/bizer/bsbm/v01/instances/ProductFeature5099
http://www4.wiwiss.fu-berlin.de/bizer/bsbm/v01/instances/dataFrom/Product4642;http://www4.wiwiss.fu-berlin.de/bizer/bsbm/v01/vocabulary/productFeature;http://www4.wiwiss.fu-berlin.de/bizer/bsbm/v01/instances/ProductFeature5101
http://www4.wiwiss.fu-berlin.de/bizer/bsbm/v01/instances/dataFrom/Product4642;http://www4.wiwiss.fu-berlin.de/bizer/bsbm/v01/vocabulary/productFeature;http://www4.wiwiss.fu-berlin.de/bizer/bsbm/v01/instances/ProductFeature5101
http://www4.wiwiss.fu-berlin.de/bizer/bsbm/v01/instances/dataFrom/Product4642;http://www4.wiwiss.fu-berlin.de/bizer/bsbm/v01/vocabulary/productFeature;http://www4.wiwiss.fu-berlin.de/bizer/bsbm/v01/instances/ProductFeature5101
http://www4.wiwiss.fu-berlin.de/bizer/bsbm/v01/instances/dataFrom/Product4642;http://www4.wiwiss.fu-berlin.de/bizer/bsbm/v01/vocabulary/productFeature;http://www4.wiwiss.fu-berlin.de/bizer/bsbm/v01/instances/ProductFeature5101
http://www4.wiwiss.fu-berlin.de/bizer/bsbm/v01/instances/dataFrom/Product4642;http://www4.wiwiss.fu-berlin.de/bizer/bsbm/v01/vocabulary/productFeature;http://www4.wiwiss.fu-berlin.de/bizer/bsbm/v01/instances/ProductFeature5101
http://www4.wiwiss.fu-berlin.de/bizer/bsbm/v01/instances/dataFrom/Product4642;http://www4.wiwiss.fu-berlin.de/bizer/bsbm/v01/vocabulary/productFeature;http://www4.wiwiss.fu-berlin.de/bizer/bsbm/v01/instances/ProductFeature5101
http://www4.wiwiss.fu-berlin.de/bizer/bsbm/v01/instances/dataFrom/Product4642;http://www4.wiwiss.fu-berlin.de/bizer/bsbm/v01/vocabulary/productFeature;http://www4.wiwiss.fu-berlin.de/bizer/bsbm/v01/instances/ProductFeature5101
http://www4.wiwiss.fu-berlin.de/bizer/bsbm/v01/instances/dataFrom/Product4642;http://www4.wiwiss.fu-berlin.de/bizer/bsbm/v01/vocabulary/productFeature;http://www4.wiwiss.fu-berlin.de/bizer/bsbm/v01/instances/ProductFeature5101
http://www4.wiwiss.fu-berlin.de/bizer/bsbm/v01/instances/dataFrom/Product4642;http://www4.wiwiss.fu-berlin.de/bizer/bsbm/v01/vocabulary/productFeature;http://www4.wiwiss.fu-berlin.de/bizer/bsbm/v01/instances/ProductFeature5101
http://www4.wiwiss.fu-berlin.de/bizer/bsbm/v01/instances/dataFrom/Product4642;http://www4.wiwiss.fu-berlin.de/bizer/bsbm/v01/vocabulary/productFeature;http://www4.wiwiss.fu-berlin.de/bizer/bsbm/v01/instances/ProductFeature5101
http://www4.wiwiss.fu-berlin.de/bizer/bsbm/v01/instances/dataFrom/Product4642;http://www4.wiwiss.fu-berlin.de/bizer/bsbm/v01/vocabulary/productFeature;http://www4.wiwiss.fu-berlin.de/bizer/bsbm/v01/instances/ProductFeature5101
http://www4.wiwiss.fu-berlin.de/bizer/bsbm/v01/instances/dataFrom/Product4642;http://www4.wiwiss.fu-berlin.de/bizer/bsbm/v01/vocabulary/productFeature;http://www4.wiwiss.fu-berlin.de/bizer/bsbm/v01/instances/ProductFeature5101
http://www4.wiwiss.fu-berlin.de/bizer/bsbm/v01/instances/dataFrom/Product4642;http://www4.wiwiss.fu-berlin.de/bizer/bsbm/v01/vocabulary/productFeature;http://www4.wiwiss.fu-berlin.de/bizer/bsbm/v01/instances/ProductFeature5111
http://www4.wiwiss.fu-berlin.de/bizer/bsbm/v01/instances/dataFrom/Product4642;http://www4.wiwiss.fu-berlin.de/bizer/bsbm/v01/vocabulary/productFeature;http://www4.wiwiss.fu-berlin.de/bizer/bsbm/v01/instances/ProductFeature5111
http://www4.wiwiss.fu-berlin.de/bizer/bsbm/v01/instances/dataFrom/Product4642;http://www4.wiwiss.fu-berlin.de/bizer/bsbm/v01/vocabulary/productFeature;http://www4.wiwiss.fu-berlin.de/bizer/bsbm/v01/instances/ProductFeature5111
http://www4.wiwiss.fu-berlin.de/bizer/bsbm/v01/instances/dataFrom/Product4642;http://www4.wiwiss.fu-berlin.de/bizer/bsbm/v01/vocabulary/productFeature;http://www4.wiwiss.fu-berlin.de/bizer/bsbm/v01/instances/ProductFeature5111
http://www4.wiwiss.fu-berlin.de/bizer/bsbm/v01/instances/dataFrom/Product8594;http://www4.wiwiss.fu-berlin.de/bizer/bsbm/v01/vocabulary/productFeature;http://www4.wiwiss.fu-berlin.de/bizer/bsbm/v01/instances/ProductFeature5099
http://www4.wiwiss.fu-berlin.de/bizer/bsbm/v01/instances/dataFrom/Product8594;http://www4.wiwiss.fu-berlin.de/bizer/bsbm/v01/vocabulary/productFeature;http://www4.wiwiss.fu-berlin.de/bizer/bsbm/v01/instances/ProductFeature5099
http://www4.wiwiss.fu-berlin.de/bizer/bsbm/v01/instances/dataFrom/Product8594;http://www4.wiwiss.fu-berlin.de/bizer/bsbm/v01/vocabulary/productFeature;http://www4.wiwiss.fu-berlin.de/bizer/bsbm/v01/instances/ProductFeature5099
http://www4.wiwiss.fu-berlin.de/bizer/bsbm/v01/instances/dataFrom/Product8594;http://www4.wiwiss.fu-berlin.de/bizer/bsbm/v01/vocabulary/productFeature;http://www4.wiwiss.fu-berlin.de/bizer/bsbm/v01/instances/ProductFeature5099
http://www4.wiwiss.fu-berlin.de/bizer/bsbm/v01/instances/dataFrom/Product8594;http://www4.wiwiss.fu-berlin.de/bizer/bsbm/v01/vocabulary/productFeature;http://www4.wiwiss.fu-berlin.de/bizer/bsbm/v01/instances/ProductFeature5099
http://www4.wiwiss.fu-berlin.de/bizer/bsbm/v01/instances/dataFrom/Product8594;http://www4.wiwiss.fu-berlin.de/bizer/bsbm/v01/vocabulary/productFeature;http://www4.wiwiss.fu-berlin.de/bizer/bsbm/v01/instances/ProductFeature5099
http://www4.wiwiss.fu-berlin.de/bizer/bsbm/v01/instances/dataFrom/Product8594;http://www4.wiwiss.fu-berlin.de/bizer/bsbm/v01/vocabulary/productFeature;http://www4.wiwiss.fu-berlin.de/bizer/bsbm/v01/instances/ProductFeature5099
http://www4.wiwiss.fu-berlin.de/bizer/bsbm/v01/instances/dataFrom/Product8594;http://www4.wiwiss.fu-berlin.de/bizer/bsbm/v01/vocabulary/productFeature;http://www4.wiwiss.fu-berlin.de/bizer/bsbm/v01/instances/ProductFeature5099
http://www4.wiwiss.fu-berlin.de/bizer/bsbm/v01/instances/dataFrom/Product8594;http://www4.wiwiss.fu-berlin.de/bizer/bsbm/v01/vocabulary/productFeature;http://www4.wiwiss.fu-berlin.de/bizer/bsbm/v01/instances/ProductFeature5099
http://www4.wiwiss.fu-berlin.de/bizer/bsbm/v01/instances/dataFrom/Product8594;http://www4.wiwiss.fu-berlin.de/bizer/bsbm/v01/vocabulary/productFeature;http://www4.wiwiss.fu-berlin.de/bizer/bsbm/v01/instances/ProductFeature5101
http://www4.wiwiss.fu-berlin.de/bizer/bsbm/v01/instances/dataFrom/Product8594;http://www4.wiwiss.fu-berlin.de/bizer/bsbm/v01/vocabulary/productFeature;http://www4.wiwiss.fu-berlin.de/bizer/bsbm/v01/instances/ProductFeature5101
http://www4.wiwiss.fu-berlin.de/bizer/bsbm/v01/instances/dataFrom/Product8594;http://www4.wiwiss.fu-berlin.de/bizer/bsbm/v01/vocabulary/productFeature;http://www4.wiwiss.fu-berlin.de/bizer/bsbm/v01/instances/ProductFeature5101
http://www4.wiwiss.fu-berlin.de/bizer/bsbm/v01/instances/dataFrom/Product8594;http://www4.wiwiss.fu-berlin.de/bizer/bsbm/v01/vocabulary/productFeature;http://www4.wiwiss.fu-berlin.de/bizer/bsbm/v01/instances/ProductFeature5101
http://www4.wiwiss.fu-berlin.de/bizer/bsbm/v01/instances/dataFrom/Product8594;http://www4.wiwiss.fu-berlin.de/bizer/bsbm/v01/vocabulary/productFeature;http://www4.wiwiss.fu-berlin.de/bizer/bsbm/v01/instances/ProductFeature5101
http://www4.wiwiss.fu-berlin.de/bizer/bsbm/v01/instances/dataFrom/Product8594;http://www4.wiwiss.fu-berlin.de/bizer/bsbm/v01/vocabulary/productFeature;http://www4.wiwiss.fu-berlin.de/bizer/bsbm/v01/instances/ProductFeature5101
http://www4.wiwiss.fu-berlin.de/bizer/bsbm/v01/instances/dataFrom/Product8594;http://www4.wiwiss.fu-berlin.de/bizer/bsbm/v01/vocabulary/productFeature;http://www4.wiwiss.fu-berlin.de/bizer/bsbm/v01/instances/ProductFeature5101
http://www4.wiwiss.fu-berlin.de/bizer/bsbm/v01/instances/dataFrom/Product8594;http://www4.wiwiss.fu-berlin.de/bizer/bsbm/v01/vocabulary/productFeature;http://www4.wiwiss.fu-berlin.de/bizer/bsbm/v01/instances/ProductFeature5101
http://www4.wiwiss.fu-berlin.de/bizer/bsbm/v01/instances/dataFrom/Product8594;http://www4.wiwiss.fu-berlin.de/bizer/bsbm/v01/vocabulary/productFeature;http://www4.wiwiss.fu-berlin.de/bizer/bsbm/v01/instances/ProductFeature5101
http://www4.wiwiss.fu-berlin.de/bizer/bsbm/v01/instances/dataFrom/Product8594;http://www4.wiwiss.fu-berlin.de/bizer/bsbm/v01/vocabulary/productFeature;http://www4.wiwiss.fu-berlin.de/bizer/bsbm/v01/instances/ProductFeature5101
http://www4.wiwiss.fu-berlin.de/bizer/bsbm/v01/instances/dataFrom/Product8594;http://www4.wiwiss.fu-berlin.de/bizer/bsbm/v01/vocabulary/productFeature;http://www4.wiwiss.fu-berlin.de/bizer/bsbm/v01/instances/ProductFeature5101
http://www4.wiwiss.fu-berlin.de/bizer/bsbm/v01/instances/dataFrom/Product8594;http://www4.wiwiss.fu-berlin.de/bizer/bsbm/v01/vocabulary/productFeature;http://www4.wiwiss.fu-berlin.de/bizer/bsbm/v01/instances/ProductFeature5101
http://www4.wiwiss.fu-berlin.de/bizer/bsbm/v01/instances/dataFrom/Product8594;http://www4.wiwiss.fu-berlin.de/bizer/bsbm/v01/vocabulary/productFeature;http://www4.wiwiss.fu-berlin.de/bizer/bsbm/v01/instances/ProductFeature5111
http://www4.wiwiss.fu-berlin.de/bizer/bsbm/v01/instances/dataFrom/Product8594;http://www4.wiwiss.fu-berlin.de/bizer/bsbm/v01/vocabulary/productFeature;http://www4.wiwiss.fu-berlin.de/bizer/bsbm/v01/instances/ProductFeature5111
http://www4.wiwiss.fu-berlin.de/bizer/bsbm/v01/instances/dataFrom/Product8594;http://www4.wiwiss.fu-berlin.de/bizer/bsbm/v01/vocabulary/productFeature;http://www4.wiwiss.fu-berlin.de/bizer/bsbm/v01/instances/ProductFeature5111
http://www4.wiwiss.fu-berlin.de/bizer/bsbm/v01/instances/dataFrom/Product8594;http://www4.wiwiss.fu-berlin.de/bizer/bsbm/v01/vocabulary/productFeature;http://www4.wiwiss.fu-berlin.de/bizer/bsbm/v01/instances/ProductFeature5111
http://www4.wiwiss.fu-berlin.de/bizer/bsbm/v01/instances/dataFrom/Product1463;http://www4.wiwiss.fu-berlin.de/bizer/bsbm/v01/vocabulary/productFeature;http://www4.wiwiss.fu-berlin.de/bizer/bsbm/v01/instances/ProductFeature5099
http://www4.wiwiss.fu-berlin.de/bizer/bsbm/v01/instances/dataFrom/Product1463;http://www4.wiwiss.fu-berlin.de/bizer/bsbm/v01/vocabulary/productFeature;http://www4.wiwiss.fu-berlin.de/bizer/bsbm/v01/instances/ProductFeature5099
http://www4.wiwiss.fu-berlin.de/bizer/bsbm/v01/instances/dataFrom/Product1463;http://www4.wiwiss.fu-berlin.de/bizer/bsbm/v01/vocabulary/productFeature;http://www4.wiwiss.fu-berlin.de/bizer/bsbm/v01/instances/ProductFeature5099
http://www4.wiwiss.fu-berlin.de/bizer/bsbm/v01/instances/dataFrom/Product1463;http://www4.wiwiss.fu-berlin.de/bizer/bsbm/v01/vocabulary/productFeature;http://www4.wiwiss.fu-berlin.de/bizer/bsbm/v01/instances/ProductFeature5099
http://www4.wiwiss.fu-berlin.de/bizer/bsbm/v01/instances/dataFrom/Product1463;http://www4.wiwiss.fu-berlin.de/bizer/bsbm/v01/vocabulary/productFeature;http://www4.wiwiss.fu-berlin.de/bizer/bsbm/v01/instances/ProductFeature5099
http://www4.wiwiss.fu-berlin.de/bizer/bsbm/v01/instances/dataFrom/Product1463;http://www4.wiwiss.fu-berlin.de/bizer/bsbm/v01/vocabulary/productFeature;http://www4.wiwiss.fu-berlin.de/bizer/bsbm/v01/instances/ProductFeature5099
http://www4.wiwiss.fu-berlin.de/bizer/bsbm/v01/instances/dataFrom/Product1463;http://www4.wiwiss.fu-berlin.de/bizer/bsbm/v01/vocabulary/productFeature;http://www4.wiwiss.fu-berlin.de/bizer/bsbm/v01/instances/ProductFeature5099
http://www4.wiwiss.fu-berlin.de/bizer/bsbm/v01/instances/dataFrom/Product1463;http://www4.wiwiss.fu-berlin.de/bizer/bsbm/v01/vocabulary/productFeature;http://www4.wiwiss.fu-berlin.de/bizer/bsbm/v01/instances/ProductFeature5099
http://www4.wiwiss.fu-berlin.de/bizer/bsbm/v01/instances/dataFrom/Product1463;http://www4.wiwiss.fu-berlin.de/bizer/bsbm/v01/vocabulary/productFeature;http://www4.wiwiss.fu-berlin.de/bizer/bsbm/v01/instances/ProductFeature5099
http://www4.wiwiss.fu-berlin.de/bizer/bsbm/v01/instances/dataFrom/Product1463;http://www4.wiwiss.fu-berlin.de/bizer/bsbm/v01/vocabulary/productFeature;http://www4.wiwiss.fu-berlin.de/bizer/bsbm/v01/instances/ProductFeature5101
http://www4.wiwiss.fu-berlin.de/bizer/bsbm/v01/instances/dataFrom/Product1463;http://www4.wiwiss.fu-berlin.de/bizer/bsbm/v01/vocabulary/productFeature;http://www4.wiwiss.fu-berlin.de/bizer/bsbm/v01/instances/ProductFeature5101
http://www4.wiwiss.fu-berlin.de/bizer/bsbm/v01/instances/dataFrom/Product1463;http://www4.wiwiss.fu-berlin.de/bizer/bsbm/v01/vocabulary/productFeature;http://www4.wiwiss.fu-berlin.de/bizer/bsbm/v01/instances/ProductFeature5101
http://www4.wiwiss.fu-berlin.de/bizer/bsbm/v01/instances/dataFrom/Product1463;http://www4.wiwiss.fu-berlin.de/bizer/bsbm/v01/vocabulary/productFeature;http://www4.wiwiss.fu-berlin.de/bizer/bsbm/v01/instances/ProductFeature5101
http://www4.wiwiss.fu-berlin.de/bizer/bsbm/v01/instances/dataFrom/Product1463;http://www4.wiwiss.fu-berlin.de/bizer/bsbm/v01/vocabulary/productFeature;http://www4.wiwiss.fu-berlin.de/bizer/bsbm/v01/instances/ProductFeature5101
http://www4.wiwiss.fu-berlin.de/bizer/bsbm/v01/instances/dataFrom/Product1463;http://www4.wiwiss.fu-berlin.de/bizer/bsbm/v01/vocabulary/productFeature;http://www4.wiwiss.fu-berlin.de/bizer/bsbm/v01/instances/ProductFeature5101
http://www4.wiwiss.fu-berlin.de/bizer/bsbm/v01/instances/dataFrom/Product1463;http://www4.wiwiss.fu-berlin.de/bizer/bsbm/v01/vocabulary/productFeature;http://www4.wiwiss.fu-berlin.de/bizer/bsbm/v01/instances/ProductFeature5101
http://www4.wiwiss.fu-berlin.de/bizer/bsbm/v01/instances/dataFrom/Product1463;http://www4.wiwiss.fu-berlin.de/bizer/bsbm/v01/vocabulary/productFeature;http://www4.wiwiss.fu-berlin.de/bizer/bsbm/v01/instances/ProductFeature5101
http://www4.wiwiss.fu-berlin.de/bizer/bsbm/v01/instances/dataFrom/Product1463;http://www4.wiwiss.fu-berlin.de/bizer/bsbm/v01/vocabulary/productFeature;http://www4.wiwiss.fu-berlin.de/bizer/bsbm/v01/instances/ProductFeature5101
http://www4.wiwiss.fu-berlin.de/bizer/bsbm/v01/instances/dataFrom/Product1463;http://www4.wiwiss.fu-berlin.de/bizer/bsbm/v01/vocabulary/productFeature;http://www4.wiwiss.fu-berlin.de/bizer/bsbm/v01/instances/ProductFeature5101
http://www4.wiwiss.fu-berlin.de/bizer/bsbm/v01/instances/dataFrom/Product1463;http://www4.wiwiss.fu-berlin.de/bizer/bsbm/v01/vocabulary/productFeature;http://www4.wiwiss.fu-berlin.de/bizer/bsbm/v01/instances/ProductFeature5101
http://www4.wiwiss.fu-berlin.de/bizer/bsbm/v01/instances/dataFrom/Product1463;http://www4.wiwiss.fu-berlin.de/bizer/bsbm/v01/vocabulary/productFeature;http://www4.wiwiss.fu-berlin.de/bizer/bsbm/v01/instances/ProductFeature5101
http://www4.wiwiss.fu-berlin.de/bizer/bsbm/v01/instances/dataFrom/Product1463;http://www4.wiwiss.fu-berlin.de/bizer/bsbm/v01/vocabulary/productFeature;http://www4.wiwiss.fu-berlin.de/bizer/bsbm/v01/instances/ProductFeature5111
http://www4.wiwiss.fu-berlin.de/bizer/bsbm/v01/instances/dataFrom/Product1463;http://www4.wiwiss.fu-berlin.de/bizer/bsbm/v01/vocabulary/productFeature;http://www4.wiwiss.fu-berlin.de/bizer/bsbm/v01/instances/ProductFeature5111
http://www4.wiwiss.fu-berlin.de/bizer/bsbm/v01/instances/dataFrom/Product1463;http://www4.wiwiss.fu-berlin.de/bizer/bsbm/v01/vocabulary/productFeature;http://www4.wiwiss.fu-berlin.de/bizer/bsbm/v01/instances/ProductFeature5111
http://www4.wiwiss.fu-berlin.de/bizer/bsbm/v01/instances/dataFrom/Product1463;http://www4.wiwiss.fu-berlin.de/bizer/bsbm/v01/vocabulary/productFeature;http://www4.wiwiss.fu-berlin.de/bizer/bsbm/v01/instances/ProductFeature5111
http://www4.wiwiss.fu-berlin.de/bizer/bsbm/v01/instances/dataFrom/Product5859;http://www4.wiwiss.fu-berlin.de/bizer/bsbm/v01/vocabulary/productFeature;http://www4.wiwiss.fu-berlin.de/bizer/bsbm/v01/instances/ProductFeature5099
http://www4.wiwiss.fu-berlin.de/bizer/bsbm/v01/instances/dataFrom/Product5859;http://www4.wiwiss.fu-berlin.de/bizer/bsbm/v01/vocabulary/productFeature;http://www4.wiwiss.fu-berlin.de/bizer/bsbm/v01/instances/ProductFeature5099
http://www4.wiwiss.fu-berlin.de/bizer/bsbm/v01/instances/dataFrom/Product5859;http://www4.wiwiss.fu-berlin.de/bizer/bsbm/v01/vocabulary/productFeature;http://www4.wiwiss.fu-berlin.de/bizer/bsbm/v01/instances/ProductFeature5099
http://www4.wiwiss.fu-berlin.de/bizer/bsbm/v01/instances/dataFrom/Product5859;http://www4.wiwiss.fu-berlin.de/bizer/bsbm/v01/vocabulary/productFeature;http://www4.wiwiss.fu-berlin.de/bizer/bsbm/v01/instances/ProductFeature5099
http://www4.wiwiss.fu-berlin.de/bizer/bsbm/v01/instances/dataFrom/Product5859;http://www4.wiwiss.fu-berlin.de/bizer/bsbm/v01/vocabulary/productFeature;http://www4.wiwiss.fu-berlin.de/bizer/bsbm/v01/instances/ProductFeature5099
http://www4.wiwiss.fu-berlin.de/bizer/bsbm/v01/instances/dataFrom/Product5859;http://www4.wiwiss.fu-berlin.de/bizer/bsbm/v01/vocabulary/productFeature;http://www4.wiwiss.fu-berlin.de/bizer/bsbm/v01/instances/ProductFeature5099
http://www4.wiwiss.fu-berlin.de/bizer/bsbm/v01/instances/dataFrom/Product5859;http://www4.wiwiss.fu-berlin.de/bizer/bsbm/v01/vocabulary/productFeature;http://www4.wiwiss.fu-berlin.de/bizer/bsbm/v01/instances/ProductFeature5099
http://www4.wiwiss.fu-berlin.de/bizer/bsbm/v01/instances/dataFrom/Product5859;http://www4.wiwiss.fu-berlin.de/bizer/bsbm/v01/vocabulary/productFeature;http://www4.wiwiss.fu-berlin.de/bizer/bsbm/v01/instances/ProductFeature5099
http://www4.wiwiss.fu-berlin.de/bizer/bsbm/v01/instances/dataFrom/Product5859;http://www4.wiwiss.fu-berlin.de/bizer/bsbm/v01/vocabulary/productFeature;http://www4.wiwiss.fu-berlin.de/bizer/bsbm/v01/instances/ProductFeature5099
http://www4.wiwiss.fu-berlin.de/bizer/bsbm/v01/instances/dataFrom/Product5859;http://www4.wiwiss.fu-berlin.de/bizer/bsbm/v01/vocabulary/productFeature;http://www4.wiwiss.fu-berlin.de/bizer/bsbm/v01/instances/ProductFeature5101
http://www4.wiwiss.fu-berlin.de/bizer/bsbm/v01/instances/dataFrom/Product5859;http://www4.wiwiss.fu-berlin.de/bizer/bsbm/v01/vocabulary/productFeature;http://www4.wiwiss.fu-berlin.de/bizer/bsbm/v01/instances/ProductFeature5101
http://www4.wiwiss.fu-berlin.de/bizer/bsbm/v01/instances/dataFrom/Product5859;http://www4.wiwiss.fu-berlin.de/bizer/bsbm/v01/vocabulary/productFeature;http://www4.wiwiss.fu-berlin.de/bizer/bsbm/v01/instances/ProductFeature5101
http://www4.wiwiss.fu-berlin.de/bizer/bsbm/v01/instances/dataFrom/Product5859;http://www4.wiwiss.fu-berlin.de/bizer/bsbm/v01/vocabulary/productFeature;http://www4.wiwiss.fu-berlin.de/bizer/bsbm/v01/instances/ProductFeature5101
http://www4.wiwiss.fu-berlin.de/bizer/bsbm/v01/instances/dataFrom/Product5859;http://www4.wiwiss.fu-berlin.de/bizer/bsbm/v01/vocabulary/productFeature;http://www4.wiwiss.fu-berlin.de/bizer/bsbm/v01/instances/ProductFeature5101
http://www4.wiwiss.fu-berlin.de/bizer/bsbm/v01/instances/dataFrom/Product5859;http://www4.wiwiss.fu-berlin.de/bizer/bsbm/v01/vocabulary/productFeature;http://www4.wiwiss.fu-berlin.de/bizer/bsbm/v01/instances/ProductFeature5101
http://www4.wiwiss.fu-berlin.de/bizer/bsbm/v01/instances/dataFrom/Product5859;http://www4.wiwiss.fu-berlin.de/bizer/bsbm/v01/vocabulary/productFeature;http://www4.wiwiss.fu-berlin.de/bizer/bsbm/v01/instances/ProductFeature5101
http://www4.wiwiss.fu-berlin.de/bizer/bsbm/v01/instances/dataFrom/Product5859;http://www4.wiwiss.fu-berlin.de/bizer/bsbm/v01/vocabulary/productFeature;http://www4.wiwiss.fu-berlin.de/bizer/bsbm/v01/instances/ProductFeature5101
http://www4.wiwiss.fu-berlin.de/bizer/bsbm/v01/instances/dataFrom/Product5859;http://www4.wiwiss.fu-berlin.de/bizer/bsbm/v01/vocabulary/productFeature;http://www4.wiwiss.fu-berlin.de/bizer/bsbm/v01/instances/ProductFeature5101
http://www4.wiwiss.fu-berlin.de/bizer/bsbm/v01/instances/dataFrom/Product5859;http://www4.wiwiss.fu-berlin.de/bizer/bsbm/v01/vocabulary/productFeature;http://www4.wiwiss.fu-berlin.de/bizer/bsbm/v01/instances/ProductFeature5101
http://www4.wiwiss.fu-berlin.de/bizer/bsbm/v01/instances/dataFrom/Product5859;http://www4.wiwiss.fu-berlin.de/bizer/bsbm/v01/vocabulary/productFeature;http://www4.wiwiss.fu-berlin.de/bizer/bsbm/v01/instances/ProductFeature5101
http://www4.wiwiss.fu-berlin.de/bizer/bsbm/v01/instances/dataFrom/Product5859;http://www4.wiwiss.fu-berlin.de/bizer/bsbm/v01/vocabulary/productFeature;http://www4.wiwiss.fu-berlin.de/bizer/bsbm/v01/instances/ProductFeature5101
http://www4.wiwiss.fu-berlin.de/bizer/bsbm/v01/instances/dataFrom/Product5859;http://www4.wiwiss.fu-berlin.de/bizer/bsbm/v01/vocabulary/productFeature;http://www4.wiwiss.fu-berlin.de/bizer/bsbm/v01/instances/ProductFeature5111
http://www4.wiwiss.fu-berlin.de/bizer/bsbm/v01/instances/dataFrom/Product5859;http://www4.wiwiss.fu-berlin.de/bizer/bsbm/v01/vocabulary/productFeature;http://www4.wiwiss.fu-berlin.de/bizer/bsbm/v01/instances/ProductFeature5111
http://www4.wiwiss.fu-berlin.de/bizer/bsbm/v01/instances/dataFrom/Product5859;http://www4.wiwiss.fu-berlin.de/bizer/bsbm/v01/vocabulary/productFeature;http://www4.wiwiss.fu-berlin.de/bizer/bsbm/v01/instances/ProductFeature5111
http://www4.wiwiss.fu-berlin.de/bizer/bsbm/v01/instances/dataFrom/Product5859;http://www4.wiwiss.fu-berlin.de/bizer/bsbm/v01/vocabulary/productFeature;http://www4.wiwiss.fu-berlin.de/bizer/bsbm/v01/instances/ProductFeature5111
http://www4.wiwiss.fu-berlin.de/bizer/bsbm/v01/instances/dataFrom/Product2648;http://www4.wiwiss.fu-berlin.de/bizer/bsbm/v01/vocabulary/productFeature;http://www4.wiwiss.fu-berlin.de/bizer/bsbm/v01/instances/ProductFeature5099
http://www4.wiwiss.fu-berlin.de/bizer/bsbm/v01/instances/dataFrom/Product2648;http://www4.wiwiss.fu-berlin.de/bizer/bsbm/v01/vocabulary/productFeature;http://www4.wiwiss.fu-berlin.de/bizer/bsbm/v01/instances/ProductFeature5099
http://www4.wiwiss.fu-berlin.de/bizer/bsbm/v01/instances/dataFrom/Product2648;http://www4.wiwiss.fu-berlin.de/bizer/bsbm/v01/vocabulary/productFeature;http://www4.wiwiss.fu-berlin.de/bizer/bsbm/v01/instances/ProductFeature5099
http://www4.wiwiss.fu-berlin.de/bizer/bsbm/v01/instances/dataFrom/Product2648;http://www4.wiwiss.fu-berlin.de/bizer/bsbm/v01/vocabulary/productFeature;http://www4.wiwiss.fu-berlin.de/bizer/bsbm/v01/instances/ProductFeature5099
http://www4.wiwiss.fu-berlin.de/bizer/bsbm/v01/instances/dataFrom/Product2648;http://www4.wiwiss.fu-berlin.de/bizer/bsbm/v01/vocabulary/productFeature;http://www4.wiwiss.fu-berlin.de/bizer/bsbm/v01/instances/ProductFeature5099
http://www4.wiwiss.fu-berlin.de/bizer/bsbm/v01/instances/dataFrom/Product2648;http://www4.wiwiss.fu-berlin.de/bizer/bsbm/v01/vocabulary/productFeature;http://www4.wiwiss.fu-berlin.de/bizer/bsbm/v01/instances/ProductFeature5099
http://www4.wiwiss.fu-berlin.de/bizer/bsbm/v01/instances/dataFrom/Product2648;http://www4.wiwiss.fu-berlin.de/bizer/bsbm/v01/vocabulary/productFeature;http://www4.wiwiss.fu-berlin.de/bizer/bsbm/v01/instances/ProductFeature5099
http://www4.wiwiss.fu-berlin.de/bizer/bsbm/v01/instances/dataFrom/Product2648;http://www4.wiwiss.fu-berlin.de/bizer/bsbm/v01/vocabulary/productFeature;http://www4.wiwiss.fu-berlin.de/bizer/bsbm/v01/instances/ProductFeature5099
http://www4.wiwiss.fu-berlin.de/bizer/bsbm/v01/instances/dataFrom/Product2648;http://www4.wiwiss.fu-berlin.de/bizer/bsbm/v01/vocabulary/productFeature;http://www4.wiwiss.fu-berlin.de/bizer/bsbm/v01/instances/ProductFeature5099
http://www4.wiwiss.fu-berlin.de/bizer/bsbm/v01/instances/dataFrom/Product2648;http://www4.wiwiss.fu-berlin.de/bizer/bsbm/v01/vocabulary/productFeature;http://www4.wiwiss.fu-berlin.de/bizer/bsbm/v01/instances/ProductFeature5101
http://www4.wiwiss.fu-berlin.de/bizer/bsbm/v01/instances/dataFrom/Product2648;http://www4.wiwiss.fu-berlin.de/bizer/bsbm/v01/vocabulary/productFeature;http://www4.wiwiss.fu-berlin.de/bizer/bsbm/v01/instances/ProductFeature5101
http://www4.wiwiss.fu-berlin.de/bizer/bsbm/v01/instances/dataFrom/Product2648;http://www4.wiwiss.fu-berlin.de/bizer/bsbm/v01/vocabulary/productFeature;http://www4.wiwiss.fu-berlin.de/bizer/bsbm/v01/instances/ProductFeature5101
http://www4.wiwiss.fu-berlin.de/bizer/bsbm/v01/instances/dataFrom/Product2648;http://www4.wiwiss.fu-berlin.de/bizer/bsbm/v01/vocabulary/productFeature;http://www4.wiwiss.fu-berlin.de/bizer/bsbm/v01/instances/ProductFeature5101
http://www4.wiwiss.fu-berlin.de/bizer/bsbm/v01/instances/dataFrom/Product2648;http://www4.wiwiss.fu-berlin.de/bizer/bsbm/v01/vocabulary/productFeature;http://www4.wiwiss.fu-berlin.de/bizer/bsbm/v01/instances/ProductFeature5101
http://www4.wiwiss.fu-berlin.de/bizer/bsbm/v01/instances/dataFrom/Product2648;http://www4.wiwiss.fu-berlin.de/bizer/bsbm/v01/vocabulary/productFeature;http://www4.wiwiss.fu-berlin.de/bizer/bsbm/v01/instances/ProductFeature5101
http://www4.wiwiss.fu-berlin.de/bizer/bsbm/v01/instances/dataFrom/Product2648;http://www4.wiwiss.fu-berlin.de/bizer/bsbm/v01/vocabulary/productFeature;http://www4.wiwiss.fu-berlin.de/bizer/bsbm/v01/instances/ProductFeature5101
http://www4.wiwiss.fu-berlin.de/bizer/bsbm/v01/instances/dataFrom/Product2648;http://www4.wiwiss.fu-berlin.de/bizer/bsbm/v01/vocabulary/productFeature;http://www4.wiwiss.fu-berlin.de/bizer/bsbm/v01/instances/ProductFeature5101
http://www4.wiwiss.fu-berlin.de/bizer/bsbm/v01/instances/dataFrom/Product2648;http://www4.wiwiss.fu-berlin.de/bizer/bsbm/v01/vocabulary/productFeature;http://www4.wiwiss.fu-berlin.de/bizer/bsbm/v01/instances/ProductFeature5101
http://www4.wiwiss.fu-berlin.de/bizer/bsbm/v01/instances/dataFrom/Product2648;http://www4.wiwiss.fu-berlin.de/bizer/bsbm/v01/vocabulary/productFeature;http://www4.wiwiss.fu-berlin.de/bizer/bsbm/v01/instances/ProductFeature5101
http://www4.wiwiss.fu-berlin.de/bizer/bsbm/v01/instances/dataFrom/Product2648;http://www4.wiwiss.fu-berlin.de/bizer/bsbm/v01/vocabulary/productFeature;http://www4.wiwiss.fu-berlin.de/bizer/bsbm/v01/instances/ProductFeature5101
http://www4.wiwiss.fu-berlin.de/bizer/bsbm/v01/instances/dataFrom/Product2648;http://www4.wiwiss.fu-berlin.de/bizer/bsbm/v01/vocabulary/productFeature;http://www4.wiwiss.fu-berlin.de/bizer/bsbm/v01/instances/ProductFeature5101
http://www4.wiwiss.fu-berlin.de/bizer/bsbm/v01/instances/dataFrom/Product2648;http://www4.wiwiss.fu-berlin.de/bizer/bsbm/v01/vocabulary/productFeature;http://www4.wiwiss.fu-berlin.de/bizer/bsbm/v01/instances/ProductFeature5111
http://www4.wiwiss.fu-berlin.de/bizer/bsbm/v01/instances/dataFrom/Product2648;http://www4.wiwiss.fu-berlin.de/bizer/bsbm/v01/vocabulary/productFeature;http://www4.wiwiss.fu-berlin.de/bizer/bsbm/v01/instances/ProductFeature5111
http://www4.wiwiss.fu-berlin.de/bizer/bsbm/v01/instances/dataFrom/Product2648;http://www4.wiwiss.fu-berlin.de/bizer/bsbm/v01/vocabulary/productFeature;http://www4.wiwiss.fu-berlin.de/bizer/bsbm/v01/instances/ProductFeature5111
http://www4.wiwiss.fu-berlin.de/bizer/bsbm/v01/instances/dataFrom/Product2648;http://www4.wiwiss.fu-berlin.de/bizer/bsbm/v01/vocabulary/productFeature;http://www4.wiwiss.fu-berlin.de/bizer/bsbm/v01/instances/ProductFeature5111
http://www4.wiwiss.fu-berlin.de/bizer/bsbm/v01/instances/dataFrom/Product8368;http://www4.wiwiss.fu-berlin.de/bizer/bsbm/v01/vocabulary/productFeature;http://www4.wiwiss.fu-berlin.de/bizer/bsbm/v01/instances/ProductFeature5099
http://www4.wiwiss.fu-berlin.de/bizer/bsbm/v01/instances/dataFrom/Product8368;http://www4.wiwiss.fu-berlin.de/bizer/bsbm/v01/vocabulary/productFeature;http://www4.wiwiss.fu-berlin.de/bizer/bsbm/v01/instances/ProductFeature5099
http://www4.wiwiss.fu-berlin.de/bizer/bsbm/v01/instances/dataFrom/Product8368;http://www4.wiwiss.fu-berlin.de/bizer/bsbm/v01/vocabulary/productFeature;http://www4.wiwiss.fu-berlin.de/bizer/bsbm/v01/instances/ProductFeature5099
http://www4.wiwiss.fu-berlin.de/bizer/bsbm/v01/instances/dataFrom/Product8368;http://www4.wiwiss.fu-berlin.de/bizer/bsbm/v01/vocabulary/productFeature;http://www4.wiwiss.fu-berlin.de/bizer/bsbm/v01/instances/ProductFeature5099
http://www4.wiwiss.fu-berlin.de/bizer/bsbm/v01/instances/dataFrom/Product8368;http://www4.wiwiss.fu-berlin.de/bizer/bsbm/v01/vocabulary/productFeature;http://www4.wiwiss.fu-berlin.de/bizer/bsbm/v01/instances/ProductFeature5099
http://www4.wiwiss.fu-berlin.de/bizer/bsbm/v01/instances/dataFrom/Product8368;http://www4.wiwiss.fu-berlin.de/bizer/bsbm/v01/vocabulary/productFeature;http://www4.wiwiss.fu-berlin.de/bizer/bsbm/v01/instances/ProductFeature5099
http://www4.wiwiss.fu-berlin.de/bizer/bsbm/v01/instances/dataFrom/Product8368;http://www4.wiwiss.fu-berlin.de/bizer/bsbm/v01/vocabulary/productFeature;http://www4.wiwiss.fu-berlin.de/bizer/bsbm/v01/instances/ProductFeature5099
http://www4.wiwiss.fu-berlin.de/bizer/bsbm/v01/instances/dataFrom/Product8368;http://www4.wiwiss.fu-berlin.de/bizer/bsbm/v01/vocabulary/productFeature;http://www4.wiwiss.fu-berlin.de/bizer/bsbm/v01/instances/ProductFeature5099
http://www4.wiwiss.fu-berlin.de/bizer/bsbm/v01/instances/dataFrom/Product8368;http://www4.wiwiss.fu-berlin.de/bizer/bsbm/v01/vocabulary/productFeature;http://www4.wiwiss.fu-berlin.de/bizer/bsbm/v01/instances/ProductFeature5099
http://www4.wiwiss.fu-berlin.de/bizer/bsbm/v01/instances/dataFrom/Product8368;http://www4.wiwiss.fu-berlin.de/bizer/bsbm/v01/vocabulary/productFeature;http://www4.wiwiss.fu-berlin.de/bizer/bsbm/v01/instances/ProductFeature5101
http://www4.wiwiss.fu-berlin.de/bizer/bsbm/v01/instances/dataFrom/Product8368;http://www4.wiwiss.fu-berlin.de/bizer/bsbm/v01/vocabulary/productFeature;http://www4.wiwiss.fu-berlin.de/bizer/bsbm/v01/instances/ProductFeature5101
http://www4.wiwiss.fu-berlin.de/bizer/bsbm/v01/instances/dataFrom/Product8368;http://www4.wiwiss.fu-berlin.de/bizer/bsbm/v01/vocabulary/productFeature;http://www4.wiwiss.fu-berlin.de/bizer/bsbm/v01/instances/ProductFeature5101
http://www4.wiwiss.fu-berlin.de/bizer/bsbm/v01/instances/dataFrom/Product8368;http://www4.wiwiss.fu-berlin.de/bizer/bsbm/v01/vocabulary/productFeature;http://www4.wiwiss.fu-berlin.de/bizer/bsbm/v01/instances/ProductFeature5101
http://www4.wiwiss.fu-berlin.de/bizer/bsbm/v01/instances/dataFrom/Product8368;http://www4.wiwiss.fu-berlin.de/bizer/bsbm/v01/vocabulary/productFeature;http://www4.wiwiss.fu-berlin.de/bizer/bsbm/v01/instances/ProductFeature5101
http://www4.wiwiss.fu-berlin.de/bizer/bsbm/v01/instances/dataFrom/Product8368;http://www4.wiwiss.fu-berlin.de/bizer/bsbm/v01/vocabulary/productFeature;http://www4.wiwiss.fu-berlin.de/bizer/bsbm/v01/instances/ProductFeature5101
http://www4.wiwiss.fu-berlin.de/bizer/bsbm/v01/instances/dataFrom/Product8368;http://www4.wiwiss.fu-berlin.de/bizer/bsbm/v01/vocabulary/productFeature;http://www4.wiwiss.fu-berlin.de/bizer/bsbm/v01/instances/ProductFeature5101
http://www4.wiwiss.fu-berlin.de/bizer/bsbm/v01/instances/dataFrom/Product8368;http://www4.wiwiss.fu-berlin.de/bizer/bsbm/v01/vocabulary/productFeature;http://www4.wiwiss.fu-berlin.de/bizer/bsbm/v01/instances/ProductFeature5101
http://www4.wiwiss.fu-berlin.de/bizer/bsbm/v01/instances/dataFrom/Product8368;http://www4.wiwiss.fu-berlin.de/bizer/bsbm/v01/vocabulary/productFeature;http://www4.wiwiss.fu-berlin.de/bizer/bsbm/v01/instances/ProductFeature5101
http://www4.wiwiss.fu-berlin.de/bizer/bsbm/v01/instances/dataFrom/Product8368;http://www4.wiwiss.fu-berlin.de/bizer/bsbm/v01/vocabulary/productFeature;http://www4.wiwiss.fu-berlin.de/bizer/bsbm/v01/instances/ProductFeature5101
http://www4.wiwiss.fu-berlin.de/bizer/bsbm/v01/instances/dataFrom/Product8368;http://www4.wiwiss.fu-berlin.de/bizer/bsbm/v01/vocabulary/productFeature;http://www4.wiwiss.fu-berlin.de/bizer/bsbm/v01/instances/ProductFeature5101
http://www4.wiwiss.fu-berlin.de/bizer/bsbm/v01/instances/dataFrom/Product8368;http://www4.wiwiss.fu-berlin.de/bizer/bsbm/v01/vocabulary/productFeature;http://www4.wiwiss.fu-berlin.de/bizer/bsbm/v01/instances/ProductFeature5101
http://www4.wiwiss.fu-berlin.de/bizer/bsbm/v01/instances/dataFrom/Product8368;http://www4.wiwiss.fu-berlin.de/bizer/bsbm/v01/vocabulary/productFeature;http://www4.wiwiss.fu-berlin.de/bizer/bsbm/v01/instances/ProductFeature5111
http://www4.wiwiss.fu-berlin.de/bizer/bsbm/v01/instances/dataFrom/Product8368;http://www4.wiwiss.fu-berlin.de/bizer/bsbm/v01/vocabulary/productFeature;http://www4.wiwiss.fu-berlin.de/bizer/bsbm/v01/instances/ProductFeature5111
http://www4.wiwiss.fu-berlin.de/bizer/bsbm/v01/instances/dataFrom/Product8368;http://www4.wiwiss.fu-berlin.de/bizer/bsbm/v01/vocabulary/productFeature;http://www4.wiwiss.fu-berlin.de/bizer/bsbm/v01/instances/ProductFeature5111
http://www4.wiwiss.fu-berlin.de/bizer/bsbm/v01/instances/dataFrom/Product8368;http://www4.wiwiss.fu-berlin.de/bizer/bsbm/v01/vocabulary/productFeature;http://www4.wiwiss.fu-berlin.de/bizer/bsbm/v01/instances/ProductFeature5111
http://www4.wiwiss.fu-berlin.de/bizer/bsbm/v01/instances/dataFrom/Product5142;http://www4.wiwiss.fu-berlin.de/bizer/bsbm/v01/vocabulary/productFeature;http://www4.wiwiss.fu-berlin.de/bizer/bsbm/v01/instances/ProductFeature5099
http://www4.wiwiss.fu-berlin.de/bizer/bsbm/v01/instances/dataFrom/Product5142;http://www4.wiwiss.fu-berlin.de/bizer/bsbm/v01/vocabulary/productFeature;http://www4.wiwiss.fu-berlin.de/bizer/bsbm/v01/instances/ProductFeature5099
http://www4.wiwiss.fu-berlin.de/bizer/bsbm/v01/instances/dataFrom/Product5142;http://www4.wiwiss.fu-berlin.de/bizer/bsbm/v01/vocabulary/productFeature;http://www4.wiwiss.fu-berlin.de/bizer/bsbm/v01/instances/ProductFeature5099
http://www4.wiwiss.fu-berlin.de/bizer/bsbm/v01/instances/dataFrom/Product5142;http://www4.wiwiss.fu-berlin.de/bizer/bsbm/v01/vocabulary/productFeature;http://www4.wiwiss.fu-berlin.de/bizer/bsbm/v01/instances/ProductFeature5099
http://www4.wiwiss.fu-berlin.de/bizer/bsbm/v01/instances/dataFrom/Product5142;http://www4.wiwiss.fu-berlin.de/bizer/bsbm/v01/vocabulary/productFeature;http://www4.wiwiss.fu-berlin.de/bizer/bsbm/v01/instances/ProductFeature5099
http://www4.wiwiss.fu-berlin.de/bizer/bsbm/v01/instances/dataFrom/Product5142;http://www4.wiwiss.fu-berlin.de/bizer/bsbm/v01/vocabulary/productFeature;http://www4.wiwiss.fu-berlin.de/bizer/bsbm/v01/instances/ProductFeature5099
http://www4.wiwiss.fu-berlin.de/bizer/bsbm/v01/instances/dataFrom/Product5142;http://www4.wiwiss.fu-berlin.de/bizer/bsbm/v01/vocabulary/productFeature;http://www4.wiwiss.fu-berlin.de/bizer/bsbm/v01/instances/ProductFeature5099
http://www4.wiwiss.fu-berlin.de/bizer/bsbm/v01/instances/dataFrom/Product5142;http://www4.wiwiss.fu-berlin.de/bizer/bsbm/v01/vocabulary/productFeature;http://www4.wiwiss.fu-berlin.de/bizer/bsbm/v01/instances/ProductFeature5099
http://www4.wiwiss.fu-berlin.de/bizer/bsbm/v01/instances/dataFrom/Product5142;http://www4.wiwiss.fu-berlin.de/bizer/bsbm/v01/vocabulary/productFeature;http://www4.wiwiss.fu-berlin.de/bizer/bsbm/v01/instances/ProductFeature5099
http://www4.wiwiss.fu-berlin.de/bizer/bsbm/v01/instances/dataFrom/Product5142;http://www4.wiwiss.fu-berlin.de/bizer/bsbm/v01/vocabulary/productFeature;http://www4.wiwiss.fu-berlin.de/bizer/bsbm/v01/instances/ProductFeature5101
http://www4.wiwiss.fu-berlin.de/bizer/bsbm/v01/instances/dataFrom/Product5142;http://www4.wiwiss.fu-berlin.de/bizer/bsbm/v01/vocabulary/productFeature;http://www4.wiwiss.fu-berlin.de/bizer/bsbm/v01/instances/ProductFeature5101
http://www4.wiwiss.fu-berlin.de/bizer/bsbm/v01/instances/dataFrom/Product5142;http://www4.wiwiss.fu-berlin.de/bizer/bsbm/v01/vocabulary/productFeature;http://www4.wiwiss.fu-berlin.de/bizer/bsbm/v01/instances/ProductFeature5101
http://www4.wiwiss.fu-berlin.de/bizer/bsbm/v01/instances/dataFrom/Product5142;http://www4.wiwiss.fu-berlin.de/bizer/bsbm/v01/vocabulary/productFeature;http://www4.wiwiss.fu-berlin.de/bizer/bsbm/v01/instances/ProductFeature5101
http://www4.wiwiss.fu-berlin.de/bizer/bsbm/v01/instances/dataFrom/Product5142;http://www4.wiwiss.fu-berlin.de/bizer/bsbm/v01/vocabulary/productFeature;http://www4.wiwiss.fu-berlin.de/bizer/bsbm/v01/instances/ProductFeature5101
http://www4.wiwiss.fu-berlin.de/bizer/bsbm/v01/instances/dataFrom/Product5142;http://www4.wiwiss.fu-berlin.de/bizer/bsbm/v01/vocabulary/productFeature;http://www4.wiwiss.fu-berlin.de/bizer/bsbm/v01/instances/ProductFeature5101
http://www4.wiwiss.fu-berlin.de/bizer/bsbm/v01/instances/dataFrom/Product5142;http://www4.wiwiss.fu-berlin.de/bizer/bsbm/v01/vocabulary/productFeature;http://www4.wiwiss.fu-berlin.de/bizer/bsbm/v01/instances/ProductFeature5101
http://www4.wiwiss.fu-berlin.de/bizer/bsbm/v01/instances/dataFrom/Product5142;http://www4.wiwiss.fu-berlin.de/bizer/bsbm/v01/vocabulary/productFeature;http://www4.wiwiss.fu-berlin.de/bizer/bsbm/v01/instances/ProductFeature5101
http://www4.wiwiss.fu-berlin.de/bizer/bsbm/v01/instances/dataFrom/Product5142;http://www4.wiwiss.fu-berlin.de/bizer/bsbm/v01/vocabulary/productFeature;http://www4.wiwiss.fu-berlin.de/bizer/bsbm/v01/instances/ProductFeature5101
http://www4.wiwiss.fu-berlin.de/bizer/bsbm/v01/instances/dataFrom/Product5142;http://www4.wiwiss.fu-berlin.de/bizer/bsbm/v01/vocabulary/productFeature;http://www4.wiwiss.fu-berlin.de/bizer/bsbm/v01/instances/ProductFeature5101
http://www4.wiwiss.fu-berlin.de/bizer/bsbm/v01/instances/dataFrom/Product5142;http://www4.wiwiss.fu-berlin.de/bizer/bsbm/v01/vocabulary/productFeature;http://www4.wiwiss.fu-berlin.de/bizer/bsbm/v01/instances/ProductFeature5101
http://www4.wiwiss.fu-berlin.de/bizer/bsbm/v01/instances/dataFrom/Product5142;http://www4.wiwiss.fu-berlin.de/bizer/bsbm/v01/vocabulary/productFeature;http://www4.wiwiss.fu-berlin.de/bizer/bsbm/v01/instances/ProductFeature5101
http://www4.wiwiss.fu-berlin.de/bizer/bsbm/v01/instances/dataFrom/Product5142;http://www4.wiwiss.fu-berlin.de/bizer/bsbm/v01/vocabulary/productFeature;http://www4.wiwiss.fu-berlin.de/bizer/bsbm/v01/instances/ProductFeature5111
http://www4.wiwiss.fu-berlin.de/bizer/bsbm/v01/instances/dataFrom/Product5142;http://www4.wiwiss.fu-berlin.de/bizer/bsbm/v01/vocabulary/productFeature;http://www4.wiwiss.fu-berlin.de/bizer/bsbm/v01/instances/ProductFeature5111
http://www4.wiwiss.fu-berlin.de/bizer/bsbm/v01/instances/dataFrom/Product5142;http://www4.wiwiss.fu-berlin.de/bizer/bsbm/v01/vocabulary/productFeature;http://www4.wiwiss.fu-berlin.de/bizer/bsbm/v01/instances/ProductFeature5111
http://www4.wiwiss.fu-berlin.de/bizer/bsbm/v01/instances/dataFrom/Product5142;http://www4.wiwiss.fu-berlin.de/bizer/bsbm/v01/vocabulary/productFeature;http://www4.wiwiss.fu-berlin.de/bizer/bsbm/v01/instances/ProductFeature5111
http://www4.wiwiss.fu-berlin.de/bizer/bsbm/v01/instances/dataFrom/Product8833;http://www4.wiwiss.fu-berlin.de/bizer/bsbm/v01/vocabulary/productFeature;http://www4.wiwiss.fu-berlin.de/bizer/bsbm/v01/instances/ProductFeature5099
http://www4.wiwiss.fu-berlin.de/bizer/bsbm/v01/instances/dataFrom/Product8833;http://www4.wiwiss.fu-berlin.de/bizer/bsbm/v01/vocabulary/productFeature;http://www4.wiwiss.fu-berlin.de/bizer/bsbm/v01/instances/ProductFeature5099
http://www4.wiwiss.fu-berlin.de/bizer/bsbm/v01/instances/dataFrom/Product8833;http://www4.wiwiss.fu-berlin.de/bizer/bsbm/v01/vocabulary/productFeature;http://www4.wiwiss.fu-berlin.de/bizer/bsbm/v01/instances/ProductFeature5099
http://www4.wiwiss.fu-berlin.de/bizer/bsbm/v01/instances/dataFrom/Product8833;http://www4.wiwiss.fu-berlin.de/bizer/bsbm/v01/vocabulary/productFeature;http://www4.wiwiss.fu-berlin.de/bizer/bsbm/v01/instances/ProductFeature5099
http://www4.wiwiss.fu-berlin.de/bizer/bsbm/v01/instances/dataFrom/Product8833;http://www4.wiwiss.fu-berlin.de/bizer/bsbm/v01/vocabulary/productFeature;http://www4.wiwiss.fu-berlin.de/bizer/bsbm/v01/instances/ProductFeature5099
http://www4.wiwiss.fu-berlin.de/bizer/bsbm/v01/instances/dataFrom/Product8833;http://www4.wiwiss.fu-berlin.de/bizer/bsbm/v01/vocabulary/productFeature;http://www4.wiwiss.fu-berlin.de/bizer/bsbm/v01/instances/ProductFeature5099
http://www4.wiwiss.fu-berlin.de/bizer/bsbm/v01/instances/dataFrom/Product8833;http://www4.wiwiss.fu-berlin.de/bizer/bsbm/v01/vocabulary/productFeature;http://www4.wiwiss.fu-berlin.de/bizer/bsbm/v01/instances/ProductFeature5099
http://www4.wiwiss.fu-berlin.de/bizer/bsbm/v01/instances/dataFrom/Product8833;http://www4.wiwiss.fu-berlin.de/bizer/bsbm/v01/vocabulary/productFeature;http://www4.wiwiss.fu-berlin.de/bizer/bsbm/v01/instances/ProductFeature5099
http://www4.wiwiss.fu-berlin.de/bizer/bsbm/v01/instances/dataFrom/Product8833;http://www4.wiwiss.fu-berlin.de/bizer/bsbm/v01/vocabulary/productFeature;http://www4.wiwiss.fu-berlin.de/bizer/bsbm/v01/instances/ProductFeature5099
http://www4.wiwiss.fu-berlin.de/bizer/bsbm/v01/instances/dataFrom/Product8833;http://www4.wiwiss.fu-berlin.de/bizer/bsbm/v01/vocabulary/productFeature;http://www4.wiwiss.fu-berlin.de/bizer/bsbm/v01/instances/ProductFeature5101
http://www4.wiwiss.fu-berlin.de/bizer/bsbm/v01/instances/dataFrom/Product8833;http://www4.wiwiss.fu-berlin.de/bizer/bsbm/v01/vocabulary/productFeature;http://www4.wiwiss.fu-berlin.de/bizer/bsbm/v01/instances/ProductFeature5101
http://www4.wiwiss.fu-berlin.de/bizer/bsbm/v01/instances/dataFrom/Product8833;http://www4.wiwiss.fu-berlin.de/bizer/bsbm/v01/vocabulary/productFeature;http://www4.wiwiss.fu-berlin.de/bizer/bsbm/v01/instances/ProductFeature5101
http://www4.wiwiss.fu-berlin.de/bizer/bsbm/v01/instances/dataFrom/Product8833;http://www4.wiwiss.fu-berlin.de/bizer/bsbm/v01/vocabulary/productFeature;http://www4.wiwiss.fu-berlin.de/bizer/bsbm/v01/instances/ProductFeature5101
http://www4.wiwiss.fu-berlin.de/bizer/bsbm/v01/instances/dataFrom/Product8833;http://www4.wiwiss.fu-berlin.de/bizer/bsbm/v01/vocabulary/productFeature;http://www4.wiwiss.fu-berlin.de/bizer/bsbm/v01/instances/ProductFeature5101
http://www4.wiwiss.fu-berlin.de/bizer/bsbm/v01/instances/dataFrom/Product8833;http://www4.wiwiss.fu-berlin.de/bizer/bsbm/v01/vocabulary/productFeature;http://www4.wiwiss.fu-berlin.de/bizer/bsbm/v01/instances/ProductFeature5101
http://www4.wiwiss.fu-berlin.de/bizer/bsbm/v01/instances/dataFrom/Product8833;http://www4.wiwiss.fu-berlin.de/bizer/bsbm/v01/vocabulary/productFeature;http://www4.wiwiss.fu-berlin.de/bizer/bsbm/v01/instances/ProductFeature5101
http://www4.wiwiss.fu-berlin.de/bizer/bsbm/v01/instances/dataFrom/Product8833;http://www4.wiwiss.fu-berlin.de/bizer/bsbm/v01/vocabulary/productFeature;http://www4.wiwiss.fu-berlin.de/bizer/bsbm/v01/instances/ProductFeature5101
http://www4.wiwiss.fu-berlin.de/bizer/bsbm/v01/instances/dataFrom/Product8833;http://www4.wiwiss.fu-berlin.de/bizer/bsbm/v01/vocabulary/productFeature;http://www4.wiwiss.fu-berlin.de/bizer/bsbm/v01/instances/ProductFeature5101
http://www4.wiwiss.fu-berlin.de/bizer/bsbm/v01/instances/dataFrom/Product8833;http://www4.wiwiss.fu-berlin.de/bizer/bsbm/v01/vocabulary/productFeature;http://www4.wiwiss.fu-berlin.de/bizer/bsbm/v01/instances/ProductFeature5101
http://www4.wiwiss.fu-berlin.de/bizer/bsbm/v01/instances/dataFrom/Product8833;http://www4.wiwiss.fu-berlin.de/bizer/bsbm/v01/vocabulary/productFeature;http://www4.wiwiss.fu-berlin.de/bizer/bsbm/v01/instances/ProductFeature5101
http://www4.wiwiss.fu-berlin.de/bizer/bsbm/v01/instances/dataFrom/Product8833;http://www4.wiwiss.fu-berlin.de/bizer/bsbm/v01/vocabulary/productFeature;http://www4.wiwiss.fu-berlin.de/bizer/bsbm/v01/instances/ProductFeature5101
http://www4.wiwiss.fu-berlin.de/bizer/bsbm/v01/instances/dataFrom/Product8833;http://www4.wiwiss.fu-berlin.de/bizer/bsbm/v01/vocabulary/productFeature;http://www4.wiwiss.fu-berlin.de/bizer/bsbm/v01/instances/ProductFeature5111
http://www4.wiwiss.fu-berlin.de/bizer/bsbm/v01/instances/dataFrom/Product8833;http://www4.wiwiss.fu-berlin.de/bizer/bsbm/v01/vocabulary/productFeature;http://www4.wiwiss.fu-berlin.de/bizer/bsbm/v01/instances/ProductFeature5111
http://www4.wiwiss.fu-berlin.de/bizer/bsbm/v01/instances/dataFrom/Product8833;http://www4.wiwiss.fu-berlin.de/bizer/bsbm/v01/vocabulary/productFeature;http://www4.wiwiss.fu-berlin.de/bizer/bsbm/v01/instances/ProductFeature5111
http://www4.wiwiss.fu-berlin.de/bizer/bsbm/v01/instances/dataFrom/Product8833;http://www4.wiwiss.fu-berlin.de/bizer/bsbm/v01/vocabulary/productFeature;http://www4.wiwiss.fu-berlin.de/bizer/bsbm/v01/instances/ProductFeature5111
http://www4.wiwiss.fu-berlin.de/bizer/bsbm/v01/instances/dataFrom/Product4515;http://www4.wiwiss.fu-berlin.de/bizer/bsbm/v01/vocabulary/productFeature;http://www4.wiwiss.fu-berlin.de/bizer/bsbm/v01/instances/ProductFeature5099
http://www4.wiwiss.fu-berlin.de/bizer/bsbm/v01/instances/dataFrom/Product4515;http://www4.wiwiss.fu-berlin.de/bizer/bsbm/v01/vocabulary/productFeature;http://www4.wiwiss.fu-berlin.de/bizer/bsbm/v01/instances/ProductFeature5099
http://www4.wiwiss.fu-berlin.de/bizer/bsbm/v01/instances/dataFrom/Product4515;http://www4.wiwiss.fu-berlin.de/bizer/bsbm/v01/vocabulary/productFeature;http://www4.wiwiss.fu-berlin.de/bizer/bsbm/v01/instances/ProductFeature5099
http://www4.wiwiss.fu-berlin.de/bizer/bsbm/v01/instances/dataFrom/Product4515;http://www4.wiwiss.fu-berlin.de/bizer/bsbm/v01/vocabulary/productFeature;http://www4.wiwiss.fu-berlin.de/bizer/bsbm/v01/instances/ProductFeature5099
http://www4.wiwiss.fu-berlin.de/bizer/bsbm/v01/instances/dataFrom/Product4515;http://www4.wiwiss.fu-berlin.de/bizer/bsbm/v01/vocabulary/productFeature;http://www4.wiwiss.fu-berlin.de/bizer/bsbm/v01/instances/ProductFeature5099
http://www4.wiwiss.fu-berlin.de/bizer/bsbm/v01/instances/dataFrom/Product4515;http://www4.wiwiss.fu-berlin.de/bizer/bsbm/v01/vocabulary/productFeature;http://www4.wiwiss.fu-berlin.de/bizer/bsbm/v01/instances/ProductFeature5099
http://www4.wiwiss.fu-berlin.de/bizer/bsbm/v01/instances/dataFrom/Product4515;http://www4.wiwiss.fu-berlin.de/bizer/bsbm/v01/vocabulary/productFeature;http://www4.wiwiss.fu-berlin.de/bizer/bsbm/v01/instances/ProductFeature5099
http://www4.wiwiss.fu-berlin.de/bizer/bsbm/v01/instances/dataFrom/Product4515;http://www4.wiwiss.fu-berlin.de/bizer/bsbm/v01/vocabulary/productFeature;http://www4.wiwiss.fu-berlin.de/bizer/bsbm/v01/instances/ProductFeature5099
http://www4.wiwiss.fu-berlin.de/bizer/bsbm/v01/instances/dataFrom/Product4515;http://www4.wiwiss.fu-berlin.de/bizer/bsbm/v01/vocabulary/productFeature;http://www4.wiwiss.fu-berlin.de/bizer/bsbm/v01/instances/ProductFeature5099
http://www4.wiwiss.fu-berlin.de/bizer/bsbm/v01/instances/dataFrom/Product4515;http://www4.wiwiss.fu-berlin.de/bizer/bsbm/v01/vocabulary/productFeature;http://www4.wiwiss.fu-berlin.de/bizer/bsbm/v01/instances/ProductFeature5101
http://www4.wiwiss.fu-berlin.de/bizer/bsbm/v01/instances/dataFrom/Product4515;http://www4.wiwiss.fu-berlin.de/bizer/bsbm/v01/vocabulary/productFeature;http://www4.wiwiss.fu-berlin.de/bizer/bsbm/v01/instances/ProductFeature5101
http://www4.wiwiss.fu-berlin.de/bizer/bsbm/v01/instances/dataFrom/Product4515;http://www4.wiwiss.fu-berlin.de/bizer/bsbm/v01/vocabulary/productFeature;http://www4.wiwiss.fu-berlin.de/bizer/bsbm/v01/instances/ProductFeature5101
http://www4.wiwiss.fu-berlin.de/bizer/bsbm/v01/instances/dataFrom/Product4515;http://www4.wiwiss.fu-berlin.de/bizer/bsbm/v01/vocabulary/productFeature;http://www4.wiwiss.fu-berlin.de/bizer/bsbm/v01/instances/ProductFeature5101
http://www4.wiwiss.fu-berlin.de/bizer/bsbm/v01/instances/dataFrom/Product4515;http://www4.wiwiss.fu-berlin.de/bizer/bsbm/v01/vocabulary/productFeature;http://www4.wiwiss.fu-berlin.de/bizer/bsbm/v01/instances/ProductFeature5101
http://www4.wiwiss.fu-berlin.de/bizer/bsbm/v01/instances/dataFrom/Product4515;http://www4.wiwiss.fu-berlin.de/bizer/bsbm/v01/vocabulary/productFeature;http://www4.wiwiss.fu-berlin.de/bizer/bsbm/v01/instances/ProductFeature5101
http://www4.wiwiss.fu-berlin.de/bizer/bsbm/v01/instances/dataFrom/Product4515;http://www4.wiwiss.fu-berlin.de/bizer/bsbm/v01/vocabulary/productFeature;http://www4.wiwiss.fu-berlin.de/bizer/bsbm/v01/instances/ProductFeature5101
http://www4.wiwiss.fu-berlin.de/bizer/bsbm/v01/instances/dataFrom/Product4515;http://www4.wiwiss.fu-berlin.de/bizer/bsbm/v01/vocabulary/productFeature;http://www4.wiwiss.fu-berlin.de/bizer/bsbm/v01/instances/ProductFeature5101
http://www4.wiwiss.fu-berlin.de/bizer/bsbm/v01/instances/dataFrom/Product4515;http://www4.wiwiss.fu-berlin.de/bizer/bsbm/v01/vocabulary/productFeature;http://www4.wiwiss.fu-berlin.de/bizer/bsbm/v01/instances/ProductFeature5101
http://www4.wiwiss.fu-berlin.de/bizer/bsbm/v01/instances/dataFrom/Product4515;http://www4.wiwiss.fu-berlin.de/bizer/bsbm/v01/vocabulary/productFeature;http://www4.wiwiss.fu-berlin.de/bizer/bsbm/v01/instances/ProductFeature5101
http://www4.wiwiss.fu-berlin.de/bizer/bsbm/v01/instances/dataFrom/Product4515;http://www4.wiwiss.fu-berlin.de/bizer/bsbm/v01/vocabulary/productFeature;http://www4.wiwiss.fu-berlin.de/bizer/bsbm/v01/instances/ProductFeature5101
http://www4.wiwiss.fu-berlin.de/bizer/bsbm/v01/instances/dataFrom/Product4515;http://www4.wiwiss.fu-berlin.de/bizer/bsbm/v01/vocabulary/productFeature;http://www4.wiwiss.fu-berlin.de/bizer/bsbm/v01/instances/ProductFeature5101
http://www4.wiwiss.fu-berlin.de/bizer/bsbm/v01/instances/dataFrom/Product4515;http://www4.wiwiss.fu-berlin.de/bizer/bsbm/v01/vocabulary/productFeature;http://www4.wiwiss.fu-berlin.de/bizer/bsbm/v01/instances/ProductFeature5111
http://www4.wiwiss.fu-berlin.de/bizer/bsbm/v01/instances/dataFrom/Product4515;http://www4.wiwiss.fu-berlin.de/bizer/bsbm/v01/vocabulary/productFeature;http://www4.wiwiss.fu-berlin.de/bizer/bsbm/v01/instances/ProductFeature5111
http://www4.wiwiss.fu-berlin.de/bizer/bsbm/v01/instances/dataFrom/Product4515;http://www4.wiwiss.fu-berlin.de/bizer/bsbm/v01/vocabulary/productFeature;http://www4.wiwiss.fu-berlin.de/bizer/bsbm/v01/instances/ProductFeature5111
http://www4.wiwiss.fu-berlin.de/bizer/bsbm/v01/instances/dataFrom/Product4515;http://www4.wiwiss.fu-berlin.de/bizer/bsbm/v01/vocabulary/productFeature;http://www4.wiwiss.fu-berlin.de/bizer/bsbm/v01/instances/ProductFeature5111
http://www4.wiwiss.fu-berlin.de/bizer/bsbm/v01/instances/dataFrom/Product1310;http://www4.wiwiss.fu-berlin.de/bizer/bsbm/v01/vocabulary/productFeature;http://www4.wiwiss.fu-berlin.de/bizer/bsbm/v01/instances/ProductFeature5099
http://www4.wiwiss.fu-berlin.de/bizer/bsbm/v01/instances/dataFrom/Product1310;http://www4.wiwiss.fu-berlin.de/bizer/bsbm/v01/vocabulary/productFeature;http://www4.wiwiss.fu-berlin.de/bizer/bsbm/v01/instances/ProductFeature5099
http://www4.wiwiss.fu-berlin.de/bizer/bsbm/v01/instances/dataFrom/Product1310;http://www4.wiwiss.fu-berlin.de/bizer/bsbm/v01/vocabulary/productFeature;http://www4.wiwiss.fu-berlin.de/bizer/bsbm/v01/instances/ProductFeature5099
http://www4.wiwiss.fu-berlin.de/bizer/bsbm/v01/instances/dataFrom/Product1310;http://www4.wiwiss.fu-berlin.de/bizer/bsbm/v01/vocabulary/productFeature;http://www4.wiwiss.fu-berlin.de/bizer/bsbm/v01/instances/ProductFeature5099
http://www4.wiwiss.fu-berlin.de/bizer/bsbm/v01/instances/dataFrom/Product1310;http://www4.wiwiss.fu-berlin.de/bizer/bsbm/v01/vocabulary/productFeature;http://www4.wiwiss.fu-berlin.de/bizer/bsbm/v01/instances/ProductFeature5099
http://www4.wiwiss.fu-berlin.de/bizer/bsbm/v01/instances/dataFrom/Product1310;http://www4.wiwiss.fu-berlin.de/bizer/bsbm/v01/vocabulary/productFeature;http://www4.wiwiss.fu-berlin.de/bizer/bsbm/v01/instances/ProductFeature5099
http://www4.wiwiss.fu-berlin.de/bizer/bsbm/v01/instances/dataFrom/Product1310;http://www4.wiwiss.fu-berlin.de/bizer/bsbm/v01/vocabulary/productFeature;http://www4.wiwiss.fu-berlin.de/bizer/bsbm/v01/instances/ProductFeature5099
http://www4.wiwiss.fu-berlin.de/bizer/bsbm/v01/instances/dataFrom/Product1310;http://www4.wiwiss.fu-berlin.de/bizer/bsbm/v01/vocabulary/productFeature;http://www4.wiwiss.fu-berlin.de/bizer/bsbm/v01/instances/ProductFeature5099
http://www4.wiwiss.fu-berlin.de/bizer/bsbm/v01/instances/dataFrom/Product1310;http://www4.wiwiss.fu-berlin.de/bizer/bsbm/v01/vocabulary/productFeature;http://www4.wiwiss.fu-berlin.de/bizer/bsbm/v01/instances/ProductFeature5099
http://www4.wiwiss.fu-berlin.de/bizer/bsbm/v01/instances/dataFrom/Product1310;http://www4.wiwiss.fu-berlin.de/bizer/bsbm/v01/vocabulary/productFeature;http://www4.wiwiss.fu-berlin.de/bizer/bsbm/v01/instances/ProductFeature5101
http://www4.wiwiss.fu-berlin.de/bizer/bsbm/v01/instances/dataFrom/Product1310;http://www4.wiwiss.fu-berlin.de/bizer/bsbm/v01/vocabulary/productFeature;http://www4.wiwiss.fu-berlin.de/bizer/bsbm/v01/instances/ProductFeature5101
http://www4.wiwiss.fu-berlin.de/bizer/bsbm/v01/instances/dataFrom/Product1310;http://www4.wiwiss.fu-berlin.de/bizer/bsbm/v01/vocabulary/productFeature;http://www4.wiwiss.fu-berlin.de/bizer/bsbm/v01/instances/ProductFeature5101
http://www4.wiwiss.fu-berlin.de/bizer/bsbm/v01/instances/dataFrom/Product1310;http://www4.wiwiss.fu-berlin.de/bizer/bsbm/v01/vocabulary/productFeature;http://www4.wiwiss.fu-berlin.de/bizer/bsbm/v01/instances/ProductFeature5101
http://www4.wiwiss.fu-berlin.de/bizer/bsbm/v01/instances/dataFrom/Product1310;http://www4.wiwiss.fu-berlin.de/bizer/bsbm/v01/vocabulary/productFeature;http://www4.wiwiss.fu-berlin.de/bizer/bsbm/v01/instances/ProductFeature5101
http://www4.wiwiss.fu-berlin.de/bizer/bsbm/v01/instances/dataFrom/Product1310;http://www4.wiwiss.fu-berlin.de/bizer/bsbm/v01/vocabulary/productFeature;http://www4.wiwiss.fu-berlin.de/bizer/bsbm/v01/instances/ProductFeature5101
http://www4.wiwiss.fu-berlin.de/bizer/bsbm/v01/instances/dataFrom/Product1310;http://www4.wiwiss.fu-berlin.de/bizer/bsbm/v01/vocabulary/productFeature;http://www4.wiwiss.fu-berlin.de/bizer/bsbm/v01/instances/ProductFeature5101
http://www4.wiwiss.fu-berlin.de/bizer/bsbm/v01/instances/dataFrom/Product1310;http://www4.wiwiss.fu-berlin.de/bizer/bsbm/v01/vocabulary/productFeature;http://www4.wiwiss.fu-berlin.de/bizer/bsbm/v01/instances/ProductFeature5101
http://www4.wiwiss.fu-berlin.de/bizer/bsbm/v01/instances/dataFrom/Product1310;http://www4.wiwiss.fu-berlin.de/bizer/bsbm/v01/vocabulary/productFeature;http://www4.wiwiss.fu-berlin.de/bizer/bsbm/v01/instances/ProductFeature5101
http://www4.wiwiss.fu-berlin.de/bizer/bsbm/v01/instances/dataFrom/Product1310;http://www4.wiwiss.fu-berlin.de/bizer/bsbm/v01/vocabulary/productFeature;http://www4.wiwiss.fu-berlin.de/bizer/bsbm/v01/instances/ProductFeature5101
http://www4.wiwiss.fu-berlin.de/bizer/bsbm/v01/instances/dataFrom/Product1310;http://www4.wiwiss.fu-berlin.de/bizer/bsbm/v01/vocabulary/productFeature;http://www4.wiwiss.fu-berlin.de/bizer/bsbm/v01/instances/ProductFeature5101
http://www4.wiwiss.fu-berlin.de/bizer/bsbm/v01/instances/dataFrom/Product1310;http://www4.wiwiss.fu-berlin.de/bizer/bsbm/v01/vocabulary/productFeature;http://www4.wiwiss.fu-berlin.de/bizer/bsbm/v01/instances/ProductFeature5101
http://www4.wiwiss.fu-berlin.de/bizer/bsbm/v01/instances/dataFrom/Product1310;http://www4.wiwiss.fu-berlin.de/bizer/bsbm/v01/vocabulary/productFeature;http://www4.wiwiss.fu-berlin.de/bizer/bsbm/v01/instances/ProductFeature5111
http://www4.wiwiss.fu-berlin.de/bizer/bsbm/v01/instances/dataFrom/Product1310;http://www4.wiwiss.fu-berlin.de/bizer/bsbm/v01/vocabulary/productFeature;http://www4.wiwiss.fu-berlin.de/bizer/bsbm/v01/instances/ProductFeature5111
http://www4.wiwiss.fu-berlin.de/bizer/bsbm/v01/instances/dataFrom/Product1310;http://www4.wiwiss.fu-berlin.de/bizer/bsbm/v01/vocabulary/productFeature;http://www4.wiwiss.fu-berlin.de/bizer/bsbm/v01/instances/ProductFeature5111
http://www4.wiwiss.fu-berlin.de/bizer/bsbm/v01/instances/dataFrom/Product1310;http://www4.wiwiss.fu-berlin.de/bizer/bsbm/v01/vocabulary/productFeature;http://www4.wiwiss.fu-berlin.de/bizer/bsbm/v01/instances/ProductFeature5111
http://www4.wiwiss.fu-berlin.de/bizer/bsbm/v01/instances/dataFrom/Product3251;http://www4.wiwiss.fu-berlin.de/bizer/bsbm/v01/vocabulary/productFeature;http://www4.wiwiss.fu-berlin.de/bizer/bsbm/v01/instances/ProductFeature5099
http://www4.wiwiss.fu-berlin.de/bizer/bsbm/v01/instances/dataFrom/Product3251;http://www4.wiwiss.fu-berlin.de/bizer/bsbm/v01/vocabulary/productFeature;http://www4.wiwiss.fu-berlin.de/bizer/bsbm/v01/instances/ProductFeature5099
http://www4.wiwiss.fu-berlin.de/bizer/bsbm/v01/instances/dataFrom/Product3251;http://www4.wiwiss.fu-berlin.de/bizer/bsbm/v01/vocabulary/productFeature;http://www4.wiwiss.fu-berlin.de/bizer/bsbm/v01/instances/ProductFeature5099
http://www4.wiwiss.fu-berlin.de/bizer/bsbm/v01/instances/dataFrom/Product3251;http://www4.wiwiss.fu-berlin.de/bizer/bsbm/v01/vocabulary/productFeature;http://www4.wiwiss.fu-berlin.de/bizer/bsbm/v01/instances/ProductFeature5099
http://www4.wiwiss.fu-berlin.de/bizer/bsbm/v01/instances/dataFrom/Product3251;http://www4.wiwiss.fu-berlin.de/bizer/bsbm/v01/vocabulary/productFeature;http://www4.wiwiss.fu-berlin.de/bizer/bsbm/v01/instances/ProductFeature5099
http://www4.wiwiss.fu-berlin.de/bizer/bsbm/v01/instances/dataFrom/Product3251;http://www4.wiwiss.fu-berlin.de/bizer/bsbm/v01/vocabulary/productFeature;http://www4.wiwiss.fu-berlin.de/bizer/bsbm/v01/instances/ProductFeature5099
http://www4.wiwiss.fu-berlin.de/bizer/bsbm/v01/instances/dataFrom/Product3251;http://www4.wiwiss.fu-berlin.de/bizer/bsbm/v01/vocabulary/productFeature;http://www4.wiwiss.fu-berlin.de/bizer/bsbm/v01/instances/ProductFeature5099
http://www4.wiwiss.fu-berlin.de/bizer/bsbm/v01/instances/dataFrom/Product3251;http://www4.wiwiss.fu-berlin.de/bizer/bsbm/v01/vocabulary/productFeature;http://www4.wiwiss.fu-berlin.de/bizer/bsbm/v01/instances/ProductFeature5099
http://www4.wiwiss.fu-berlin.de/bizer/bsbm/v01/instances/dataFrom/Product3251;http://www4.wiwiss.fu-berlin.de/bizer/bsbm/v01/vocabulary/productFeature;http://www4.wiwiss.fu-berlin.de/bizer/bsbm/v01/instances/ProductFeature5099
http://www4.wiwiss.fu-berlin.de/bizer/bsbm/v01/instances/dataFrom/Product3251;http://www4.wiwiss.fu-berlin.de/bizer/bsbm/v01/vocabulary/productFeature;http://www4.wiwiss.fu-berlin.de/bizer/bsbm/v01/instances/ProductFeature5101
http://www4.wiwiss.fu-berlin.de/bizer/bsbm/v01/instances/dataFrom/Product3251;http://www4.wiwiss.fu-berlin.de/bizer/bsbm/v01/vocabulary/productFeature;http://www4.wiwiss.fu-berlin.de/bizer/bsbm/v01/instances/ProductFeature5101
http://www4.wiwiss.fu-berlin.de/bizer/bsbm/v01/instances/dataFrom/Product3251;http://www4.wiwiss.fu-berlin.de/bizer/bsbm/v01/vocabulary/productFeature;http://www4.wiwiss.fu-berlin.de/bizer/bsbm/v01/instances/ProductFeature5101
http://www4.wiwiss.fu-berlin.de/bizer/bsbm/v01/instances/dataFrom/Product3251;http://www4.wiwiss.fu-berlin.de/bizer/bsbm/v01/vocabulary/productFeature;http://www4.wiwiss.fu-berlin.de/bizer/bsbm/v01/instances/ProductFeature5101
http://www4.wiwiss.fu-berlin.de/bizer/bsbm/v01/instances/dataFrom/Product3251;http://www4.wiwiss.fu-berlin.de/bizer/bsbm/v01/vocabulary/productFeature;http://www4.wiwiss.fu-berlin.de/bizer/bsbm/v01/instances/ProductFeature5101
http://www4.wiwiss.fu-berlin.de/bizer/bsbm/v01/instances/dataFrom/Product3251;http://www4.wiwiss.fu-berlin.de/bizer/bsbm/v01/vocabulary/productFeature;http://www4.wiwiss.fu-berlin.de/bizer/bsbm/v01/instances/ProductFeature5101
http://www4.wiwiss.fu-berlin.de/bizer/bsbm/v01/instances/dataFrom/Product3251;http://www4.wiwiss.fu-berlin.de/bizer/bsbm/v01/vocabulary/productFeature;http://www4.wiwiss.fu-berlin.de/bizer/bsbm/v01/instances/ProductFeature5101
http://www4.wiwiss.fu-berlin.de/bizer/bsbm/v01/instances/dataFrom/Product3251;http://www4.wiwiss.fu-berlin.de/bizer/bsbm/v01/vocabulary/productFeature;http://www4.wiwiss.fu-berlin.de/bizer/bsbm/v01/instances/ProductFeature5101
http://www4.wiwiss.fu-berlin.de/bizer/bsbm/v01/instances/dataFrom/Product3251;http://www4.wiwiss.fu-berlin.de/bizer/bsbm/v01/vocabulary/productFeature;http://www4.wiwiss.fu-berlin.de/bizer/bsbm/v01/instances/ProductFeature5101
http://www4.wiwiss.fu-berlin.de/bizer/bsbm/v01/instances/dataFrom/Product3251;http://www4.wiwiss.fu-berlin.de/bizer/bsbm/v01/vocabulary/productFeature;http://www4.wiwiss.fu-berlin.de/bizer/bsbm/v01/instances/ProductFeature5101
http://www4.wiwiss.fu-berlin.de/bizer/bsbm/v01/instances/dataFrom/Product3251;http://www4.wiwiss.fu-berlin.de/bizer/bsbm/v01/vocabulary/productFeature;http://www4.wiwiss.fu-berlin.de/bizer/bsbm/v01/instances/ProductFeature5101
http://www4.wiwiss.fu-berlin.de/bizer/bsbm/v01/instances/dataFrom/Product3251;http://www4.wiwiss.fu-berlin.de/bizer/bsbm/v01/vocabulary/productFeature;http://www4.wiwiss.fu-berlin.de/bizer/bsbm/v01/instances/ProductFeature5101
http://www4.wiwiss.fu-berlin.de/bizer/bsbm/v01/instances/dataFrom/Product3251;http://www4.wiwiss.fu-berlin.de/bizer/bsbm/v01/vocabulary/productFeature;http://www4.wiwiss.fu-berlin.de/bizer/bsbm/v01/instances/ProductFeature5111
http://www4.wiwiss.fu-berlin.de/bizer/bsbm/v01/instances/dataFrom/Product3251;http://www4.wiwiss.fu-berlin.de/bizer/bsbm/v01/vocabulary/productFeature;http://www4.wiwiss.fu-berlin.de/bizer/bsbm/v01/instances/ProductFeature5111
http://www4.wiwiss.fu-berlin.de/bizer/bsbm/v01/instances/dataFrom/Product3251;http://www4.wiwiss.fu-berlin.de/bizer/bsbm/v01/vocabulary/productFeature;http://www4.wiwiss.fu-berlin.de/bizer/bsbm/v01/instances/ProductFeature5111
http://www4.wiwiss.fu-berlin.de/bizer/bsbm/v01/instances/dataFrom/Product3251;http://www4.wiwiss.fu-berlin.de/bizer/bsbm/v01/vocabulary/productFeature;http://www4.wiwiss.fu-berlin.de/bizer/bsbm/v01/instances/ProductFeature5111
http://www4.wiwiss.fu-berlin.de/bizer/bsbm/v01/instances/dataFrom/Product6140;http://www4.wiwiss.fu-berlin.de/bizer/bsbm/v01/vocabulary/productFeature;http://www4.wiwiss.fu-berlin.de/bizer/bsbm/v01/instances/ProductFeature5099
http://www4.wiwiss.fu-berlin.de/bizer/bsbm/v01/instances/dataFrom/Product6140;http://www4.wiwiss.fu-berlin.de/bizer/bsbm/v01/vocabulary/productFeature;http://www4.wiwiss.fu-berlin.de/bizer/bsbm/v01/instances/ProductFeature5099
http://www4.wiwiss.fu-berlin.de/bizer/bsbm/v01/instances/dataFrom/Product6140;http://www4.wiwiss.fu-berlin.de/bizer/bsbm/v01/vocabulary/productFeature;http://www4.wiwiss.fu-berlin.de/bizer/bsbm/v01/instances/ProductFeature5099
http://www4.wiwiss.fu-berlin.de/bizer/bsbm/v01/instances/dataFrom/Product6140;http://www4.wiwiss.fu-berlin.de/bizer/bsbm/v01/vocabulary/productFeature;http://www4.wiwiss.fu-berlin.de/bizer/bsbm/v01/instances/ProductFeature5099
http://www4.wiwiss.fu-berlin.de/bizer/bsbm/v01/instances/dataFrom/Product6140;http://www4.wiwiss.fu-berlin.de/bizer/bsbm/v01/vocabulary/productFeature;http://www4.wiwiss.fu-berlin.de/bizer/bsbm/v01/instances/ProductFeature5099
http://www4.wiwiss.fu-berlin.de/bizer/bsbm/v01/instances/dataFrom/Product6140;http://www4.wiwiss.fu-berlin.de/bizer/bsbm/v01/vocabulary/productFeature;http://www4.wiwiss.fu-berlin.de/bizer/bsbm/v01/instances/ProductFeature5099
http://www4.wiwiss.fu-berlin.de/bizer/bsbm/v01/instances/dataFrom/Product6140;http://www4.wiwiss.fu-berlin.de/bizer/bsbm/v01/vocabulary/productFeature;http://www4.wiwiss.fu-berlin.de/bizer/bsbm/v01/instances/ProductFeature5099
http://www4.wiwiss.fu-berlin.de/bizer/bsbm/v01/instances/dataFrom/Product6140;http://www4.wiwiss.fu-berlin.de/bizer/bsbm/v01/vocabulary/productFeature;http://www4.wiwiss.fu-berlin.de/bizer/bsbm/v01/instances/ProductFeature5099
http://www4.wiwiss.fu-berlin.de/bizer/bsbm/v01/instances/dataFrom/Product6140;http://www4.wiwiss.fu-berlin.de/bizer/bsbm/v01/vocabulary/productFeature;http://www4.wiwiss.fu-berlin.de/bizer/bsbm/v01/instances/ProductFeature5099
http://www4.wiwiss.fu-berlin.de/bizer/bsbm/v01/instances/dataFrom/Product6140;http://www4.wiwiss.fu-berlin.de/bizer/bsbm/v01/vocabulary/productFeature;http://www4.wiwiss.fu-berlin.de/bizer/bsbm/v01/instances/ProductFeature5101
http://www4.wiwiss.fu-berlin.de/bizer/bsbm/v01/instances/dataFrom/Product6140;http://www4.wiwiss.fu-berlin.de/bizer/bsbm/v01/vocabulary/productFeature;http://www4.wiwiss.fu-berlin.de/bizer/bsbm/v01/instances/ProductFeature5101
http://www4.wiwiss.fu-berlin.de/bizer/bsbm/v01/instances/dataFrom/Product6140;http://www4.wiwiss.fu-berlin.de/bizer/bsbm/v01/vocabulary/productFeature;http://www4.wiwiss.fu-berlin.de/bizer/bsbm/v01/instances/ProductFeature5101
http://www4.wiwiss.fu-berlin.de/bizer/bsbm/v01/instances/dataFrom/Product6140;http://www4.wiwiss.fu-berlin.de/bizer/bsbm/v01/vocabulary/productFeature;http://www4.wiwiss.fu-berlin.de/bizer/bsbm/v01/instances/ProductFeature5101
http://www4.wiwiss.fu-berlin.de/bizer/bsbm/v01/instances/dataFrom/Product6140;http://www4.wiwiss.fu-berlin.de/bizer/bsbm/v01/vocabulary/productFeature;http://www4.wiwiss.fu-berlin.de/bizer/bsbm/v01/instances/ProductFeature5101
http://www4.wiwiss.fu-berlin.de/bizer/bsbm/v01/instances/dataFrom/Product6140;http://www4.wiwiss.fu-berlin.de/bizer/bsbm/v01/vocabulary/productFeature;http://www4.wiwiss.fu-berlin.de/bizer/bsbm/v01/instances/ProductFeature5101
http://www4.wiwiss.fu-berlin.de/bizer/bsbm/v01/instances/dataFrom/Product6140;http://www4.wiwiss.fu-berlin.de/bizer/bsbm/v01/vocabulary/productFeature;http://www4.wiwiss.fu-berlin.de/bizer/bsbm/v01/instances/ProductFeature5101
http://www4.wiwiss.fu-berlin.de/bizer/bsbm/v01/instances/dataFrom/Product6140;http://www4.wiwiss.fu-berlin.de/bizer/bsbm/v01/vocabulary/productFeature;http://www4.wiwiss.fu-berlin.de/bizer/bsbm/v01/instances/ProductFeature5101
http://www4.wiwiss.fu-berlin.de/bizer/bsbm/v01/instances/dataFrom/Product6140;http://www4.wiwiss.fu-berlin.de/bizer/bsbm/v01/vocabulary/productFeature;http://www4.wiwiss.fu-berlin.de/bizer/bsbm/v01/instances/ProductFeature5101
http://www4.wiwiss.fu-berlin.de/bizer/bsbm/v01/instances/dataFrom/Product6140;http://www4.wiwiss.fu-berlin.de/bizer/bsbm/v01/vocabulary/productFeature;http://www4.wiwiss.fu-berlin.de/bizer/bsbm/v01/instances/ProductFeature5101
http://www4.wiwiss.fu-berlin.de/bizer/bsbm/v01/instances/dataFrom/Product6140;http://www4.wiwiss.fu-berlin.de/bizer/bsbm/v01/vocabulary/productFeature;http://www4.wiwiss.fu-berlin.de/bizer/bsbm/v01/instances/ProductFeature5101
http://www4.wiwiss.fu-berlin.de/bizer/bsbm/v01/instances/dataFrom/Product6140;http://www4.wiwiss.fu-berlin.de/bizer/bsbm/v01/vocabulary/productFeature;http://www4.wiwiss.fu-berlin.de/bizer/bsbm/v01/instances/ProductFeature5101
http://www4.wiwiss.fu-berlin.de/bizer/bsbm/v01/instances/dataFrom/Product6140;http://www4.wiwiss.fu-berlin.de/bizer/bsbm/v01/vocabulary/productFeature;http://www4.wiwiss.fu-berlin.de/bizer/bsbm/v01/instances/ProductFeature5111
http://www4.wiwiss.fu-berlin.de/bizer/bsbm/v01/instances/dataFrom/Product6140;http://www4.wiwiss.fu-berlin.de/bizer/bsbm/v01/vocabulary/productFeature;http://www4.wiwiss.fu-berlin.de/bizer/bsbm/v01/instances/ProductFeature5111
http://www4.wiwiss.fu-berlin.de/bizer/bsbm/v01/instances/dataFrom/Product6140;http://www4.wiwiss.fu-berlin.de/bizer/bsbm/v01/vocabulary/productFeature;http://www4.wiwiss.fu-berlin.de/bizer/bsbm/v01/instances/ProductFeature5111
http://www4.wiwiss.fu-berlin.de/bizer/bsbm/v01/instances/dataFrom/Product6140;http://www4.wiwiss.fu-berlin.de/bizer/bsbm/v01/vocabulary/productFeature;http://www4.wiwiss.fu-berlin.de/bizer/bsbm/v01/instances/ProductFeature5111
http://www4.wiwiss.fu-berlin.de/bizer/bsbm/v01/instances/dataFrom/Product1523;http://www4.wiwiss.fu-berlin.de/bizer/bsbm/v01/vocabulary/productFeature;http://www4.wiwiss.fu-berlin.de/bizer/bsbm/v01/instances/ProductFeature5099
http://www4.wiwiss.fu-berlin.de/bizer/bsbm/v01/instances/dataFrom/Product1523;http://www4.wiwiss.fu-berlin.de/bizer/bsbm/v01/vocabulary/productFeature;http://www4.wiwiss.fu-berlin.de/bizer/bsbm/v01/instances/ProductFeature5099
http://www4.wiwiss.fu-berlin.de/bizer/bsbm/v01/instances/dataFrom/Product1523;http://www4.wiwiss.fu-berlin.de/bizer/bsbm/v01/vocabulary/productFeature;http://www4.wiwiss.fu-berlin.de/bizer/bsbm/v01/instances/ProductFeature5099
http://www4.wiwiss.fu-berlin.de/bizer/bsbm/v01/instances/dataFrom/Product1523;http://www4.wiwiss.fu-berlin.de/bizer/bsbm/v01/vocabulary/productFeature;http://www4.wiwiss.fu-berlin.de/bizer/bsbm/v01/instances/ProductFeature5099
http://www4.wiwiss.fu-berlin.de/bizer/bsbm/v01/instances/dataFrom/Product1523;http://www4.wiwiss.fu-berlin.de/bizer/bsbm/v01/vocabulary/productFeature;http://www4.wiwiss.fu-berlin.de/bizer/bsbm/v01/instances/ProductFeature5099
http://www4.wiwiss.fu-berlin.de/bizer/bsbm/v01/instances/dataFrom/Product1523;http://www4.wiwiss.fu-berlin.de/bizer/bsbm/v01/vocabulary/productFeature;http://www4.wiwiss.fu-berlin.de/bizer/bsbm/v01/instances/ProductFeature5099
http://www4.wiwiss.fu-berlin.de/bizer/bsbm/v01/instances/dataFrom/Product1523;http://www4.wiwiss.fu-berlin.de/bizer/bsbm/v01/vocabulary/productFeature;http://www4.wiwiss.fu-berlin.de/bizer/bsbm/v01/instances/ProductFeature5099
http://www4.wiwiss.fu-berlin.de/bizer/bsbm/v01/instances/dataFrom/Product1523;http://www4.wiwiss.fu-berlin.de/bizer/bsbm/v01/vocabulary/productFeature;http://www4.wiwiss.fu-berlin.de/bizer/bsbm/v01/instances/ProductFeature5099
http://www4.wiwiss.fu-berlin.de/bizer/bsbm/v01/instances/dataFrom/Product1523;http://www4.wiwiss.fu-berlin.de/bizer/bsbm/v01/vocabulary/productFeature;http://www4.wiwiss.fu-berlin.de/bizer/bsbm/v01/instances/ProductFeature5099
http://www4.wiwiss.fu-berlin.de/bizer/bsbm/v01/instances/dataFrom/Product1523;http://www4.wiwiss.fu-berlin.de/bizer/bsbm/v01/vocabulary/productFeature;http://www4.wiwiss.fu-berlin.de/bizer/bsbm/v01/instances/ProductFeature5101
http://www4.wiwiss.fu-berlin.de/bizer/bsbm/v01/instances/dataFrom/Product1523;http://www4.wiwiss.fu-berlin.de/bizer/bsbm/v01/vocabulary/productFeature;http://www4.wiwiss.fu-berlin.de/bizer/bsbm/v01/instances/ProductFeature5101
http://www4.wiwiss.fu-berlin.de/bizer/bsbm/v01/instances/dataFrom/Product1523;http://www4.wiwiss.fu-berlin.de/bizer/bsbm/v01/vocabulary/productFeature;http://www4.wiwiss.fu-berlin.de/bizer/bsbm/v01/instances/ProductFeature5101
http://www4.wiwiss.fu-berlin.de/bizer/bsbm/v01/instances/dataFrom/Product1523;http://www4.wiwiss.fu-berlin.de/bizer/bsbm/v01/vocabulary/productFeature;http://www4.wiwiss.fu-berlin.de/bizer/bsbm/v01/instances/ProductFeature5101
http://www4.wiwiss.fu-berlin.de/bizer/bsbm/v01/instances/dataFrom/Product1523;http://www4.wiwiss.fu-berlin.de/bizer/bsbm/v01/vocabulary/productFeature;http://www4.wiwiss.fu-berlin.de/bizer/bsbm/v01/instances/ProductFeature5101
http://www4.wiwiss.fu-berlin.de/bizer/bsbm/v01/instances/dataFrom/Product1523;http://www4.wiwiss.fu-berlin.de/bizer/bsbm/v01/vocabulary/productFeature;http://www4.wiwiss.fu-berlin.de/bizer/bsbm/v01/instances/ProductFeature5101
http://www4.wiwiss.fu-berlin.de/bizer/bsbm/v01/instances/dataFrom/Product1523;http://www4.wiwiss.fu-berlin.de/bizer/bsbm/v01/vocabulary/productFeature;http://www4.wiwiss.fu-berlin.de/bizer/bsbm/v01/instances/ProductFeature5101
http://www4.wiwiss.fu-berlin.de/bizer/bsbm/v01/instances/dataFrom/Product1523;http://www4.wiwiss.fu-berlin.de/bizer/bsbm/v01/vocabulary/productFeature;http://www4.wiwiss.fu-berlin.de/bizer/bsbm/v01/instances/ProductFeature5101
http://www4.wiwiss.fu-berlin.de/bizer/bsbm/v01/instances/dataFrom/Product1523;http://www4.wiwiss.fu-berlin.de/bizer/bsbm/v01/vocabulary/productFeature;http://www4.wiwiss.fu-berlin.de/bizer/bsbm/v01/instances/ProductFeature5101
http://www4.wiwiss.fu-berlin.de/bizer/bsbm/v01/instances/dataFrom/Product1523;http://www4.wiwiss.fu-berlin.de/bizer/bsbm/v01/vocabulary/productFeature;http://www4.wiwiss.fu-berlin.de/bizer/bsbm/v01/instances/ProductFeature5101
http://www4.wiwiss.fu-berlin.de/bizer/bsbm/v01/instances/dataFrom/Product1523;http://www4.wiwiss.fu-berlin.de/bizer/bsbm/v01/vocabulary/productFeature;http://www4.wiwiss.fu-berlin.de/bizer/bsbm/v01/instances/ProductFeature5101
http://www4.wiwiss.fu-berlin.de/bizer/bsbm/v01/instances/dataFrom/Product1523;http://www4.wiwiss.fu-berlin.de/bizer/bsbm/v01/vocabulary/productFeature;http://www4.wiwiss.fu-berlin.de/bizer/bsbm/v01/instances/ProductFeature5101
http://www4.wiwiss.fu-berlin.de/bizer/bsbm/v01/instances/dataFrom/Product1523;http://www4.wiwiss.fu-berlin.de/bizer/bsbm/v01/vocabulary/productFeature;http://www4.wiwiss.fu-berlin.de/bizer/bsbm/v01/instances/ProductFeature5111
http://www4.wiwiss.fu-berlin.de/bizer/bsbm/v01/instances/dataFrom/Product1523;http://www4.wiwiss.fu-berlin.de/bizer/bsbm/v01/vocabulary/productFeature;http://www4.wiwiss.fu-berlin.de/bizer/bsbm/v01/instances/ProductFeature5111
http://www4.wiwiss.fu-berlin.de/bizer/bsbm/v01/instances/dataFrom/Product1523;http://www4.wiwiss.fu-berlin.de/bizer/bsbm/v01/vocabulary/productFeature;http://www4.wiwiss.fu-berlin.de/bizer/bsbm/v01/instances/ProductFeature5111
http://www4.wiwiss.fu-berlin.de/bizer/bsbm/v01/instances/dataFrom/Product1523;http://www4.wiwiss.fu-berlin.de/bizer/bsbm/v01/vocabulary/productFeature;http://www4.wiwiss.fu-berlin.de/bizer/bsbm/v01/instances/ProductFeature5111
http://www4.wiwiss.fu-berlin.de/bizer/bsbm/v01/instances/dataFrom/Product5692;http://www4.wiwiss.fu-berlin.de/bizer/bsbm/v01/vocabulary/productFeature;http://www4.wiwiss.fu-berlin.de/bizer/bsbm/v01/instances/ProductFeature5099
http://www4.wiwiss.fu-berlin.de/bizer/bsbm/v01/instances/dataFrom/Product5692;http://www4.wiwiss.fu-berlin.de/bizer/bsbm/v01/vocabulary/productFeature;http://www4.wiwiss.fu-berlin.de/bizer/bsbm/v01/instances/ProductFeature5099
http://www4.wiwiss.fu-berlin.de/bizer/bsbm/v01/instances/dataFrom/Product5692;http://www4.wiwiss.fu-berlin.de/bizer/bsbm/v01/vocabulary/productFeature;http://www4.wiwiss.fu-berlin.de/bizer/bsbm/v01/instances/ProductFeature5099
http://www4.wiwiss.fu-berlin.de/bizer/bsbm/v01/instances/dataFrom/Product5692;http://www4.wiwiss.fu-berlin.de/bizer/bsbm/v01/vocabulary/productFeature;http://www4.wiwiss.fu-berlin.de/bizer/bsbm/v01/instances/ProductFeature5099
http://www4.wiwiss.fu-berlin.de/bizer/bsbm/v01/instances/dataFrom/Product5692;http://www4.wiwiss.fu-berlin.de/bizer/bsbm/v01/vocabulary/productFeature;http://www4.wiwiss.fu-berlin.de/bizer/bsbm/v01/instances/ProductFeature5099
http://www4.wiwiss.fu-berlin.de/bizer/bsbm/v01/instances/dataFrom/Product5692;http://www4.wiwiss.fu-berlin.de/bizer/bsbm/v01/vocabulary/productFeature;http://www4.wiwiss.fu-berlin.de/bizer/bsbm/v01/instances/ProductFeature5099
http://www4.wiwiss.fu-berlin.de/bizer/bsbm/v01/instances/dataFrom/Product5692;http://www4.wiwiss.fu-berlin.de/bizer/bsbm/v01/vocabulary/productFeature;http://www4.wiwiss.fu-berlin.de/bizer/bsbm/v01/instances/ProductFeature5099
http://www4.wiwiss.fu-berlin.de/bizer/bsbm/v01/instances/dataFrom/Product5692;http://www4.wiwiss.fu-berlin.de/bizer/bsbm/v01/vocabulary/productFeature;http://www4.wiwiss.fu-berlin.de/bizer/bsbm/v01/instances/ProductFeature5099
http://www4.wiwiss.fu-berlin.de/bizer/bsbm/v01/instances/dataFrom/Product5692;http://www4.wiwiss.fu-berlin.de/bizer/bsbm/v01/vocabulary/productFeature;http://www4.wiwiss.fu-berlin.de/bizer/bsbm/v01/instances/ProductFeature5099
http://www4.wiwiss.fu-berlin.de/bizer/bsbm/v01/instances/dataFrom/Product5692;http://www4.wiwiss.fu-berlin.de/bizer/bsbm/v01/vocabulary/productFeature;http://www4.wiwiss.fu-berlin.de/bizer/bsbm/v01/instances/ProductFeature5101
http://www4.wiwiss.fu-berlin.de/bizer/bsbm/v01/instances/dataFrom/Product5692;http://www4.wiwiss.fu-berlin.de/bizer/bsbm/v01/vocabulary/productFeature;http://www4.wiwiss.fu-berlin.de/bizer/bsbm/v01/instances/ProductFeature5101
http://www4.wiwiss.fu-berlin.de/bizer/bsbm/v01/instances/dataFrom/Product5692;http://www4.wiwiss.fu-berlin.de/bizer/bsbm/v01/vocabulary/productFeature;http://www4.wiwiss.fu-berlin.de/bizer/bsbm/v01/instances/ProductFeature5101
http://www4.wiwiss.fu-berlin.de/bizer/bsbm/v01/instances/dataFrom/Product5692;http://www4.wiwiss.fu-berlin.de/bizer/bsbm/v01/vocabulary/productFeature;http://www4.wiwiss.fu-berlin.de/bizer/bsbm/v01/instances/ProductFeature5101
http://www4.wiwiss.fu-berlin.de/bizer/bsbm/v01/instances/dataFrom/Product5692;http://www4.wiwiss.fu-berlin.de/bizer/bsbm/v01/vocabulary/productFeature;http://www4.wiwiss.fu-berlin.de/bizer/bsbm/v01/instances/ProductFeature5101
http://www4.wiwiss.fu-berlin.de/bizer/bsbm/v01/instances/dataFrom/Product5692;http://www4.wiwiss.fu-berlin.de/bizer/bsbm/v01/vocabulary/productFeature;http://www4.wiwiss.fu-berlin.de/bizer/bsbm/v01/instances/ProductFeature5101
http://www4.wiwiss.fu-berlin.de/bizer/bsbm/v01/instances/dataFrom/Product5692;http://www4.wiwiss.fu-berlin.de/bizer/bsbm/v01/vocabulary/productFeature;http://www4.wiwiss.fu-berlin.de/bizer/bsbm/v01/instances/ProductFeature5101
http://www4.wiwiss.fu-berlin.de/bizer/bsbm/v01/instances/dataFrom/Product5692;http://www4.wiwiss.fu-berlin.de/bizer/bsbm/v01/vocabulary/productFeature;http://www4.wiwiss.fu-berlin.de/bizer/bsbm/v01/instances/ProductFeature5101
http://www4.wiwiss.fu-berlin.de/bizer/bsbm/v01/instances/dataFrom/Product5692;http://www4.wiwiss.fu-berlin.de/bizer/bsbm/v01/vocabulary/productFeature;http://www4.wiwiss.fu-berlin.de/bizer/bsbm/v01/instances/ProductFeature5101
http://www4.wiwiss.fu-berlin.de/bizer/bsbm/v01/instances/dataFrom/Product5692;http://www4.wiwiss.fu-berlin.de/bizer/bsbm/v01/vocabulary/productFeature;http://www4.wiwiss.fu-berlin.de/bizer/bsbm/v01/instances/ProductFeature5101
http://www4.wiwiss.fu-berlin.de/bizer/bsbm/v01/instances/dataFrom/Product5692;http://www4.wiwiss.fu-berlin.de/bizer/bsbm/v01/vocabulary/productFeature;http://www4.wiwiss.fu-berlin.de/bizer/bsbm/v01/instances/ProductFeature5101
http://www4.wiwiss.fu-berlin.de/bizer/bsbm/v01/instances/dataFrom/Product5692;http://www4.wiwiss.fu-berlin.de/bizer/bsbm/v01/vocabulary/productFeature;http://www4.wiwiss.fu-berlin.de/bizer/bsbm/v01/instances/ProductFeature5101
http://www4.wiwiss.fu-berlin.de/bizer/bsbm/v01/instances/dataFrom/Product5692;http://www4.wiwiss.fu-berlin.de/bizer/bsbm/v01/vocabulary/productFeature;http://www4.wiwiss.fu-berlin.de/bizer/bsbm/v01/instances/ProductFeature5111
http://www4.wiwiss.fu-berlin.de/bizer/bsbm/v01/instances/dataFrom/Product5692;http://www4.wiwiss.fu-berlin.de/bizer/bsbm/v01/vocabulary/productFeature;http://www4.wiwiss.fu-berlin.de/bizer/bsbm/v01/instances/ProductFeature5111
http://www4.wiwiss.fu-berlin.de/bizer/bsbm/v01/instances/dataFrom/Product5692;http://www4.wiwiss.fu-berlin.de/bizer/bsbm/v01/vocabulary/productFeature;http://www4.wiwiss.fu-berlin.de/bizer/bsbm/v01/instances/ProductFeature5111
http://www4.wiwiss.fu-berlin.de/bizer/bsbm/v01/instances/dataFrom/Product5692;http://www4.wiwiss.fu-berlin.de/bizer/bsbm/v01/vocabulary/productFeature;http://www4.wiwiss.fu-berlin.de/bizer/bsbm/v01/instances/ProductFeature5111
http://www4.wiwiss.fu-berlin.de/bizer/bsbm/v01/instances/dataFrom/Product9903;http://www4.wiwiss.fu-berlin.de/bizer/bsbm/v01/vocabulary/productFeature;http://www4.wiwiss.fu-berlin.de/bizer/bsbm/v01/instances/ProductFeature5099
http://www4.wiwiss.fu-berlin.de/bizer/bsbm/v01/instances/dataFrom/Product9903;http://www4.wiwiss.fu-berlin.de/bizer/bsbm/v01/vocabulary/productFeature;http://www4.wiwiss.fu-berlin.de/bizer/bsbm/v01/instances/ProductFeature5099
http://www4.wiwiss.fu-berlin.de/bizer/bsbm/v01/instances/dataFrom/Product9903;http://www4.wiwiss.fu-berlin.de/bizer/bsbm/v01/vocabulary/productFeature;http://www4.wiwiss.fu-berlin.de/bizer/bsbm/v01/instances/ProductFeature5099
http://www4.wiwiss.fu-berlin.de/bizer/bsbm/v01/instances/dataFrom/Product9903;http://www4.wiwiss.fu-berlin.de/bizer/bsbm/v01/vocabulary/productFeature;http://www4.wiwiss.fu-berlin.de/bizer/bsbm/v01/instances/ProductFeature5099
http://www4.wiwiss.fu-berlin.de/bizer/bsbm/v01/instances/dataFrom/Product9903;http://www4.wiwiss.fu-berlin.de/bizer/bsbm/v01/vocabulary/productFeature;http://www4.wiwiss.fu-berlin.de/bizer/bsbm/v01/instances/ProductFeature5099
http://www4.wiwiss.fu-berlin.de/bizer/bsbm/v01/instances/dataFrom/Product9903;http://www4.wiwiss.fu-berlin.de/bizer/bsbm/v01/vocabulary/productFeature;http://www4.wiwiss.fu-berlin.de/bizer/bsbm/v01/instances/ProductFeature5099
http://www4.wiwiss.fu-berlin.de/bizer/bsbm/v01/instances/dataFrom/Product9903;http://www4.wiwiss.fu-berlin.de/bizer/bsbm/v01/vocabulary/productFeature;http://www4.wiwiss.fu-berlin.de/bizer/bsbm/v01/instances/ProductFeature5099
http://www4.wiwiss.fu-berlin.de/bizer/bsbm/v01/instances/dataFrom/Product9903;http://www4.wiwiss.fu-berlin.de/bizer/bsbm/v01/vocabulary/productFeature;http://www4.wiwiss.fu-berlin.de/bizer/bsbm/v01/instances/ProductFeature5099
http://www4.wiwiss.fu-berlin.de/bizer/bsbm/v01/instances/dataFrom/Product9903;http://www4.wiwiss.fu-berlin.de/bizer/bsbm/v01/vocabulary/productFeature;http://www4.wiwiss.fu-berlin.de/bizer/bsbm/v01/instances/ProductFeature5099
http://www4.wiwiss.fu-berlin.de/bizer/bsbm/v01/instances/dataFrom/Product9903;http://www4.wiwiss.fu-berlin.de/bizer/bsbm/v01/vocabulary/productFeature;http://www4.wiwiss.fu-berlin.de/bizer/bsbm/v01/instances/ProductFeature5101
http://www4.wiwiss.fu-berlin.de/bizer/bsbm/v01/instances/dataFrom/Product9903;http://www4.wiwiss.fu-berlin.de/bizer/bsbm/v01/vocabulary/productFeature;http://www4.wiwiss.fu-berlin.de/bizer/bsbm/v01/instances/ProductFeature5101
http://www4.wiwiss.fu-berlin.de/bizer/bsbm/v01/instances/dataFrom/Product9903;http://www4.wiwiss.fu-berlin.de/bizer/bsbm/v01/vocabulary/productFeature;http://www4.wiwiss.fu-berlin.de/bizer/bsbm/v01/instances/ProductFeature5101
http://www4.wiwiss.fu-berlin.de/bizer/bsbm/v01/instances/dataFrom/Product9903;http://www4.wiwiss.fu-berlin.de/bizer/bsbm/v01/vocabulary/productFeature;http://www4.wiwiss.fu-berlin.de/bizer/bsbm/v01/instances/ProductFeature5101
http://www4.wiwiss.fu-berlin.de/bizer/bsbm/v01/instances/dataFrom/Product9903;http://www4.wiwiss.fu-berlin.de/bizer/bsbm/v01/vocabulary/productFeature;http://www4.wiwiss.fu-berlin.de/bizer/bsbm/v01/instances/ProductFeature5101
http://www4.wiwiss.fu-berlin.de/bizer/bsbm/v01/instances/dataFrom/Product9903;http://www4.wiwiss.fu-berlin.de/bizer/bsbm/v01/vocabulary/productFeature;http://www4.wiwiss.fu-berlin.de/bizer/bsbm/v01/instances/ProductFeature5101
http://www4.wiwiss.fu-berlin.de/bizer/bsbm/v01/instances/dataFrom/Product9903;http://www4.wiwiss.fu-berlin.de/bizer/bsbm/v01/vocabulary/productFeature;http://www4.wiwiss.fu-berlin.de/bizer/bsbm/v01/instances/ProductFeature5101
http://www4.wiwiss.fu-berlin.de/bizer/bsbm/v01/instances/dataFrom/Product9903;http://www4.wiwiss.fu-berlin.de/bizer/bsbm/v01/vocabulary/productFeature;http://www4.wiwiss.fu-berlin.de/bizer/bsbm/v01/instances/ProductFeature5101
http://www4.wiwiss.fu-berlin.de/bizer/bsbm/v01/instances/dataFrom/Product9903;http://www4.wiwiss.fu-berlin.de/bizer/bsbm/v01/vocabulary/productFeature;http://www4.wiwiss.fu-berlin.de/bizer/bsbm/v01/instances/ProductFeature5101
http://www4.wiwiss.fu-berlin.de/bizer/bsbm/v01/instances/dataFrom/Product9903;http://www4.wiwiss.fu-berlin.de/bizer/bsbm/v01/vocabulary/productFeature;http://www4.wiwiss.fu-berlin.de/bizer/bsbm/v01/instances/ProductFeature5101
http://www4.wiwiss.fu-berlin.de/bizer/bsbm/v01/instances/dataFrom/Product9903;http://www4.wiwiss.fu-berlin.de/bizer/bsbm/v01/vocabulary/productFeature;http://www4.wiwiss.fu-berlin.de/bizer/bsbm/v01/instances/ProductFeature5101
http://www4.wiwiss.fu-berlin.de/bizer/bsbm/v01/instances/dataFrom/Product9903;http://www4.wiwiss.fu-berlin.de/bizer/bsbm/v01/vocabulary/productFeature;http://www4.wiwiss.fu-berlin.de/bizer/bsbm/v01/instances/ProductFeature5101
http://www4.wiwiss.fu-berlin.de/bizer/bsbm/v01/instances/dataFrom/Product9903;http://www4.wiwiss.fu-berlin.de/bizer/bsbm/v01/vocabulary/productFeature;http://www4.wiwiss.fu-berlin.de/bizer/bsbm/v01/instances/ProductFeature5111
http://www4.wiwiss.fu-berlin.de/bizer/bsbm/v01/instances/dataFrom/Product9903;http://www4.wiwiss.fu-berlin.de/bizer/bsbm/v01/vocabulary/productFeature;http://www4.wiwiss.fu-berlin.de/bizer/bsbm/v01/instances/ProductFeature5111
http://www4.wiwiss.fu-berlin.de/bizer/bsbm/v01/instances/dataFrom/Product9903;http://www4.wiwiss.fu-berlin.de/bizer/bsbm/v01/vocabulary/productFeature;http://www4.wiwiss.fu-berlin.de/bizer/bsbm/v01/instances/ProductFeature5111
http://www4.wiwiss.fu-berlin.de/bizer/bsbm/v01/instances/dataFrom/Product9903;http://www4.wiwiss.fu-berlin.de/bizer/bsbm/v01/vocabulary/productFeature;http://www4.wiwiss.fu-berlin.de/bizer/bsbm/v01/instances/ProductFeature5111
http://www4.wiwiss.fu-berlin.de/bizer/bsbm/v01/instances/dataFrom/Product3627;http://www4.wiwiss.fu-berlin.de/bizer/bsbm/v01/vocabulary/productFeature;http://www4.wiwiss.fu-berlin.de/bizer/bsbm/v01/instances/ProductFeature5099
http://www4.wiwiss.fu-berlin.de/bizer/bsbm/v01/instances/dataFrom/Product3627;http://www4.wiwiss.fu-berlin.de/bizer/bsbm/v01/vocabulary/productFeature;http://www4.wiwiss.fu-berlin.de/bizer/bsbm/v01/instances/ProductFeature5099
http://www4.wiwiss.fu-berlin.de/bizer/bsbm/v01/instances/dataFrom/Product3627;http://www4.wiwiss.fu-berlin.de/bizer/bsbm/v01/vocabulary/productFeature;http://www4.wiwiss.fu-berlin.de/bizer/bsbm/v01/instances/ProductFeature5099
http://www4.wiwiss.fu-berlin.de/bizer/bsbm/v01/instances/dataFrom/Product3627;http://www4.wiwiss.fu-berlin.de/bizer/bsbm/v01/vocabulary/productFeature;http://www4.wiwiss.fu-berlin.de/bizer/bsbm/v01/instances/ProductFeature5099
http://www4.wiwiss.fu-berlin.de/bizer/bsbm/v01/instances/dataFrom/Product3627;http://www4.wiwiss.fu-berlin.de/bizer/bsbm/v01/vocabulary/productFeature;http://www4.wiwiss.fu-berlin.de/bizer/bsbm/v01/instances/ProductFeature5099
http://www4.wiwiss.fu-berlin.de/bizer/bsbm/v01/instances/dataFrom/Product3627;http://www4.wiwiss.fu-berlin.de/bizer/bsbm/v01/vocabulary/productFeature;http://www4.wiwiss.fu-berlin.de/bizer/bsbm/v01/instances/ProductFeature5099
http://www4.wiwiss.fu-berlin.de/bizer/bsbm/v01/instances/dataFrom/Product3627;http://www4.wiwiss.fu-berlin.de/bizer/bsbm/v01/vocabulary/productFeature;http://www4.wiwiss.fu-berlin.de/bizer/bsbm/v01/instances/ProductFeature5099
http://www4.wiwiss.fu-berlin.de/bizer/bsbm/v01/instances/dataFrom/Product3627;http://www4.wiwiss.fu-berlin.de/bizer/bsbm/v01/vocabulary/productFeature;http://www4.wiwiss.fu-berlin.de/bizer/bsbm/v01/instances/ProductFeature5099
http://www4.wiwiss.fu-berlin.de/bizer/bsbm/v01/instances/dataFrom/Product3627;http://www4.wiwiss.fu-berlin.de/bizer/bsbm/v01/vocabulary/productFeature;http://www4.wiwiss.fu-berlin.de/bizer/bsbm/v01/instances/ProductFeature5099
http://www4.wiwiss.fu-berlin.de/bizer/bsbm/v01/instances/dataFrom/Product3627;http://www4.wiwiss.fu-berlin.de/bizer/bsbm/v01/vocabulary/productFeature;http://www4.wiwiss.fu-berlin.de/bizer/bsbm/v01/instances/ProductFeature5101
http://www4.wiwiss.fu-berlin.de/bizer/bsbm/v01/instances/dataFrom/Product3627;http://www4.wiwiss.fu-berlin.de/bizer/bsbm/v01/vocabulary/productFeature;http://www4.wiwiss.fu-berlin.de/bizer/bsbm/v01/instances/ProductFeature5101
http://www4.wiwiss.fu-berlin.de/bizer/bsbm/v01/instances/dataFrom/Product3627;http://www4.wiwiss.fu-berlin.de/bizer/bsbm/v01/vocabulary/productFeature;http://www4.wiwiss.fu-berlin.de/bizer/bsbm/v01/instances/ProductFeature5101
http://www4.wiwiss.fu-berlin.de/bizer/bsbm/v01/instances/dataFrom/Product3627;http://www4.wiwiss.fu-berlin.de/bizer/bsbm/v01/vocabulary/productFeature;http://www4.wiwiss.fu-berlin.de/bizer/bsbm/v01/instances/ProductFeature5101
http://www4.wiwiss.fu-berlin.de/bizer/bsbm/v01/instances/dataFrom/Product3627;http://www4.wiwiss.fu-berlin.de/bizer/bsbm/v01/vocabulary/productFeature;http://www4.wiwiss.fu-berlin.de/bizer/bsbm/v01/instances/ProductFeature5101
http://www4.wiwiss.fu-berlin.de/bizer/bsbm/v01/instances/dataFrom/Product3627;http://www4.wiwiss.fu-berlin.de/bizer/bsbm/v01/vocabulary/productFeature;http://www4.wiwiss.fu-berlin.de/bizer/bsbm/v01/instances/ProductFeature5101
http://www4.wiwiss.fu-berlin.de/bizer/bsbm/v01/instances/dataFrom/Product3627;http://www4.wiwiss.fu-berlin.de/bizer/bsbm/v01/vocabulary/productFeature;http://www4.wiwiss.fu-berlin.de/bizer/bsbm/v01/instances/ProductFeature5101
http://www4.wiwiss.fu-berlin.de/bizer/bsbm/v01/instances/dataFrom/Product3627;http://www4.wiwiss.fu-berlin.de/bizer/bsbm/v01/vocabulary/productFeature;http://www4.wiwiss.fu-berlin.de/bizer/bsbm/v01/instances/ProductFeature5101
http://www4.wiwiss.fu-berlin.de/bizer/bsbm/v01/instances/dataFrom/Product3627;http://www4.wiwiss.fu-berlin.de/bizer/bsbm/v01/vocabulary/productFeature;http://www4.wiwiss.fu-berlin.de/bizer/bsbm/v01/instances/ProductFeature5101
http://www4.wiwiss.fu-berlin.de/bizer/bsbm/v01/instances/dataFrom/Product3627;http://www4.wiwiss.fu-berlin.de/bizer/bsbm/v01/vocabulary/productFeature;http://www4.wiwiss.fu-berlin.de/bizer/bsbm/v01/instances/ProductFeature5101
http://www4.wiwiss.fu-berlin.de/bizer/bsbm/v01/instances/dataFrom/Product3627;http://www4.wiwiss.fu-berlin.de/bizer/bsbm/v01/vocabulary/productFeature;http://www4.wiwiss.fu-berlin.de/bizer/bsbm/v01/instances/ProductFeature5101
http://www4.wiwiss.fu-berlin.de/bizer/bsbm/v01/instances/dataFrom/Product3627;http://www4.wiwiss.fu-berlin.de/bizer/bsbm/v01/vocabulary/productFeature;http://www4.wiwiss.fu-berlin.de/bizer/bsbm/v01/instances/ProductFeature5101
http://www4.wiwiss.fu-berlin.de/bizer/bsbm/v01/instances/dataFrom/Product3627;http://www4.wiwiss.fu-berlin.de/bizer/bsbm/v01/vocabulary/productFeature;http://www4.wiwiss.fu-berlin.de/bizer/bsbm/v01/instances/ProductFeature5111
http://www4.wiwiss.fu-berlin.de/bizer/bsbm/v01/instances/dataFrom/Product3627;http://www4.wiwiss.fu-berlin.de/bizer/bsbm/v01/vocabulary/productFeature;http://www4.wiwiss.fu-berlin.de/bizer/bsbm/v01/instances/ProductFeature5111
http://www4.wiwiss.fu-berlin.de/bizer/bsbm/v01/instances/dataFrom/Product3627;http://www4.wiwiss.fu-berlin.de/bizer/bsbm/v01/vocabulary/productFeature;http://www4.wiwiss.fu-berlin.de/bizer/bsbm/v01/instances/ProductFeature5111
http://www4.wiwiss.fu-berlin.de/bizer/bsbm/v01/instances/dataFrom/Product3627;http://www4.wiwiss.fu-berlin.de/bizer/bsbm/v01/vocabulary/productFeature;http://www4.wiwiss.fu-berlin.de/bizer/bsbm/v01/instances/ProductFeature5111
http://www4.wiwiss.fu-berlin.de/bizer/bsbm/v01/instances/dataFrom/Product8746;http://www4.wiwiss.fu-berlin.de/bizer/bsbm/v01/vocabulary/productFeature;http://www4.wiwiss.fu-berlin.de/bizer/bsbm/v01/instances/ProductFeature5099
http://www4.wiwiss.fu-berlin.de/bizer/bsbm/v01/instances/dataFrom/Product8746;http://www4.wiwiss.fu-berlin.de/bizer/bsbm/v01/vocabulary/productFeature;http://www4.wiwiss.fu-berlin.de/bizer/bsbm/v01/instances/ProductFeature5099
http://www4.wiwiss.fu-berlin.de/bizer/bsbm/v01/instances/dataFrom/Product8746;http://www4.wiwiss.fu-berlin.de/bizer/bsbm/v01/vocabulary/productFeature;http://www4.wiwiss.fu-berlin.de/bizer/bsbm/v01/instances/ProductFeature5099
http://www4.wiwiss.fu-berlin.de/bizer/bsbm/v01/instances/dataFrom/Product8746;http://www4.wiwiss.fu-berlin.de/bizer/bsbm/v01/vocabulary/productFeature;http://www4.wiwiss.fu-berlin.de/bizer/bsbm/v01/instances/ProductFeature5099
http://www4.wiwiss.fu-berlin.de/bizer/bsbm/v01/instances/dataFrom/Product8746;http://www4.wiwiss.fu-berlin.de/bizer/bsbm/v01/vocabulary/productFeature;http://www4.wiwiss.fu-berlin.de/bizer/bsbm/v01/instances/ProductFeature5099
http://www4.wiwiss.fu-berlin.de/bizer/bsbm/v01/instances/dataFrom/Product8746;http://www4.wiwiss.fu-berlin.de/bizer/bsbm/v01/vocabulary/productFeature;http://www4.wiwiss.fu-berlin.de/bizer/bsbm/v01/instances/ProductFeature5099
http://www4.wiwiss.fu-berlin.de/bizer/bsbm/v01/instances/dataFrom/Product8746;http://www4.wiwiss.fu-berlin.de/bizer/bsbm/v01/vocabulary/productFeature;http://www4.wiwiss.fu-berlin.de/bizer/bsbm/v01/instances/ProductFeature5099
http://www4.wiwiss.fu-berlin.de/bizer/bsbm/v01/instances/dataFrom/Product8746;http://www4.wiwiss.fu-berlin.de/bizer/bsbm/v01/vocabulary/productFeature;http://www4.wiwiss.fu-berlin.de/bizer/bsbm/v01/instances/ProductFeature5099
http://www4.wiwiss.fu-berlin.de/bizer/bsbm/v01/instances/dataFrom/Product8746;http://www4.wiwiss.fu-berlin.de/bizer/bsbm/v01/vocabulary/productFeature;http://www4.wiwiss.fu-berlin.de/bizer/bsbm/v01/instances/ProductFeature5099
http://www4.wiwiss.fu-berlin.de/bizer/bsbm/v01/instances/dataFrom/Product8746;http://www4.wiwiss.fu-berlin.de/bizer/bsbm/v01/vocabulary/productFeature;http://www4.wiwiss.fu-berlin.de/bizer/bsbm/v01/instances/ProductFeature5101
http://www4.wiwiss.fu-berlin.de/bizer/bsbm/v01/instances/dataFrom/Product8746;http://www4.wiwiss.fu-berlin.de/bizer/bsbm/v01/vocabulary/productFeature;http://www4.wiwiss.fu-berlin.de/bizer/bsbm/v01/instances/ProductFeature5101
http://www4.wiwiss.fu-berlin.de/bizer/bsbm/v01/instances/dataFrom/Product8746;http://www4.wiwiss.fu-berlin.de/bizer/bsbm/v01/vocabulary/productFeature;http://www4.wiwiss.fu-berlin.de/bizer/bsbm/v01/instances/ProductFeature5101
http://www4.wiwiss.fu-berlin.de/bizer/bsbm/v01/instances/dataFrom/Product8746;http://www4.wiwiss.fu-berlin.de/bizer/bsbm/v01/vocabulary/productFeature;http://www4.wiwiss.fu-berlin.de/bizer/bsbm/v01/instances/ProductFeature5101
http://www4.wiwiss.fu-berlin.de/bizer/bsbm/v01/instances/dataFrom/Product8746;http://www4.wiwiss.fu-berlin.de/bizer/bsbm/v01/vocabulary/productFeature;http://www4.wiwiss.fu-berlin.de/bizer/bsbm/v01/instances/ProductFeature5101
http://www4.wiwiss.fu-berlin.de/bizer/bsbm/v01/instances/dataFrom/Product8746;http://www4.wiwiss.fu-berlin.de/bizer/bsbm/v01/vocabulary/productFeature;http://www4.wiwiss.fu-berlin.de/bizer/bsbm/v01/instances/ProductFeature5101
http://www4.wiwiss.fu-berlin.de/bizer/bsbm/v01/instances/dataFrom/Product8746;http://www4.wiwiss.fu-berlin.de/bizer/bsbm/v01/vocabulary/productFeature;http://www4.wiwiss.fu-berlin.de/bizer/bsbm/v01/instances/ProductFeature5101
http://www4.wiwiss.fu-berlin.de/bizer/bsbm/v01/instances/dataFrom/Product8746;http://www4.wiwiss.fu-berlin.de/bizer/bsbm/v01/vocabulary/productFeature;http://www4.wiwiss.fu-berlin.de/bizer/bsbm/v01/instances/ProductFeature5101
http://www4.wiwiss.fu-berlin.de/bizer/bsbm/v01/instances/dataFrom/Product8746;http://www4.wiwiss.fu-berlin.de/bizer/bsbm/v01/vocabulary/productFeature;http://www4.wiwiss.fu-berlin.de/bizer/bsbm/v01/instances/ProductFeature5101
http://www4.wiwiss.fu-berlin.de/bizer/bsbm/v01/instances/dataFrom/Product8746;http://www4.wiwiss.fu-berlin.de/bizer/bsbm/v01/vocabulary/productFeature;http://www4.wiwiss.fu-berlin.de/bizer/bsbm/v01/instances/ProductFeature5101
http://www4.wiwiss.fu-berlin.de/bizer/bsbm/v01/instances/dataFrom/Product8746;http://www4.wiwiss.fu-berlin.de/bizer/bsbm/v01/vocabulary/productFeature;http://www4.wiwiss.fu-berlin.de/bizer/bsbm/v01/instances/ProductFeature5101
http://www4.wiwiss.fu-berlin.de/bizer/bsbm/v01/instances/dataFrom/Product8746;http://www4.wiwiss.fu-berlin.de/bizer/bsbm/v01/vocabulary/productFeature;http://www4.wiwiss.fu-berlin.de/bizer/bsbm/v01/instances/ProductFeature5101
http://www4.wiwiss.fu-berlin.de/bizer/bsbm/v01/instances/dataFrom/Product8746;http://www4.wiwiss.fu-berlin.de/bizer/bsbm/v01/vocabulary/productFeature;http://www4.wiwiss.fu-berlin.de/bizer/bsbm/v01/instances/ProductFeature5111
http://www4.wiwiss.fu-berlin.de/bizer/bsbm/v01/instances/dataFrom/Product8746;http://www4.wiwiss.fu-berlin.de/bizer/bsbm/v01/vocabulary/productFeature;http://www4.wiwiss.fu-berlin.de/bizer/bsbm/v01/instances/ProductFeature5111
http://www4.wiwiss.fu-berlin.de/bizer/bsbm/v01/instances/dataFrom/Product8746;http://www4.wiwiss.fu-berlin.de/bizer/bsbm/v01/vocabulary/productFeature;http://www4.wiwiss.fu-berlin.de/bizer/bsbm/v01/instances/ProductFeature5111
http://www4.wiwiss.fu-berlin.de/bizer/bsbm/v01/instances/dataFrom/Product8746;http://www4.wiwiss.fu-berlin.de/bizer/bsbm/v01/vocabulary/productFeature;http://www4.wiwiss.fu-berlin.de/bizer/bsbm/v01/instances/ProductFeature5111
http://www4.wiwiss.fu-berlin.de/bizer/bsbm/v01/instances/dataFrom/Product1816;http://www4.wiwiss.fu-berlin.de/bizer/bsbm/v01/vocabulary/productFeature;http://www4.wiwiss.fu-berlin.de/bizer/bsbm/v01/instances/ProductFeature5099
http://www4.wiwiss.fu-berlin.de/bizer/bsbm/v01/instances/dataFrom/Product1816;http://www4.wiwiss.fu-berlin.de/bizer/bsbm/v01/vocabulary/productFeature;http://www4.wiwiss.fu-berlin.de/bizer/bsbm/v01/instances/ProductFeature5099
http://www4.wiwiss.fu-berlin.de/bizer/bsbm/v01/instances/dataFrom/Product1816;http://www4.wiwiss.fu-berlin.de/bizer/bsbm/v01/vocabulary/productFeature;http://www4.wiwiss.fu-berlin.de/bizer/bsbm/v01/instances/ProductFeature5099
http://www4.wiwiss.fu-berlin.de/bizer/bsbm/v01/instances/dataFrom/Product1816;http://www4.wiwiss.fu-berlin.de/bizer/bsbm/v01/vocabulary/productFeature;http://www4.wiwiss.fu-berlin.de/bizer/bsbm/v01/instances/ProductFeature5099
http://www4.wiwiss.fu-berlin.de/bizer/bsbm/v01/instances/dataFrom/Product1816;http://www4.wiwiss.fu-berlin.de/bizer/bsbm/v01/vocabulary/productFeature;http://www4.wiwiss.fu-berlin.de/bizer/bsbm/v01/instances/ProductFeature5099
http://www4.wiwiss.fu-berlin.de/bizer/bsbm/v01/instances/dataFrom/Product1816;http://www4.wiwiss.fu-berlin.de/bizer/bsbm/v01/vocabulary/productFeature;http://www4.wiwiss.fu-berlin.de/bizer/bsbm/v01/instances/ProductFeature5099
http://www4.wiwiss.fu-berlin.de/bizer/bsbm/v01/instances/dataFrom/Product1816;http://www4.wiwiss.fu-berlin.de/bizer/bsbm/v01/vocabulary/productFeature;http://www4.wiwiss.fu-berlin.de/bizer/bsbm/v01/instances/ProductFeature5099
http://www4.wiwiss.fu-berlin.de/bizer/bsbm/v01/instances/dataFrom/Product1816;http://www4.wiwiss.fu-berlin.de/bizer/bsbm/v01/vocabulary/productFeature;http://www4.wiwiss.fu-berlin.de/bizer/bsbm/v01/instances/ProductFeature5099
http://www4.wiwiss.fu-berlin.de/bizer/bsbm/v01/instances/dataFrom/Product1816;http://www4.wiwiss.fu-berlin.de/bizer/bsbm/v01/vocabulary/productFeature;http://www4.wiwiss.fu-berlin.de/bizer/bsbm/v01/instances/ProductFeature5099
http://www4.wiwiss.fu-berlin.de/bizer/bsbm/v01/instances/dataFrom/Product1816;http://www4.wiwiss.fu-berlin.de/bizer/bsbm/v01/vocabulary/productFeature;http://www4.wiwiss.fu-berlin.de/bizer/bsbm/v01/instances/ProductFeature5101
http://www4.wiwiss.fu-berlin.de/bizer/bsbm/v01/instances/dataFrom/Product1816;http://www4.wiwiss.fu-berlin.de/bizer/bsbm/v01/vocabulary/productFeature;http://www4.wiwiss.fu-berlin.de/bizer/bsbm/v01/instances/ProductFeature5101
http://www4.wiwiss.fu-berlin.de/bizer/bsbm/v01/instances/dataFrom/Product1816;http://www4.wiwiss.fu-berlin.de/bizer/bsbm/v01/vocabulary/productFeature;http://www4.wiwiss.fu-berlin.de/bizer/bsbm/v01/instances/ProductFeature5101
http://www4.wiwiss.fu-berlin.de/bizer/bsbm/v01/instances/dataFrom/Product1816;http://www4.wiwiss.fu-berlin.de/bizer/bsbm/v01/vocabulary/productFeature;http://www4.wiwiss.fu-berlin.de/bizer/bsbm/v01/instances/ProductFeature5101
http://www4.wiwiss.fu-berlin.de/bizer/bsbm/v01/instances/dataFrom/Product1816;http://www4.wiwiss.fu-berlin.de/bizer/bsbm/v01/vocabulary/productFeature;http://www4.wiwiss.fu-berlin.de/bizer/bsbm/v01/instances/ProductFeature5101
http://www4.wiwiss.fu-berlin.de/bizer/bsbm/v01/instances/dataFrom/Product1816;http://www4.wiwiss.fu-berlin.de/bizer/bsbm/v01/vocabulary/productFeature;http://www4.wiwiss.fu-berlin.de/bizer/bsbm/v01/instances/ProductFeature5101
http://www4.wiwiss.fu-berlin.de/bizer/bsbm/v01/instances/dataFrom/Product1816;http://www4.wiwiss.fu-berlin.de/bizer/bsbm/v01/vocabulary/productFeature;http://www4.wiwiss.fu-berlin.de/bizer/bsbm/v01/instances/ProductFeature5101
http://www4.wiwiss.fu-berlin.de/bizer/bsbm/v01/instances/dataFrom/Product1816;http://www4.wiwiss.fu-berlin.de/bizer/bsbm/v01/vocabulary/productFeature;http://www4.wiwiss.fu-berlin.de/bizer/bsbm/v01/instances/ProductFeature5101
http://www4.wiwiss.fu-berlin.de/bizer/bsbm/v01/instances/dataFrom/Product1816;http://www4.wiwiss.fu-berlin.de/bizer/bsbm/v01/vocabulary/productFeature;http://www4.wiwiss.fu-berlin.de/bizer/bsbm/v01/instances/ProductFeature5101
http://www4.wiwiss.fu-berlin.de/bizer/bsbm/v01/instances/dataFrom/Product1816;http://www4.wiwiss.fu-berlin.de/bizer/bsbm/v01/vocabulary/productFeature;http://www4.wiwiss.fu-berlin.de/bizer/bsbm/v01/instances/ProductFeature5101
http://www4.wiwiss.fu-berlin.de/bizer/bsbm/v01/instances/dataFrom/Product1816;http://www4.wiwiss.fu-berlin.de/bizer/bsbm/v01/vocabulary/productFeature;http://www4.wiwiss.fu-berlin.de/bizer/bsbm/v01/instances/ProductFeature5101
http://www4.wiwiss.fu-berlin.de/bizer/bsbm/v01/instances/dataFrom/Product1816;http://www4.wiwiss.fu-berlin.de/bizer/bsbm/v01/vocabulary/productFeature;http://www4.wiwiss.fu-berlin.de/bizer/bsbm/v01/instances/ProductFeature5101
http://www4.wiwiss.fu-berlin.de/bizer/bsbm/v01/instances/dataFrom/Product1816;http://www4.wiwiss.fu-berlin.de/bizer/bsbm/v01/vocabulary/productFeature;http://www4.wiwiss.fu-berlin.de/bizer/bsbm/v01/instances/ProductFeature5111
http://www4.wiwiss.fu-berlin.de/bizer/bsbm/v01/instances/dataFrom/Product1816;http://www4.wiwiss.fu-berlin.de/bizer/bsbm/v01/vocabulary/productFeature;http://www4.wiwiss.fu-berlin.de/bizer/bsbm/v01/instances/ProductFeature5111
http://www4.wiwiss.fu-berlin.de/bizer/bsbm/v01/instances/dataFrom/Product1816;http://www4.wiwiss.fu-berlin.de/bizer/bsbm/v01/vocabulary/productFeature;http://www4.wiwiss.fu-berlin.de/bizer/bsbm/v01/instances/ProductFeature5111
http://www4.wiwiss.fu-berlin.de/bizer/bsbm/v01/instances/dataFrom/Product1816;http://www4.wiwiss.fu-berlin.de/bizer/bsbm/v01/vocabulary/productFeature;http://www4.wiwiss.fu-berlin.de/bizer/bsbm/v01/instances/ProductFeature5111
http://www4.wiwiss.fu-berlin.de/bizer/bsbm/v01/instances/dataFrom/Product1190;http://www4.wiwiss.fu-berlin.de/bizer/bsbm/v01/vocabulary/productFeature;http://www4.wiwiss.fu-berlin.de/bizer/bsbm/v01/instances/ProductFeature5099
http://www4.wiwiss.fu-berlin.de/bizer/bsbm/v01/instances/dataFrom/Product1190;http://www4.wiwiss.fu-berlin.de/bizer/bsbm/v01/vocabulary/productFeature;http://www4.wiwiss.fu-berlin.de/bizer/bsbm/v01/instances/ProductFeature5099
http://www4.wiwiss.fu-berlin.de/bizer/bsbm/v01/instances/dataFrom/Product1190;http://www4.wiwiss.fu-berlin.de/bizer/bsbm/v01/vocabulary/productFeature;http://www4.wiwiss.fu-berlin.de/bizer/bsbm/v01/instances/ProductFeature5099
http://www4.wiwiss.fu-berlin.de/bizer/bsbm/v01/instances/dataFrom/Product1190;http://www4.wiwiss.fu-berlin.de/bizer/bsbm/v01/vocabulary/productFeature;http://www4.wiwiss.fu-berlin.de/bizer/bsbm/v01/instances/ProductFeature5099
http://www4.wiwiss.fu-berlin.de/bizer/bsbm/v01/instances/dataFrom/Product1190;http://www4.wiwiss.fu-berlin.de/bizer/bsbm/v01/vocabulary/productFeature;http://www4.wiwiss.fu-berlin.de/bizer/bsbm/v01/instances/ProductFeature5099
http://www4.wiwiss.fu-berlin.de/bizer/bsbm/v01/instances/dataFrom/Product1190;http://www4.wiwiss.fu-berlin.de/bizer/bsbm/v01/vocabulary/productFeature;http://www4.wiwiss.fu-berlin.de/bizer/bsbm/v01/instances/ProductFeature5099
http://www4.wiwiss.fu-berlin.de/bizer/bsbm/v01/instances/dataFrom/Product1190;http://www4.wiwiss.fu-berlin.de/bizer/bsbm/v01/vocabulary/productFeature;http://www4.wiwiss.fu-berlin.de/bizer/bsbm/v01/instances/ProductFeature5099
http://www4.wiwiss.fu-berlin.de/bizer/bsbm/v01/instances/dataFrom/Product1190;http://www4.wiwiss.fu-berlin.de/bizer/bsbm/v01/vocabulary/productFeature;http://www4.wiwiss.fu-berlin.de/bizer/bsbm/v01/instances/ProductFeature5099
http://www4.wiwiss.fu-berlin.de/bizer/bsbm/v01/instances/dataFrom/Product1190;http://www4.wiwiss.fu-berlin.de/bizer/bsbm/v01/vocabulary/productFeature;http://www4.wiwiss.fu-berlin.de/bizer/bsbm/v01/instances/ProductFeature5099
http://www4.wiwiss.fu-berlin.de/bizer/bsbm/v01/instances/dataFrom/Product1190;http://www4.wiwiss.fu-berlin.de/bizer/bsbm/v01/vocabulary/productFeature;http://www4.wiwiss.fu-berlin.de/bizer/bsbm/v01/instances/ProductFeature5101
http://www4.wiwiss.fu-berlin.de/bizer/bsbm/v01/instances/dataFrom/Product1190;http://www4.wiwiss.fu-berlin.de/bizer/bsbm/v01/vocabulary/productFeature;http://www4.wiwiss.fu-berlin.de/bizer/bsbm/v01/instances/ProductFeature5101
http://www4.wiwiss.fu-berlin.de/bizer/bsbm/v01/instances/dataFrom/Product1190;http://www4.wiwiss.fu-berlin.de/bizer/bsbm/v01/vocabulary/productFeature;http://www4.wiwiss.fu-berlin.de/bizer/bsbm/v01/instances/ProductFeature5101
http://www4.wiwiss.fu-berlin.de/bizer/bsbm/v01/instances/dataFrom/Product1190;http://www4.wiwiss.fu-berlin.de/bizer/bsbm/v01/vocabulary/productFeature;http://www4.wiwiss.fu-berlin.de/bizer/bsbm/v01/instances/ProductFeature5101
http://www4.wiwiss.fu-berlin.de/bizer/bsbm/v01/instances/dataFrom/Product1190;http://www4.wiwiss.fu-berlin.de/bizer/bsbm/v01/vocabulary/productFeature;http://www4.wiwiss.fu-berlin.de/bizer/bsbm/v01/instances/ProductFeature5101
http://www4.wiwiss.fu-berlin.de/bizer/bsbm/v01/instances/dataFrom/Product1190;http://www4.wiwiss.fu-berlin.de/bizer/bsbm/v01/vocabulary/productFeature;http://www4.wiwiss.fu-berlin.de/bizer/bsbm/v01/instances/ProductFeature5101
http://www4.wiwiss.fu-berlin.de/bizer/bsbm/v01/instances/dataFrom/Product1190;http://www4.wiwiss.fu-berlin.de/bizer/bsbm/v01/vocabulary/productFeature;http://www4.wiwiss.fu-berlin.de/bizer/bsbm/v01/instances/ProductFeature5101
http://www4.wiwiss.fu-berlin.de/bizer/bsbm/v01/instances/dataFrom/Product1190;http://www4.wiwiss.fu-berlin.de/bizer/bsbm/v01/vocabulary/productFeature;http://www4.wiwiss.fu-berlin.de/bizer/bsbm/v01/instances/ProductFeature5101
http://www4.wiwiss.fu-berlin.de/bizer/bsbm/v01/instances/dataFrom/Product1190;http://www4.wiwiss.fu-berlin.de/bizer/bsbm/v01/vocabulary/productFeature;http://www4.wiwiss.fu-berlin.de/bizer/bsbm/v01/instances/ProductFeature5101
http://www4.wiwiss.fu-berlin.de/bizer/bsbm/v01/instances/dataFrom/Product1190;http://www4.wiwiss.fu-berlin.de/bizer/bsbm/v01/vocabulary/productFeature;http://www4.wiwiss.fu-berlin.de/bizer/bsbm/v01/instances/ProductFeature5101
http://www4.wiwiss.fu-berlin.de/bizer/bsbm/v01/instances/dataFrom/Product1190;http://www4.wiwiss.fu-berlin.de/bizer/bsbm/v01/vocabulary/productFeature;http://www4.wiwiss.fu-berlin.de/bizer/bsbm/v01/instances/ProductFeature5101
http://www4.wiwiss.fu-berlin.de/bizer/bsbm/v01/instances/dataFrom/Product1190;http://www4.wiwiss.fu-berlin.de/bizer/bsbm/v01/vocabulary/productFeature;http://www4.wiwiss.fu-berlin.de/bizer/bsbm/v01/instances/ProductFeature5101
http://www4.wiwiss.fu-berlin.de/bizer/bsbm/v01/instances/dataFrom/Product1190;http://www4.wiwiss.fu-berlin.de/bizer/bsbm/v01/vocabulary/productFeature;http://www4.wiwiss.fu-berlin.de/bizer/bsbm/v01/instances/ProductFeature5111
http://www4.wiwiss.fu-berlin.de/bizer/bsbm/v01/instances/dataFrom/Product1190;http://www4.wiwiss.fu-berlin.de/bizer/bsbm/v01/vocabulary/productFeature;http://www4.wiwiss.fu-berlin.de/bizer/bsbm/v01/instances/ProductFeature5111
http://www4.wiwiss.fu-berlin.de/bizer/bsbm/v01/instances/dataFrom/Product1190;http://www4.wiwiss.fu-berlin.de/bizer/bsbm/v01/vocabulary/productFeature;http://www4.wiwiss.fu-berlin.de/bizer/bsbm/v01/instances/ProductFeature5111
http://www4.wiwiss.fu-berlin.de/bizer/bsbm/v01/instances/dataFrom/Product1190;http://www4.wiwiss.fu-berlin.de/bizer/bsbm/v01/vocabulary/productFeature;http://www4.wiwiss.fu-berlin.de/bizer/bsbm/v01/instances/ProductFeature5111
http://www4.wiwiss.fu-berlin.de/bizer/bsbm/v01/instances/dataFrom/Product7441;http://www4.wiwiss.fu-berlin.de/bizer/bsbm/v01/vocabulary/productFeature;http://www4.wiwiss.fu-berlin.de/bizer/bsbm/v01/instances/ProductFeature5099
http://www4.wiwiss.fu-berlin.de/bizer/bsbm/v01/instances/dataFrom/Product7441;http://www4.wiwiss.fu-berlin.de/bizer/bsbm/v01/vocabulary/productFeature;http://www4.wiwiss.fu-berlin.de/bizer/bsbm/v01/instances/ProductFeature5099
http://www4.wiwiss.fu-berlin.de/bizer/bsbm/v01/instances/dataFrom/Product7441;http://www4.wiwiss.fu-berlin.de/bizer/bsbm/v01/vocabulary/productFeature;http://www4.wiwiss.fu-berlin.de/bizer/bsbm/v01/instances/ProductFeature5099
http://www4.wiwiss.fu-berlin.de/bizer/bsbm/v01/instances/dataFrom/Product7441;http://www4.wiwiss.fu-berlin.de/bizer/bsbm/v01/vocabulary/productFeature;http://www4.wiwiss.fu-berlin.de/bizer/bsbm/v01/instances/ProductFeature5099
http://www4.wiwiss.fu-berlin.de/bizer/bsbm/v01/instances/dataFrom/Product7441;http://www4.wiwiss.fu-berlin.de/bizer/bsbm/v01/vocabulary/productFeature;http://www4.wiwiss.fu-berlin.de/bizer/bsbm/v01/instances/ProductFeature5099
http://www4.wiwiss.fu-berlin.de/bizer/bsbm/v01/instances/dataFrom/Product7441;http://www4.wiwiss.fu-berlin.de/bizer/bsbm/v01/vocabulary/productFeature;http://www4.wiwiss.fu-berlin.de/bizer/bsbm/v01/instances/ProductFeature5099
http://www4.wiwiss.fu-berlin.de/bizer/bsbm/v01/instances/dataFrom/Product7441;http://www4.wiwiss.fu-berlin.de/bizer/bsbm/v01/vocabulary/productFeature;http://www4.wiwiss.fu-berlin.de/bizer/bsbm/v01/instances/ProductFeature5099
http://www4.wiwiss.fu-berlin.de/bizer/bsbm/v01/instances/dataFrom/Product7441;http://www4.wiwiss.fu-berlin.de/bizer/bsbm/v01/vocabulary/productFeature;http://www4.wiwiss.fu-berlin.de/bizer/bsbm/v01/instances/ProductFeature5099
http://www4.wiwiss.fu-berlin.de/bizer/bsbm/v01/instances/dataFrom/Product7441;http://www4.wiwiss.fu-berlin.de/bizer/bsbm/v01/vocabulary/productFeature;http://www4.wiwiss.fu-berlin.de/bizer/bsbm/v01/instances/ProductFeature5099
http://www4.wiwiss.fu-berlin.de/bizer/bsbm/v01/instances/dataFrom/Product7441;http://www4.wiwiss.fu-berlin.de/bizer/bsbm/v01/vocabulary/productFeature;http://www4.wiwiss.fu-berlin.de/bizer/bsbm/v01/instances/ProductFeature5101
http://www4.wiwiss.fu-berlin.de/bizer/bsbm/v01/instances/dataFrom/Product7441;http://www4.wiwiss.fu-berlin.de/bizer/bsbm/v01/vocabulary/productFeature;http://www4.wiwiss.fu-berlin.de/bizer/bsbm/v01/instances/ProductFeature5101
http://www4.wiwiss.fu-berlin.de/bizer/bsbm/v01/instances/dataFrom/Product7441;http://www4.wiwiss.fu-berlin.de/bizer/bsbm/v01/vocabulary/productFeature;http://www4.wiwiss.fu-berlin.de/bizer/bsbm/v01/instances/ProductFeature5101
http://www4.wiwiss.fu-berlin.de/bizer/bsbm/v01/instances/dataFrom/Product7441;http://www4.wiwiss.fu-berlin.de/bizer/bsbm/v01/vocabulary/productFeature;http://www4.wiwiss.fu-berlin.de/bizer/bsbm/v01/instances/ProductFeature5101
http://www4.wiwiss.fu-berlin.de/bizer/bsbm/v01/instances/dataFrom/Product7441;http://www4.wiwiss.fu-berlin.de/bizer/bsbm/v01/vocabulary/productFeature;http://www4.wiwiss.fu-berlin.de/bizer/bsbm/v01/instances/ProductFeature5101
http://www4.wiwiss.fu-berlin.de/bizer/bsbm/v01/instances/dataFrom/Product7441;http://www4.wiwiss.fu-berlin.de/bizer/bsbm/v01/vocabulary/productFeature;http://www4.wiwiss.fu-berlin.de/bizer/bsbm/v01/instances/ProductFeature5101
http://www4.wiwiss.fu-berlin.de/bizer/bsbm/v01/instances/dataFrom/Product7441;http://www4.wiwiss.fu-berlin.de/bizer/bsbm/v01/vocabulary/productFeature;http://www4.wiwiss.fu-berlin.de/bizer/bsbm/v01/instances/ProductFeature5101
http://www4.wiwiss.fu-berlin.de/bizer/bsbm/v01/instances/dataFrom/Product7441;http://www4.wiwiss.fu-berlin.de/bizer/bsbm/v01/vocabulary/productFeature;http://www4.wiwiss.fu-berlin.de/bizer/bsbm/v01/instances/ProductFeature5101
http://www4.wiwiss.fu-berlin.de/bizer/bsbm/v01/instances/dataFrom/Product7441;http://www4.wiwiss.fu-berlin.de/bizer/bsbm/v01/vocabulary/productFeature;http://www4.wiwiss.fu-berlin.de/bizer/bsbm/v01/instances/ProductFeature5101
http://www4.wiwiss.fu-berlin.de/bizer/bsbm/v01/instances/dataFrom/Product7441;http://www4.wiwiss.fu-berlin.de/bizer/bsbm/v01/vocabulary/productFeature;http://www4.wiwiss.fu-berlin.de/bizer/bsbm/v01/instances/ProductFeature5101
http://www4.wiwiss.fu-berlin.de/bizer/bsbm/v01/instances/dataFrom/Product7441;http://www4.wiwiss.fu-berlin.de/bizer/bsbm/v01/vocabulary/productFeature;http://www4.wiwiss.fu-berlin.de/bizer/bsbm/v01/instances/ProductFeature5101
http://www4.wiwiss.fu-berlin.de/bizer/bsbm/v01/instances/dataFrom/Product7441;http://www4.wiwiss.fu-berlin.de/bizer/bsbm/v01/vocabulary/productFeature;http://www4.wiwiss.fu-berlin.de/bizer/bsbm/v01/instances/ProductFeature5101
http://www4.wiwiss.fu-berlin.de/bizer/bsbm/v01/instances/dataFrom/Product7441;http://www4.wiwiss.fu-berlin.de/bizer/bsbm/v01/vocabulary/productFeature;http://www4.wiwiss.fu-berlin.de/bizer/bsbm/v01/instances/ProductFeature5111
http://www4.wiwiss.fu-berlin.de/bizer/bsbm/v01/instances/dataFrom/Product7441;http://www4.wiwiss.fu-berlin.de/bizer/bsbm/v01/vocabulary/productFeature;http://www4.wiwiss.fu-berlin.de/bizer/bsbm/v01/instances/ProductFeature5111
http://www4.wiwiss.fu-berlin.de/bizer/bsbm/v01/instances/dataFrom/Product7441;http://www4.wiwiss.fu-berlin.de/bizer/bsbm/v01/vocabulary/productFeature;http://www4.wiwiss.fu-berlin.de/bizer/bsbm/v01/instances/ProductFeature5111
http://www4.wiwiss.fu-berlin.de/bizer/bsbm/v01/instances/dataFrom/Product7441;http://www4.wiwiss.fu-berlin.de/bizer/bsbm/v01/vocabulary/productFeature;http://www4.wiwiss.fu-berlin.de/bizer/bsbm/v01/instances/ProductFeature5111
http://www4.wiwiss.fu-berlin.de/bizer/bsbm/v01/instances/dataFrom/Product2549;http://www4.wiwiss.fu-berlin.de/bizer/bsbm/v01/vocabulary/productFeature;http://www4.wiwiss.fu-berlin.de/bizer/bsbm/v01/instances/ProductFeature5099
http://www4.wiwiss.fu-berlin.de/bizer/bsbm/v01/instances/dataFrom/Product2549;http://www4.wiwiss.fu-berlin.de/bizer/bsbm/v01/vocabulary/productFeature;http://www4.wiwiss.fu-berlin.de/bizer/bsbm/v01/instances/ProductFeature5099
http://www4.wiwiss.fu-berlin.de/bizer/bsbm/v01/instances/dataFrom/Product2549;http://www4.wiwiss.fu-berlin.de/bizer/bsbm/v01/vocabulary/productFeature;http://www4.wiwiss.fu-berlin.de/bizer/bsbm/v01/instances/ProductFeature5099
http://www4.wiwiss.fu-berlin.de/bizer/bsbm/v01/instances/dataFrom/Product2549;http://www4.wiwiss.fu-berlin.de/bizer/bsbm/v01/vocabulary/productFeature;http://www4.wiwiss.fu-berlin.de/bizer/bsbm/v01/instances/ProductFeature5099
http://www4.wiwiss.fu-berlin.de/bizer/bsbm/v01/instances/dataFrom/Product2549;http://www4.wiwiss.fu-berlin.de/bizer/bsbm/v01/vocabulary/productFeature;http://www4.wiwiss.fu-berlin.de/bizer/bsbm/v01/instances/ProductFeature5099
http://www4.wiwiss.fu-berlin.de/bizer/bsbm/v01/instances/dataFrom/Product2549;http://www4.wiwiss.fu-berlin.de/bizer/bsbm/v01/vocabulary/productFeature;http://www4.wiwiss.fu-berlin.de/bizer/bsbm/v01/instances/ProductFeature5099
http://www4.wiwiss.fu-berlin.de/bizer/bsbm/v01/instances/dataFrom/Product2549;http://www4.wiwiss.fu-berlin.de/bizer/bsbm/v01/vocabulary/productFeature;http://www4.wiwiss.fu-berlin.de/bizer/bsbm/v01/instances/ProductFeature5099
http://www4.wiwiss.fu-berlin.de/bizer/bsbm/v01/instances/dataFrom/Product2549;http://www4.wiwiss.fu-berlin.de/bizer/bsbm/v01/vocabulary/productFeature;http://www4.wiwiss.fu-berlin.de/bizer/bsbm/v01/instances/ProductFeature5099
http://www4.wiwiss.fu-berlin.de/bizer/bsbm/v01/instances/dataFrom/Product2549;http://www4.wiwiss.fu-berlin.de/bizer/bsbm/v01/vocabulary/productFeature;http://www4.wiwiss.fu-berlin.de/bizer/bsbm/v01/instances/ProductFeature5099
http://www4.wiwiss.fu-berlin.de/bizer/bsbm/v01/instances/dataFrom/Product2549;http://www4.wiwiss.fu-berlin.de/bizer/bsbm/v01/vocabulary/productFeature;http://www4.wiwiss.fu-berlin.de/bizer/bsbm/v01/instances/ProductFeature5101
http://www4.wiwiss.fu-berlin.de/bizer/bsbm/v01/instances/dataFrom/Product2549;http://www4.wiwiss.fu-berlin.de/bizer/bsbm/v01/vocabulary/productFeature;http://www4.wiwiss.fu-berlin.de/bizer/bsbm/v01/instances/ProductFeature5101
http://www4.wiwiss.fu-berlin.de/bizer/bsbm/v01/instances/dataFrom/Product2549;http://www4.wiwiss.fu-berlin.de/bizer/bsbm/v01/vocabulary/productFeature;http://www4.wiwiss.fu-berlin.de/bizer/bsbm/v01/instances/ProductFeature5101
http://www4.wiwiss.fu-berlin.de/bizer/bsbm/v01/instances/dataFrom/Product2549;http://www4.wiwiss.fu-berlin.de/bizer/bsbm/v01/vocabulary/productFeature;http://www4.wiwiss.fu-berlin.de/bizer/bsbm/v01/instances/ProductFeature5101
http://www4.wiwiss.fu-berlin.de/bizer/bsbm/v01/instances/dataFrom/Product2549;http://www4.wiwiss.fu-berlin.de/bizer/bsbm/v01/vocabulary/productFeature;http://www4.wiwiss.fu-berlin.de/bizer/bsbm/v01/instances/ProductFeature5101
http://www4.wiwiss.fu-berlin.de/bizer/bsbm/v01/instances/dataFrom/Product2549;http://www4.wiwiss.fu-berlin.de/bizer/bsbm/v01/vocabulary/productFeature;http://www4.wiwiss.fu-berlin.de/bizer/bsbm/v01/instances/ProductFeature5101
http://www4.wiwiss.fu-berlin.de/bizer/bsbm/v01/instances/dataFrom/Product2549;http://www4.wiwiss.fu-berlin.de/bizer/bsbm/v01/vocabulary/productFeature;http://www4.wiwiss.fu-berlin.de/bizer/bsbm/v01/instances/ProductFeature5101
http://www4.wiwiss.fu-berlin.de/bizer/bsbm/v01/instances/dataFrom/Product2549;http://www4.wiwiss.fu-berlin.de/bizer/bsbm/v01/vocabulary/productFeature;http://www4.wiwiss.fu-berlin.de/bizer/bsbm/v01/instances/ProductFeature5101
http://www4.wiwiss.fu-berlin.de/bizer/bsbm/v01/instances/dataFrom/Product2549;http://www4.wiwiss.fu-berlin.de/bizer/bsbm/v01/vocabulary/productFeature;http://www4.wiwiss.fu-berlin.de/bizer/bsbm/v01/instances/ProductFeature5101
http://www4.wiwiss.fu-berlin.de/bizer/bsbm/v01/instances/dataFrom/Product2549;http://www4.wiwiss.fu-berlin.de/bizer/bsbm/v01/vocabulary/productFeature;http://www4.wiwiss.fu-berlin.de/bizer/bsbm/v01/instances/ProductFeature5101
http://www4.wiwiss.fu-berlin.de/bizer/bsbm/v01/instances/dataFrom/Product2549;http://www4.wiwiss.fu-berlin.de/bizer/bsbm/v01/vocabulary/productFeature;http://www4.wiwiss.fu-berlin.de/bizer/bsbm/v01/instances/ProductFeature5101
http://www4.wiwiss.fu-berlin.de/bizer/bsbm/v01/instances/dataFrom/Product2549;http://www4.wiwiss.fu-berlin.de/bizer/bsbm/v01/vocabulary/productFeature;http://www4.wiwiss.fu-berlin.de/bizer/bsbm/v01/instances/ProductFeature5101
http://www4.wiwiss.fu-berlin.de/bizer/bsbm/v01/instances/dataFrom/Product2549;http://www4.wiwiss.fu-berlin.de/bizer/bsbm/v01/vocabulary/productFeature;http://www4.wiwiss.fu-berlin.de/bizer/bsbm/v01/instances/ProductFeature5111
http://www4.wiwiss.fu-berlin.de/bizer/bsbm/v01/instances/dataFrom/Product2549;http://www4.wiwiss.fu-berlin.de/bizer/bsbm/v01/vocabulary/productFeature;http://www4.wiwiss.fu-berlin.de/bizer/bsbm/v01/instances/ProductFeature5111
http://www4.wiwiss.fu-berlin.de/bizer/bsbm/v01/instances/dataFrom/Product2549;http://www4.wiwiss.fu-berlin.de/bizer/bsbm/v01/vocabulary/productFeature;http://www4.wiwiss.fu-berlin.de/bizer/bsbm/v01/instances/ProductFeature5111
http://www4.wiwiss.fu-berlin.de/bizer/bsbm/v01/instances/dataFrom/Product2549;http://www4.wiwiss.fu-berlin.de/bizer/bsbm/v01/vocabulary/productFeature;http://www4.wiwiss.fu-berlin.de/bizer/bsbm/v01/instances/ProductFeature5111
http://www4.wiwiss.fu-berlin.de/bizer/bsbm/v01/instances/dataFrom/Product1371;http://www4.wiwiss.fu-berlin.de/bizer/bsbm/v01/vocabulary/productFeature;http://www4.wiwiss.fu-berlin.de/bizer/bsbm/v01/instances/ProductFeature5099
http://www4.wiwiss.fu-berlin.de/bizer/bsbm/v01/instances/dataFrom/Product1371;http://www4.wiwiss.fu-berlin.de/bizer/bsbm/v01/vocabulary/productFeature;http://www4.wiwiss.fu-berlin.de/bizer/bsbm/v01/instances/ProductFeature5099
http://www4.wiwiss.fu-berlin.de/bizer/bsbm/v01/instances/dataFrom/Product1371;http://www4.wiwiss.fu-berlin.de/bizer/bsbm/v01/vocabulary/productFeature;http://www4.wiwiss.fu-berlin.de/bizer/bsbm/v01/instances/ProductFeature5099
http://www4.wiwiss.fu-berlin.de/bizer/bsbm/v01/instances/dataFrom/Product1371;http://www4.wiwiss.fu-berlin.de/bizer/bsbm/v01/vocabulary/productFeature;http://www4.wiwiss.fu-berlin.de/bizer/bsbm/v01/instances/ProductFeature5099
http://www4.wiwiss.fu-berlin.de/bizer/bsbm/v01/instances/dataFrom/Product1371;http://www4.wiwiss.fu-berlin.de/bizer/bsbm/v01/vocabulary/productFeature;http://www4.wiwiss.fu-berlin.de/bizer/bsbm/v01/instances/ProductFeature5099
http://www4.wiwiss.fu-berlin.de/bizer/bsbm/v01/instances/dataFrom/Product1371;http://www4.wiwiss.fu-berlin.de/bizer/bsbm/v01/vocabulary/productFeature;http://www4.wiwiss.fu-berlin.de/bizer/bsbm/v01/instances/ProductFeature5099
http://www4.wiwiss.fu-berlin.de/bizer/bsbm/v01/instances/dataFrom/Product1371;http://www4.wiwiss.fu-berlin.de/bizer/bsbm/v01/vocabulary/productFeature;http://www4.wiwiss.fu-berlin.de/bizer/bsbm/v01/instances/ProductFeature5099
http://www4.wiwiss.fu-berlin.de/bizer/bsbm/v01/instances/dataFrom/Product1371;http://www4.wiwiss.fu-berlin.de/bizer/bsbm/v01/vocabulary/productFeature;http://www4.wiwiss.fu-berlin.de/bizer/bsbm/v01/instances/ProductFeature5099
http://www4.wiwiss.fu-berlin.de/bizer/bsbm/v01/instances/dataFrom/Product1371;http://www4.wiwiss.fu-berlin.de/bizer/bsbm/v01/vocabulary/productFeature;http://www4.wiwiss.fu-berlin.de/bizer/bsbm/v01/instances/ProductFeature5099
http://www4.wiwiss.fu-berlin.de/bizer/bsbm/v01/instances/dataFrom/Product1371;http://www4.wiwiss.fu-berlin.de/bizer/bsbm/v01/vocabulary/productFeature;http://www4.wiwiss.fu-berlin.de/bizer/bsbm/v01/instances/ProductFeature5101
http://www4.wiwiss.fu-berlin.de/bizer/bsbm/v01/instances/dataFrom/Product1371;http://www4.wiwiss.fu-berlin.de/bizer/bsbm/v01/vocabulary/productFeature;http://www4.wiwiss.fu-berlin.de/bizer/bsbm/v01/instances/ProductFeature5101
http://www4.wiwiss.fu-berlin.de/bizer/bsbm/v01/instances/dataFrom/Product1371;http://www4.wiwiss.fu-berlin.de/bizer/bsbm/v01/vocabulary/productFeature;http://www4.wiwiss.fu-berlin.de/bizer/bsbm/v01/instances/ProductFeature5101
http://www4.wiwiss.fu-berlin.de/bizer/bsbm/v01/instances/dataFrom/Product1371;http://www4.wiwiss.fu-berlin.de/bizer/bsbm/v01/vocabulary/productFeature;http://www4.wiwiss.fu-berlin.de/bizer/bsbm/v01/instances/ProductFeature5101
http://www4.wiwiss.fu-berlin.de/bizer/bsbm/v01/instances/dataFrom/Product1371;http://www4.wiwiss.fu-berlin.de/bizer/bsbm/v01/vocabulary/productFeature;http://www4.wiwiss.fu-berlin.de/bizer/bsbm/v01/instances/ProductFeature5101
http://www4.wiwiss.fu-berlin.de/bizer/bsbm/v01/instances/dataFrom/Product1371;http://www4.wiwiss.fu-berlin.de/bizer/bsbm/v01/vocabulary/productFeature;http://www4.wiwiss.fu-berlin.de/bizer/bsbm/v01/instances/ProductFeature5101
http://www4.wiwiss.fu-berlin.de/bizer/bsbm/v01/instances/dataFrom/Product1371;http://www4.wiwiss.fu-berlin.de/bizer/bsbm/v01/vocabulary/productFeature;http://www4.wiwiss.fu-berlin.de/bizer/bsbm/v01/instances/ProductFeature5101
http://www4.wiwiss.fu-berlin.de/bizer/bsbm/v01/instances/dataFrom/Product1371;http://www4.wiwiss.fu-berlin.de/bizer/bsbm/v01/vocabulary/productFeature;http://www4.wiwiss.fu-berlin.de/bizer/bsbm/v01/instances/ProductFeature5101
http://www4.wiwiss.fu-berlin.de/bizer/bsbm/v01/instances/dataFrom/Product1371;http://www4.wiwiss.fu-berlin.de/bizer/bsbm/v01/vocabulary/productFeature;http://www4.wiwiss.fu-berlin.de/bizer/bsbm/v01/instances/ProductFeature5101
http://www4.wiwiss.fu-berlin.de/bizer/bsbm/v01/instances/dataFrom/Product1371;http://www4.wiwiss.fu-berlin.de/bizer/bsbm/v01/vocabulary/productFeature;http://www4.wiwiss.fu-berlin.de/bizer/bsbm/v01/instances/ProductFeature5101
http://www4.wiwiss.fu-berlin.de/bizer/bsbm/v01/instances/dataFrom/Product1371;http://www4.wiwiss.fu-berlin.de/bizer/bsbm/v01/vocabulary/productFeature;http://www4.wiwiss.fu-berlin.de/bizer/bsbm/v01/instances/ProductFeature5101
http://www4.wiwiss.fu-berlin.de/bizer/bsbm/v01/instances/dataFrom/Product1371;http://www4.wiwiss.fu-berlin.de/bizer/bsbm/v01/vocabulary/productFeature;http://www4.wiwiss.fu-berlin.de/bizer/bsbm/v01/instances/ProductFeature5101
http://www4.wiwiss.fu-berlin.de/bizer/bsbm/v01/instances/dataFrom/Product1371;http://www4.wiwiss.fu-berlin.de/bizer/bsbm/v01/vocabulary/productFeature;http://www4.wiwiss.fu-berlin.de/bizer/bsbm/v01/instances/ProductFeature5111
http://www4.wiwiss.fu-berlin.de/bizer/bsbm/v01/instances/dataFrom/Product1371;http://www4.wiwiss.fu-berlin.de/bizer/bsbm/v01/vocabulary/productFeature;http://www4.wiwiss.fu-berlin.de/bizer/bsbm/v01/instances/ProductFeature5111
http://www4.wiwiss.fu-berlin.de/bizer/bsbm/v01/instances/dataFrom/Product1371;http://www4.wiwiss.fu-berlin.de/bizer/bsbm/v01/vocabulary/productFeature;http://www4.wiwiss.fu-berlin.de/bizer/bsbm/v01/instances/ProductFeature5111
http://www4.wiwiss.fu-berlin.de/bizer/bsbm/v01/instances/dataFrom/Product1371;http://www4.wiwiss.fu-berlin.de/bizer/bsbm/v01/vocabulary/productFeature;http://www4.wiwiss.fu-berlin.de/bizer/bsbm/v01/instances/ProductFeature5111
http://www4.wiwiss.fu-berlin.de/bizer/bsbm/v01/instances/dataFrom/Product4666;http://www4.wiwiss.fu-berlin.de/bizer/bsbm/v01/vocabulary/productFeature;http://www4.wiwiss.fu-berlin.de/bizer/bsbm/v01/instances/ProductFeature5099
http://www4.wiwiss.fu-berlin.de/bizer/bsbm/v01/instances/dataFrom/Product4666;http://www4.wiwiss.fu-berlin.de/bizer/bsbm/v01/vocabulary/productFeature;http://www4.wiwiss.fu-berlin.de/bizer/bsbm/v01/instances/ProductFeature5099
http://www4.wiwiss.fu-berlin.de/bizer/bsbm/v01/instances/dataFrom/Product4666;http://www4.wiwiss.fu-berlin.de/bizer/bsbm/v01/vocabulary/productFeature;http://www4.wiwiss.fu-berlin.de/bizer/bsbm/v01/instances/ProductFeature5099
http://www4.wiwiss.fu-berlin.de/bizer/bsbm/v01/instances/dataFrom/Product4666;http://www4.wiwiss.fu-berlin.de/bizer/bsbm/v01/vocabulary/productFeature;http://www4.wiwiss.fu-berlin.de/bizer/bsbm/v01/instances/ProductFeature5099
http://www4.wiwiss.fu-berlin.de/bizer/bsbm/v01/instances/dataFrom/Product4666;http://www4.wiwiss.fu-berlin.de/bizer/bsbm/v01/vocabulary/productFeature;http://www4.wiwiss.fu-berlin.de/bizer/bsbm/v01/instances/ProductFeature5099
http://www4.wiwiss.fu-berlin.de/bizer/bsbm/v01/instances/dataFrom/Product4666;http://www4.wiwiss.fu-berlin.de/bizer/bsbm/v01/vocabulary/productFeature;http://www4.wiwiss.fu-berlin.de/bizer/bsbm/v01/instances/ProductFeature5099
http://www4.wiwiss.fu-berlin.de/bizer/bsbm/v01/instances/dataFrom/Product4666;http://www4.wiwiss.fu-berlin.de/bizer/bsbm/v01/vocabulary/productFeature;http://www4.wiwiss.fu-berlin.de/bizer/bsbm/v01/instances/ProductFeature5099
http://www4.wiwiss.fu-berlin.de/bizer/bsbm/v01/instances/dataFrom/Product4666;http://www4.wiwiss.fu-berlin.de/bizer/bsbm/v01/vocabulary/productFeature;http://www4.wiwiss.fu-berlin.de/bizer/bsbm/v01/instances/ProductFeature5099
http://www4.wiwiss.fu-berlin.de/bizer/bsbm/v01/instances/dataFrom/Product4666;http://www4.wiwiss.fu-berlin.de/bizer/bsbm/v01/vocabulary/productFeature;http://www4.wiwiss.fu-berlin.de/bizer/bsbm/v01/instances/ProductFeature5099
http://www4.wiwiss.fu-berlin.de/bizer/bsbm/v01/instances/dataFrom/Product4666;http://www4.wiwiss.fu-berlin.de/bizer/bsbm/v01/vocabulary/productFeature;http://www4.wiwiss.fu-berlin.de/bizer/bsbm/v01/instances/ProductFeature5101
http://www4.wiwiss.fu-berlin.de/bizer/bsbm/v01/instances/dataFrom/Product4666;http://www4.wiwiss.fu-berlin.de/bizer/bsbm/v01/vocabulary/productFeature;http://www4.wiwiss.fu-berlin.de/bizer/bsbm/v01/instances/ProductFeature5101
http://www4.wiwiss.fu-berlin.de/bizer/bsbm/v01/instances/dataFrom/Product4666;http://www4.wiwiss.fu-berlin.de/bizer/bsbm/v01/vocabulary/productFeature;http://www4.wiwiss.fu-berlin.de/bizer/bsbm/v01/instances/ProductFeature5101
http://www4.wiwiss.fu-berlin.de/bizer/bsbm/v01/instances/dataFrom/Product4666;http://www4.wiwiss.fu-berlin.de/bizer/bsbm/v01/vocabulary/productFeature;http://www4.wiwiss.fu-berlin.de/bizer/bsbm/v01/instances/ProductFeature5101
http://www4.wiwiss.fu-berlin.de/bizer/bsbm/v01/instances/dataFrom/Product4666;http://www4.wiwiss.fu-berlin.de/bizer/bsbm/v01/vocabulary/productFeature;http://www4.wiwiss.fu-berlin.de/bizer/bsbm/v01/instances/ProductFeature5101
http://www4.wiwiss.fu-berlin.de/bizer/bsbm/v01/instances/dataFrom/Product4666;http://www4.wiwiss.fu-berlin.de/bizer/bsbm/v01/vocabulary/productFeature;http://www4.wiwiss.fu-berlin.de/bizer/bsbm/v01/instances/ProductFeature5101
http://www4.wiwiss.fu-berlin.de/bizer/bsbm/v01/instances/dataFrom/Product4666;http://www4.wiwiss.fu-berlin.de/bizer/bsbm/v01/vocabulary/productFeature;http://www4.wiwiss.fu-berlin.de/bizer/bsbm/v01/instances/ProductFeature5101
http://www4.wiwiss.fu-berlin.de/bizer/bsbm/v01/instances/dataFrom/Product4666;http://www4.wiwiss.fu-berlin.de/bizer/bsbm/v01/vocabulary/productFeature;http://www4.wiwiss.fu-berlin.de/bizer/bsbm/v01/instances/ProductFeature5101
http://www4.wiwiss.fu-berlin.de/bizer/bsbm/v01/instances/dataFrom/Product4666;http://www4.wiwiss.fu-berlin.de/bizer/bsbm/v01/vocabulary/productFeature;http://www4.wiwiss.fu-berlin.de/bizer/bsbm/v01/instances/ProductFeature5101
http://www4.wiwiss.fu-berlin.de/bizer/bsbm/v01/instances/dataFrom/Product4666;http://www4.wiwiss.fu-berlin.de/bizer/bsbm/v01/vocabulary/productFeature;http://www4.wiwiss.fu-berlin.de/bizer/bsbm/v01/instances/ProductFeature5101
http://www4.wiwiss.fu-berlin.de/bizer/bsbm/v01/instances/dataFrom/Product4666;http://www4.wiwiss.fu-berlin.de/bizer/bsbm/v01/vocabulary/productFeature;http://www4.wiwiss.fu-berlin.de/bizer/bsbm/v01/instances/ProductFeature5101
http://www4.wiwiss.fu-berlin.de/bizer/bsbm/v01/instances/dataFrom/Product4666;http://www4.wiwiss.fu-berlin.de/bizer/bsbm/v01/vocabulary/productFeature;http://www4.wiwiss.fu-berlin.de/bizer/bsbm/v01/instances/ProductFeature5101
http://www4.wiwiss.fu-berlin.de/bizer/bsbm/v01/instances/dataFrom/Product4666;http://www4.wiwiss.fu-berlin.de/bizer/bsbm/v01/vocabulary/productFeature;http://www4.wiwiss.fu-berlin.de/bizer/bsbm/v01/instances/ProductFeature5111
http://www4.wiwiss.fu-berlin.de/bizer/bsbm/v01/instances/dataFrom/Product4666;http://www4.wiwiss.fu-berlin.de/bizer/bsbm/v01/vocabulary/productFeature;http://www4.wiwiss.fu-berlin.de/bizer/bsbm/v01/instances/ProductFeature5111
http://www4.wiwiss.fu-berlin.de/bizer/bsbm/v01/instances/dataFrom/Product4666;http://www4.wiwiss.fu-berlin.de/bizer/bsbm/v01/vocabulary/productFeature;http://www4.wiwiss.fu-berlin.de/bizer/bsbm/v01/instances/ProductFeature5111
http://www4.wiwiss.fu-berlin.de/bizer/bsbm/v01/instances/dataFrom/Product4666;http://www4.wiwiss.fu-berlin.de/bizer/bsbm/v01/vocabulary/productFeature;http://www4.wiwiss.fu-berlin.de/bizer/bsbm/v01/instances/ProductFeature5111
http://www4.wiwiss.fu-berlin.de/bizer/bsbm/v01/instances/dataFrom/Product7243;http://www4.wiwiss.fu-berlin.de/bizer/bsbm/v01/vocabulary/productFeature;http://www4.wiwiss.fu-berlin.de/bizer/bsbm/v01/instances/ProductFeature5099
http://www4.wiwiss.fu-berlin.de/bizer/bsbm/v01/instances/dataFrom/Product7243;http://www4.wiwiss.fu-berlin.de/bizer/bsbm/v01/vocabulary/productFeature;http://www4.wiwiss.fu-berlin.de/bizer/bsbm/v01/instances/ProductFeature5099
http://www4.wiwiss.fu-berlin.de/bizer/bsbm/v01/instances/dataFrom/Product7243;http://www4.wiwiss.fu-berlin.de/bizer/bsbm/v01/vocabulary/productFeature;http://www4.wiwiss.fu-berlin.de/bizer/bsbm/v01/instances/ProductFeature5099
http://www4.wiwiss.fu-berlin.de/bizer/bsbm/v01/instances/dataFrom/Product7243;http://www4.wiwiss.fu-berlin.de/bizer/bsbm/v01/vocabulary/productFeature;http://www4.wiwiss.fu-berlin.de/bizer/bsbm/v01/instances/ProductFeature5099
http://www4.wiwiss.fu-berlin.de/bizer/bsbm/v01/instances/dataFrom/Product7243;http://www4.wiwiss.fu-berlin.de/bizer/bsbm/v01/vocabulary/productFeature;http://www4.wiwiss.fu-berlin.de/bizer/bsbm/v01/instances/ProductFeature5099
http://www4.wiwiss.fu-berlin.de/bizer/bsbm/v01/instances/dataFrom/Product7243;http://www4.wiwiss.fu-berlin.de/bizer/bsbm/v01/vocabulary/productFeature;http://www4.wiwiss.fu-berlin.de/bizer/bsbm/v01/instances/ProductFeature5099
http://www4.wiwiss.fu-berlin.de/bizer/bsbm/v01/instances/dataFrom/Product7243;http://www4.wiwiss.fu-berlin.de/bizer/bsbm/v01/vocabulary/productFeature;http://www4.wiwiss.fu-berlin.de/bizer/bsbm/v01/instances/ProductFeature5099
http://www4.wiwiss.fu-berlin.de/bizer/bsbm/v01/instances/dataFrom/Product7243;http://www4.wiwiss.fu-berlin.de/bizer/bsbm/v01/vocabulary/productFeature;http://www4.wiwiss.fu-berlin.de/bizer/bsbm/v01/instances/ProductFeature5099
http://www4.wiwiss.fu-berlin.de/bizer/bsbm/v01/instances/dataFrom/Product7243;http://www4.wiwiss.fu-berlin.de/bizer/bsbm/v01/vocabulary/productFeature;http://www4.wiwiss.fu-berlin.de/bizer/bsbm/v01/instances/ProductFeature5099
http://www4.wiwiss.fu-berlin.de/bizer/bsbm/v01/instances/dataFrom/Product7243;http://www4.wiwiss.fu-berlin.de/bizer/bsbm/v01/vocabulary/productFeature;http://www4.wiwiss.fu-berlin.de/bizer/bsbm/v01/instances/ProductFeature5101
http://www4.wiwiss.fu-berlin.de/bizer/bsbm/v01/instances/dataFrom/Product7243;http://www4.wiwiss.fu-berlin.de/bizer/bsbm/v01/vocabulary/productFeature;http://www4.wiwiss.fu-berlin.de/bizer/bsbm/v01/instances/ProductFeature5101
http://www4.wiwiss.fu-berlin.de/bizer/bsbm/v01/instances/dataFrom/Product7243;http://www4.wiwiss.fu-berlin.de/bizer/bsbm/v01/vocabulary/productFeature;http://www4.wiwiss.fu-berlin.de/bizer/bsbm/v01/instances/ProductFeature5101
http://www4.wiwiss.fu-berlin.de/bizer/bsbm/v01/instances/dataFrom/Product7243;http://www4.wiwiss.fu-berlin.de/bizer/bsbm/v01/vocabulary/productFeature;http://www4.wiwiss.fu-berlin.de/bizer/bsbm/v01/instances/ProductFeature5101
http://www4.wiwiss.fu-berlin.de/bizer/bsbm/v01/instances/dataFrom/Product7243;http://www4.wiwiss.fu-berlin.de/bizer/bsbm/v01/vocabulary/productFeature;http://www4.wiwiss.fu-berlin.de/bizer/bsbm/v01/instances/ProductFeature5101
http://www4.wiwiss.fu-berlin.de/bizer/bsbm/v01/instances/dataFrom/Product7243;http://www4.wiwiss.fu-berlin.de/bizer/bsbm/v01/vocabulary/productFeature;http://www4.wiwiss.fu-berlin.de/bizer/bsbm/v01/instances/ProductFeature5101
http://www4.wiwiss.fu-berlin.de/bizer/bsbm/v01/instances/dataFrom/Product7243;http://www4.wiwiss.fu-berlin.de/bizer/bsbm/v01/vocabulary/productFeature;http://www4.wiwiss.fu-berlin.de/bizer/bsbm/v01/instances/ProductFeature5101
http://www4.wiwiss.fu-berlin.de/bizer/bsbm/v01/instances/dataFrom/Product7243;http://www4.wiwiss.fu-berlin.de/bizer/bsbm/v01/vocabulary/productFeature;http://www4.wiwiss.fu-berlin.de/bizer/bsbm/v01/instances/ProductFeature5101
http://www4.wiwiss.fu-berlin.de/bizer/bsbm/v01/instances/dataFrom/Product7243;http://www4.wiwiss.fu-berlin.de/bizer/bsbm/v01/vocabulary/productFeature;http://www4.wiwiss.fu-berlin.de/bizer/bsbm/v01/instances/ProductFeature5101
http://www4.wiwiss.fu-berlin.de/bizer/bsbm/v01/instances/dataFrom/Product7243;http://www4.wiwiss.fu-berlin.de/bizer/bsbm/v01/vocabulary/productFeature;http://www4.wiwiss.fu-berlin.de/bizer/bsbm/v01/instances/ProductFeature5101
http://www4.wiwiss.fu-berlin.de/bizer/bsbm/v01/instances/dataFrom/Product7243;http://www4.wiwiss.fu-berlin.de/bizer/bsbm/v01/vocabulary/productFeature;http://www4.wiwiss.fu-berlin.de/bizer/bsbm/v01/instances/ProductFeature5101
http://www4.wiwiss.fu-berlin.de/bizer/bsbm/v01/instances/dataFrom/Product7243;http://www4.wiwiss.fu-berlin.de/bizer/bsbm/v01/vocabulary/productFeature;http://www4.wiwiss.fu-berlin.de/bizer/bsbm/v01/instances/ProductFeature5101
http://www4.wiwiss.fu-berlin.de/bizer/bsbm/v01/instances/dataFrom/Product7243;http://www4.wiwiss.fu-berlin.de/bizer/bsbm/v01/vocabulary/productFeature;http://www4.wiwiss.fu-berlin.de/bizer/bsbm/v01/instances/ProductFeature5111
http://www4.wiwiss.fu-berlin.de/bizer/bsbm/v01/instances/dataFrom/Product7243;http://www4.wiwiss.fu-berlin.de/bizer/bsbm/v01/vocabulary/productFeature;http://www4.wiwiss.fu-berlin.de/bizer/bsbm/v01/instances/ProductFeature5111
http://www4.wiwiss.fu-berlin.de/bizer/bsbm/v01/instances/dataFrom/Product7243;http://www4.wiwiss.fu-berlin.de/bizer/bsbm/v01/vocabulary/productFeature;http://www4.wiwiss.fu-berlin.de/bizer/bsbm/v01/instances/ProductFeature5111
http://www4.wiwiss.fu-berlin.de/bizer/bsbm/v01/instances/dataFrom/Product7243;http://www4.wiwiss.fu-berlin.de/bizer/bsbm/v01/vocabulary/productFeature;http://www4.wiwiss.fu-berlin.de/bizer/bsbm/v01/instances/ProductFeature5111
http://www4.wiwiss.fu-berlin.de/bizer/bsbm/v01/instances/dataFrom/Product7414;http://www4.wiwiss.fu-berlin.de/bizer/bsbm/v01/vocabulary/productFeature;http://www4.wiwiss.fu-berlin.de/bizer/bsbm/v01/instances/ProductFeature5099
http://www4.wiwiss.fu-berlin.de/bizer/bsbm/v01/instances/dataFrom/Product7414;http://www4.wiwiss.fu-berlin.de/bizer/bsbm/v01/vocabulary/productFeature;http://www4.wiwiss.fu-berlin.de/bizer/bsbm/v01/instances/ProductFeature5099
http://www4.wiwiss.fu-berlin.de/bizer/bsbm/v01/instances/dataFrom/Product7414;http://www4.wiwiss.fu-berlin.de/bizer/bsbm/v01/vocabulary/productFeature;http://www4.wiwiss.fu-berlin.de/bizer/bsbm/v01/instances/ProductFeature5099
http://www4.wiwiss.fu-berlin.de/bizer/bsbm/v01/instances/dataFrom/Product7414;http://www4.wiwiss.fu-berlin.de/bizer/bsbm/v01/vocabulary/productFeature;http://www4.wiwiss.fu-berlin.de/bizer/bsbm/v01/instances/ProductFeature5099
http://www4.wiwiss.fu-berlin.de/bizer/bsbm/v01/instances/dataFrom/Product7414;http://www4.wiwiss.fu-berlin.de/bizer/bsbm/v01/vocabulary/productFeature;http://www4.wiwiss.fu-berlin.de/bizer/bsbm/v01/instances/ProductFeature5099
http://www4.wiwiss.fu-berlin.de/bizer/bsbm/v01/instances/dataFrom/Product7414;http://www4.wiwiss.fu-berlin.de/bizer/bsbm/v01/vocabulary/productFeature;http://www4.wiwiss.fu-berlin.de/bizer/bsbm/v01/instances/ProductFeature5099
http://www4.wiwiss.fu-berlin.de/bizer/bsbm/v01/instances/dataFrom/Product7414;http://www4.wiwiss.fu-berlin.de/bizer/bsbm/v01/vocabulary/productFeature;http://www4.wiwiss.fu-berlin.de/bizer/bsbm/v01/instances/ProductFeature5099
http://www4.wiwiss.fu-berlin.de/bizer/bsbm/v01/instances/dataFrom/Product7414;http://www4.wiwiss.fu-berlin.de/bizer/bsbm/v01/vocabulary/productFeature;http://www4.wiwiss.fu-berlin.de/bizer/bsbm/v01/instances/ProductFeature5099
http://www4.wiwiss.fu-berlin.de/bizer/bsbm/v01/instances/dataFrom/Product7414;http://www4.wiwiss.fu-berlin.de/bizer/bsbm/v01/vocabulary/productFeature;http://www4.wiwiss.fu-berlin.de/bizer/bsbm/v01/instances/ProductFeature5099
http://www4.wiwiss.fu-berlin.de/bizer/bsbm/v01/instances/dataFrom/Product7414;http://www4.wiwiss.fu-berlin.de/bizer/bsbm/v01/vocabulary/productFeature;http://www4.wiwiss.fu-berlin.de/bizer/bsbm/v01/instances/ProductFeature5101
http://www4.wiwiss.fu-berlin.de/bizer/bsbm/v01/instances/dataFrom/Product7414;http://www4.wiwiss.fu-berlin.de/bizer/bsbm/v01/vocabulary/productFeature;http://www4.wiwiss.fu-berlin.de/bizer/bsbm/v01/instances/ProductFeature5101
http://www4.wiwiss.fu-berlin.de/bizer/bsbm/v01/instances/dataFrom/Product7414;http://www4.wiwiss.fu-berlin.de/bizer/bsbm/v01/vocabulary/productFeature;http://www4.wiwiss.fu-berlin.de/bizer/bsbm/v01/instances/ProductFeature5101
http://www4.wiwiss.fu-berlin.de/bizer/bsbm/v01/instances/dataFrom/Product7414;http://www4.wiwiss.fu-berlin.de/bizer/bsbm/v01/vocabulary/productFeature;http://www4.wiwiss.fu-berlin.de/bizer/bsbm/v01/instances/ProductFeature5101
http://www4.wiwiss.fu-berlin.de/bizer/bsbm/v01/instances/dataFrom/Product7414;http://www4.wiwiss.fu-berlin.de/bizer/bsbm/v01/vocabulary/productFeature;http://www4.wiwiss.fu-berlin.de/bizer/bsbm/v01/instances/ProductFeature5101
http://www4.wiwiss.fu-berlin.de/bizer/bsbm/v01/instances/dataFrom/Product7414;http://www4.wiwiss.fu-berlin.de/bizer/bsbm/v01/vocabulary/productFeature;http://www4.wiwiss.fu-berlin.de/bizer/bsbm/v01/instances/ProductFeature5101
http://www4.wiwiss.fu-berlin.de/bizer/bsbm/v01/instances/dataFrom/Product7414;http://www4.wiwiss.fu-berlin.de/bizer/bsbm/v01/vocabulary/productFeature;http://www4.wiwiss.fu-berlin.de/bizer/bsbm/v01/instances/ProductFeature5101
http://www4.wiwiss.fu-berlin.de/bizer/bsbm/v01/instances/dataFrom/Product7414;http://www4.wiwiss.fu-berlin.de/bizer/bsbm/v01/vocabulary/productFeature;http://www4.wiwiss.fu-berlin.de/bizer/bsbm/v01/instances/ProductFeature5101
http://www4.wiwiss.fu-berlin.de/bizer/bsbm/v01/instances/dataFrom/Product7414;http://www4.wiwiss.fu-berlin.de/bizer/bsbm/v01/vocabulary/productFeature;http://www4.wiwiss.fu-berlin.de/bizer/bsbm/v01/instances/ProductFeature5101
http://www4.wiwiss.fu-berlin.de/bizer/bsbm/v01/instances/dataFrom/Product7414;http://www4.wiwiss.fu-berlin.de/bizer/bsbm/v01/vocabulary/productFeature;http://www4.wiwiss.fu-berlin.de/bizer/bsbm/v01/instances/ProductFeature5101
http://www4.wiwiss.fu-berlin.de/bizer/bsbm/v01/instances/dataFrom/Product7414;http://www4.wiwiss.fu-berlin.de/bizer/bsbm/v01/vocabulary/productFeature;http://www4.wiwiss.fu-berlin.de/bizer/bsbm/v01/instances/ProductFeature5101
http://www4.wiwiss.fu-berlin.de/bizer/bsbm/v01/instances/dataFrom/Product7414;http://www4.wiwiss.fu-berlin.de/bizer/bsbm/v01/vocabulary/productFeature;http://www4.wiwiss.fu-berlin.de/bizer/bsbm/v01/instances/ProductFeature5101
http://www4.wiwiss.fu-berlin.de/bizer/bsbm/v01/instances/dataFrom/Product7414;http://www4.wiwiss.fu-berlin.de/bizer/bsbm/v01/vocabulary/productFeature;http://www4.wiwiss.fu-berlin.de/bizer/bsbm/v01/instances/ProductFeature5111
http://www4.wiwiss.fu-berlin.de/bizer/bsbm/v01/instances/dataFrom/Product7414;http://www4.wiwiss.fu-berlin.de/bizer/bsbm/v01/vocabulary/productFeature;http://www4.wiwiss.fu-berlin.de/bizer/bsbm/v01/instances/ProductFeature5111
http://www4.wiwiss.fu-berlin.de/bizer/bsbm/v01/instances/dataFrom/Product7414;http://www4.wiwiss.fu-berlin.de/bizer/bsbm/v01/vocabulary/productFeature;http://www4.wiwiss.fu-berlin.de/bizer/bsbm/v01/instances/ProductFeature5111
http://www4.wiwiss.fu-berlin.de/bizer/bsbm/v01/instances/dataFrom/Product7414;http://www4.wiwiss.fu-berlin.de/bizer/bsbm/v01/vocabulary/productFeature;http://www4.wiwiss.fu-berlin.de/bizer/bsbm/v01/instances/ProductFeature5111
http://www4.wiwiss.fu-berlin.de/bizer/bsbm/v01/instances/dataFrom/Product5727;http://www4.wiwiss.fu-berlin.de/bizer/bsbm/v01/vocabulary/productFeature;http://www4.wiwiss.fu-berlin.de/bizer/bsbm/v01/instances/ProductFeature5099
http://www4.wiwiss.fu-berlin.de/bizer/bsbm/v01/instances/dataFrom/Product5727;http://www4.wiwiss.fu-berlin.de/bizer/bsbm/v01/vocabulary/productFeature;http://www4.wiwiss.fu-berlin.de/bizer/bsbm/v01/instances/ProductFeature5099
http://www4.wiwiss.fu-berlin.de/bizer/bsbm/v01/instances/dataFrom/Product5727;http://www4.wiwiss.fu-berlin.de/bizer/bsbm/v01/vocabulary/productFeature;http://www4.wiwiss.fu-berlin.de/bizer/bsbm/v01/instances/ProductFeature5099
http://www4.wiwiss.fu-berlin.de/bizer/bsbm/v01/instances/dataFrom/Product5727;http://www4.wiwiss.fu-berlin.de/bizer/bsbm/v01/vocabulary/productFeature;http://www4.wiwiss.fu-berlin.de/bizer/bsbm/v01/instances/ProductFeature5099
http://www4.wiwiss.fu-berlin.de/bizer/bsbm/v01/instances/dataFrom/Product5727;http://www4.wiwiss.fu-berlin.de/bizer/bsbm/v01/vocabulary/productFeature;http://www4.wiwiss.fu-berlin.de/bizer/bsbm/v01/instances/ProductFeature5099
http://www4.wiwiss.fu-berlin.de/bizer/bsbm/v01/instances/dataFrom/Product5727;http://www4.wiwiss.fu-berlin.de/bizer/bsbm/v01/vocabulary/productFeature;http://www4.wiwiss.fu-berlin.de/bizer/bsbm/v01/instances/ProductFeature5099
http://www4.wiwiss.fu-berlin.de/bizer/bsbm/v01/instances/dataFrom/Product5727;http://www4.wiwiss.fu-berlin.de/bizer/bsbm/v01/vocabulary/productFeature;http://www4.wiwiss.fu-berlin.de/bizer/bsbm/v01/instances/ProductFeature5099
http://www4.wiwiss.fu-berlin.de/bizer/bsbm/v01/instances/dataFrom/Product5727;http://www4.wiwiss.fu-berlin.de/bizer/bsbm/v01/vocabulary/productFeature;http://www4.wiwiss.fu-berlin.de/bizer/bsbm/v01/instances/ProductFeature5099
http://www4.wiwiss.fu-berlin.de/bizer/bsbm/v01/instances/dataFrom/Product5727;http://www4.wiwiss.fu-berlin.de/bizer/bsbm/v01/vocabulary/productFeature;http://www4.wiwiss.fu-berlin.de/bizer/bsbm/v01/instances/ProductFeature5099
http://www4.wiwiss.fu-berlin.de/bizer/bsbm/v01/instances/dataFrom/Product5727;http://www4.wiwiss.fu-berlin.de/bizer/bsbm/v01/vocabulary/productFeature;http://www4.wiwiss.fu-berlin.de/bizer/bsbm/v01/instances/ProductFeature5101
http://www4.wiwiss.fu-berlin.de/bizer/bsbm/v01/instances/dataFrom/Product5727;http://www4.wiwiss.fu-berlin.de/bizer/bsbm/v01/vocabulary/productFeature;http://www4.wiwiss.fu-berlin.de/bizer/bsbm/v01/instances/ProductFeature5101
http://www4.wiwiss.fu-berlin.de/bizer/bsbm/v01/instances/dataFrom/Product5727;http://www4.wiwiss.fu-berlin.de/bizer/bsbm/v01/vocabulary/productFeature;http://www4.wiwiss.fu-berlin.de/bizer/bsbm/v01/instances/ProductFeature5101
http://www4.wiwiss.fu-berlin.de/bizer/bsbm/v01/instances/dataFrom/Product5727;http://www4.wiwiss.fu-berlin.de/bizer/bsbm/v01/vocabulary/productFeature;http://www4.wiwiss.fu-berlin.de/bizer/bsbm/v01/instances/ProductFeature5101
http://www4.wiwiss.fu-berlin.de/bizer/bsbm/v01/instances/dataFrom/Product5727;http://www4.wiwiss.fu-berlin.de/bizer/bsbm/v01/vocabulary/productFeature;http://www4.wiwiss.fu-berlin.de/bizer/bsbm/v01/instances/ProductFeature5101
http://www4.wiwiss.fu-berlin.de/bizer/bsbm/v01/instances/dataFrom/Product5727;http://www4.wiwiss.fu-berlin.de/bizer/bsbm/v01/vocabulary/productFeature;http://www4.wiwiss.fu-berlin.de/bizer/bsbm/v01/instances/ProductFeature5101
http://www4.wiwiss.fu-berlin.de/bizer/bsbm/v01/instances/dataFrom/Product5727;http://www4.wiwiss.fu-berlin.de/bizer/bsbm/v01/vocabulary/productFeature;http://www4.wiwiss.fu-berlin.de/bizer/bsbm/v01/instances/ProductFeature5101
http://www4.wiwiss.fu-berlin.de/bizer/bsbm/v01/instances/dataFrom/Product5727;http://www4.wiwiss.fu-berlin.de/bizer/bsbm/v01/vocabulary/productFeature;http://www4.wiwiss.fu-berlin.de/bizer/bsbm/v01/instances/ProductFeature5101
http://www4.wiwiss.fu-berlin.de/bizer/bsbm/v01/instances/dataFrom/Product5727;http://www4.wiwiss.fu-berlin.de/bizer/bsbm/v01/vocabulary/productFeature;http://www4.wiwiss.fu-berlin.de/bizer/bsbm/v01/instances/ProductFeature5101
http://www4.wiwiss.fu-berlin.de/bizer/bsbm/v01/instances/dataFrom/Product5727;http://www4.wiwiss.fu-berlin.de/bizer/bsbm/v01/vocabulary/productFeature;http://www4.wiwiss.fu-berlin.de/bizer/bsbm/v01/instances/ProductFeature5101
http://www4.wiwiss.fu-berlin.de/bizer/bsbm/v01/instances/dataFrom/Product5727;http://www4.wiwiss.fu-berlin.de/bizer/bsbm/v01/vocabulary/productFeature;http://www4.wiwiss.fu-berlin.de/bizer/bsbm/v01/instances/ProductFeature5101
http://www4.wiwiss.fu-berlin.de/bizer/bsbm/v01/instances/dataFrom/Product5727;http://www4.wiwiss.fu-berlin.de/bizer/bsbm/v01/vocabulary/productFeature;http://www4.wiwiss.fu-berlin.de/bizer/bsbm/v01/instances/ProductFeature5101
http://www4.wiwiss.fu-berlin.de/bizer/bsbm/v01/instances/dataFrom/Product5727;http://www4.wiwiss.fu-berlin.de/bizer/bsbm/v01/vocabulary/productFeature;http://www4.wiwiss.fu-berlin.de/bizer/bsbm/v01/instances/ProductFeature5111
http://www4.wiwiss.fu-berlin.de/bizer/bsbm/v01/instances/dataFrom/Product5727;http://www4.wiwiss.fu-berlin.de/bizer/bsbm/v01/vocabulary/productFeature;http://www4.wiwiss.fu-berlin.de/bizer/bsbm/v01/instances/ProductFeature5111
http://www4.wiwiss.fu-berlin.de/bizer/bsbm/v01/instances/dataFrom/Product5727;http://www4.wiwiss.fu-berlin.de/bizer/bsbm/v01/vocabulary/productFeature;http://www4.wiwiss.fu-berlin.de/bizer/bsbm/v01/instances/ProductFeature5111
http://www4.wiwiss.fu-berlin.de/bizer/bsbm/v01/instances/dataFrom/Product5727;http://www4.wiwiss.fu-berlin.de/bizer/bsbm/v01/vocabulary/productFeature;http://www4.wiwiss.fu-berlin.de/bizer/bsbm/v01/instances/ProductFeature5111
http://www4.wiwiss.fu-berlin.de/bizer/bsbm/v01/instances/dataFrom/Product9009;http://www4.wiwiss.fu-berlin.de/bizer/bsbm/v01/vocabulary/productFeature;http://www4.wiwiss.fu-berlin.de/bizer/bsbm/v01/instances/ProductFeature5099
http://www4.wiwiss.fu-berlin.de/bizer/bsbm/v01/instances/dataFrom/Product9009;http://www4.wiwiss.fu-berlin.de/bizer/bsbm/v01/vocabulary/productFeature;http://www4.wiwiss.fu-berlin.de/bizer/bsbm/v01/instances/ProductFeature5099
http://www4.wiwiss.fu-berlin.de/bizer/bsbm/v01/instances/dataFrom/Product9009;http://www4.wiwiss.fu-berlin.de/bizer/bsbm/v01/vocabulary/productFeature;http://www4.wiwiss.fu-berlin.de/bizer/bsbm/v01/instances/ProductFeature5099
http://www4.wiwiss.fu-berlin.de/bizer/bsbm/v01/instances/dataFrom/Product9009;http://www4.wiwiss.fu-berlin.de/bizer/bsbm/v01/vocabulary/productFeature;http://www4.wiwiss.fu-berlin.de/bizer/bsbm/v01/instances/ProductFeature5099
http://www4.wiwiss.fu-berlin.de/bizer/bsbm/v01/instances/dataFrom/Product9009;http://www4.wiwiss.fu-berlin.de/bizer/bsbm/v01/vocabulary/productFeature;http://www4.wiwiss.fu-berlin.de/bizer/bsbm/v01/instances/ProductFeature5099
http://www4.wiwiss.fu-berlin.de/bizer/bsbm/v01/instances/dataFrom/Product9009;http://www4.wiwiss.fu-berlin.de/bizer/bsbm/v01/vocabulary/productFeature;http://www4.wiwiss.fu-berlin.de/bizer/bsbm/v01/instances/ProductFeature5099
http://www4.wiwiss.fu-berlin.de/bizer/bsbm/v01/instances/dataFrom/Product9009;http://www4.wiwiss.fu-berlin.de/bizer/bsbm/v01/vocabulary/productFeature;http://www4.wiwiss.fu-berlin.de/bizer/bsbm/v01/instances/ProductFeature5099
http://www4.wiwiss.fu-berlin.de/bizer/bsbm/v01/instances/dataFrom/Product9009;http://www4.wiwiss.fu-berlin.de/bizer/bsbm/v01/vocabulary/productFeature;http://www4.wiwiss.fu-berlin.de/bizer/bsbm/v01/instances/ProductFeature5099
http://www4.wiwiss.fu-berlin.de/bizer/bsbm/v01/instances/dataFrom/Product9009;http://www4.wiwiss.fu-berlin.de/bizer/bsbm/v01/vocabulary/productFeature;http://www4.wiwiss.fu-berlin.de/bizer/bsbm/v01/instances/ProductFeature5099
http://www4.wiwiss.fu-berlin.de/bizer/bsbm/v01/instances/dataFrom/Product9009;http://www4.wiwiss.fu-berlin.de/bizer/bsbm/v01/vocabulary/productFeature;http://www4.wiwiss.fu-berlin.de/bizer/bsbm/v01/instances/ProductFeature5101
http://www4.wiwiss.fu-berlin.de/bizer/bsbm/v01/instances/dataFrom/Product9009;http://www4.wiwiss.fu-berlin.de/bizer/bsbm/v01/vocabulary/productFeature;http://www4.wiwiss.fu-berlin.de/bizer/bsbm/v01/instances/ProductFeature5101
http://www4.wiwiss.fu-berlin.de/bizer/bsbm/v01/instances/dataFrom/Product9009;http://www4.wiwiss.fu-berlin.de/bizer/bsbm/v01/vocabulary/productFeature;http://www4.wiwiss.fu-berlin.de/bizer/bsbm/v01/instances/ProductFeature5101
http://www4.wiwiss.fu-berlin.de/bizer/bsbm/v01/instances/dataFrom/Product9009;http://www4.wiwiss.fu-berlin.de/bizer/bsbm/v01/vocabulary/productFeature;http://www4.wiwiss.fu-berlin.de/bizer/bsbm/v01/instances/ProductFeature5101
http://www4.wiwiss.fu-berlin.de/bizer/bsbm/v01/instances/dataFrom/Product9009;http://www4.wiwiss.fu-berlin.de/bizer/bsbm/v01/vocabulary/productFeature;http://www4.wiwiss.fu-berlin.de/bizer/bsbm/v01/instances/ProductFeature5101
http://www4.wiwiss.fu-berlin.de/bizer/bsbm/v01/instances/dataFrom/Product9009;http://www4.wiwiss.fu-berlin.de/bizer/bsbm/v01/vocabulary/productFeature;http://www4.wiwiss.fu-berlin.de/bizer/bsbm/v01/instances/ProductFeature5101
http://www4.wiwiss.fu-berlin.de/bizer/bsbm/v01/instances/dataFrom/Product9009;http://www4.wiwiss.fu-berlin.de/bizer/bsbm/v01/vocabulary/productFeature;http://www4.wiwiss.fu-berlin.de/bizer/bsbm/v01/instances/ProductFeature5101
http://www4.wiwiss.fu-berlin.de/bizer/bsbm/v01/instances/dataFrom/Product9009;http://www4.wiwiss.fu-berlin.de/bizer/bsbm/v01/vocabulary/productFeature;http://www4.wiwiss.fu-berlin.de/bizer/bsbm/v01/instances/ProductFeature5101
http://www4.wiwiss.fu-berlin.de/bizer/bsbm/v01/instances/dataFrom/Product9009;http://www4.wiwiss.fu-berlin.de/bizer/bsbm/v01/vocabulary/productFeature;http://www4.wiwiss.fu-berlin.de/bizer/bsbm/v01/instances/ProductFeature5101
http://www4.wiwiss.fu-berlin.de/bizer/bsbm/v01/instances/dataFrom/Product9009;http://www4.wiwiss.fu-berlin.de/bizer/bsbm/v01/vocabulary/productFeature;http://www4.wiwiss.fu-berlin.de/bizer/bsbm/v01/instances/ProductFeature5101
http://www4.wiwiss.fu-berlin.de/bizer/bsbm/v01/instances/dataFrom/Product9009;http://www4.wiwiss.fu-berlin.de/bizer/bsbm/v01/vocabulary/productFeature;http://www4.wiwiss.fu-berlin.de/bizer/bsbm/v01/instances/ProductFeature5101
http://www4.wiwiss.fu-berlin.de/bizer/bsbm/v01/instances/dataFrom/Product9009;http://www4.wiwiss.fu-berlin.de/bizer/bsbm/v01/vocabulary/productFeature;http://www4.wiwiss.fu-berlin.de/bizer/bsbm/v01/instances/ProductFeature5101
http://www4.wiwiss.fu-berlin.de/bizer/bsbm/v01/instances/dataFrom/Product9009;http://www4.wiwiss.fu-berlin.de/bizer/bsbm/v01/vocabulary/productFeature;http://www4.wiwiss.fu-berlin.de/bizer/bsbm/v01/instances/ProductFeature5111
http://www4.wiwiss.fu-berlin.de/bizer/bsbm/v01/instances/dataFrom/Product9009;http://www4.wiwiss.fu-berlin.de/bizer/bsbm/v01/vocabulary/productFeature;http://www4.wiwiss.fu-berlin.de/bizer/bsbm/v01/instances/ProductFeature5111
http://www4.wiwiss.fu-berlin.de/bizer/bsbm/v01/instances/dataFrom/Product9009;http://www4.wiwiss.fu-berlin.de/bizer/bsbm/v01/vocabulary/productFeature;http://www4.wiwiss.fu-berlin.de/bizer/bsbm/v01/instances/ProductFeature5111
http://www4.wiwiss.fu-berlin.de/bizer/bsbm/v01/instances/dataFrom/Product9009;http://www4.wiwiss.fu-berlin.de/bizer/bsbm/v01/vocabulary/productFeature;http://www4.wiwiss.fu-berlin.de/bizer/bsbm/v01/instances/ProductFeature5111
http://www4.wiwiss.fu-berlin.de/bizer/bsbm/v01/instances/dataFrom/Product9749;http://www4.wiwiss.fu-berlin.de/bizer/bsbm/v01/vocabulary/productFeature;http://www4.wiwiss.fu-berlin.de/bizer/bsbm/v01/instances/ProductFeature5099
http://www4.wiwiss.fu-berlin.de/bizer/bsbm/v01/instances/dataFrom/Product9749;http://www4.wiwiss.fu-berlin.de/bizer/bsbm/v01/vocabulary/productFeature;http://www4.wiwiss.fu-berlin.de/bizer/bsbm/v01/instances/ProductFeature5099
http://www4.wiwiss.fu-berlin.de/bizer/bsbm/v01/instances/dataFrom/Product9749;http://www4.wiwiss.fu-berlin.de/bizer/bsbm/v01/vocabulary/productFeature;http://www4.wiwiss.fu-berlin.de/bizer/bsbm/v01/instances/ProductFeature5099
http://www4.wiwiss.fu-berlin.de/bizer/bsbm/v01/instances/dataFrom/Product9749;http://www4.wiwiss.fu-berlin.de/bizer/bsbm/v01/vocabulary/productFeature;http://www4.wiwiss.fu-berlin.de/bizer/bsbm/v01/instances/ProductFeature5099
http://www4.wiwiss.fu-berlin.de/bizer/bsbm/v01/instances/dataFrom/Product9749;http://www4.wiwiss.fu-berlin.de/bizer/bsbm/v01/vocabulary/productFeature;http://www4.wiwiss.fu-berlin.de/bizer/bsbm/v01/instances/ProductFeature5099
http://www4.wiwiss.fu-berlin.de/bizer/bsbm/v01/instances/dataFrom/Product9749;http://www4.wiwiss.fu-berlin.de/bizer/bsbm/v01/vocabulary/productFeature;http://www4.wiwiss.fu-berlin.de/bizer/bsbm/v01/instances/ProductFeature5099
http://www4.wiwiss.fu-berlin.de/bizer/bsbm/v01/instances/dataFrom/Product9749;http://www4.wiwiss.fu-berlin.de/bizer/bsbm/v01/vocabulary/productFeature;http://www4.wiwiss.fu-berlin.de/bizer/bsbm/v01/instances/ProductFeature5099
http://www4.wiwiss.fu-berlin.de/bizer/bsbm/v01/instances/dataFrom/Product9749;http://www4.wiwiss.fu-berlin.de/bizer/bsbm/v01/vocabulary/productFeature;http://www4.wiwiss.fu-berlin.de/bizer/bsbm/v01/instances/ProductFeature5099
http://www4.wiwiss.fu-berlin.de/bizer/bsbm/v01/instances/dataFrom/Product9749;http://www4.wiwiss.fu-berlin.de/bizer/bsbm/v01/vocabulary/productFeature;http://www4.wiwiss.fu-berlin.de/bizer/bsbm/v01/instances/ProductFeature5099
http://www4.wiwiss.fu-berlin.de/bizer/bsbm/v01/instances/dataFrom/Product9749;http://www4.wiwiss.fu-berlin.de/bizer/bsbm/v01/vocabulary/productFeature;http://www4.wiwiss.fu-berlin.de/bizer/bsbm/v01/instances/ProductFeature5101
http://www4.wiwiss.fu-berlin.de/bizer/bsbm/v01/instances/dataFrom/Product9749;http://www4.wiwiss.fu-berlin.de/bizer/bsbm/v01/vocabulary/productFeature;http://www4.wiwiss.fu-berlin.de/bizer/bsbm/v01/instances/ProductFeature5101
http://www4.wiwiss.fu-berlin.de/bizer/bsbm/v01/instances/dataFrom/Product9749;http://www4.wiwiss.fu-berlin.de/bizer/bsbm/v01/vocabulary/productFeature;http://www4.wiwiss.fu-berlin.de/bizer/bsbm/v01/instances/ProductFeature5101
http://www4.wiwiss.fu-berlin.de/bizer/bsbm/v01/instances/dataFrom/Product9749;http://www4.wiwiss.fu-berlin.de/bizer/bsbm/v01/vocabulary/productFeature;http://www4.wiwiss.fu-berlin.de/bizer/bsbm/v01/instances/ProductFeature5101
http://www4.wiwiss.fu-berlin.de/bizer/bsbm/v01/instances/dataFrom/Product9749;http://www4.wiwiss.fu-berlin.de/bizer/bsbm/v01/vocabulary/productFeature;http://www4.wiwiss.fu-berlin.de/bizer/bsbm/v01/instances/ProductFeature5101
http://www4.wiwiss.fu-berlin.de/bizer/bsbm/v01/instances/dataFrom/Product9749;http://www4.wiwiss.fu-berlin.de/bizer/bsbm/v01/vocabulary/productFeature;http://www4.wiwiss.fu-berlin.de/bizer/bsbm/v01/instances/ProductFeature5101
http://www4.wiwiss.fu-berlin.de/bizer/bsbm/v01/instances/dataFrom/Product9749;http://www4.wiwiss.fu-berlin.de/bizer/bsbm/v01/vocabulary/productFeature;http://www4.wiwiss.fu-berlin.de/bizer/bsbm/v01/instances/ProductFeature5101
http://www4.wiwiss.fu-berlin.de/bizer/bsbm/v01/instances/dataFrom/Product9749;http://www4.wiwiss.fu-berlin.de/bizer/bsbm/v01/vocabulary/productFeature;http://www4.wiwiss.fu-berlin.de/bizer/bsbm/v01/instances/ProductFeature5101
http://www4.wiwiss.fu-berlin.de/bizer/bsbm/v01/instances/dataFrom/Product9749;http://www4.wiwiss.fu-berlin.de/bizer/bsbm/v01/vocabulary/productFeature;http://www4.wiwiss.fu-berlin.de/bizer/bsbm/v01/instances/ProductFeature5101
http://www4.wiwiss.fu-berlin.de/bizer/bsbm/v01/instances/dataFrom/Product9749;http://www4.wiwiss.fu-berlin.de/bizer/bsbm/v01/vocabulary/productFeature;http://www4.wiwiss.fu-berlin.de/bizer/bsbm/v01/instances/ProductFeature5101
http://www4.wiwiss.fu-berlin.de/bizer/bsbm/v01/instances/dataFrom/Product9749;http://www4.wiwiss.fu-berlin.de/bizer/bsbm/v01/vocabulary/productFeature;http://www4.wiwiss.fu-berlin.de/bizer/bsbm/v01/instances/ProductFeature5101
http://www4.wiwiss.fu-berlin.de/bizer/bsbm/v01/instances/dataFrom/Product9749;http://www4.wiwiss.fu-berlin.de/bizer/bsbm/v01/vocabulary/productFeature;http://www4.wiwiss.fu-berlin.de/bizer/bsbm/v01/instances/ProductFeature5101
http://www4.wiwiss.fu-berlin.de/bizer/bsbm/v01/instances/dataFrom/Product9749;http://www4.wiwiss.fu-berlin.de/bizer/bsbm/v01/vocabulary/productFeature;http://www4.wiwiss.fu-berlin.de/bizer/bsbm/v01/instances/ProductFeature5111
http://www4.wiwiss.fu-berlin.de/bizer/bsbm/v01/instances/dataFrom/Product9749;http://www4.wiwiss.fu-berlin.de/bizer/bsbm/v01/vocabulary/productFeature;http://www4.wiwiss.fu-berlin.de/bizer/bsbm/v01/instances/ProductFeature5111
http://www4.wiwiss.fu-berlin.de/bizer/bsbm/v01/instances/dataFrom/Product9749;http://www4.wiwiss.fu-berlin.de/bizer/bsbm/v01/vocabulary/productFeature;http://www4.wiwiss.fu-berlin.de/bizer/bsbm/v01/instances/ProductFeature5111
http://www4.wiwiss.fu-berlin.de/bizer/bsbm/v01/instances/dataFrom/Product9749;http://www4.wiwiss.fu-berlin.de/bizer/bsbm/v01/vocabulary/productFeature;http://www4.wiwiss.fu-berlin.de/bizer/bsbm/v01/instances/ProductFeature5111
http://www4.wiwiss.fu-berlin.de/bizer/bsbm/v01/instances/dataFrom/Product5507;http://www4.wiwiss.fu-berlin.de/bizer/bsbm/v01/vocabulary/productFeature;http://www4.wiwiss.fu-berlin.de/bizer/bsbm/v01/instances/ProductFeature5099
http://www4.wiwiss.fu-berlin.de/bizer/bsbm/v01/instances/dataFrom/Product5507;http://www4.wiwiss.fu-berlin.de/bizer/bsbm/v01/vocabulary/productFeature;http://www4.wiwiss.fu-berlin.de/bizer/bsbm/v01/instances/ProductFeature5099
http://www4.wiwiss.fu-berlin.de/bizer/bsbm/v01/instances/dataFrom/Product5507;http://www4.wiwiss.fu-berlin.de/bizer/bsbm/v01/vocabulary/productFeature;http://www4.wiwiss.fu-berlin.de/bizer/bsbm/v01/instances/ProductFeature5099
http://www4.wiwiss.fu-berlin.de/bizer/bsbm/v01/instances/dataFrom/Product5507;http://www4.wiwiss.fu-berlin.de/bizer/bsbm/v01/vocabulary/productFeature;http://www4.wiwiss.fu-berlin.de/bizer/bsbm/v01/instances/ProductFeature5099
http://www4.wiwiss.fu-berlin.de/bizer/bsbm/v01/instances/dataFrom/Product5507;http://www4.wiwiss.fu-berlin.de/bizer/bsbm/v01/vocabulary/productFeature;http://www4.wiwiss.fu-berlin.de/bizer/bsbm/v01/instances/ProductFeature5099
http://www4.wiwiss.fu-berlin.de/bizer/bsbm/v01/instances/dataFrom/Product5507;http://www4.wiwiss.fu-berlin.de/bizer/bsbm/v01/vocabulary/productFeature;http://www4.wiwiss.fu-berlin.de/bizer/bsbm/v01/instances/ProductFeature5099
http://www4.wiwiss.fu-berlin.de/bizer/bsbm/v01/instances/dataFrom/Product5507;http://www4.wiwiss.fu-berlin.de/bizer/bsbm/v01/vocabulary/productFeature;http://www4.wiwiss.fu-berlin.de/bizer/bsbm/v01/instances/ProductFeature5099
http://www4.wiwiss.fu-berlin.de/bizer/bsbm/v01/instances/dataFrom/Product5507;http://www4.wiwiss.fu-berlin.de/bizer/bsbm/v01/vocabulary/productFeature;http://www4.wiwiss.fu-berlin.de/bizer/bsbm/v01/instances/ProductFeature5099
http://www4.wiwiss.fu-berlin.de/bizer/bsbm/v01/instances/dataFrom/Product5507;http://www4.wiwiss.fu-berlin.de/bizer/bsbm/v01/vocabulary/productFeature;http://www4.wiwiss.fu-berlin.de/bizer/bsbm/v01/instances/ProductFeature5099
http://www4.wiwiss.fu-berlin.de/bizer/bsbm/v01/instances/dataFrom/Product5507;http://www4.wiwiss.fu-berlin.de/bizer/bsbm/v01/vocabulary/productFeature;http://www4.wiwiss.fu-berlin.de/bizer/bsbm/v01/instances/ProductFeature5101
http://www4.wiwiss.fu-berlin.de/bizer/bsbm/v01/instances/dataFrom/Product5507;http://www4.wiwiss.fu-berlin.de/bizer/bsbm/v01/vocabulary/productFeature;http://www4.wiwiss.fu-berlin.de/bizer/bsbm/v01/instances/ProductFeature5101
http://www4.wiwiss.fu-berlin.de/bizer/bsbm/v01/instances/dataFrom/Product5507;http://www4.wiwiss.fu-berlin.de/bizer/bsbm/v01/vocabulary/productFeature;http://www4.wiwiss.fu-berlin.de/bizer/bsbm/v01/instances/ProductFeature5101
http://www4.wiwiss.fu-berlin.de/bizer/bsbm/v01/instances/dataFrom/Product5507;http://www4.wiwiss.fu-berlin.de/bizer/bsbm/v01/vocabulary/productFeature;http://www4.wiwiss.fu-berlin.de/bizer/bsbm/v01/instances/ProductFeature5101
http://www4.wiwiss.fu-berlin.de/bizer/bsbm/v01/instances/dataFrom/Product5507;http://www4.wiwiss.fu-berlin.de/bizer/bsbm/v01/vocabulary/productFeature;http://www4.wiwiss.fu-berlin.de/bizer/bsbm/v01/instances/ProductFeature5101
http://www4.wiwiss.fu-berlin.de/bizer/bsbm/v01/instances/dataFrom/Product5507;http://www4.wiwiss.fu-berlin.de/bizer/bsbm/v01/vocabulary/productFeature;http://www4.wiwiss.fu-berlin.de/bizer/bsbm/v01/instances/ProductFeature5101
http://www4.wiwiss.fu-berlin.de/bizer/bsbm/v01/instances/dataFrom/Product5507;http://www4.wiwiss.fu-berlin.de/bizer/bsbm/v01/vocabulary/productFeature;http://www4.wiwiss.fu-berlin.de/bizer/bsbm/v01/instances/ProductFeature5101
http://www4.wiwiss.fu-berlin.de/bizer/bsbm/v01/instances/dataFrom/Product5507;http://www4.wiwiss.fu-berlin.de/bizer/bsbm/v01/vocabulary/productFeature;http://www4.wiwiss.fu-berlin.de/bizer/bsbm/v01/instances/ProductFeature5101
http://www4.wiwiss.fu-berlin.de/bizer/bsbm/v01/instances/dataFrom/Product5507;http://www4.wiwiss.fu-berlin.de/bizer/bsbm/v01/vocabulary/productFeature;http://www4.wiwiss.fu-berlin.de/bizer/bsbm/v01/instances/ProductFeature5101
http://www4.wiwiss.fu-berlin.de/bizer/bsbm/v01/instances/dataFrom/Product5507;http://www4.wiwiss.fu-berlin.de/bizer/bsbm/v01/vocabulary/productFeature;http://www4.wiwiss.fu-berlin.de/bizer/bsbm/v01/instances/ProductFeature5101
http://www4.wiwiss.fu-berlin.de/bizer/bsbm/v01/instances/dataFrom/Product5507;http://www4.wiwiss.fu-berlin.de/bizer/bsbm/v01/vocabulary/productFeature;http://www4.wiwiss.fu-berlin.de/bizer/bsbm/v01/instances/ProductFeature5101
http://www4.wiwiss.fu-berlin.de/bizer/bsbm/v01/instances/dataFrom/Product5507;http://www4.wiwiss.fu-berlin.de/bizer/bsbm/v01/vocabulary/productFeature;http://www4.wiwiss.fu-berlin.de/bizer/bsbm/v01/instances/ProductFeature5101
http://www4.wiwiss.fu-berlin.de/bizer/bsbm/v01/instances/dataFrom/Product5507;http://www4.wiwiss.fu-berlin.de/bizer/bsbm/v01/vocabulary/productFeature;http://www4.wiwiss.fu-berlin.de/bizer/bsbm/v01/instances/ProductFeature5111
http://www4.wiwiss.fu-berlin.de/bizer/bsbm/v01/instances/dataFrom/Product5507;http://www4.wiwiss.fu-berlin.de/bizer/bsbm/v01/vocabulary/productFeature;http://www4.wiwiss.fu-berlin.de/bizer/bsbm/v01/instances/ProductFeature5111
http://www4.wiwiss.fu-berlin.de/bizer/bsbm/v01/instances/dataFrom/Product5507;http://www4.wiwiss.fu-berlin.de/bizer/bsbm/v01/vocabulary/productFeature;http://www4.wiwiss.fu-berlin.de/bizer/bsbm/v01/instances/ProductFeature5111
http://www4.wiwiss.fu-berlin.de/bizer/bsbm/v01/instances/dataFrom/Product5507;http://www4.wiwiss.fu-berlin.de/bizer/bsbm/v01/vocabulary/productFeature;http://www4.wiwiss.fu-berlin.de/bizer/bsbm/v01/instances/ProductFeature5111
http://www4.wiwiss.fu-berlin.de/bizer/bsbm/v01/instances/dataFrom/Product392;http://www4.wiwiss.fu-berlin.de/bizer/bsbm/v01/vocabulary/productFeature;http://www4.wiwiss.fu-berlin.de/bizer/bsbm/v01/instances/ProductFeature5099
http://www4.wiwiss.fu-berlin.de/bizer/bsbm/v01/instances/dataFrom/Product392;http://www4.wiwiss.fu-berlin.de/bizer/bsbm/v01/vocabulary/productFeature;http://www4.wiwiss.fu-berlin.de/bizer/bsbm/v01/instances/ProductFeature5099
http://www4.wiwiss.fu-berlin.de/bizer/bsbm/v01/instances/dataFrom/Product392;http://www4.wiwiss.fu-berlin.de/bizer/bsbm/v01/vocabulary/productFeature;http://www4.wiwiss.fu-berlin.de/bizer/bsbm/v01/instances/ProductFeature5099
http://www4.wiwiss.fu-berlin.de/bizer/bsbm/v01/instances/dataFrom/Product392;http://www4.wiwiss.fu-berlin.de/bizer/bsbm/v01/vocabulary/productFeature;http://www4.wiwiss.fu-berlin.de/bizer/bsbm/v01/instances/ProductFeature5099
http://www4.wiwiss.fu-berlin.de/bizer/bsbm/v01/instances/dataFrom/Product392;http://www4.wiwiss.fu-berlin.de/bizer/bsbm/v01/vocabulary/productFeature;http://www4.wiwiss.fu-berlin.de/bizer/bsbm/v01/instances/ProductFeature5099
http://www4.wiwiss.fu-berlin.de/bizer/bsbm/v01/instances/dataFrom/Product392;http://www4.wiwiss.fu-berlin.de/bizer/bsbm/v01/vocabulary/productFeature;http://www4.wiwiss.fu-berlin.de/bizer/bsbm/v01/instances/ProductFeature5099
http://www4.wiwiss.fu-berlin.de/bizer/bsbm/v01/instances/dataFrom/Product392;http://www4.wiwiss.fu-berlin.de/bizer/bsbm/v01/vocabulary/productFeature;http://www4.wiwiss.fu-berlin.de/bizer/bsbm/v01/instances/ProductFeature5099
http://www4.wiwiss.fu-berlin.de/bizer/bsbm/v01/instances/dataFrom/Product392;http://www4.wiwiss.fu-berlin.de/bizer/bsbm/v01/vocabulary/productFeature;http://www4.wiwiss.fu-berlin.de/bizer/bsbm/v01/instances/ProductFeature5099
http://www4.wiwiss.fu-berlin.de/bizer/bsbm/v01/instances/dataFrom/Product392;http://www4.wiwiss.fu-berlin.de/bizer/bsbm/v01/vocabulary/productFeature;http://www4.wiwiss.fu-berlin.de/bizer/bsbm/v01/instances/ProductFeature5099
http://www4.wiwiss.fu-berlin.de/bizer/bsbm/v01/instances/dataFrom/Product392;http://www4.wiwiss.fu-berlin.de/bizer/bsbm/v01/vocabulary/productFeature;http://www4.wiwiss.fu-berlin.de/bizer/bsbm/v01/instances/ProductFeature5101
http://www4.wiwiss.fu-berlin.de/bizer/bsbm/v01/instances/dataFrom/Product392;http://www4.wiwiss.fu-berlin.de/bizer/bsbm/v01/vocabulary/productFeature;http://www4.wiwiss.fu-berlin.de/bizer/bsbm/v01/instances/ProductFeature5101
http://www4.wiwiss.fu-berlin.de/bizer/bsbm/v01/instances/dataFrom/Product392;http://www4.wiwiss.fu-berlin.de/bizer/bsbm/v01/vocabulary/productFeature;http://www4.wiwiss.fu-berlin.de/bizer/bsbm/v01/instances/ProductFeature5101
http://www4.wiwiss.fu-berlin.de/bizer/bsbm/v01/instances/dataFrom/Product392;http://www4.wiwiss.fu-berlin.de/bizer/bsbm/v01/vocabulary/productFeature;http://www4.wiwiss.fu-berlin.de/bizer/bsbm/v01/instances/ProductFeature5101
http://www4.wiwiss.fu-berlin.de/bizer/bsbm/v01/instances/dataFrom/Product392;http://www4.wiwiss.fu-berlin.de/bizer/bsbm/v01/vocabulary/productFeature;http://www4.wiwiss.fu-berlin.de/bizer/bsbm/v01/instances/ProductFeature5101
http://www4.wiwiss.fu-berlin.de/bizer/bsbm/v01/instances/dataFrom/Product392;http://www4.wiwiss.fu-berlin.de/bizer/bsbm/v01/vocabulary/productFeature;http://www4.wiwiss.fu-berlin.de/bizer/bsbm/v01/instances/ProductFeature5101
http://www4.wiwiss.fu-berlin.de/bizer/bsbm/v01/instances/dataFrom/Product392;http://www4.wiwiss.fu-berlin.de/bizer/bsbm/v01/vocabulary/productFeature;http://www4.wiwiss.fu-berlin.de/bizer/bsbm/v01/instances/ProductFeature5101
http://www4.wiwiss.fu-berlin.de/bizer/bsbm/v01/instances/dataFrom/Product392;http://www4.wiwiss.fu-berlin.de/bizer/bsbm/v01/vocabulary/productFeature;http://www4.wiwiss.fu-berlin.de/bizer/bsbm/v01/instances/ProductFeature5101
http://www4.wiwiss.fu-berlin.de/bizer/bsbm/v01/instances/dataFrom/Product392;http://www4.wiwiss.fu-berlin.de/bizer/bsbm/v01/vocabulary/productFeature;http://www4.wiwiss.fu-berlin.de/bizer/bsbm/v01/instances/ProductFeature5101
http://www4.wiwiss.fu-berlin.de/bizer/bsbm/v01/instances/dataFrom/Product392;http://www4.wiwiss.fu-berlin.de/bizer/bsbm/v01/vocabulary/productFeature;http://www4.wiwiss.fu-berlin.de/bizer/bsbm/v01/instances/ProductFeature5101
http://www4.wiwiss.fu-berlin.de/bizer/bsbm/v01/instances/dataFrom/Product392;http://www4.wiwiss.fu-berlin.de/bizer/bsbm/v01/vocabulary/productFeature;http://www4.wiwiss.fu-berlin.de/bizer/bsbm/v01/instances/ProductFeature5101
http://www4.wiwiss.fu-berlin.de/bizer/bsbm/v01/instances/dataFrom/Product392;http://www4.wiwiss.fu-berlin.de/bizer/bsbm/v01/vocabulary/productFeature;http://www4.wiwiss.fu-berlin.de/bizer/bsbm/v01/instances/ProductFeature5101
http://www4.wiwiss.fu-berlin.de/bizer/bsbm/v01/instances/dataFrom/Product392;http://www4.wiwiss.fu-berlin.de/bizer/bsbm/v01/vocabulary/productFeature;http://www4.wiwiss.fu-berlin.de/bizer/bsbm/v01/instances/ProductFeature5111
http://www4.wiwiss.fu-berlin.de/bizer/bsbm/v01/instances/dataFrom/Product392;http://www4.wiwiss.fu-berlin.de/bizer/bsbm/v01/vocabulary/productFeature;http://www4.wiwiss.fu-berlin.de/bizer/bsbm/v01/instances/ProductFeature5111
http://www4.wiwiss.fu-berlin.de/bizer/bsbm/v01/instances/dataFrom/Product392;http://www4.wiwiss.fu-berlin.de/bizer/bsbm/v01/vocabulary/productFeature;http://www4.wiwiss.fu-berlin.de/bizer/bsbm/v01/instances/ProductFeature5111
http://www4.wiwiss.fu-berlin.de/bizer/bsbm/v01/instances/dataFrom/Product392;http://www4.wiwiss.fu-berlin.de/bizer/bsbm/v01/vocabulary/productFeature;http://www4.wiwiss.fu-berlin.de/bizer/bsbm/v01/instances/ProductFeature5111
http://www4.wiwiss.fu-berlin.de/bizer/bsbm/v01/instances/dataFrom/Product9581;http://www4.wiwiss.fu-berlin.de/bizer/bsbm/v01/vocabulary/productFeature;http://www4.wiwiss.fu-berlin.de/bizer/bsbm/v01/instances/ProductFeature5099
http://www4.wiwiss.fu-berlin.de/bizer/bsbm/v01/instances/dataFrom/Product9581;http://www4.wiwiss.fu-berlin.de/bizer/bsbm/v01/vocabulary/productFeature;http://www4.wiwiss.fu-berlin.de/bizer/bsbm/v01/instances/ProductFeature5099
http://www4.wiwiss.fu-berlin.de/bizer/bsbm/v01/instances/dataFrom/Product9581;http://www4.wiwiss.fu-berlin.de/bizer/bsbm/v01/vocabulary/productFeature;http://www4.wiwiss.fu-berlin.de/bizer/bsbm/v01/instances/ProductFeature5099
http://www4.wiwiss.fu-berlin.de/bizer/bsbm/v01/instances/dataFrom/Product9581;http://www4.wiwiss.fu-berlin.de/bizer/bsbm/v01/vocabulary/productFeature;http://www4.wiwiss.fu-berlin.de/bizer/bsbm/v01/instances/ProductFeature5099
http://www4.wiwiss.fu-berlin.de/bizer/bsbm/v01/instances/dataFrom/Product9581;http://www4.wiwiss.fu-berlin.de/bizer/bsbm/v01/vocabulary/productFeature;http://www4.wiwiss.fu-berlin.de/bizer/bsbm/v01/instances/ProductFeature5099
http://www4.wiwiss.fu-berlin.de/bizer/bsbm/v01/instances/dataFrom/Product9581;http://www4.wiwiss.fu-berlin.de/bizer/bsbm/v01/vocabulary/productFeature;http://www4.wiwiss.fu-berlin.de/bizer/bsbm/v01/instances/ProductFeature5099
http://www4.wiwiss.fu-berlin.de/bizer/bsbm/v01/instances/dataFrom/Product9581;http://www4.wiwiss.fu-berlin.de/bizer/bsbm/v01/vocabulary/productFeature;http://www4.wiwiss.fu-berlin.de/bizer/bsbm/v01/instances/ProductFeature5099
http://www4.wiwiss.fu-berlin.de/bizer/bsbm/v01/instances/dataFrom/Product9581;http://www4.wiwiss.fu-berlin.de/bizer/bsbm/v01/vocabulary/productFeature;http://www4.wiwiss.fu-berlin.de/bizer/bsbm/v01/instances/ProductFeature5099
http://www4.wiwiss.fu-berlin.de/bizer/bsbm/v01/instances/dataFrom/Product9581;http://www4.wiwiss.fu-berlin.de/bizer/bsbm/v01/vocabulary/productFeature;http://www4.wiwiss.fu-berlin.de/bizer/bsbm/v01/instances/ProductFeature5099
http://www4.wiwiss.fu-berlin.de/bizer/bsbm/v01/instances/dataFrom/Product9581;http://www4.wiwiss.fu-berlin.de/bizer/bsbm/v01/vocabulary/productFeature;http://www4.wiwiss.fu-berlin.de/bizer/bsbm/v01/instances/ProductFeature5101
http://www4.wiwiss.fu-berlin.de/bizer/bsbm/v01/instances/dataFrom/Product9581;http://www4.wiwiss.fu-berlin.de/bizer/bsbm/v01/vocabulary/productFeature;http://www4.wiwiss.fu-berlin.de/bizer/bsbm/v01/instances/ProductFeature5101
http://www4.wiwiss.fu-berlin.de/bizer/bsbm/v01/instances/dataFrom/Product9581;http://www4.wiwiss.fu-berlin.de/bizer/bsbm/v01/vocabulary/productFeature;http://www4.wiwiss.fu-berlin.de/bizer/bsbm/v01/instances/ProductFeature5101
http://www4.wiwiss.fu-berlin.de/bizer/bsbm/v01/instances/dataFrom/Product9581;http://www4.wiwiss.fu-berlin.de/bizer/bsbm/v01/vocabulary/productFeature;http://www4.wiwiss.fu-berlin.de/bizer/bsbm/v01/instances/ProductFeature5101
http://www4.wiwiss.fu-berlin.de/bizer/bsbm/v01/instances/dataFrom/Product9581;http://www4.wiwiss.fu-berlin.de/bizer/bsbm/v01/vocabulary/productFeature;http://www4.wiwiss.fu-berlin.de/bizer/bsbm/v01/instances/ProductFeature5101
http://www4.wiwiss.fu-berlin.de/bizer/bsbm/v01/instances/dataFrom/Product9581;http://www4.wiwiss.fu-berlin.de/bizer/bsbm/v01/vocabulary/productFeature;http://www4.wiwiss.fu-berlin.de/bizer/bsbm/v01/instances/ProductFeature5101
http://www4.wiwiss.fu-berlin.de/bizer/bsbm/v01/instances/dataFrom/Product9581;http://www4.wiwiss.fu-berlin.de/bizer/bsbm/v01/vocabulary/productFeature;http://www4.wiwiss.fu-berlin.de/bizer/bsbm/v01/instances/ProductFeature5101
http://www4.wiwiss.fu-berlin.de/bizer/bsbm/v01/instances/dataFrom/Product9581;http://www4.wiwiss.fu-berlin.de/bizer/bsbm/v01/vocabulary/productFeature;http://www4.wiwiss.fu-berlin.de/bizer/bsbm/v01/instances/ProductFeature5101
http://www4.wiwiss.fu-berlin.de/bizer/bsbm/v01/instances/dataFrom/Product9581;http://www4.wiwiss.fu-berlin.de/bizer/bsbm/v01/vocabulary/productFeature;http://www4.wiwiss.fu-berlin.de/bizer/bsbm/v01/instances/ProductFeature5101
http://www4.wiwiss.fu-berlin.de/bizer/bsbm/v01/instances/dataFrom/Product9581;http://www4.wiwiss.fu-berlin.de/bizer/bsbm/v01/vocabulary/productFeature;http://www4.wiwiss.fu-berlin.de/bizer/bsbm/v01/instances/ProductFeature5101
http://www4.wiwiss.fu-berlin.de/bizer/bsbm/v01/instances/dataFrom/Product9581;http://www4.wiwiss.fu-berlin.de/bizer/bsbm/v01/vocabulary/productFeature;http://www4.wiwiss.fu-berlin.de/bizer/bsbm/v01/instances/ProductFeature5101
http://www4.wiwiss.fu-berlin.de/bizer/bsbm/v01/instances/dataFrom/Product9581;http://www4.wiwiss.fu-berlin.de/bizer/bsbm/v01/vocabulary/productFeature;http://www4.wiwiss.fu-berlin.de/bizer/bsbm/v01/instances/ProductFeature5101
http://www4.wiwiss.fu-berlin.de/bizer/bsbm/v01/instances/dataFrom/Product9581;http://www4.wiwiss.fu-berlin.de/bizer/bsbm/v01/vocabulary/productFeature;http://www4.wiwiss.fu-berlin.de/bizer/bsbm/v01/instances/ProductFeature5111
http://www4.wiwiss.fu-berlin.de/bizer/bsbm/v01/instances/dataFrom/Product9581;http://www4.wiwiss.fu-berlin.de/bizer/bsbm/v01/vocabulary/productFeature;http://www4.wiwiss.fu-berlin.de/bizer/bsbm/v01/instances/ProductFeature5111
http://www4.wiwiss.fu-berlin.de/bizer/bsbm/v01/instances/dataFrom/Product9581;http://www4.wiwiss.fu-berlin.de/bizer/bsbm/v01/vocabulary/productFeature;http://www4.wiwiss.fu-berlin.de/bizer/bsbm/v01/instances/ProductFeature5111
http://www4.wiwiss.fu-berlin.de/bizer/bsbm/v01/instances/dataFrom/Product9581;http://www4.wiwiss.fu-berlin.de/bizer/bsbm/v01/vocabulary/productFeature;http://www4.wiwiss.fu-berlin.de/bizer/bsbm/v01/instances/ProductFeature5111
http://www4.wiwiss.fu-berlin.de/bizer/bsbm/v01/instances/dataFrom/Product8615;http://www4.wiwiss.fu-berlin.de/bizer/bsbm/v01/vocabulary/productFeature;http://www4.wiwiss.fu-berlin.de/bizer/bsbm/v01/instances/ProductFeature5099
http://www4.wiwiss.fu-berlin.de/bizer/bsbm/v01/instances/dataFrom/Product8615;http://www4.wiwiss.fu-berlin.de/bizer/bsbm/v01/vocabulary/productFeature;http://www4.wiwiss.fu-berlin.de/bizer/bsbm/v01/instances/ProductFeature5099
http://www4.wiwiss.fu-berlin.de/bizer/bsbm/v01/instances/dataFrom/Product8615;http://www4.wiwiss.fu-berlin.de/bizer/bsbm/v01/vocabulary/productFeature;http://www4.wiwiss.fu-berlin.de/bizer/bsbm/v01/instances/ProductFeature5099
http://www4.wiwiss.fu-berlin.de/bizer/bsbm/v01/instances/dataFrom/Product8615;http://www4.wiwiss.fu-berlin.de/bizer/bsbm/v01/vocabulary/productFeature;http://www4.wiwiss.fu-berlin.de/bizer/bsbm/v01/instances/ProductFeature5099
http://www4.wiwiss.fu-berlin.de/bizer/bsbm/v01/instances/dataFrom/Product8615;http://www4.wiwiss.fu-berlin.de/bizer/bsbm/v01/vocabulary/productFeature;http://www4.wiwiss.fu-berlin.de/bizer/bsbm/v01/instances/ProductFeature5099
http://www4.wiwiss.fu-berlin.de/bizer/bsbm/v01/instances/dataFrom/Product8615;http://www4.wiwiss.fu-berlin.de/bizer/bsbm/v01/vocabulary/productFeature;http://www4.wiwiss.fu-berlin.de/bizer/bsbm/v01/instances/ProductFeature5099
http://www4.wiwiss.fu-berlin.de/bizer/bsbm/v01/instances/dataFrom/Product8615;http://www4.wiwiss.fu-berlin.de/bizer/bsbm/v01/vocabulary/productFeature;http://www4.wiwiss.fu-berlin.de/bizer/bsbm/v01/instances/ProductFeature5099
http://www4.wiwiss.fu-berlin.de/bizer/bsbm/v01/instances/dataFrom/Product8615;http://www4.wiwiss.fu-berlin.de/bizer/bsbm/v01/vocabulary/productFeature;http://www4.wiwiss.fu-berlin.de/bizer/bsbm/v01/instances/ProductFeature5099
http://www4.wiwiss.fu-berlin.de/bizer/bsbm/v01/instances/dataFrom/Product8615;http://www4.wiwiss.fu-berlin.de/bizer/bsbm/v01/vocabulary/productFeature;http://www4.wiwiss.fu-berlin.de/bizer/bsbm/v01/instances/ProductFeature5099
http://www4.wiwiss.fu-berlin.de/bizer/bsbm/v01/instances/dataFrom/Product8615;http://www4.wiwiss.fu-berlin.de/bizer/bsbm/v01/vocabulary/productFeature;http://www4.wiwiss.fu-berlin.de/bizer/bsbm/v01/instances/ProductFeature5101
http://www4.wiwiss.fu-berlin.de/bizer/bsbm/v01/instances/dataFrom/Product8615;http://www4.wiwiss.fu-berlin.de/bizer/bsbm/v01/vocabulary/productFeature;http://www4.wiwiss.fu-berlin.de/bizer/bsbm/v01/instances/ProductFeature5101
http://www4.wiwiss.fu-berlin.de/bizer/bsbm/v01/instances/dataFrom/Product8615;http://www4.wiwiss.fu-berlin.de/bizer/bsbm/v01/vocabulary/productFeature;http://www4.wiwiss.fu-berlin.de/bizer/bsbm/v01/instances/ProductFeature5101
http://www4.wiwiss.fu-berlin.de/bizer/bsbm/v01/instances/dataFrom/Product8615;http://www4.wiwiss.fu-berlin.de/bizer/bsbm/v01/vocabulary/productFeature;http://www4.wiwiss.fu-berlin.de/bizer/bsbm/v01/instances/ProductFeature5101
http://www4.wiwiss.fu-berlin.de/bizer/bsbm/v01/instances/dataFrom/Product8615;http://www4.wiwiss.fu-berlin.de/bizer/bsbm/v01/vocabulary/productFeature;http://www4.wiwiss.fu-berlin.de/bizer/bsbm/v01/instances/ProductFeature5101
http://www4.wiwiss.fu-berlin.de/bizer/bsbm/v01/instances/dataFrom/Product8615;http://www4.wiwiss.fu-berlin.de/bizer/bsbm/v01/vocabulary/productFeature;http://www4.wiwiss.fu-berlin.de/bizer/bsbm/v01/instances/ProductFeature5101
http://www4.wiwiss.fu-berlin.de/bizer/bsbm/v01/instances/dataFrom/Product8615;http://www4.wiwiss.fu-berlin.de/bizer/bsbm/v01/vocabulary/productFeature;http://www4.wiwiss.fu-berlin.de/bizer/bsbm/v01/instances/ProductFeature5101
http://www4.wiwiss.fu-berlin.de/bizer/bsbm/v01/instances/dataFrom/Product8615;http://www4.wiwiss.fu-berlin.de/bizer/bsbm/v01/vocabulary/productFeature;http://www4.wiwiss.fu-berlin.de/bizer/bsbm/v01/instances/ProductFeature5101
http://www4.wiwiss.fu-berlin.de/bizer/bsbm/v01/instances/dataFrom/Product8615;http://www4.wiwiss.fu-berlin.de/bizer/bsbm/v01/vocabulary/productFeature;http://www4.wiwiss.fu-berlin.de/bizer/bsbm/v01/instances/ProductFeature5101
http://www4.wiwiss.fu-berlin.de/bizer/bsbm/v01/instances/dataFrom/Product8615;http://www4.wiwiss.fu-berlin.de/bizer/bsbm/v01/vocabulary/productFeature;http://www4.wiwiss.fu-berlin.de/bizer/bsbm/v01/instances/ProductFeature5101
http://www4.wiwiss.fu-berlin.de/bizer/bsbm/v01/instances/dataFrom/Product8615;http://www4.wiwiss.fu-berlin.de/bizer/bsbm/v01/vocabulary/productFeature;http://www4.wiwiss.fu-berlin.de/bizer/bsbm/v01/instances/ProductFeature5101
http://www4.wiwiss.fu-berlin.de/bizer/bsbm/v01/instances/dataFrom/Product8615;http://www4.wiwiss.fu-berlin.de/bizer/bsbm/v01/vocabulary/productFeature;http://www4.wiwiss.fu-berlin.de/bizer/bsbm/v01/instances/ProductFeature5101
http://www4.wiwiss.fu-berlin.de/bizer/bsbm/v01/instances/dataFrom/Product8615;http://www4.wiwiss.fu-berlin.de/bizer/bsbm/v01/vocabulary/productFeature;http://www4.wiwiss.fu-berlin.de/bizer/bsbm/v01/instances/ProductFeature5111
http://www4.wiwiss.fu-berlin.de/bizer/bsbm/v01/instances/dataFrom/Product8615;http://www4.wiwiss.fu-berlin.de/bizer/bsbm/v01/vocabulary/productFeature;http://www4.wiwiss.fu-berlin.de/bizer/bsbm/v01/instances/ProductFeature5111
http://www4.wiwiss.fu-berlin.de/bizer/bsbm/v01/instances/dataFrom/Product8615;http://www4.wiwiss.fu-berlin.de/bizer/bsbm/v01/vocabulary/productFeature;http://www4.wiwiss.fu-berlin.de/bizer/bsbm/v01/instances/ProductFeature5111
http://www4.wiwiss.fu-berlin.de/bizer/bsbm/v01/instances/dataFrom/Product8615;http://www4.wiwiss.fu-berlin.de/bizer/bsbm/v01/vocabulary/productFeature;http://www4.wiwiss.fu-berlin.de/bizer/bsbm/v01/instances/ProductFeature5111
