http://www4.wiwiss.fu-berlin.de/bizer/bsbm/v01/instances/dataFrom/Product646;http://www.w3.org/1999/02/22-rdf-syntax-ns#type;http://www4.wiwiss.fu-berlin.de/bizer/bsbm/v01/vocabulary/Product
http://www4.wiwiss.fu-berlin.de/bizer/bsbm/v01/instances/dataFrom/Product646;http://www.w3.org/1999/02/22-rdf-syntax-ns#type;http://www4.wiwiss.fu-berlin.de/bizer/bsbm/v01/instances/ProductType79
http://www4.wiwiss.fu-berlin.de/bizer/bsbm/v01/instances/dataFrom/Product646;http://www.w3.org/2000/01/rdf-schema#label;valuation vindication
http://www4.wiwiss.fu-berlin.de/bizer/bsbm/v01/instances/dataFrom/Product646;http://www.w3.org/2000/01/rdf-schema#comment;vocational orangiest nances statal perique whinnier shipworms remorses storming tidiest deforesting trothing unslaked merged rooting revenging denuclearize outproduces prevailers obstructiveness badinaging prerecorded henrys bestrides elongates rounds basely splosh plucked fealties emulsifying nonviable cheekiest dugong warders thieved westernized delusionary satiated quiverers bullwhips bowered cruciate twangles shoplifter depravity polymerize slams reverencer smirched enveloped elicits eatings syllogistically discomforts bombs demeaned alders teratological forzandos bookmaking feministic logicize resharpened canvaslike spelt interspersed biotechnological razored clearing dumbwaiters amasser whackier reformated foyers preappearances blackballs cumulates grouped trembling halvahs ophthalmoscopy balkans lido imperilled advertently neckties genocidal reinfects nakedly imputes leukemic cuirassed sealable shocked hearings
http://www4.wiwiss.fu-berlin.de/bizer/bsbm/v01/instances/dataFrom/Product646;http://www4.wiwiss.fu-berlin.de/bizer/bsbm/v01/vocabulary/productPropertyNumeric1;755
http://www4.wiwiss.fu-berlin.de/bizer/bsbm/v01/instances/dataFrom/Product646;http://www4.wiwiss.fu-berlin.de/bizer/bsbm/v01/vocabulary/productPropertyNumeric2;1190
http://www4.wiwiss.fu-berlin.de/bizer/bsbm/v01/instances/dataFrom/Product646;http://www4.wiwiss.fu-berlin.de/bizer/bsbm/v01/vocabulary/productPropertyNumeric3;455
http://www4.wiwiss.fu-berlin.de/bizer/bsbm/v01/instances/dataFrom/Product646;http://www4.wiwiss.fu-berlin.de/bizer/bsbm/v01/vocabulary/productPropertyNumeric4;750
http://www4.wiwiss.fu-berlin.de/bizer/bsbm/v01/instances/dataFrom/Product646;http://www4.wiwiss.fu-berlin.de/bizer/bsbm/v01/vocabulary/productPropertyNumeric5;160
http://www4.wiwiss.fu-berlin.de/bizer/bsbm/v01/instances/dataFrom/Product646;http://www4.wiwiss.fu-berlin.de/bizer/bsbm/v01/vocabulary/productPropertyTextual1;demagogy grueler frettiest rotors hymenopterous phototherapies capelan gastroscopic sympathizing denunciations manifestly prevailingly liquids sexless garrote
http://www4.wiwiss.fu-berlin.de/bizer/bsbm/v01/instances/dataFrom/Product646;http://www4.wiwiss.fu-berlin.de/bizer/bsbm/v01/vocabulary/productPropertyTextual2;tainting socially kales impuissance kris blowsily saltcellar disciplines immemorially mincy oxhearts catamaran scavenger isostatically
http://www4.wiwiss.fu-berlin.de/bizer/bsbm/v01/instances/dataFrom/Product646;http://www4.wiwiss.fu-berlin.de/bizer/bsbm/v01/vocabulary/productPropertyTextual3;titulary payment careered slouching overdiligent
http://www4.wiwiss.fu-berlin.de/bizer/bsbm/v01/instances/dataFrom/Product646;http://www4.wiwiss.fu-berlin.de/bizer/bsbm/v01/vocabulary/productPropertyTextual4;obligator commenced trampolinists suborbital
http://www4.wiwiss.fu-berlin.de/bizer/bsbm/v01/instances/dataFrom/Product646;http://www4.wiwiss.fu-berlin.de/bizer/bsbm/v01/vocabulary/productPropertyTextual5;tollages effortlessness bookplates stirrups retractable leaner
http://www4.wiwiss.fu-berlin.de/bizer/bsbm/v01/instances/dataFrom/Product646;http://www4.wiwiss.fu-berlin.de/bizer/bsbm/v01/vocabulary/productFeature;http://www4.wiwiss.fu-berlin.de/bizer/bsbm/v01/instances/ProductFeature2404
http://www4.wiwiss.fu-berlin.de/bizer/bsbm/v01/instances/dataFrom/Product646;http://www4.wiwiss.fu-berlin.de/bizer/bsbm/v01/vocabulary/productFeature;http://www4.wiwiss.fu-berlin.de/bizer/bsbm/v01/instances/ProductFeature2406
http://www4.wiwiss.fu-berlin.de/bizer/bsbm/v01/instances/dataFrom/Product646;http://www4.wiwiss.fu-berlin.de/bizer/bsbm/v01/vocabulary/productFeature;http://www4.wiwiss.fu-berlin.de/bizer/bsbm/v01/instances/ProductFeature2410
http://www4.wiwiss.fu-berlin.de/bizer/bsbm/v01/instances/dataFrom/Product646;http://www4.wiwiss.fu-berlin.de/bizer/bsbm/v01/vocabulary/productFeature;http://www4.wiwiss.fu-berlin.de/bizer/bsbm/v01/instances/ProductFeature2412
http://www4.wiwiss.fu-berlin.de/bizer/bsbm/v01/instances/dataFrom/Product646;http://www4.wiwiss.fu-berlin.de/bizer/bsbm/v01/vocabulary/productFeature;http://www4.wiwiss.fu-berlin.de/bizer/bsbm/v01/instances/ProductFeature2415
http://www4.wiwiss.fu-berlin.de/bizer/bsbm/v01/instances/dataFrom/Product646;http://www4.wiwiss.fu-berlin.de/bizer/bsbm/v01/vocabulary/productFeature;http://www4.wiwiss.fu-berlin.de/bizer/bsbm/v01/instances/ProductFeature2430
http://www4.wiwiss.fu-berlin.de/bizer/bsbm/v01/instances/dataFrom/Product646;http://www4.wiwiss.fu-berlin.de/bizer/bsbm/v01/vocabulary/productFeature;http://www4.wiwiss.fu-berlin.de/bizer/bsbm/v01/instances/ProductFeature2435
http://www4.wiwiss.fu-berlin.de/bizer/bsbm/v01/instances/dataFrom/Product646;http://www4.wiwiss.fu-berlin.de/bizer/bsbm/v01/vocabulary/productFeature;http://www4.wiwiss.fu-berlin.de/bizer/bsbm/v01/instances/ProductFeature441
http://www4.wiwiss.fu-berlin.de/bizer/bsbm/v01/instances/dataFrom/Product646;http://www4.wiwiss.fu-berlin.de/bizer/bsbm/v01/vocabulary/productFeature;http://www4.wiwiss.fu-berlin.de/bizer/bsbm/v01/instances/ProductFeature442
http://www4.wiwiss.fu-berlin.de/bizer/bsbm/v01/instances/dataFrom/Product646;http://www4.wiwiss.fu-berlin.de/bizer/bsbm/v01/vocabulary/productFeature;http://www4.wiwiss.fu-berlin.de/bizer/bsbm/v01/instances/ProductFeature445
http://www4.wiwiss.fu-berlin.de/bizer/bsbm/v01/instances/dataFrom/Product646;http://www4.wiwiss.fu-berlin.de/bizer/bsbm/v01/vocabulary/productFeature;http://www4.wiwiss.fu-berlin.de/bizer/bsbm/v01/instances/ProductFeature453
http://www4.wiwiss.fu-berlin.de/bizer/bsbm/v01/instances/dataFrom/Product646;http://www4.wiwiss.fu-berlin.de/bizer/bsbm/v01/vocabulary/productFeature;http://www4.wiwiss.fu-berlin.de/bizer/bsbm/v01/instances/ProductFeature457
http://www4.wiwiss.fu-berlin.de/bizer/bsbm/v01/instances/dataFrom/Product646;http://www4.wiwiss.fu-berlin.de/bizer/bsbm/v01/vocabulary/productFeature;http://www4.wiwiss.fu-berlin.de/bizer/bsbm/v01/instances/ProductFeature458
http://www4.wiwiss.fu-berlin.de/bizer/bsbm/v01/instances/dataFrom/Product646;http://www4.wiwiss.fu-berlin.de/bizer/bsbm/v01/vocabulary/productFeature;http://www4.wiwiss.fu-berlin.de/bizer/bsbm/v01/instances/ProductFeature460
http://www4.wiwiss.fu-berlin.de/bizer/bsbm/v01/instances/dataFrom/Product646;http://www4.wiwiss.fu-berlin.de/bizer/bsbm/v01/vocabulary/productFeature;http://www4.wiwiss.fu-berlin.de/bizer/bsbm/v01/instances/ProductFeature469
http://www4.wiwiss.fu-berlin.de/bizer/bsbm/v01/instances/dataFrom/Product646;http://www4.wiwiss.fu-berlin.de/bizer/bsbm/v01/vocabulary/productFeature;http://www4.wiwiss.fu-berlin.de/bizer/bsbm/v01/instances/ProductFeature24
http://www4.wiwiss.fu-berlin.de/bizer/bsbm/v01/instances/dataFrom/Product646;http://www4.wiwiss.fu-berlin.de/bizer/bsbm/v01/vocabulary/productFeature;http://www4.wiwiss.fu-berlin.de/bizer/bsbm/v01/instances/ProductFeature28
http://www4.wiwiss.fu-berlin.de/bizer/bsbm/v01/instances/dataFrom/Product646;http://www4.wiwiss.fu-berlin.de/bizer/bsbm/v01/vocabulary/productFeature;http://www4.wiwiss.fu-berlin.de/bizer/bsbm/v01/instances/ProductFeature30
http://www4.wiwiss.fu-berlin.de/bizer/bsbm/v01/instances/dataFrom/Product646;http://www4.wiwiss.fu-berlin.de/bizer/bsbm/v01/vocabulary/productFeature;http://www4.wiwiss.fu-berlin.de/bizer/bsbm/v01/instances/ProductFeature33
http://www4.wiwiss.fu-berlin.de/bizer/bsbm/v01/instances/dataFrom/Product646;http://www4.wiwiss.fu-berlin.de/bizer/bsbm/v01/vocabulary/productFeature;http://www4.wiwiss.fu-berlin.de/bizer/bsbm/v01/instances/ProductFeature37
http://www4.wiwiss.fu-berlin.de/bizer/bsbm/v01/instances/dataFrom/Product646;http://www4.wiwiss.fu-berlin.de/bizer/bsbm/v01/vocabulary/producer;http://www4.wiwiss.fu-berlin.de/bizer/bsbm/v01/instances/dataFromProducer19/Producer19
http://www4.wiwiss.fu-berlin.de/bizer/bsbm/v01/instances/dataFrom/Product646;http://purl.org/dc/elements/1.1/publisher;http://www4.wiwiss.fu-berlin.de/bizer/bsbm/v01/instances/dataFromProducer19/Producer19
http://www4.wiwiss.fu-berlin.de/bizer/bsbm/v01/instances/dataFrom/Product646;http://purl.org/dc/elements/1.1/date;2003-02-14
http://www4.wiwiss.fu-berlin.de/bizer/bsbm/v01/instances/dataFrom/Product999;http://www.w3.org/1999/02/22-rdf-syntax-ns#type;http://www4.wiwiss.fu-berlin.de/bizer/bsbm/v01/vocabulary/Product
http://www4.wiwiss.fu-berlin.de/bizer/bsbm/v01/instances/dataFrom/Product999;http://www.w3.org/1999/02/22-rdf-syntax-ns#type;http://www4.wiwiss.fu-berlin.de/bizer/bsbm/v01/instances/ProductType79
http://www4.wiwiss.fu-berlin.de/bizer/bsbm/v01/instances/dataFrom/Product999;http://www.w3.org/2000/01/rdf-schema#label;valuation vindication
http://www4.wiwiss.fu-berlin.de/bizer/bsbm/v01/instances/dataFrom/Product999;http://www.w3.org/2000/01/rdf-schema#comment;vocational orangiest nances statal perique whinnier shipworms remorses storming tidiest deforesting trothing unslaked merged rooting revenging denuclearize outproduces prevailers obstructiveness badinaging prerecorded henrys bestrides elongates rounds basely splosh plucked fealties emulsifying nonviable cheekiest dugong warders thieved westernized delusionary satiated quiverers bullwhips bowered cruciate twangles shoplifter depravity polymerize slams reverencer smirched enveloped elicits eatings syllogistically discomforts bombs demeaned alders teratological forzandos bookmaking feministic logicize resharpened canvaslike spelt interspersed biotechnological razored clearing dumbwaiters amasser whackier reformated foyers preappearances blackballs cumulates grouped trembling halvahs ophthalmoscopy balkans lido imperilled advertently neckties genocidal reinfects nakedly imputes leukemic cuirassed sealable shocked hearings
http://www4.wiwiss.fu-berlin.de/bizer/bsbm/v01/instances/dataFrom/Product999;http://www4.wiwiss.fu-berlin.de/bizer/bsbm/v01/vocabulary/productPropertyNumeric1;755
http://www4.wiwiss.fu-berlin.de/bizer/bsbm/v01/instances/dataFrom/Product999;http://www4.wiwiss.fu-berlin.de/bizer/bsbm/v01/vocabulary/productPropertyNumeric2;1190
http://www4.wiwiss.fu-berlin.de/bizer/bsbm/v01/instances/dataFrom/Product999;http://www4.wiwiss.fu-berlin.de/bizer/bsbm/v01/vocabulary/productPropertyNumeric3;455
http://www4.wiwiss.fu-berlin.de/bizer/bsbm/v01/instances/dataFrom/Product999;http://www4.wiwiss.fu-berlin.de/bizer/bsbm/v01/vocabulary/productPropertyNumeric4;750
http://www4.wiwiss.fu-berlin.de/bizer/bsbm/v01/instances/dataFrom/Product999;http://www4.wiwiss.fu-berlin.de/bizer/bsbm/v01/vocabulary/productPropertyNumeric5;160
http://www4.wiwiss.fu-berlin.de/bizer/bsbm/v01/instances/dataFrom/Product999;http://www4.wiwiss.fu-berlin.de/bizer/bsbm/v01/vocabulary/productPropertyTextual1;demagogy grueler frettiest rotors hymenopterous phototherapies capelan gastroscopic sympathizing denunciations manifestly prevailingly liquids sexless garrote
http://www4.wiwiss.fu-berlin.de/bizer/bsbm/v01/instances/dataFrom/Product999;http://www4.wiwiss.fu-berlin.de/bizer/bsbm/v01/vocabulary/productPropertyTextual2;tainting socially kales impuissance kris blowsily saltcellar disciplines immemorially mincy oxhearts catamaran scavenger isostatically
http://www4.wiwiss.fu-berlin.de/bizer/bsbm/v01/instances/dataFrom/Product999;http://www4.wiwiss.fu-berlin.de/bizer/bsbm/v01/vocabulary/productPropertyTextual3;titulary payment careered slouching overdiligent
http://www4.wiwiss.fu-berlin.de/bizer/bsbm/v01/instances/dataFrom/Product999;http://www4.wiwiss.fu-berlin.de/bizer/bsbm/v01/vocabulary/productPropertyTextual4;obligator commenced trampolinists suborbital
http://www4.wiwiss.fu-berlin.de/bizer/bsbm/v01/instances/dataFrom/Product999;http://www4.wiwiss.fu-berlin.de/bizer/bsbm/v01/vocabulary/productPropertyTextual5;tollages effortlessness bookplates stirrups retractable leaner
http://www4.wiwiss.fu-berlin.de/bizer/bsbm/v01/instances/dataFrom/Product999;http://www4.wiwiss.fu-berlin.de/bizer/bsbm/v01/vocabulary/productFeature;http://www4.wiwiss.fu-berlin.de/bizer/bsbm/v01/instances/ProductFeature2404
http://www4.wiwiss.fu-berlin.de/bizer/bsbm/v01/instances/dataFrom/Product999;http://www4.wiwiss.fu-berlin.de/bizer/bsbm/v01/vocabulary/productFeature;http://www4.wiwiss.fu-berlin.de/bizer/bsbm/v01/instances/ProductFeature2406
http://www4.wiwiss.fu-berlin.de/bizer/bsbm/v01/instances/dataFrom/Product999;http://www4.wiwiss.fu-berlin.de/bizer/bsbm/v01/vocabulary/productFeature;http://www4.wiwiss.fu-berlin.de/bizer/bsbm/v01/instances/ProductFeature2410
http://www4.wiwiss.fu-berlin.de/bizer/bsbm/v01/instances/dataFrom/Product999;http://www4.wiwiss.fu-berlin.de/bizer/bsbm/v01/vocabulary/productFeature;http://www4.wiwiss.fu-berlin.de/bizer/bsbm/v01/instances/ProductFeature2412
http://www4.wiwiss.fu-berlin.de/bizer/bsbm/v01/instances/dataFrom/Product999;http://www4.wiwiss.fu-berlin.de/bizer/bsbm/v01/vocabulary/productFeature;http://www4.wiwiss.fu-berlin.de/bizer/bsbm/v01/instances/ProductFeature2415
http://www4.wiwiss.fu-berlin.de/bizer/bsbm/v01/instances/dataFrom/Product999;http://www4.wiwiss.fu-berlin.de/bizer/bsbm/v01/vocabulary/productFeature;http://www4.wiwiss.fu-berlin.de/bizer/bsbm/v01/instances/ProductFeature2430
http://www4.wiwiss.fu-berlin.de/bizer/bsbm/v01/instances/dataFrom/Product999;http://www4.wiwiss.fu-berlin.de/bizer/bsbm/v01/vocabulary/productFeature;http://www4.wiwiss.fu-berlin.de/bizer/bsbm/v01/instances/ProductFeature2435
http://www4.wiwiss.fu-berlin.de/bizer/bsbm/v01/instances/dataFrom/Product999;http://www4.wiwiss.fu-berlin.de/bizer/bsbm/v01/vocabulary/productFeature;http://www4.wiwiss.fu-berlin.de/bizer/bsbm/v01/instances/ProductFeature441
http://www4.wiwiss.fu-berlin.de/bizer/bsbm/v01/instances/dataFrom/Product999;http://www4.wiwiss.fu-berlin.de/bizer/bsbm/v01/vocabulary/productFeature;http://www4.wiwiss.fu-berlin.de/bizer/bsbm/v01/instances/ProductFeature442
http://www4.wiwiss.fu-berlin.de/bizer/bsbm/v01/instances/dataFrom/Product999;http://www4.wiwiss.fu-berlin.de/bizer/bsbm/v01/vocabulary/productFeature;http://www4.wiwiss.fu-berlin.de/bizer/bsbm/v01/instances/ProductFeature445
http://www4.wiwiss.fu-berlin.de/bizer/bsbm/v01/instances/dataFrom/Product999;http://www4.wiwiss.fu-berlin.de/bizer/bsbm/v01/vocabulary/productFeature;http://www4.wiwiss.fu-berlin.de/bizer/bsbm/v01/instances/ProductFeature453
http://www4.wiwiss.fu-berlin.de/bizer/bsbm/v01/instances/dataFrom/Product999;http://www4.wiwiss.fu-berlin.de/bizer/bsbm/v01/vocabulary/productFeature;http://www4.wiwiss.fu-berlin.de/bizer/bsbm/v01/instances/ProductFeature457
http://www4.wiwiss.fu-berlin.de/bizer/bsbm/v01/instances/dataFrom/Product999;http://www4.wiwiss.fu-berlin.de/bizer/bsbm/v01/vocabulary/productFeature;http://www4.wiwiss.fu-berlin.de/bizer/bsbm/v01/instances/ProductFeature458
http://www4.wiwiss.fu-berlin.de/bizer/bsbm/v01/instances/dataFrom/Product999;http://www4.wiwiss.fu-berlin.de/bizer/bsbm/v01/vocabulary/productFeature;http://www4.wiwiss.fu-berlin.de/bizer/bsbm/v01/instances/ProductFeature460
http://www4.wiwiss.fu-berlin.de/bizer/bsbm/v01/instances/dataFrom/Product999;http://www4.wiwiss.fu-berlin.de/bizer/bsbm/v01/vocabulary/productFeature;http://www4.wiwiss.fu-berlin.de/bizer/bsbm/v01/instances/ProductFeature469
http://www4.wiwiss.fu-berlin.de/bizer/bsbm/v01/instances/dataFrom/Product999;http://www4.wiwiss.fu-berlin.de/bizer/bsbm/v01/vocabulary/productFeature;http://www4.wiwiss.fu-berlin.de/bizer/bsbm/v01/instances/ProductFeature24
http://www4.wiwiss.fu-berlin.de/bizer/bsbm/v01/instances/dataFrom/Product999;http://www4.wiwiss.fu-berlin.de/bizer/bsbm/v01/vocabulary/productFeature;http://www4.wiwiss.fu-berlin.de/bizer/bsbm/v01/instances/ProductFeature28
http://www4.wiwiss.fu-berlin.de/bizer/bsbm/v01/instances/dataFrom/Product999;http://www4.wiwiss.fu-berlin.de/bizer/bsbm/v01/vocabulary/productFeature;http://www4.wiwiss.fu-berlin.de/bizer/bsbm/v01/instances/ProductFeature30
http://www4.wiwiss.fu-berlin.de/bizer/bsbm/v01/instances/dataFrom/Product999;http://www4.wiwiss.fu-berlin.de/bizer/bsbm/v01/vocabulary/productFeature;http://www4.wiwiss.fu-berlin.de/bizer/bsbm/v01/instances/ProductFeature33
http://www4.wiwiss.fu-berlin.de/bizer/bsbm/v01/instances/dataFrom/Product999;http://www4.wiwiss.fu-berlin.de/bizer/bsbm/v01/vocabulary/productFeature;http://www4.wiwiss.fu-berlin.de/bizer/bsbm/v01/instances/ProductFeature37
http://www4.wiwiss.fu-berlin.de/bizer/bsbm/v01/instances/dataFrom/Product999;http://www4.wiwiss.fu-berlin.de/bizer/bsbm/v01/vocabulary/producer;http://www4.wiwiss.fu-berlin.de/bizer/bsbm/v01/instances/dataFromProducer19/Producer19
http://www4.wiwiss.fu-berlin.de/bizer/bsbm/v01/instances/dataFrom/Product999;http://purl.org/dc/elements/1.1/publisher;http://www4.wiwiss.fu-berlin.de/bizer/bsbm/v01/instances/dataFromProducer19/Producer19
http://www4.wiwiss.fu-berlin.de/bizer/bsbm/v01/instances/dataFrom/Product999;http://purl.org/dc/elements/1.1/date;2003-02-14
http://www4.wiwiss.fu-berlin.de/bizer/bsbm/v01/instances/dataFrom/Product731;http://www.w3.org/1999/02/22-rdf-syntax-ns#type;http://www4.wiwiss.fu-berlin.de/bizer/bsbm/v01/vocabulary/Product
http://www4.wiwiss.fu-berlin.de/bizer/bsbm/v01/instances/dataFrom/Product731;http://www.w3.org/1999/02/22-rdf-syntax-ns#type;http://www4.wiwiss.fu-berlin.de/bizer/bsbm/v01/instances/ProductType79
http://www4.wiwiss.fu-berlin.de/bizer/bsbm/v01/instances/dataFrom/Product731;http://www.w3.org/2000/01/rdf-schema#label;valuation vindication
http://www4.wiwiss.fu-berlin.de/bizer/bsbm/v01/instances/dataFrom/Product731;http://www.w3.org/2000/01/rdf-schema#comment;vocational orangiest nances statal perique whinnier shipworms remorses storming tidiest deforesting trothing unslaked merged rooting revenging denuclearize outproduces prevailers obstructiveness badinaging prerecorded henrys bestrides elongates rounds basely splosh plucked fealties emulsifying nonviable cheekiest dugong warders thieved westernized delusionary satiated quiverers bullwhips bowered cruciate twangles shoplifter depravity polymerize slams reverencer smirched enveloped elicits eatings syllogistically discomforts bombs demeaned alders teratological forzandos bookmaking feministic logicize resharpened canvaslike spelt interspersed biotechnological razored clearing dumbwaiters amasser whackier reformated foyers preappearances blackballs cumulates grouped trembling halvahs ophthalmoscopy balkans lido imperilled advertently neckties genocidal reinfects nakedly imputes leukemic cuirassed sealable shocked hearings
http://www4.wiwiss.fu-berlin.de/bizer/bsbm/v01/instances/dataFrom/Product731;http://www4.wiwiss.fu-berlin.de/bizer/bsbm/v01/vocabulary/productPropertyNumeric1;755
http://www4.wiwiss.fu-berlin.de/bizer/bsbm/v01/instances/dataFrom/Product731;http://www4.wiwiss.fu-berlin.de/bizer/bsbm/v01/vocabulary/productPropertyNumeric2;1190
http://www4.wiwiss.fu-berlin.de/bizer/bsbm/v01/instances/dataFrom/Product731;http://www4.wiwiss.fu-berlin.de/bizer/bsbm/v01/vocabulary/productPropertyNumeric3;455
http://www4.wiwiss.fu-berlin.de/bizer/bsbm/v01/instances/dataFrom/Product731;http://www4.wiwiss.fu-berlin.de/bizer/bsbm/v01/vocabulary/productPropertyNumeric4;750
http://www4.wiwiss.fu-berlin.de/bizer/bsbm/v01/instances/dataFrom/Product731;http://www4.wiwiss.fu-berlin.de/bizer/bsbm/v01/vocabulary/productPropertyNumeric5;160
http://www4.wiwiss.fu-berlin.de/bizer/bsbm/v01/instances/dataFrom/Product731;http://www4.wiwiss.fu-berlin.de/bizer/bsbm/v01/vocabulary/productPropertyTextual1;demagogy grueler frettiest rotors hymenopterous phototherapies capelan gastroscopic sympathizing denunciations manifestly prevailingly liquids sexless garrote
http://www4.wiwiss.fu-berlin.de/bizer/bsbm/v01/instances/dataFrom/Product731;http://www4.wiwiss.fu-berlin.de/bizer/bsbm/v01/vocabulary/productPropertyTextual2;tainting socially kales impuissance kris blowsily saltcellar disciplines immemorially mincy oxhearts catamaran scavenger isostatically
http://www4.wiwiss.fu-berlin.de/bizer/bsbm/v01/instances/dataFrom/Product731;http://www4.wiwiss.fu-berlin.de/bizer/bsbm/v01/vocabulary/productPropertyTextual3;titulary payment careered slouching overdiligent
http://www4.wiwiss.fu-berlin.de/bizer/bsbm/v01/instances/dataFrom/Product731;http://www4.wiwiss.fu-berlin.de/bizer/bsbm/v01/vocabulary/productPropertyTextual4;obligator commenced trampolinists suborbital
http://www4.wiwiss.fu-berlin.de/bizer/bsbm/v01/instances/dataFrom/Product731;http://www4.wiwiss.fu-berlin.de/bizer/bsbm/v01/vocabulary/productPropertyTextual5;tollages effortlessness bookplates stirrups retractable leaner
http://www4.wiwiss.fu-berlin.de/bizer/bsbm/v01/instances/dataFrom/Product731;http://www4.wiwiss.fu-berlin.de/bizer/bsbm/v01/vocabulary/productFeature;http://www4.wiwiss.fu-berlin.de/bizer/bsbm/v01/instances/ProductFeature2404
http://www4.wiwiss.fu-berlin.de/bizer/bsbm/v01/instances/dataFrom/Product731;http://www4.wiwiss.fu-berlin.de/bizer/bsbm/v01/vocabulary/productFeature;http://www4.wiwiss.fu-berlin.de/bizer/bsbm/v01/instances/ProductFeature2406
http://www4.wiwiss.fu-berlin.de/bizer/bsbm/v01/instances/dataFrom/Product731;http://www4.wiwiss.fu-berlin.de/bizer/bsbm/v01/vocabulary/productFeature;http://www4.wiwiss.fu-berlin.de/bizer/bsbm/v01/instances/ProductFeature2410
http://www4.wiwiss.fu-berlin.de/bizer/bsbm/v01/instances/dataFrom/Product731;http://www4.wiwiss.fu-berlin.de/bizer/bsbm/v01/vocabulary/productFeature;http://www4.wiwiss.fu-berlin.de/bizer/bsbm/v01/instances/ProductFeature2412
http://www4.wiwiss.fu-berlin.de/bizer/bsbm/v01/instances/dataFrom/Product731;http://www4.wiwiss.fu-berlin.de/bizer/bsbm/v01/vocabulary/productFeature;http://www4.wiwiss.fu-berlin.de/bizer/bsbm/v01/instances/ProductFeature2415
http://www4.wiwiss.fu-berlin.de/bizer/bsbm/v01/instances/dataFrom/Product731;http://www4.wiwiss.fu-berlin.de/bizer/bsbm/v01/vocabulary/productFeature;http://www4.wiwiss.fu-berlin.de/bizer/bsbm/v01/instances/ProductFeature2430
http://www4.wiwiss.fu-berlin.de/bizer/bsbm/v01/instances/dataFrom/Product731;http://www4.wiwiss.fu-berlin.de/bizer/bsbm/v01/vocabulary/productFeature;http://www4.wiwiss.fu-berlin.de/bizer/bsbm/v01/instances/ProductFeature2435
http://www4.wiwiss.fu-berlin.de/bizer/bsbm/v01/instances/dataFrom/Product731;http://www4.wiwiss.fu-berlin.de/bizer/bsbm/v01/vocabulary/productFeature;http://www4.wiwiss.fu-berlin.de/bizer/bsbm/v01/instances/ProductFeature441
http://www4.wiwiss.fu-berlin.de/bizer/bsbm/v01/instances/dataFrom/Product731;http://www4.wiwiss.fu-berlin.de/bizer/bsbm/v01/vocabulary/productFeature;http://www4.wiwiss.fu-berlin.de/bizer/bsbm/v01/instances/ProductFeature442
http://www4.wiwiss.fu-berlin.de/bizer/bsbm/v01/instances/dataFrom/Product731;http://www4.wiwiss.fu-berlin.de/bizer/bsbm/v01/vocabulary/productFeature;http://www4.wiwiss.fu-berlin.de/bizer/bsbm/v01/instances/ProductFeature445
http://www4.wiwiss.fu-berlin.de/bizer/bsbm/v01/instances/dataFrom/Product731;http://www4.wiwiss.fu-berlin.de/bizer/bsbm/v01/vocabulary/productFeature;http://www4.wiwiss.fu-berlin.de/bizer/bsbm/v01/instances/ProductFeature453
http://www4.wiwiss.fu-berlin.de/bizer/bsbm/v01/instances/dataFrom/Product731;http://www4.wiwiss.fu-berlin.de/bizer/bsbm/v01/vocabulary/productFeature;http://www4.wiwiss.fu-berlin.de/bizer/bsbm/v01/instances/ProductFeature457
http://www4.wiwiss.fu-berlin.de/bizer/bsbm/v01/instances/dataFrom/Product731;http://www4.wiwiss.fu-berlin.de/bizer/bsbm/v01/vocabulary/productFeature;http://www4.wiwiss.fu-berlin.de/bizer/bsbm/v01/instances/ProductFeature458
http://www4.wiwiss.fu-berlin.de/bizer/bsbm/v01/instances/dataFrom/Product731;http://www4.wiwiss.fu-berlin.de/bizer/bsbm/v01/vocabulary/productFeature;http://www4.wiwiss.fu-berlin.de/bizer/bsbm/v01/instances/ProductFeature460
http://www4.wiwiss.fu-berlin.de/bizer/bsbm/v01/instances/dataFrom/Product731;http://www4.wiwiss.fu-berlin.de/bizer/bsbm/v01/vocabulary/productFeature;http://www4.wiwiss.fu-berlin.de/bizer/bsbm/v01/instances/ProductFeature469
http://www4.wiwiss.fu-berlin.de/bizer/bsbm/v01/instances/dataFrom/Product731;http://www4.wiwiss.fu-berlin.de/bizer/bsbm/v01/vocabulary/productFeature;http://www4.wiwiss.fu-berlin.de/bizer/bsbm/v01/instances/ProductFeature24
http://www4.wiwiss.fu-berlin.de/bizer/bsbm/v01/instances/dataFrom/Product731;http://www4.wiwiss.fu-berlin.de/bizer/bsbm/v01/vocabulary/productFeature;http://www4.wiwiss.fu-berlin.de/bizer/bsbm/v01/instances/ProductFeature28
http://www4.wiwiss.fu-berlin.de/bizer/bsbm/v01/instances/dataFrom/Product731;http://www4.wiwiss.fu-berlin.de/bizer/bsbm/v01/vocabulary/productFeature;http://www4.wiwiss.fu-berlin.de/bizer/bsbm/v01/instances/ProductFeature30
http://www4.wiwiss.fu-berlin.de/bizer/bsbm/v01/instances/dataFrom/Product731;http://www4.wiwiss.fu-berlin.de/bizer/bsbm/v01/vocabulary/productFeature;http://www4.wiwiss.fu-berlin.de/bizer/bsbm/v01/instances/ProductFeature33
http://www4.wiwiss.fu-berlin.de/bizer/bsbm/v01/instances/dataFrom/Product731;http://www4.wiwiss.fu-berlin.de/bizer/bsbm/v01/vocabulary/productFeature;http://www4.wiwiss.fu-berlin.de/bizer/bsbm/v01/instances/ProductFeature37
http://www4.wiwiss.fu-berlin.de/bizer/bsbm/v01/instances/dataFrom/Product731;http://www4.wiwiss.fu-berlin.de/bizer/bsbm/v01/vocabulary/producer;http://www4.wiwiss.fu-berlin.de/bizer/bsbm/v01/instances/dataFromProducer19/Producer19
http://www4.wiwiss.fu-berlin.de/bizer/bsbm/v01/instances/dataFrom/Product731;http://purl.org/dc/elements/1.1/publisher;http://www4.wiwiss.fu-berlin.de/bizer/bsbm/v01/instances/dataFromProducer19/Producer19
http://www4.wiwiss.fu-berlin.de/bizer/bsbm/v01/instances/dataFrom/Product731;http://purl.org/dc/elements/1.1/date;2003-02-14
http://www4.wiwiss.fu-berlin.de/bizer/bsbm/v01/instances/dataFrom/Product157;http://www.w3.org/1999/02/22-rdf-syntax-ns#type;http://www4.wiwiss.fu-berlin.de/bizer/bsbm/v01/vocabulary/Product
http://www4.wiwiss.fu-berlin.de/bizer/bsbm/v01/instances/dataFrom/Product157;http://www.w3.org/1999/02/22-rdf-syntax-ns#type;http://www4.wiwiss.fu-berlin.de/bizer/bsbm/v01/instances/ProductType79
http://www4.wiwiss.fu-berlin.de/bizer/bsbm/v01/instances/dataFrom/Product157;http://www.w3.org/2000/01/rdf-schema#label;valuation vindication
http://www4.wiwiss.fu-berlin.de/bizer/bsbm/v01/instances/dataFrom/Product157;http://www.w3.org/2000/01/rdf-schema#comment;vocational orangiest nances statal perique whinnier shipworms remorses storming tidiest deforesting trothing unslaked merged rooting revenging denuclearize outproduces prevailers obstructiveness badinaging prerecorded henrys bestrides elongates rounds basely splosh plucked fealties emulsifying nonviable cheekiest dugong warders thieved westernized delusionary satiated quiverers bullwhips bowered cruciate twangles shoplifter depravity polymerize slams reverencer smirched enveloped elicits eatings syllogistically discomforts bombs demeaned alders teratological forzandos bookmaking feministic logicize resharpened canvaslike spelt interspersed biotechnological razored clearing dumbwaiters amasser whackier reformated foyers preappearances blackballs cumulates grouped trembling halvahs ophthalmoscopy balkans lido imperilled advertently neckties genocidal reinfects nakedly imputes leukemic cuirassed sealable shocked hearings
http://www4.wiwiss.fu-berlin.de/bizer/bsbm/v01/instances/dataFrom/Product157;http://www4.wiwiss.fu-berlin.de/bizer/bsbm/v01/vocabulary/productPropertyNumeric1;755
http://www4.wiwiss.fu-berlin.de/bizer/bsbm/v01/instances/dataFrom/Product157;http://www4.wiwiss.fu-berlin.de/bizer/bsbm/v01/vocabulary/productPropertyNumeric2;1190
http://www4.wiwiss.fu-berlin.de/bizer/bsbm/v01/instances/dataFrom/Product157;http://www4.wiwiss.fu-berlin.de/bizer/bsbm/v01/vocabulary/productPropertyNumeric3;455
http://www4.wiwiss.fu-berlin.de/bizer/bsbm/v01/instances/dataFrom/Product157;http://www4.wiwiss.fu-berlin.de/bizer/bsbm/v01/vocabulary/productPropertyNumeric4;750
http://www4.wiwiss.fu-berlin.de/bizer/bsbm/v01/instances/dataFrom/Product157;http://www4.wiwiss.fu-berlin.de/bizer/bsbm/v01/vocabulary/productPropertyNumeric5;160
http://www4.wiwiss.fu-berlin.de/bizer/bsbm/v01/instances/dataFrom/Product157;http://www4.wiwiss.fu-berlin.de/bizer/bsbm/v01/vocabulary/productPropertyTextual1;demagogy grueler frettiest rotors hymenopterous phototherapies capelan gastroscopic sympathizing denunciations manifestly prevailingly liquids sexless garrote
http://www4.wiwiss.fu-berlin.de/bizer/bsbm/v01/instances/dataFrom/Product157;http://www4.wiwiss.fu-berlin.de/bizer/bsbm/v01/vocabulary/productPropertyTextual2;tainting socially kales impuissance kris blowsily saltcellar disciplines immemorially mincy oxhearts catamaran scavenger isostatically
http://www4.wiwiss.fu-berlin.de/bizer/bsbm/v01/instances/dataFrom/Product157;http://www4.wiwiss.fu-berlin.de/bizer/bsbm/v01/vocabulary/productPropertyTextual3;titulary payment careered slouching overdiligent
http://www4.wiwiss.fu-berlin.de/bizer/bsbm/v01/instances/dataFrom/Product157;http://www4.wiwiss.fu-berlin.de/bizer/bsbm/v01/vocabulary/productPropertyTextual4;obligator commenced trampolinists suborbital
http://www4.wiwiss.fu-berlin.de/bizer/bsbm/v01/instances/dataFrom/Product157;http://www4.wiwiss.fu-berlin.de/bizer/bsbm/v01/vocabulary/productPropertyTextual5;tollages effortlessness bookplates stirrups retractable leaner
http://www4.wiwiss.fu-berlin.de/bizer/bsbm/v01/instances/dataFrom/Product157;http://www4.wiwiss.fu-berlin.de/bizer/bsbm/v01/vocabulary/productFeature;http://www4.wiwiss.fu-berlin.de/bizer/bsbm/v01/instances/ProductFeature2404
http://www4.wiwiss.fu-berlin.de/bizer/bsbm/v01/instances/dataFrom/Product157;http://www4.wiwiss.fu-berlin.de/bizer/bsbm/v01/vocabulary/productFeature;http://www4.wiwiss.fu-berlin.de/bizer/bsbm/v01/instances/ProductFeature2406
http://www4.wiwiss.fu-berlin.de/bizer/bsbm/v01/instances/dataFrom/Product157;http://www4.wiwiss.fu-berlin.de/bizer/bsbm/v01/vocabulary/productFeature;http://www4.wiwiss.fu-berlin.de/bizer/bsbm/v01/instances/ProductFeature2410
http://www4.wiwiss.fu-berlin.de/bizer/bsbm/v01/instances/dataFrom/Product157;http://www4.wiwiss.fu-berlin.de/bizer/bsbm/v01/vocabulary/productFeature;http://www4.wiwiss.fu-berlin.de/bizer/bsbm/v01/instances/ProductFeature2412
http://www4.wiwiss.fu-berlin.de/bizer/bsbm/v01/instances/dataFrom/Product157;http://www4.wiwiss.fu-berlin.de/bizer/bsbm/v01/vocabulary/productFeature;http://www4.wiwiss.fu-berlin.de/bizer/bsbm/v01/instances/ProductFeature2415
http://www4.wiwiss.fu-berlin.de/bizer/bsbm/v01/instances/dataFrom/Product157;http://www4.wiwiss.fu-berlin.de/bizer/bsbm/v01/vocabulary/productFeature;http://www4.wiwiss.fu-berlin.de/bizer/bsbm/v01/instances/ProductFeature2430
http://www4.wiwiss.fu-berlin.de/bizer/bsbm/v01/instances/dataFrom/Product157;http://www4.wiwiss.fu-berlin.de/bizer/bsbm/v01/vocabulary/productFeature;http://www4.wiwiss.fu-berlin.de/bizer/bsbm/v01/instances/ProductFeature2435
http://www4.wiwiss.fu-berlin.de/bizer/bsbm/v01/instances/dataFrom/Product157;http://www4.wiwiss.fu-berlin.de/bizer/bsbm/v01/vocabulary/productFeature;http://www4.wiwiss.fu-berlin.de/bizer/bsbm/v01/instances/ProductFeature441
http://www4.wiwiss.fu-berlin.de/bizer/bsbm/v01/instances/dataFrom/Product157;http://www4.wiwiss.fu-berlin.de/bizer/bsbm/v01/vocabulary/productFeature;http://www4.wiwiss.fu-berlin.de/bizer/bsbm/v01/instances/ProductFeature442
http://www4.wiwiss.fu-berlin.de/bizer/bsbm/v01/instances/dataFrom/Product157;http://www4.wiwiss.fu-berlin.de/bizer/bsbm/v01/vocabulary/productFeature;http://www4.wiwiss.fu-berlin.de/bizer/bsbm/v01/instances/ProductFeature445
http://www4.wiwiss.fu-berlin.de/bizer/bsbm/v01/instances/dataFrom/Product157;http://www4.wiwiss.fu-berlin.de/bizer/bsbm/v01/vocabulary/productFeature;http://www4.wiwiss.fu-berlin.de/bizer/bsbm/v01/instances/ProductFeature453
http://www4.wiwiss.fu-berlin.de/bizer/bsbm/v01/instances/dataFrom/Product157;http://www4.wiwiss.fu-berlin.de/bizer/bsbm/v01/vocabulary/productFeature;http://www4.wiwiss.fu-berlin.de/bizer/bsbm/v01/instances/ProductFeature457
http://www4.wiwiss.fu-berlin.de/bizer/bsbm/v01/instances/dataFrom/Product157;http://www4.wiwiss.fu-berlin.de/bizer/bsbm/v01/vocabulary/productFeature;http://www4.wiwiss.fu-berlin.de/bizer/bsbm/v01/instances/ProductFeature458
http://www4.wiwiss.fu-berlin.de/bizer/bsbm/v01/instances/dataFrom/Product157;http://www4.wiwiss.fu-berlin.de/bizer/bsbm/v01/vocabulary/productFeature;http://www4.wiwiss.fu-berlin.de/bizer/bsbm/v01/instances/ProductFeature460
http://www4.wiwiss.fu-berlin.de/bizer/bsbm/v01/instances/dataFrom/Product157;http://www4.wiwiss.fu-berlin.de/bizer/bsbm/v01/vocabulary/productFeature;http://www4.wiwiss.fu-berlin.de/bizer/bsbm/v01/instances/ProductFeature469
http://www4.wiwiss.fu-berlin.de/bizer/bsbm/v01/instances/dataFrom/Product157;http://www4.wiwiss.fu-berlin.de/bizer/bsbm/v01/vocabulary/productFeature;http://www4.wiwiss.fu-berlin.de/bizer/bsbm/v01/instances/ProductFeature24
http://www4.wiwiss.fu-berlin.de/bizer/bsbm/v01/instances/dataFrom/Product157;http://www4.wiwiss.fu-berlin.de/bizer/bsbm/v01/vocabulary/productFeature;http://www4.wiwiss.fu-berlin.de/bizer/bsbm/v01/instances/ProductFeature28
http://www4.wiwiss.fu-berlin.de/bizer/bsbm/v01/instances/dataFrom/Product157;http://www4.wiwiss.fu-berlin.de/bizer/bsbm/v01/vocabulary/productFeature;http://www4.wiwiss.fu-berlin.de/bizer/bsbm/v01/instances/ProductFeature30
http://www4.wiwiss.fu-berlin.de/bizer/bsbm/v01/instances/dataFrom/Product157;http://www4.wiwiss.fu-berlin.de/bizer/bsbm/v01/vocabulary/productFeature;http://www4.wiwiss.fu-berlin.de/bizer/bsbm/v01/instances/ProductFeature33
http://www4.wiwiss.fu-berlin.de/bizer/bsbm/v01/instances/dataFrom/Product157;http://www4.wiwiss.fu-berlin.de/bizer/bsbm/v01/vocabulary/productFeature;http://www4.wiwiss.fu-berlin.de/bizer/bsbm/v01/instances/ProductFeature37
http://www4.wiwiss.fu-berlin.de/bizer/bsbm/v01/instances/dataFrom/Product157;http://www4.wiwiss.fu-berlin.de/bizer/bsbm/v01/vocabulary/producer;http://www4.wiwiss.fu-berlin.de/bizer/bsbm/v01/instances/dataFromProducer19/Producer19
http://www4.wiwiss.fu-berlin.de/bizer/bsbm/v01/instances/dataFrom/Product157;http://purl.org/dc/elements/1.1/publisher;http://www4.wiwiss.fu-berlin.de/bizer/bsbm/v01/instances/dataFromProducer19/Producer19
http://www4.wiwiss.fu-berlin.de/bizer/bsbm/v01/instances/dataFrom/Product157;http://purl.org/dc/elements/1.1/date;2003-02-14
http://www4.wiwiss.fu-berlin.de/bizer/bsbm/v01/instances/dataFrom/Product593;http://www.w3.org/1999/02/22-rdf-syntax-ns#type;http://www4.wiwiss.fu-berlin.de/bizer/bsbm/v01/vocabulary/Product
http://www4.wiwiss.fu-berlin.de/bizer/bsbm/v01/instances/dataFrom/Product593;http://www.w3.org/1999/02/22-rdf-syntax-ns#type;http://www4.wiwiss.fu-berlin.de/bizer/bsbm/v01/instances/ProductType79
http://www4.wiwiss.fu-berlin.de/bizer/bsbm/v01/instances/dataFrom/Product593;http://www.w3.org/2000/01/rdf-schema#label;valuation vindication
http://www4.wiwiss.fu-berlin.de/bizer/bsbm/v01/instances/dataFrom/Product593;http://www.w3.org/2000/01/rdf-schema#comment;vocational orangiest nances statal perique whinnier shipworms remorses storming tidiest deforesting trothing unslaked merged rooting revenging denuclearize outproduces prevailers obstructiveness badinaging prerecorded henrys bestrides elongates rounds basely splosh plucked fealties emulsifying nonviable cheekiest dugong warders thieved westernized delusionary satiated quiverers bullwhips bowered cruciate twangles shoplifter depravity polymerize slams reverencer smirched enveloped elicits eatings syllogistically discomforts bombs demeaned alders teratological forzandos bookmaking feministic logicize resharpened canvaslike spelt interspersed biotechnological razored clearing dumbwaiters amasser whackier reformated foyers preappearances blackballs cumulates grouped trembling halvahs ophthalmoscopy balkans lido imperilled advertently neckties genocidal reinfects nakedly imputes leukemic cuirassed sealable shocked hearings
http://www4.wiwiss.fu-berlin.de/bizer/bsbm/v01/instances/dataFrom/Product593;http://www4.wiwiss.fu-berlin.de/bizer/bsbm/v01/vocabulary/productPropertyNumeric1;755
http://www4.wiwiss.fu-berlin.de/bizer/bsbm/v01/instances/dataFrom/Product593;http://www4.wiwiss.fu-berlin.de/bizer/bsbm/v01/vocabulary/productPropertyNumeric2;1190
http://www4.wiwiss.fu-berlin.de/bizer/bsbm/v01/instances/dataFrom/Product593;http://www4.wiwiss.fu-berlin.de/bizer/bsbm/v01/vocabulary/productPropertyNumeric3;455
http://www4.wiwiss.fu-berlin.de/bizer/bsbm/v01/instances/dataFrom/Product593;http://www4.wiwiss.fu-berlin.de/bizer/bsbm/v01/vocabulary/productPropertyNumeric4;750
http://www4.wiwiss.fu-berlin.de/bizer/bsbm/v01/instances/dataFrom/Product593;http://www4.wiwiss.fu-berlin.de/bizer/bsbm/v01/vocabulary/productPropertyNumeric5;160
http://www4.wiwiss.fu-berlin.de/bizer/bsbm/v01/instances/dataFrom/Product593;http://www4.wiwiss.fu-berlin.de/bizer/bsbm/v01/vocabulary/productPropertyTextual1;demagogy grueler frettiest rotors hymenopterous phototherapies capelan gastroscopic sympathizing denunciations manifestly prevailingly liquids sexless garrote
http://www4.wiwiss.fu-berlin.de/bizer/bsbm/v01/instances/dataFrom/Product593;http://www4.wiwiss.fu-berlin.de/bizer/bsbm/v01/vocabulary/productPropertyTextual2;tainting socially kales impuissance kris blowsily saltcellar disciplines immemorially mincy oxhearts catamaran scavenger isostatically
http://www4.wiwiss.fu-berlin.de/bizer/bsbm/v01/instances/dataFrom/Product593;http://www4.wiwiss.fu-berlin.de/bizer/bsbm/v01/vocabulary/productPropertyTextual3;titulary payment careered slouching overdiligent
http://www4.wiwiss.fu-berlin.de/bizer/bsbm/v01/instances/dataFrom/Product593;http://www4.wiwiss.fu-berlin.de/bizer/bsbm/v01/vocabulary/productPropertyTextual4;obligator commenced trampolinists suborbital
http://www4.wiwiss.fu-berlin.de/bizer/bsbm/v01/instances/dataFrom/Product593;http://www4.wiwiss.fu-berlin.de/bizer/bsbm/v01/vocabulary/productPropertyTextual5;tollages effortlessness bookplates stirrups retractable leaner
http://www4.wiwiss.fu-berlin.de/bizer/bsbm/v01/instances/dataFrom/Product593;http://www4.wiwiss.fu-berlin.de/bizer/bsbm/v01/vocabulary/productFeature;http://www4.wiwiss.fu-berlin.de/bizer/bsbm/v01/instances/ProductFeature2404
http://www4.wiwiss.fu-berlin.de/bizer/bsbm/v01/instances/dataFrom/Product593;http://www4.wiwiss.fu-berlin.de/bizer/bsbm/v01/vocabulary/productFeature;http://www4.wiwiss.fu-berlin.de/bizer/bsbm/v01/instances/ProductFeature2406
http://www4.wiwiss.fu-berlin.de/bizer/bsbm/v01/instances/dataFrom/Product593;http://www4.wiwiss.fu-berlin.de/bizer/bsbm/v01/vocabulary/productFeature;http://www4.wiwiss.fu-berlin.de/bizer/bsbm/v01/instances/ProductFeature2410
http://www4.wiwiss.fu-berlin.de/bizer/bsbm/v01/instances/dataFrom/Product593;http://www4.wiwiss.fu-berlin.de/bizer/bsbm/v01/vocabulary/productFeature;http://www4.wiwiss.fu-berlin.de/bizer/bsbm/v01/instances/ProductFeature2412
http://www4.wiwiss.fu-berlin.de/bizer/bsbm/v01/instances/dataFrom/Product593;http://www4.wiwiss.fu-berlin.de/bizer/bsbm/v01/vocabulary/productFeature;http://www4.wiwiss.fu-berlin.de/bizer/bsbm/v01/instances/ProductFeature2415
http://www4.wiwiss.fu-berlin.de/bizer/bsbm/v01/instances/dataFrom/Product593;http://www4.wiwiss.fu-berlin.de/bizer/bsbm/v01/vocabulary/productFeature;http://www4.wiwiss.fu-berlin.de/bizer/bsbm/v01/instances/ProductFeature2430
http://www4.wiwiss.fu-berlin.de/bizer/bsbm/v01/instances/dataFrom/Product593;http://www4.wiwiss.fu-berlin.de/bizer/bsbm/v01/vocabulary/productFeature;http://www4.wiwiss.fu-berlin.de/bizer/bsbm/v01/instances/ProductFeature2435
http://www4.wiwiss.fu-berlin.de/bizer/bsbm/v01/instances/dataFrom/Product593;http://www4.wiwiss.fu-berlin.de/bizer/bsbm/v01/vocabulary/productFeature;http://www4.wiwiss.fu-berlin.de/bizer/bsbm/v01/instances/ProductFeature441
http://www4.wiwiss.fu-berlin.de/bizer/bsbm/v01/instances/dataFrom/Product593;http://www4.wiwiss.fu-berlin.de/bizer/bsbm/v01/vocabulary/productFeature;http://www4.wiwiss.fu-berlin.de/bizer/bsbm/v01/instances/ProductFeature442
http://www4.wiwiss.fu-berlin.de/bizer/bsbm/v01/instances/dataFrom/Product593;http://www4.wiwiss.fu-berlin.de/bizer/bsbm/v01/vocabulary/productFeature;http://www4.wiwiss.fu-berlin.de/bizer/bsbm/v01/instances/ProductFeature445
http://www4.wiwiss.fu-berlin.de/bizer/bsbm/v01/instances/dataFrom/Product593;http://www4.wiwiss.fu-berlin.de/bizer/bsbm/v01/vocabulary/productFeature;http://www4.wiwiss.fu-berlin.de/bizer/bsbm/v01/instances/ProductFeature453
http://www4.wiwiss.fu-berlin.de/bizer/bsbm/v01/instances/dataFrom/Product593;http://www4.wiwiss.fu-berlin.de/bizer/bsbm/v01/vocabulary/productFeature;http://www4.wiwiss.fu-berlin.de/bizer/bsbm/v01/instances/ProductFeature457
http://www4.wiwiss.fu-berlin.de/bizer/bsbm/v01/instances/dataFrom/Product593;http://www4.wiwiss.fu-berlin.de/bizer/bsbm/v01/vocabulary/productFeature;http://www4.wiwiss.fu-berlin.de/bizer/bsbm/v01/instances/ProductFeature458
http://www4.wiwiss.fu-berlin.de/bizer/bsbm/v01/instances/dataFrom/Product593;http://www4.wiwiss.fu-berlin.de/bizer/bsbm/v01/vocabulary/productFeature;http://www4.wiwiss.fu-berlin.de/bizer/bsbm/v01/instances/ProductFeature460
http://www4.wiwiss.fu-berlin.de/bizer/bsbm/v01/instances/dataFrom/Product593;http://www4.wiwiss.fu-berlin.de/bizer/bsbm/v01/vocabulary/productFeature;http://www4.wiwiss.fu-berlin.de/bizer/bsbm/v01/instances/ProductFeature469
http://www4.wiwiss.fu-berlin.de/bizer/bsbm/v01/instances/dataFrom/Product593;http://www4.wiwiss.fu-berlin.de/bizer/bsbm/v01/vocabulary/productFeature;http://www4.wiwiss.fu-berlin.de/bizer/bsbm/v01/instances/ProductFeature24
http://www4.wiwiss.fu-berlin.de/bizer/bsbm/v01/instances/dataFrom/Product593;http://www4.wiwiss.fu-berlin.de/bizer/bsbm/v01/vocabulary/productFeature;http://www4.wiwiss.fu-berlin.de/bizer/bsbm/v01/instances/ProductFeature28
http://www4.wiwiss.fu-berlin.de/bizer/bsbm/v01/instances/dataFrom/Product593;http://www4.wiwiss.fu-berlin.de/bizer/bsbm/v01/vocabulary/productFeature;http://www4.wiwiss.fu-berlin.de/bizer/bsbm/v01/instances/ProductFeature30
http://www4.wiwiss.fu-berlin.de/bizer/bsbm/v01/instances/dataFrom/Product593;http://www4.wiwiss.fu-berlin.de/bizer/bsbm/v01/vocabulary/productFeature;http://www4.wiwiss.fu-berlin.de/bizer/bsbm/v01/instances/ProductFeature33
http://www4.wiwiss.fu-berlin.de/bizer/bsbm/v01/instances/dataFrom/Product593;http://www4.wiwiss.fu-berlin.de/bizer/bsbm/v01/vocabulary/productFeature;http://www4.wiwiss.fu-berlin.de/bizer/bsbm/v01/instances/ProductFeature37
http://www4.wiwiss.fu-berlin.de/bizer/bsbm/v01/instances/dataFrom/Product593;http://www4.wiwiss.fu-berlin.de/bizer/bsbm/v01/vocabulary/producer;http://www4.wiwiss.fu-berlin.de/bizer/bsbm/v01/instances/dataFromProducer19/Producer19
http://www4.wiwiss.fu-berlin.de/bizer/bsbm/v01/instances/dataFrom/Product593;http://purl.org/dc/elements/1.1/publisher;http://www4.wiwiss.fu-berlin.de/bizer/bsbm/v01/instances/dataFromProducer19/Producer19
http://www4.wiwiss.fu-berlin.de/bizer/bsbm/v01/instances/dataFrom/Product593;http://purl.org/dc/elements/1.1/date;2003-02-14
http://www4.wiwiss.fu-berlin.de/bizer/bsbm/v01/instances/dataFrom/Product325;http://www.w3.org/1999/02/22-rdf-syntax-ns#type;http://www4.wiwiss.fu-berlin.de/bizer/bsbm/v01/vocabulary/Product
http://www4.wiwiss.fu-berlin.de/bizer/bsbm/v01/instances/dataFrom/Product325;http://www.w3.org/1999/02/22-rdf-syntax-ns#type;http://www4.wiwiss.fu-berlin.de/bizer/bsbm/v01/instances/ProductType79
http://www4.wiwiss.fu-berlin.de/bizer/bsbm/v01/instances/dataFrom/Product325;http://www.w3.org/2000/01/rdf-schema#label;valuation vindication
http://www4.wiwiss.fu-berlin.de/bizer/bsbm/v01/instances/dataFrom/Product325;http://www.w3.org/2000/01/rdf-schema#comment;vocational orangiest nances statal perique whinnier shipworms remorses storming tidiest deforesting trothing unslaked merged rooting revenging denuclearize outproduces prevailers obstructiveness badinaging prerecorded henrys bestrides elongates rounds basely splosh plucked fealties emulsifying nonviable cheekiest dugong warders thieved westernized delusionary satiated quiverers bullwhips bowered cruciate twangles shoplifter depravity polymerize slams reverencer smirched enveloped elicits eatings syllogistically discomforts bombs demeaned alders teratological forzandos bookmaking feministic logicize resharpened canvaslike spelt interspersed biotechnological razored clearing dumbwaiters amasser whackier reformated foyers preappearances blackballs cumulates grouped trembling halvahs ophthalmoscopy balkans lido imperilled advertently neckties genocidal reinfects nakedly imputes leukemic cuirassed sealable shocked hearings
http://www4.wiwiss.fu-berlin.de/bizer/bsbm/v01/instances/dataFrom/Product325;http://www4.wiwiss.fu-berlin.de/bizer/bsbm/v01/vocabulary/productPropertyNumeric1;755
http://www4.wiwiss.fu-berlin.de/bizer/bsbm/v01/instances/dataFrom/Product325;http://www4.wiwiss.fu-berlin.de/bizer/bsbm/v01/vocabulary/productPropertyNumeric2;1190
http://www4.wiwiss.fu-berlin.de/bizer/bsbm/v01/instances/dataFrom/Product325;http://www4.wiwiss.fu-berlin.de/bizer/bsbm/v01/vocabulary/productPropertyNumeric3;455
http://www4.wiwiss.fu-berlin.de/bizer/bsbm/v01/instances/dataFrom/Product325;http://www4.wiwiss.fu-berlin.de/bizer/bsbm/v01/vocabulary/productPropertyNumeric4;750
http://www4.wiwiss.fu-berlin.de/bizer/bsbm/v01/instances/dataFrom/Product325;http://www4.wiwiss.fu-berlin.de/bizer/bsbm/v01/vocabulary/productPropertyNumeric5;160
http://www4.wiwiss.fu-berlin.de/bizer/bsbm/v01/instances/dataFrom/Product325;http://www4.wiwiss.fu-berlin.de/bizer/bsbm/v01/vocabulary/productPropertyTextual1;demagogy grueler frettiest rotors hymenopterous phototherapies capelan gastroscopic sympathizing denunciations manifestly prevailingly liquids sexless garrote
http://www4.wiwiss.fu-berlin.de/bizer/bsbm/v01/instances/dataFrom/Product325;http://www4.wiwiss.fu-berlin.de/bizer/bsbm/v01/vocabulary/productPropertyTextual2;tainting socially kales impuissance kris blowsily saltcellar disciplines immemorially mincy oxhearts catamaran scavenger isostatically
http://www4.wiwiss.fu-berlin.de/bizer/bsbm/v01/instances/dataFrom/Product325;http://www4.wiwiss.fu-berlin.de/bizer/bsbm/v01/vocabulary/productPropertyTextual3;titulary payment careered slouching overdiligent
http://www4.wiwiss.fu-berlin.de/bizer/bsbm/v01/instances/dataFrom/Product325;http://www4.wiwiss.fu-berlin.de/bizer/bsbm/v01/vocabulary/productPropertyTextual4;obligator commenced trampolinists suborbital
http://www4.wiwiss.fu-berlin.de/bizer/bsbm/v01/instances/dataFrom/Product325;http://www4.wiwiss.fu-berlin.de/bizer/bsbm/v01/vocabulary/productPropertyTextual5;tollages effortlessness bookplates stirrups retractable leaner
http://www4.wiwiss.fu-berlin.de/bizer/bsbm/v01/instances/dataFrom/Product325;http://www4.wiwiss.fu-berlin.de/bizer/bsbm/v01/vocabulary/productFeature;http://www4.wiwiss.fu-berlin.de/bizer/bsbm/v01/instances/ProductFeature2404
http://www4.wiwiss.fu-berlin.de/bizer/bsbm/v01/instances/dataFrom/Product325;http://www4.wiwiss.fu-berlin.de/bizer/bsbm/v01/vocabulary/productFeature;http://www4.wiwiss.fu-berlin.de/bizer/bsbm/v01/instances/ProductFeature2406
http://www4.wiwiss.fu-berlin.de/bizer/bsbm/v01/instances/dataFrom/Product325;http://www4.wiwiss.fu-berlin.de/bizer/bsbm/v01/vocabulary/productFeature;http://www4.wiwiss.fu-berlin.de/bizer/bsbm/v01/instances/ProductFeature2410
http://www4.wiwiss.fu-berlin.de/bizer/bsbm/v01/instances/dataFrom/Product325;http://www4.wiwiss.fu-berlin.de/bizer/bsbm/v01/vocabulary/productFeature;http://www4.wiwiss.fu-berlin.de/bizer/bsbm/v01/instances/ProductFeature2412
http://www4.wiwiss.fu-berlin.de/bizer/bsbm/v01/instances/dataFrom/Product325;http://www4.wiwiss.fu-berlin.de/bizer/bsbm/v01/vocabulary/productFeature;http://www4.wiwiss.fu-berlin.de/bizer/bsbm/v01/instances/ProductFeature2415
http://www4.wiwiss.fu-berlin.de/bizer/bsbm/v01/instances/dataFrom/Product325;http://www4.wiwiss.fu-berlin.de/bizer/bsbm/v01/vocabulary/productFeature;http://www4.wiwiss.fu-berlin.de/bizer/bsbm/v01/instances/ProductFeature2430
http://www4.wiwiss.fu-berlin.de/bizer/bsbm/v01/instances/dataFrom/Product325;http://www4.wiwiss.fu-berlin.de/bizer/bsbm/v01/vocabulary/productFeature;http://www4.wiwiss.fu-berlin.de/bizer/bsbm/v01/instances/ProductFeature2435
http://www4.wiwiss.fu-berlin.de/bizer/bsbm/v01/instances/dataFrom/Product325;http://www4.wiwiss.fu-berlin.de/bizer/bsbm/v01/vocabulary/productFeature;http://www4.wiwiss.fu-berlin.de/bizer/bsbm/v01/instances/ProductFeature441
http://www4.wiwiss.fu-berlin.de/bizer/bsbm/v01/instances/dataFrom/Product325;http://www4.wiwiss.fu-berlin.de/bizer/bsbm/v01/vocabulary/productFeature;http://www4.wiwiss.fu-berlin.de/bizer/bsbm/v01/instances/ProductFeature442
http://www4.wiwiss.fu-berlin.de/bizer/bsbm/v01/instances/dataFrom/Product325;http://www4.wiwiss.fu-berlin.de/bizer/bsbm/v01/vocabulary/productFeature;http://www4.wiwiss.fu-berlin.de/bizer/bsbm/v01/instances/ProductFeature445
http://www4.wiwiss.fu-berlin.de/bizer/bsbm/v01/instances/dataFrom/Product325;http://www4.wiwiss.fu-berlin.de/bizer/bsbm/v01/vocabulary/productFeature;http://www4.wiwiss.fu-berlin.de/bizer/bsbm/v01/instances/ProductFeature453
http://www4.wiwiss.fu-berlin.de/bizer/bsbm/v01/instances/dataFrom/Product325;http://www4.wiwiss.fu-berlin.de/bizer/bsbm/v01/vocabulary/productFeature;http://www4.wiwiss.fu-berlin.de/bizer/bsbm/v01/instances/ProductFeature457
http://www4.wiwiss.fu-berlin.de/bizer/bsbm/v01/instances/dataFrom/Product325;http://www4.wiwiss.fu-berlin.de/bizer/bsbm/v01/vocabulary/productFeature;http://www4.wiwiss.fu-berlin.de/bizer/bsbm/v01/instances/ProductFeature458
http://www4.wiwiss.fu-berlin.de/bizer/bsbm/v01/instances/dataFrom/Product325;http://www4.wiwiss.fu-berlin.de/bizer/bsbm/v01/vocabulary/productFeature;http://www4.wiwiss.fu-berlin.de/bizer/bsbm/v01/instances/ProductFeature460
http://www4.wiwiss.fu-berlin.de/bizer/bsbm/v01/instances/dataFrom/Product325;http://www4.wiwiss.fu-berlin.de/bizer/bsbm/v01/vocabulary/productFeature;http://www4.wiwiss.fu-berlin.de/bizer/bsbm/v01/instances/ProductFeature469
http://www4.wiwiss.fu-berlin.de/bizer/bsbm/v01/instances/dataFrom/Product325;http://www4.wiwiss.fu-berlin.de/bizer/bsbm/v01/vocabulary/productFeature;http://www4.wiwiss.fu-berlin.de/bizer/bsbm/v01/instances/ProductFeature24
http://www4.wiwiss.fu-berlin.de/bizer/bsbm/v01/instances/dataFrom/Product325;http://www4.wiwiss.fu-berlin.de/bizer/bsbm/v01/vocabulary/productFeature;http://www4.wiwiss.fu-berlin.de/bizer/bsbm/v01/instances/ProductFeature28
http://www4.wiwiss.fu-berlin.de/bizer/bsbm/v01/instances/dataFrom/Product325;http://www4.wiwiss.fu-berlin.de/bizer/bsbm/v01/vocabulary/productFeature;http://www4.wiwiss.fu-berlin.de/bizer/bsbm/v01/instances/ProductFeature30
http://www4.wiwiss.fu-berlin.de/bizer/bsbm/v01/instances/dataFrom/Product325;http://www4.wiwiss.fu-berlin.de/bizer/bsbm/v01/vocabulary/productFeature;http://www4.wiwiss.fu-berlin.de/bizer/bsbm/v01/instances/ProductFeature33
http://www4.wiwiss.fu-berlin.de/bizer/bsbm/v01/instances/dataFrom/Product325;http://www4.wiwiss.fu-berlin.de/bizer/bsbm/v01/vocabulary/productFeature;http://www4.wiwiss.fu-berlin.de/bizer/bsbm/v01/instances/ProductFeature37
http://www4.wiwiss.fu-berlin.de/bizer/bsbm/v01/instances/dataFrom/Product325;http://www4.wiwiss.fu-berlin.de/bizer/bsbm/v01/vocabulary/producer;http://www4.wiwiss.fu-berlin.de/bizer/bsbm/v01/instances/dataFromProducer19/Producer19
http://www4.wiwiss.fu-berlin.de/bizer/bsbm/v01/instances/dataFrom/Product325;http://purl.org/dc/elements/1.1/publisher;http://www4.wiwiss.fu-berlin.de/bizer/bsbm/v01/instances/dataFromProducer19/Producer19
http://www4.wiwiss.fu-berlin.de/bizer/bsbm/v01/instances/dataFrom/Product325;http://purl.org/dc/elements/1.1/date;2003-02-14
http://www4.wiwiss.fu-berlin.de/bizer/bsbm/v01/instances/dataFrom/Product408;http://www.w3.org/1999/02/22-rdf-syntax-ns#type;http://www4.wiwiss.fu-berlin.de/bizer/bsbm/v01/vocabulary/Product
http://www4.wiwiss.fu-berlin.de/bizer/bsbm/v01/instances/dataFrom/Product408;http://www.w3.org/1999/02/22-rdf-syntax-ns#type;http://www4.wiwiss.fu-berlin.de/bizer/bsbm/v01/instances/ProductType79
http://www4.wiwiss.fu-berlin.de/bizer/bsbm/v01/instances/dataFrom/Product408;http://www.w3.org/2000/01/rdf-schema#label;valuation vindication
http://www4.wiwiss.fu-berlin.de/bizer/bsbm/v01/instances/dataFrom/Product408;http://www.w3.org/2000/01/rdf-schema#comment;vocational orangiest nances statal perique whinnier shipworms remorses storming tidiest deforesting trothing unslaked merged rooting revenging denuclearize outproduces prevailers obstructiveness badinaging prerecorded henrys bestrides elongates rounds basely splosh plucked fealties emulsifying nonviable cheekiest dugong warders thieved westernized delusionary satiated quiverers bullwhips bowered cruciate twangles shoplifter depravity polymerize slams reverencer smirched enveloped elicits eatings syllogistically discomforts bombs demeaned alders teratological forzandos bookmaking feministic logicize resharpened canvaslike spelt interspersed biotechnological razored clearing dumbwaiters amasser whackier reformated foyers preappearances blackballs cumulates grouped trembling halvahs ophthalmoscopy balkans lido imperilled advertently neckties genocidal reinfects nakedly imputes leukemic cuirassed sealable shocked hearings
http://www4.wiwiss.fu-berlin.de/bizer/bsbm/v01/instances/dataFrom/Product408;http://www4.wiwiss.fu-berlin.de/bizer/bsbm/v01/vocabulary/productPropertyNumeric1;755
http://www4.wiwiss.fu-berlin.de/bizer/bsbm/v01/instances/dataFrom/Product408;http://www4.wiwiss.fu-berlin.de/bizer/bsbm/v01/vocabulary/productPropertyNumeric2;1190
http://www4.wiwiss.fu-berlin.de/bizer/bsbm/v01/instances/dataFrom/Product408;http://www4.wiwiss.fu-berlin.de/bizer/bsbm/v01/vocabulary/productPropertyNumeric3;455
http://www4.wiwiss.fu-berlin.de/bizer/bsbm/v01/instances/dataFrom/Product408;http://www4.wiwiss.fu-berlin.de/bizer/bsbm/v01/vocabulary/productPropertyNumeric4;750
http://www4.wiwiss.fu-berlin.de/bizer/bsbm/v01/instances/dataFrom/Product408;http://www4.wiwiss.fu-berlin.de/bizer/bsbm/v01/vocabulary/productPropertyNumeric5;160
http://www4.wiwiss.fu-berlin.de/bizer/bsbm/v01/instances/dataFrom/Product408;http://www4.wiwiss.fu-berlin.de/bizer/bsbm/v01/vocabulary/productPropertyTextual1;demagogy grueler frettiest rotors hymenopterous phototherapies capelan gastroscopic sympathizing denunciations manifestly prevailingly liquids sexless garrote
http://www4.wiwiss.fu-berlin.de/bizer/bsbm/v01/instances/dataFrom/Product408;http://www4.wiwiss.fu-berlin.de/bizer/bsbm/v01/vocabulary/productPropertyTextual2;tainting socially kales impuissance kris blowsily saltcellar disciplines immemorially mincy oxhearts catamaran scavenger isostatically
http://www4.wiwiss.fu-berlin.de/bizer/bsbm/v01/instances/dataFrom/Product408;http://www4.wiwiss.fu-berlin.de/bizer/bsbm/v01/vocabulary/productPropertyTextual3;titulary payment careered slouching overdiligent
http://www4.wiwiss.fu-berlin.de/bizer/bsbm/v01/instances/dataFrom/Product408;http://www4.wiwiss.fu-berlin.de/bizer/bsbm/v01/vocabulary/productPropertyTextual4;obligator commenced trampolinists suborbital
http://www4.wiwiss.fu-berlin.de/bizer/bsbm/v01/instances/dataFrom/Product408;http://www4.wiwiss.fu-berlin.de/bizer/bsbm/v01/vocabulary/productPropertyTextual5;tollages effortlessness bookplates stirrups retractable leaner
http://www4.wiwiss.fu-berlin.de/bizer/bsbm/v01/instances/dataFrom/Product408;http://www4.wiwiss.fu-berlin.de/bizer/bsbm/v01/vocabulary/productFeature;http://www4.wiwiss.fu-berlin.de/bizer/bsbm/v01/instances/ProductFeature2404
http://www4.wiwiss.fu-berlin.de/bizer/bsbm/v01/instances/dataFrom/Product408;http://www4.wiwiss.fu-berlin.de/bizer/bsbm/v01/vocabulary/productFeature;http://www4.wiwiss.fu-berlin.de/bizer/bsbm/v01/instances/ProductFeature2406
http://www4.wiwiss.fu-berlin.de/bizer/bsbm/v01/instances/dataFrom/Product408;http://www4.wiwiss.fu-berlin.de/bizer/bsbm/v01/vocabulary/productFeature;http://www4.wiwiss.fu-berlin.de/bizer/bsbm/v01/instances/ProductFeature2410
http://www4.wiwiss.fu-berlin.de/bizer/bsbm/v01/instances/dataFrom/Product408;http://www4.wiwiss.fu-berlin.de/bizer/bsbm/v01/vocabulary/productFeature;http://www4.wiwiss.fu-berlin.de/bizer/bsbm/v01/instances/ProductFeature2412
http://www4.wiwiss.fu-berlin.de/bizer/bsbm/v01/instances/dataFrom/Product408;http://www4.wiwiss.fu-berlin.de/bizer/bsbm/v01/vocabulary/productFeature;http://www4.wiwiss.fu-berlin.de/bizer/bsbm/v01/instances/ProductFeature2415
http://www4.wiwiss.fu-berlin.de/bizer/bsbm/v01/instances/dataFrom/Product408;http://www4.wiwiss.fu-berlin.de/bizer/bsbm/v01/vocabulary/productFeature;http://www4.wiwiss.fu-berlin.de/bizer/bsbm/v01/instances/ProductFeature2430
http://www4.wiwiss.fu-berlin.de/bizer/bsbm/v01/instances/dataFrom/Product408;http://www4.wiwiss.fu-berlin.de/bizer/bsbm/v01/vocabulary/productFeature;http://www4.wiwiss.fu-berlin.de/bizer/bsbm/v01/instances/ProductFeature2435
http://www4.wiwiss.fu-berlin.de/bizer/bsbm/v01/instances/dataFrom/Product408;http://www4.wiwiss.fu-berlin.de/bizer/bsbm/v01/vocabulary/productFeature;http://www4.wiwiss.fu-berlin.de/bizer/bsbm/v01/instances/ProductFeature441
http://www4.wiwiss.fu-berlin.de/bizer/bsbm/v01/instances/dataFrom/Product408;http://www4.wiwiss.fu-berlin.de/bizer/bsbm/v01/vocabulary/productFeature;http://www4.wiwiss.fu-berlin.de/bizer/bsbm/v01/instances/ProductFeature442
http://www4.wiwiss.fu-berlin.de/bizer/bsbm/v01/instances/dataFrom/Product408;http://www4.wiwiss.fu-berlin.de/bizer/bsbm/v01/vocabulary/productFeature;http://www4.wiwiss.fu-berlin.de/bizer/bsbm/v01/instances/ProductFeature445
http://www4.wiwiss.fu-berlin.de/bizer/bsbm/v01/instances/dataFrom/Product408;http://www4.wiwiss.fu-berlin.de/bizer/bsbm/v01/vocabulary/productFeature;http://www4.wiwiss.fu-berlin.de/bizer/bsbm/v01/instances/ProductFeature453
http://www4.wiwiss.fu-berlin.de/bizer/bsbm/v01/instances/dataFrom/Product408;http://www4.wiwiss.fu-berlin.de/bizer/bsbm/v01/vocabulary/productFeature;http://www4.wiwiss.fu-berlin.de/bizer/bsbm/v01/instances/ProductFeature457
http://www4.wiwiss.fu-berlin.de/bizer/bsbm/v01/instances/dataFrom/Product408;http://www4.wiwiss.fu-berlin.de/bizer/bsbm/v01/vocabulary/productFeature;http://www4.wiwiss.fu-berlin.de/bizer/bsbm/v01/instances/ProductFeature458
http://www4.wiwiss.fu-berlin.de/bizer/bsbm/v01/instances/dataFrom/Product408;http://www4.wiwiss.fu-berlin.de/bizer/bsbm/v01/vocabulary/productFeature;http://www4.wiwiss.fu-berlin.de/bizer/bsbm/v01/instances/ProductFeature460
http://www4.wiwiss.fu-berlin.de/bizer/bsbm/v01/instances/dataFrom/Product408;http://www4.wiwiss.fu-berlin.de/bizer/bsbm/v01/vocabulary/productFeature;http://www4.wiwiss.fu-berlin.de/bizer/bsbm/v01/instances/ProductFeature469
http://www4.wiwiss.fu-berlin.de/bizer/bsbm/v01/instances/dataFrom/Product408;http://www4.wiwiss.fu-berlin.de/bizer/bsbm/v01/vocabulary/productFeature;http://www4.wiwiss.fu-berlin.de/bizer/bsbm/v01/instances/ProductFeature24
http://www4.wiwiss.fu-berlin.de/bizer/bsbm/v01/instances/dataFrom/Product408;http://www4.wiwiss.fu-berlin.de/bizer/bsbm/v01/vocabulary/productFeature;http://www4.wiwiss.fu-berlin.de/bizer/bsbm/v01/instances/ProductFeature28
http://www4.wiwiss.fu-berlin.de/bizer/bsbm/v01/instances/dataFrom/Product408;http://www4.wiwiss.fu-berlin.de/bizer/bsbm/v01/vocabulary/productFeature;http://www4.wiwiss.fu-berlin.de/bizer/bsbm/v01/instances/ProductFeature30
http://www4.wiwiss.fu-berlin.de/bizer/bsbm/v01/instances/dataFrom/Product408;http://www4.wiwiss.fu-berlin.de/bizer/bsbm/v01/vocabulary/productFeature;http://www4.wiwiss.fu-berlin.de/bizer/bsbm/v01/instances/ProductFeature33
http://www4.wiwiss.fu-berlin.de/bizer/bsbm/v01/instances/dataFrom/Product408;http://www4.wiwiss.fu-berlin.de/bizer/bsbm/v01/vocabulary/productFeature;http://www4.wiwiss.fu-berlin.de/bizer/bsbm/v01/instances/ProductFeature37
http://www4.wiwiss.fu-berlin.de/bizer/bsbm/v01/instances/dataFrom/Product408;http://www4.wiwiss.fu-berlin.de/bizer/bsbm/v01/vocabulary/producer;http://www4.wiwiss.fu-berlin.de/bizer/bsbm/v01/instances/dataFromProducer19/Producer19
http://www4.wiwiss.fu-berlin.de/bizer/bsbm/v01/instances/dataFrom/Product408;http://purl.org/dc/elements/1.1/publisher;http://www4.wiwiss.fu-berlin.de/bizer/bsbm/v01/instances/dataFromProducer19/Producer19
http://www4.wiwiss.fu-berlin.de/bizer/bsbm/v01/instances/dataFrom/Product408;http://purl.org/dc/elements/1.1/date;2003-02-14
http://www4.wiwiss.fu-berlin.de/bizer/bsbm/v01/instances/dataFrom/Product633;http://www.w3.org/1999/02/22-rdf-syntax-ns#type;http://www4.wiwiss.fu-berlin.de/bizer/bsbm/v01/vocabulary/Product
http://www4.wiwiss.fu-berlin.de/bizer/bsbm/v01/instances/dataFrom/Product633;http://www.w3.org/1999/02/22-rdf-syntax-ns#type;http://www4.wiwiss.fu-berlin.de/bizer/bsbm/v01/instances/ProductType79
http://www4.wiwiss.fu-berlin.de/bizer/bsbm/v01/instances/dataFrom/Product633;http://www.w3.org/2000/01/rdf-schema#label;valuation vindication
http://www4.wiwiss.fu-berlin.de/bizer/bsbm/v01/instances/dataFrom/Product633;http://www.w3.org/2000/01/rdf-schema#comment;vocational orangiest nances statal perique whinnier shipworms remorses storming tidiest deforesting trothing unslaked merged rooting revenging denuclearize outproduces prevailers obstructiveness badinaging prerecorded henrys bestrides elongates rounds basely splosh plucked fealties emulsifying nonviable cheekiest dugong warders thieved westernized delusionary satiated quiverers bullwhips bowered cruciate twangles shoplifter depravity polymerize slams reverencer smirched enveloped elicits eatings syllogistically discomforts bombs demeaned alders teratological forzandos bookmaking feministic logicize resharpened canvaslike spelt interspersed biotechnological razored clearing dumbwaiters amasser whackier reformated foyers preappearances blackballs cumulates grouped trembling halvahs ophthalmoscopy balkans lido imperilled advertently neckties genocidal reinfects nakedly imputes leukemic cuirassed sealable shocked hearings
http://www4.wiwiss.fu-berlin.de/bizer/bsbm/v01/instances/dataFrom/Product633;http://www4.wiwiss.fu-berlin.de/bizer/bsbm/v01/vocabulary/productPropertyNumeric1;755
http://www4.wiwiss.fu-berlin.de/bizer/bsbm/v01/instances/dataFrom/Product633;http://www4.wiwiss.fu-berlin.de/bizer/bsbm/v01/vocabulary/productPropertyNumeric2;1190
http://www4.wiwiss.fu-berlin.de/bizer/bsbm/v01/instances/dataFrom/Product633;http://www4.wiwiss.fu-berlin.de/bizer/bsbm/v01/vocabulary/productPropertyNumeric3;455
http://www4.wiwiss.fu-berlin.de/bizer/bsbm/v01/instances/dataFrom/Product633;http://www4.wiwiss.fu-berlin.de/bizer/bsbm/v01/vocabulary/productPropertyNumeric4;750
http://www4.wiwiss.fu-berlin.de/bizer/bsbm/v01/instances/dataFrom/Product633;http://www4.wiwiss.fu-berlin.de/bizer/bsbm/v01/vocabulary/productPropertyNumeric5;160
http://www4.wiwiss.fu-berlin.de/bizer/bsbm/v01/instances/dataFrom/Product633;http://www4.wiwiss.fu-berlin.de/bizer/bsbm/v01/vocabulary/productPropertyTextual1;demagogy grueler frettiest rotors hymenopterous phototherapies capelan gastroscopic sympathizing denunciations manifestly prevailingly liquids sexless garrote
http://www4.wiwiss.fu-berlin.de/bizer/bsbm/v01/instances/dataFrom/Product633;http://www4.wiwiss.fu-berlin.de/bizer/bsbm/v01/vocabulary/productPropertyTextual2;tainting socially kales impuissance kris blowsily saltcellar disciplines immemorially mincy oxhearts catamaran scavenger isostatically
http://www4.wiwiss.fu-berlin.de/bizer/bsbm/v01/instances/dataFrom/Product633;http://www4.wiwiss.fu-berlin.de/bizer/bsbm/v01/vocabulary/productPropertyTextual3;titulary payment careered slouching overdiligent
http://www4.wiwiss.fu-berlin.de/bizer/bsbm/v01/instances/dataFrom/Product633;http://www4.wiwiss.fu-berlin.de/bizer/bsbm/v01/vocabulary/productPropertyTextual4;obligator commenced trampolinists suborbital
http://www4.wiwiss.fu-berlin.de/bizer/bsbm/v01/instances/dataFrom/Product633;http://www4.wiwiss.fu-berlin.de/bizer/bsbm/v01/vocabulary/productPropertyTextual5;tollages effortlessness bookplates stirrups retractable leaner
http://www4.wiwiss.fu-berlin.de/bizer/bsbm/v01/instances/dataFrom/Product633;http://www4.wiwiss.fu-berlin.de/bizer/bsbm/v01/vocabulary/productFeature;http://www4.wiwiss.fu-berlin.de/bizer/bsbm/v01/instances/ProductFeature2404
http://www4.wiwiss.fu-berlin.de/bizer/bsbm/v01/instances/dataFrom/Product633;http://www4.wiwiss.fu-berlin.de/bizer/bsbm/v01/vocabulary/productFeature;http://www4.wiwiss.fu-berlin.de/bizer/bsbm/v01/instances/ProductFeature2406
http://www4.wiwiss.fu-berlin.de/bizer/bsbm/v01/instances/dataFrom/Product633;http://www4.wiwiss.fu-berlin.de/bizer/bsbm/v01/vocabulary/productFeature;http://www4.wiwiss.fu-berlin.de/bizer/bsbm/v01/instances/ProductFeature2410
http://www4.wiwiss.fu-berlin.de/bizer/bsbm/v01/instances/dataFrom/Product633;http://www4.wiwiss.fu-berlin.de/bizer/bsbm/v01/vocabulary/productFeature;http://www4.wiwiss.fu-berlin.de/bizer/bsbm/v01/instances/ProductFeature2412
http://www4.wiwiss.fu-berlin.de/bizer/bsbm/v01/instances/dataFrom/Product633;http://www4.wiwiss.fu-berlin.de/bizer/bsbm/v01/vocabulary/productFeature;http://www4.wiwiss.fu-berlin.de/bizer/bsbm/v01/instances/ProductFeature2415
http://www4.wiwiss.fu-berlin.de/bizer/bsbm/v01/instances/dataFrom/Product633;http://www4.wiwiss.fu-berlin.de/bizer/bsbm/v01/vocabulary/productFeature;http://www4.wiwiss.fu-berlin.de/bizer/bsbm/v01/instances/ProductFeature2430
http://www4.wiwiss.fu-berlin.de/bizer/bsbm/v01/instances/dataFrom/Product633;http://www4.wiwiss.fu-berlin.de/bizer/bsbm/v01/vocabulary/productFeature;http://www4.wiwiss.fu-berlin.de/bizer/bsbm/v01/instances/ProductFeature2435
http://www4.wiwiss.fu-berlin.de/bizer/bsbm/v01/instances/dataFrom/Product633;http://www4.wiwiss.fu-berlin.de/bizer/bsbm/v01/vocabulary/productFeature;http://www4.wiwiss.fu-berlin.de/bizer/bsbm/v01/instances/ProductFeature441
http://www4.wiwiss.fu-berlin.de/bizer/bsbm/v01/instances/dataFrom/Product633;http://www4.wiwiss.fu-berlin.de/bizer/bsbm/v01/vocabulary/productFeature;http://www4.wiwiss.fu-berlin.de/bizer/bsbm/v01/instances/ProductFeature442
http://www4.wiwiss.fu-berlin.de/bizer/bsbm/v01/instances/dataFrom/Product633;http://www4.wiwiss.fu-berlin.de/bizer/bsbm/v01/vocabulary/productFeature;http://www4.wiwiss.fu-berlin.de/bizer/bsbm/v01/instances/ProductFeature445
http://www4.wiwiss.fu-berlin.de/bizer/bsbm/v01/instances/dataFrom/Product633;http://www4.wiwiss.fu-berlin.de/bizer/bsbm/v01/vocabulary/productFeature;http://www4.wiwiss.fu-berlin.de/bizer/bsbm/v01/instances/ProductFeature453
http://www4.wiwiss.fu-berlin.de/bizer/bsbm/v01/instances/dataFrom/Product633;http://www4.wiwiss.fu-berlin.de/bizer/bsbm/v01/vocabulary/productFeature;http://www4.wiwiss.fu-berlin.de/bizer/bsbm/v01/instances/ProductFeature457
http://www4.wiwiss.fu-berlin.de/bizer/bsbm/v01/instances/dataFrom/Product633;http://www4.wiwiss.fu-berlin.de/bizer/bsbm/v01/vocabulary/productFeature;http://www4.wiwiss.fu-berlin.de/bizer/bsbm/v01/instances/ProductFeature458
http://www4.wiwiss.fu-berlin.de/bizer/bsbm/v01/instances/dataFrom/Product633;http://www4.wiwiss.fu-berlin.de/bizer/bsbm/v01/vocabulary/productFeature;http://www4.wiwiss.fu-berlin.de/bizer/bsbm/v01/instances/ProductFeature460
http://www4.wiwiss.fu-berlin.de/bizer/bsbm/v01/instances/dataFrom/Product633;http://www4.wiwiss.fu-berlin.de/bizer/bsbm/v01/vocabulary/productFeature;http://www4.wiwiss.fu-berlin.de/bizer/bsbm/v01/instances/ProductFeature469
http://www4.wiwiss.fu-berlin.de/bizer/bsbm/v01/instances/dataFrom/Product633;http://www4.wiwiss.fu-berlin.de/bizer/bsbm/v01/vocabulary/productFeature;http://www4.wiwiss.fu-berlin.de/bizer/bsbm/v01/instances/ProductFeature24
http://www4.wiwiss.fu-berlin.de/bizer/bsbm/v01/instances/dataFrom/Product633;http://www4.wiwiss.fu-berlin.de/bizer/bsbm/v01/vocabulary/productFeature;http://www4.wiwiss.fu-berlin.de/bizer/bsbm/v01/instances/ProductFeature28
http://www4.wiwiss.fu-berlin.de/bizer/bsbm/v01/instances/dataFrom/Product633;http://www4.wiwiss.fu-berlin.de/bizer/bsbm/v01/vocabulary/productFeature;http://www4.wiwiss.fu-berlin.de/bizer/bsbm/v01/instances/ProductFeature30
http://www4.wiwiss.fu-berlin.de/bizer/bsbm/v01/instances/dataFrom/Product633;http://www4.wiwiss.fu-berlin.de/bizer/bsbm/v01/vocabulary/productFeature;http://www4.wiwiss.fu-berlin.de/bizer/bsbm/v01/instances/ProductFeature33
http://www4.wiwiss.fu-berlin.de/bizer/bsbm/v01/instances/dataFrom/Product633;http://www4.wiwiss.fu-berlin.de/bizer/bsbm/v01/vocabulary/productFeature;http://www4.wiwiss.fu-berlin.de/bizer/bsbm/v01/instances/ProductFeature37
http://www4.wiwiss.fu-berlin.de/bizer/bsbm/v01/instances/dataFrom/Product633;http://www4.wiwiss.fu-berlin.de/bizer/bsbm/v01/vocabulary/producer;http://www4.wiwiss.fu-berlin.de/bizer/bsbm/v01/instances/dataFromProducer19/Producer19
http://www4.wiwiss.fu-berlin.de/bizer/bsbm/v01/instances/dataFrom/Product633;http://purl.org/dc/elements/1.1/publisher;http://www4.wiwiss.fu-berlin.de/bizer/bsbm/v01/instances/dataFromProducer19/Producer19
http://www4.wiwiss.fu-berlin.de/bizer/bsbm/v01/instances/dataFrom/Product633;http://purl.org/dc/elements/1.1/date;2003-02-14
http://www4.wiwiss.fu-berlin.de/bizer/bsbm/v01/instances/dataFrom/Product809;http://www.w3.org/1999/02/22-rdf-syntax-ns#type;http://www4.wiwiss.fu-berlin.de/bizer/bsbm/v01/vocabulary/Product
http://www4.wiwiss.fu-berlin.de/bizer/bsbm/v01/instances/dataFrom/Product809;http://www.w3.org/1999/02/22-rdf-syntax-ns#type;http://www4.wiwiss.fu-berlin.de/bizer/bsbm/v01/instances/ProductType79
http://www4.wiwiss.fu-berlin.de/bizer/bsbm/v01/instances/dataFrom/Product809;http://www.w3.org/2000/01/rdf-schema#label;valuation vindication
http://www4.wiwiss.fu-berlin.de/bizer/bsbm/v01/instances/dataFrom/Product809;http://www.w3.org/2000/01/rdf-schema#comment;vocational orangiest nances statal perique whinnier shipworms remorses storming tidiest deforesting trothing unslaked merged rooting revenging denuclearize outproduces prevailers obstructiveness badinaging prerecorded henrys bestrides elongates rounds basely splosh plucked fealties emulsifying nonviable cheekiest dugong warders thieved westernized delusionary satiated quiverers bullwhips bowered cruciate twangles shoplifter depravity polymerize slams reverencer smirched enveloped elicits eatings syllogistically discomforts bombs demeaned alders teratological forzandos bookmaking feministic logicize resharpened canvaslike spelt interspersed biotechnological razored clearing dumbwaiters amasser whackier reformated foyers preappearances blackballs cumulates grouped trembling halvahs ophthalmoscopy balkans lido imperilled advertently neckties genocidal reinfects nakedly imputes leukemic cuirassed sealable shocked hearings
http://www4.wiwiss.fu-berlin.de/bizer/bsbm/v01/instances/dataFrom/Product809;http://www4.wiwiss.fu-berlin.de/bizer/bsbm/v01/vocabulary/productPropertyNumeric1;755
http://www4.wiwiss.fu-berlin.de/bizer/bsbm/v01/instances/dataFrom/Product809;http://www4.wiwiss.fu-berlin.de/bizer/bsbm/v01/vocabulary/productPropertyNumeric2;1190
http://www4.wiwiss.fu-berlin.de/bizer/bsbm/v01/instances/dataFrom/Product809;http://www4.wiwiss.fu-berlin.de/bizer/bsbm/v01/vocabulary/productPropertyNumeric3;455
http://www4.wiwiss.fu-berlin.de/bizer/bsbm/v01/instances/dataFrom/Product809;http://www4.wiwiss.fu-berlin.de/bizer/bsbm/v01/vocabulary/productPropertyNumeric4;750
http://www4.wiwiss.fu-berlin.de/bizer/bsbm/v01/instances/dataFrom/Product809;http://www4.wiwiss.fu-berlin.de/bizer/bsbm/v01/vocabulary/productPropertyNumeric5;160
http://www4.wiwiss.fu-berlin.de/bizer/bsbm/v01/instances/dataFrom/Product809;http://www4.wiwiss.fu-berlin.de/bizer/bsbm/v01/vocabulary/productPropertyTextual1;demagogy grueler frettiest rotors hymenopterous phototherapies capelan gastroscopic sympathizing denunciations manifestly prevailingly liquids sexless garrote
http://www4.wiwiss.fu-berlin.de/bizer/bsbm/v01/instances/dataFrom/Product809;http://www4.wiwiss.fu-berlin.de/bizer/bsbm/v01/vocabulary/productPropertyTextual2;tainting socially kales impuissance kris blowsily saltcellar disciplines immemorially mincy oxhearts catamaran scavenger isostatically
http://www4.wiwiss.fu-berlin.de/bizer/bsbm/v01/instances/dataFrom/Product809;http://www4.wiwiss.fu-berlin.de/bizer/bsbm/v01/vocabulary/productPropertyTextual3;titulary payment careered slouching overdiligent
http://www4.wiwiss.fu-berlin.de/bizer/bsbm/v01/instances/dataFrom/Product809;http://www4.wiwiss.fu-berlin.de/bizer/bsbm/v01/vocabulary/productPropertyTextual4;obligator commenced trampolinists suborbital
http://www4.wiwiss.fu-berlin.de/bizer/bsbm/v01/instances/dataFrom/Product809;http://www4.wiwiss.fu-berlin.de/bizer/bsbm/v01/vocabulary/productPropertyTextual5;tollages effortlessness bookplates stirrups retractable leaner
http://www4.wiwiss.fu-berlin.de/bizer/bsbm/v01/instances/dataFrom/Product809;http://www4.wiwiss.fu-berlin.de/bizer/bsbm/v01/vocabulary/productFeature;http://www4.wiwiss.fu-berlin.de/bizer/bsbm/v01/instances/ProductFeature2404
http://www4.wiwiss.fu-berlin.de/bizer/bsbm/v01/instances/dataFrom/Product809;http://www4.wiwiss.fu-berlin.de/bizer/bsbm/v01/vocabulary/productFeature;http://www4.wiwiss.fu-berlin.de/bizer/bsbm/v01/instances/ProductFeature2406
http://www4.wiwiss.fu-berlin.de/bizer/bsbm/v01/instances/dataFrom/Product809;http://www4.wiwiss.fu-berlin.de/bizer/bsbm/v01/vocabulary/productFeature;http://www4.wiwiss.fu-berlin.de/bizer/bsbm/v01/instances/ProductFeature2410
http://www4.wiwiss.fu-berlin.de/bizer/bsbm/v01/instances/dataFrom/Product809;http://www4.wiwiss.fu-berlin.de/bizer/bsbm/v01/vocabulary/productFeature;http://www4.wiwiss.fu-berlin.de/bizer/bsbm/v01/instances/ProductFeature2412
http://www4.wiwiss.fu-berlin.de/bizer/bsbm/v01/instances/dataFrom/Product809;http://www4.wiwiss.fu-berlin.de/bizer/bsbm/v01/vocabulary/productFeature;http://www4.wiwiss.fu-berlin.de/bizer/bsbm/v01/instances/ProductFeature2415
http://www4.wiwiss.fu-berlin.de/bizer/bsbm/v01/instances/dataFrom/Product809;http://www4.wiwiss.fu-berlin.de/bizer/bsbm/v01/vocabulary/productFeature;http://www4.wiwiss.fu-berlin.de/bizer/bsbm/v01/instances/ProductFeature2430
http://www4.wiwiss.fu-berlin.de/bizer/bsbm/v01/instances/dataFrom/Product809;http://www4.wiwiss.fu-berlin.de/bizer/bsbm/v01/vocabulary/productFeature;http://www4.wiwiss.fu-berlin.de/bizer/bsbm/v01/instances/ProductFeature2435
http://www4.wiwiss.fu-berlin.de/bizer/bsbm/v01/instances/dataFrom/Product809;http://www4.wiwiss.fu-berlin.de/bizer/bsbm/v01/vocabulary/productFeature;http://www4.wiwiss.fu-berlin.de/bizer/bsbm/v01/instances/ProductFeature441
http://www4.wiwiss.fu-berlin.de/bizer/bsbm/v01/instances/dataFrom/Product809;http://www4.wiwiss.fu-berlin.de/bizer/bsbm/v01/vocabulary/productFeature;http://www4.wiwiss.fu-berlin.de/bizer/bsbm/v01/instances/ProductFeature442
http://www4.wiwiss.fu-berlin.de/bizer/bsbm/v01/instances/dataFrom/Product809;http://www4.wiwiss.fu-berlin.de/bizer/bsbm/v01/vocabulary/productFeature;http://www4.wiwiss.fu-berlin.de/bizer/bsbm/v01/instances/ProductFeature445
http://www4.wiwiss.fu-berlin.de/bizer/bsbm/v01/instances/dataFrom/Product809;http://www4.wiwiss.fu-berlin.de/bizer/bsbm/v01/vocabulary/productFeature;http://www4.wiwiss.fu-berlin.de/bizer/bsbm/v01/instances/ProductFeature453
http://www4.wiwiss.fu-berlin.de/bizer/bsbm/v01/instances/dataFrom/Product809;http://www4.wiwiss.fu-berlin.de/bizer/bsbm/v01/vocabulary/productFeature;http://www4.wiwiss.fu-berlin.de/bizer/bsbm/v01/instances/ProductFeature457
http://www4.wiwiss.fu-berlin.de/bizer/bsbm/v01/instances/dataFrom/Product809;http://www4.wiwiss.fu-berlin.de/bizer/bsbm/v01/vocabulary/productFeature;http://www4.wiwiss.fu-berlin.de/bizer/bsbm/v01/instances/ProductFeature458
http://www4.wiwiss.fu-berlin.de/bizer/bsbm/v01/instances/dataFrom/Product809;http://www4.wiwiss.fu-berlin.de/bizer/bsbm/v01/vocabulary/productFeature;http://www4.wiwiss.fu-berlin.de/bizer/bsbm/v01/instances/ProductFeature460
http://www4.wiwiss.fu-berlin.de/bizer/bsbm/v01/instances/dataFrom/Product809;http://www4.wiwiss.fu-berlin.de/bizer/bsbm/v01/vocabulary/productFeature;http://www4.wiwiss.fu-berlin.de/bizer/bsbm/v01/instances/ProductFeature469
http://www4.wiwiss.fu-berlin.de/bizer/bsbm/v01/instances/dataFrom/Product809;http://www4.wiwiss.fu-berlin.de/bizer/bsbm/v01/vocabulary/productFeature;http://www4.wiwiss.fu-berlin.de/bizer/bsbm/v01/instances/ProductFeature24
http://www4.wiwiss.fu-berlin.de/bizer/bsbm/v01/instances/dataFrom/Product809;http://www4.wiwiss.fu-berlin.de/bizer/bsbm/v01/vocabulary/productFeature;http://www4.wiwiss.fu-berlin.de/bizer/bsbm/v01/instances/ProductFeature28
http://www4.wiwiss.fu-berlin.de/bizer/bsbm/v01/instances/dataFrom/Product809;http://www4.wiwiss.fu-berlin.de/bizer/bsbm/v01/vocabulary/productFeature;http://www4.wiwiss.fu-berlin.de/bizer/bsbm/v01/instances/ProductFeature30
http://www4.wiwiss.fu-berlin.de/bizer/bsbm/v01/instances/dataFrom/Product809;http://www4.wiwiss.fu-berlin.de/bizer/bsbm/v01/vocabulary/productFeature;http://www4.wiwiss.fu-berlin.de/bizer/bsbm/v01/instances/ProductFeature33
http://www4.wiwiss.fu-berlin.de/bizer/bsbm/v01/instances/dataFrom/Product809;http://www4.wiwiss.fu-berlin.de/bizer/bsbm/v01/vocabulary/productFeature;http://www4.wiwiss.fu-berlin.de/bizer/bsbm/v01/instances/ProductFeature37
http://www4.wiwiss.fu-berlin.de/bizer/bsbm/v01/instances/dataFrom/Product809;http://www4.wiwiss.fu-berlin.de/bizer/bsbm/v01/vocabulary/producer;http://www4.wiwiss.fu-berlin.de/bizer/bsbm/v01/instances/dataFromProducer19/Producer19
http://www4.wiwiss.fu-berlin.de/bizer/bsbm/v01/instances/dataFrom/Product809;http://purl.org/dc/elements/1.1/publisher;http://www4.wiwiss.fu-berlin.de/bizer/bsbm/v01/instances/dataFromProducer19/Producer19
http://www4.wiwiss.fu-berlin.de/bizer/bsbm/v01/instances/dataFrom/Product809;http://purl.org/dc/elements/1.1/date;2003-02-14
http://www4.wiwiss.fu-berlin.de/bizer/bsbm/v01/instances/dataFrom/Product302;http://www.w3.org/1999/02/22-rdf-syntax-ns#type;http://www4.wiwiss.fu-berlin.de/bizer/bsbm/v01/vocabulary/Product
http://www4.wiwiss.fu-berlin.de/bizer/bsbm/v01/instances/dataFrom/Product302;http://www.w3.org/1999/02/22-rdf-syntax-ns#type;http://www4.wiwiss.fu-berlin.de/bizer/bsbm/v01/instances/ProductType79
http://www4.wiwiss.fu-berlin.de/bizer/bsbm/v01/instances/dataFrom/Product302;http://www.w3.org/2000/01/rdf-schema#label;valuation vindication
http://www4.wiwiss.fu-berlin.de/bizer/bsbm/v01/instances/dataFrom/Product302;http://www.w3.org/2000/01/rdf-schema#comment;vocational orangiest nances statal perique whinnier shipworms remorses storming tidiest deforesting trothing unslaked merged rooting revenging denuclearize outproduces prevailers obstructiveness badinaging prerecorded henrys bestrides elongates rounds basely splosh plucked fealties emulsifying nonviable cheekiest dugong warders thieved westernized delusionary satiated quiverers bullwhips bowered cruciate twangles shoplifter depravity polymerize slams reverencer smirched enveloped elicits eatings syllogistically discomforts bombs demeaned alders teratological forzandos bookmaking feministic logicize resharpened canvaslike spelt interspersed biotechnological razored clearing dumbwaiters amasser whackier reformated foyers preappearances blackballs cumulates grouped trembling halvahs ophthalmoscopy balkans lido imperilled advertently neckties genocidal reinfects nakedly imputes leukemic cuirassed sealable shocked hearings
http://www4.wiwiss.fu-berlin.de/bizer/bsbm/v01/instances/dataFrom/Product302;http://www4.wiwiss.fu-berlin.de/bizer/bsbm/v01/vocabulary/productPropertyNumeric1;755
http://www4.wiwiss.fu-berlin.de/bizer/bsbm/v01/instances/dataFrom/Product302;http://www4.wiwiss.fu-berlin.de/bizer/bsbm/v01/vocabulary/productPropertyNumeric2;1190
http://www4.wiwiss.fu-berlin.de/bizer/bsbm/v01/instances/dataFrom/Product302;http://www4.wiwiss.fu-berlin.de/bizer/bsbm/v01/vocabulary/productPropertyNumeric3;455
http://www4.wiwiss.fu-berlin.de/bizer/bsbm/v01/instances/dataFrom/Product302;http://www4.wiwiss.fu-berlin.de/bizer/bsbm/v01/vocabulary/productPropertyNumeric4;750
http://www4.wiwiss.fu-berlin.de/bizer/bsbm/v01/instances/dataFrom/Product302;http://www4.wiwiss.fu-berlin.de/bizer/bsbm/v01/vocabulary/productPropertyNumeric5;160
http://www4.wiwiss.fu-berlin.de/bizer/bsbm/v01/instances/dataFrom/Product302;http://www4.wiwiss.fu-berlin.de/bizer/bsbm/v01/vocabulary/productPropertyTextual1;demagogy grueler frettiest rotors hymenopterous phototherapies capelan gastroscopic sympathizing denunciations manifestly prevailingly liquids sexless garrote
http://www4.wiwiss.fu-berlin.de/bizer/bsbm/v01/instances/dataFrom/Product302;http://www4.wiwiss.fu-berlin.de/bizer/bsbm/v01/vocabulary/productPropertyTextual2;tainting socially kales impuissance kris blowsily saltcellar disciplines immemorially mincy oxhearts catamaran scavenger isostatically
http://www4.wiwiss.fu-berlin.de/bizer/bsbm/v01/instances/dataFrom/Product302;http://www4.wiwiss.fu-berlin.de/bizer/bsbm/v01/vocabulary/productPropertyTextual3;titulary payment careered slouching overdiligent
http://www4.wiwiss.fu-berlin.de/bizer/bsbm/v01/instances/dataFrom/Product302;http://www4.wiwiss.fu-berlin.de/bizer/bsbm/v01/vocabulary/productPropertyTextual4;obligator commenced trampolinists suborbital
http://www4.wiwiss.fu-berlin.de/bizer/bsbm/v01/instances/dataFrom/Product302;http://www4.wiwiss.fu-berlin.de/bizer/bsbm/v01/vocabulary/productPropertyTextual5;tollages effortlessness bookplates stirrups retractable leaner
http://www4.wiwiss.fu-berlin.de/bizer/bsbm/v01/instances/dataFrom/Product302;http://www4.wiwiss.fu-berlin.de/bizer/bsbm/v01/vocabulary/productFeature;http://www4.wiwiss.fu-berlin.de/bizer/bsbm/v01/instances/ProductFeature2404
http://www4.wiwiss.fu-berlin.de/bizer/bsbm/v01/instances/dataFrom/Product302;http://www4.wiwiss.fu-berlin.de/bizer/bsbm/v01/vocabulary/productFeature;http://www4.wiwiss.fu-berlin.de/bizer/bsbm/v01/instances/ProductFeature2406
http://www4.wiwiss.fu-berlin.de/bizer/bsbm/v01/instances/dataFrom/Product302;http://www4.wiwiss.fu-berlin.de/bizer/bsbm/v01/vocabulary/productFeature;http://www4.wiwiss.fu-berlin.de/bizer/bsbm/v01/instances/ProductFeature2410
http://www4.wiwiss.fu-berlin.de/bizer/bsbm/v01/instances/dataFrom/Product302;http://www4.wiwiss.fu-berlin.de/bizer/bsbm/v01/vocabulary/productFeature;http://www4.wiwiss.fu-berlin.de/bizer/bsbm/v01/instances/ProductFeature2412
http://www4.wiwiss.fu-berlin.de/bizer/bsbm/v01/instances/dataFrom/Product302;http://www4.wiwiss.fu-berlin.de/bizer/bsbm/v01/vocabulary/productFeature;http://www4.wiwiss.fu-berlin.de/bizer/bsbm/v01/instances/ProductFeature2415
http://www4.wiwiss.fu-berlin.de/bizer/bsbm/v01/instances/dataFrom/Product302;http://www4.wiwiss.fu-berlin.de/bizer/bsbm/v01/vocabulary/productFeature;http://www4.wiwiss.fu-berlin.de/bizer/bsbm/v01/instances/ProductFeature2430
http://www4.wiwiss.fu-berlin.de/bizer/bsbm/v01/instances/dataFrom/Product302;http://www4.wiwiss.fu-berlin.de/bizer/bsbm/v01/vocabulary/productFeature;http://www4.wiwiss.fu-berlin.de/bizer/bsbm/v01/instances/ProductFeature2435
http://www4.wiwiss.fu-berlin.de/bizer/bsbm/v01/instances/dataFrom/Product302;http://www4.wiwiss.fu-berlin.de/bizer/bsbm/v01/vocabulary/productFeature;http://www4.wiwiss.fu-berlin.de/bizer/bsbm/v01/instances/ProductFeature441
http://www4.wiwiss.fu-berlin.de/bizer/bsbm/v01/instances/dataFrom/Product302;http://www4.wiwiss.fu-berlin.de/bizer/bsbm/v01/vocabulary/productFeature;http://www4.wiwiss.fu-berlin.de/bizer/bsbm/v01/instances/ProductFeature442
http://www4.wiwiss.fu-berlin.de/bizer/bsbm/v01/instances/dataFrom/Product302;http://www4.wiwiss.fu-berlin.de/bizer/bsbm/v01/vocabulary/productFeature;http://www4.wiwiss.fu-berlin.de/bizer/bsbm/v01/instances/ProductFeature445
http://www4.wiwiss.fu-berlin.de/bizer/bsbm/v01/instances/dataFrom/Product302;http://www4.wiwiss.fu-berlin.de/bizer/bsbm/v01/vocabulary/productFeature;http://www4.wiwiss.fu-berlin.de/bizer/bsbm/v01/instances/ProductFeature453
http://www4.wiwiss.fu-berlin.de/bizer/bsbm/v01/instances/dataFrom/Product302;http://www4.wiwiss.fu-berlin.de/bizer/bsbm/v01/vocabulary/productFeature;http://www4.wiwiss.fu-berlin.de/bizer/bsbm/v01/instances/ProductFeature457
http://www4.wiwiss.fu-berlin.de/bizer/bsbm/v01/instances/dataFrom/Product302;http://www4.wiwiss.fu-berlin.de/bizer/bsbm/v01/vocabulary/productFeature;http://www4.wiwiss.fu-berlin.de/bizer/bsbm/v01/instances/ProductFeature458
http://www4.wiwiss.fu-berlin.de/bizer/bsbm/v01/instances/dataFrom/Product302;http://www4.wiwiss.fu-berlin.de/bizer/bsbm/v01/vocabulary/productFeature;http://www4.wiwiss.fu-berlin.de/bizer/bsbm/v01/instances/ProductFeature460
http://www4.wiwiss.fu-berlin.de/bizer/bsbm/v01/instances/dataFrom/Product302;http://www4.wiwiss.fu-berlin.de/bizer/bsbm/v01/vocabulary/productFeature;http://www4.wiwiss.fu-berlin.de/bizer/bsbm/v01/instances/ProductFeature469
http://www4.wiwiss.fu-berlin.de/bizer/bsbm/v01/instances/dataFrom/Product302;http://www4.wiwiss.fu-berlin.de/bizer/bsbm/v01/vocabulary/productFeature;http://www4.wiwiss.fu-berlin.de/bizer/bsbm/v01/instances/ProductFeature24
http://www4.wiwiss.fu-berlin.de/bizer/bsbm/v01/instances/dataFrom/Product302;http://www4.wiwiss.fu-berlin.de/bizer/bsbm/v01/vocabulary/productFeature;http://www4.wiwiss.fu-berlin.de/bizer/bsbm/v01/instances/ProductFeature28
http://www4.wiwiss.fu-berlin.de/bizer/bsbm/v01/instances/dataFrom/Product302;http://www4.wiwiss.fu-berlin.de/bizer/bsbm/v01/vocabulary/productFeature;http://www4.wiwiss.fu-berlin.de/bizer/bsbm/v01/instances/ProductFeature30
http://www4.wiwiss.fu-berlin.de/bizer/bsbm/v01/instances/dataFrom/Product302;http://www4.wiwiss.fu-berlin.de/bizer/bsbm/v01/vocabulary/productFeature;http://www4.wiwiss.fu-berlin.de/bizer/bsbm/v01/instances/ProductFeature33
http://www4.wiwiss.fu-berlin.de/bizer/bsbm/v01/instances/dataFrom/Product302;http://www4.wiwiss.fu-berlin.de/bizer/bsbm/v01/vocabulary/productFeature;http://www4.wiwiss.fu-berlin.de/bizer/bsbm/v01/instances/ProductFeature37
http://www4.wiwiss.fu-berlin.de/bizer/bsbm/v01/instances/dataFrom/Product302;http://www4.wiwiss.fu-berlin.de/bizer/bsbm/v01/vocabulary/producer;http://www4.wiwiss.fu-berlin.de/bizer/bsbm/v01/instances/dataFromProducer19/Producer19
http://www4.wiwiss.fu-berlin.de/bizer/bsbm/v01/instances/dataFrom/Product302;http://purl.org/dc/elements/1.1/publisher;http://www4.wiwiss.fu-berlin.de/bizer/bsbm/v01/instances/dataFromProducer19/Producer19
http://www4.wiwiss.fu-berlin.de/bizer/bsbm/v01/instances/dataFrom/Product302;http://purl.org/dc/elements/1.1/date;2003-02-14
http://www4.wiwiss.fu-berlin.de/bizer/bsbm/v01/instances/dataFrom/Product435;http://www.w3.org/1999/02/22-rdf-syntax-ns#type;http://www4.wiwiss.fu-berlin.de/bizer/bsbm/v01/vocabulary/Product
http://www4.wiwiss.fu-berlin.de/bizer/bsbm/v01/instances/dataFrom/Product435;http://www.w3.org/1999/02/22-rdf-syntax-ns#type;http://www4.wiwiss.fu-berlin.de/bizer/bsbm/v01/instances/ProductType79
http://www4.wiwiss.fu-berlin.de/bizer/bsbm/v01/instances/dataFrom/Product435;http://www.w3.org/2000/01/rdf-schema#label;valuation vindication
http://www4.wiwiss.fu-berlin.de/bizer/bsbm/v01/instances/dataFrom/Product435;http://www.w3.org/2000/01/rdf-schema#comment;vocational orangiest nances statal perique whinnier shipworms remorses storming tidiest deforesting trothing unslaked merged rooting revenging denuclearize outproduces prevailers obstructiveness badinaging prerecorded henrys bestrides elongates rounds basely splosh plucked fealties emulsifying nonviable cheekiest dugong warders thieved westernized delusionary satiated quiverers bullwhips bowered cruciate twangles shoplifter depravity polymerize slams reverencer smirched enveloped elicits eatings syllogistically discomforts bombs demeaned alders teratological forzandos bookmaking feministic logicize resharpened canvaslike spelt interspersed biotechnological razored clearing dumbwaiters amasser whackier reformated foyers preappearances blackballs cumulates grouped trembling halvahs ophthalmoscopy balkans lido imperilled advertently neckties genocidal reinfects nakedly imputes leukemic cuirassed sealable shocked hearings
http://www4.wiwiss.fu-berlin.de/bizer/bsbm/v01/instances/dataFrom/Product435;http://www4.wiwiss.fu-berlin.de/bizer/bsbm/v01/vocabulary/productPropertyNumeric1;755
http://www4.wiwiss.fu-berlin.de/bizer/bsbm/v01/instances/dataFrom/Product435;http://www4.wiwiss.fu-berlin.de/bizer/bsbm/v01/vocabulary/productPropertyNumeric2;1190
http://www4.wiwiss.fu-berlin.de/bizer/bsbm/v01/instances/dataFrom/Product435;http://www4.wiwiss.fu-berlin.de/bizer/bsbm/v01/vocabulary/productPropertyNumeric3;455
http://www4.wiwiss.fu-berlin.de/bizer/bsbm/v01/instances/dataFrom/Product435;http://www4.wiwiss.fu-berlin.de/bizer/bsbm/v01/vocabulary/productPropertyNumeric4;750
http://www4.wiwiss.fu-berlin.de/bizer/bsbm/v01/instances/dataFrom/Product435;http://www4.wiwiss.fu-berlin.de/bizer/bsbm/v01/vocabulary/productPropertyNumeric5;160
http://www4.wiwiss.fu-berlin.de/bizer/bsbm/v01/instances/dataFrom/Product435;http://www4.wiwiss.fu-berlin.de/bizer/bsbm/v01/vocabulary/productPropertyTextual1;demagogy grueler frettiest rotors hymenopterous phototherapies capelan gastroscopic sympathizing denunciations manifestly prevailingly liquids sexless garrote
http://www4.wiwiss.fu-berlin.de/bizer/bsbm/v01/instances/dataFrom/Product435;http://www4.wiwiss.fu-berlin.de/bizer/bsbm/v01/vocabulary/productPropertyTextual2;tainting socially kales impuissance kris blowsily saltcellar disciplines immemorially mincy oxhearts catamaran scavenger isostatically
http://www4.wiwiss.fu-berlin.de/bizer/bsbm/v01/instances/dataFrom/Product435;http://www4.wiwiss.fu-berlin.de/bizer/bsbm/v01/vocabulary/productPropertyTextual3;titulary payment careered slouching overdiligent
http://www4.wiwiss.fu-berlin.de/bizer/bsbm/v01/instances/dataFrom/Product435;http://www4.wiwiss.fu-berlin.de/bizer/bsbm/v01/vocabulary/productPropertyTextual4;obligator commenced trampolinists suborbital
http://www4.wiwiss.fu-berlin.de/bizer/bsbm/v01/instances/dataFrom/Product435;http://www4.wiwiss.fu-berlin.de/bizer/bsbm/v01/vocabulary/productPropertyTextual5;tollages effortlessness bookplates stirrups retractable leaner
http://www4.wiwiss.fu-berlin.de/bizer/bsbm/v01/instances/dataFrom/Product435;http://www4.wiwiss.fu-berlin.de/bizer/bsbm/v01/vocabulary/productFeature;http://www4.wiwiss.fu-berlin.de/bizer/bsbm/v01/instances/ProductFeature2404
http://www4.wiwiss.fu-berlin.de/bizer/bsbm/v01/instances/dataFrom/Product435;http://www4.wiwiss.fu-berlin.de/bizer/bsbm/v01/vocabulary/productFeature;http://www4.wiwiss.fu-berlin.de/bizer/bsbm/v01/instances/ProductFeature2406
http://www4.wiwiss.fu-berlin.de/bizer/bsbm/v01/instances/dataFrom/Product435;http://www4.wiwiss.fu-berlin.de/bizer/bsbm/v01/vocabulary/productFeature;http://www4.wiwiss.fu-berlin.de/bizer/bsbm/v01/instances/ProductFeature2410
http://www4.wiwiss.fu-berlin.de/bizer/bsbm/v01/instances/dataFrom/Product435;http://www4.wiwiss.fu-berlin.de/bizer/bsbm/v01/vocabulary/productFeature;http://www4.wiwiss.fu-berlin.de/bizer/bsbm/v01/instances/ProductFeature2412
http://www4.wiwiss.fu-berlin.de/bizer/bsbm/v01/instances/dataFrom/Product435;http://www4.wiwiss.fu-berlin.de/bizer/bsbm/v01/vocabulary/productFeature;http://www4.wiwiss.fu-berlin.de/bizer/bsbm/v01/instances/ProductFeature2415
http://www4.wiwiss.fu-berlin.de/bizer/bsbm/v01/instances/dataFrom/Product435;http://www4.wiwiss.fu-berlin.de/bizer/bsbm/v01/vocabulary/productFeature;http://www4.wiwiss.fu-berlin.de/bizer/bsbm/v01/instances/ProductFeature2430
http://www4.wiwiss.fu-berlin.de/bizer/bsbm/v01/instances/dataFrom/Product435;http://www4.wiwiss.fu-berlin.de/bizer/bsbm/v01/vocabulary/productFeature;http://www4.wiwiss.fu-berlin.de/bizer/bsbm/v01/instances/ProductFeature2435
http://www4.wiwiss.fu-berlin.de/bizer/bsbm/v01/instances/dataFrom/Product435;http://www4.wiwiss.fu-berlin.de/bizer/bsbm/v01/vocabulary/productFeature;http://www4.wiwiss.fu-berlin.de/bizer/bsbm/v01/instances/ProductFeature441
http://www4.wiwiss.fu-berlin.de/bizer/bsbm/v01/instances/dataFrom/Product435;http://www4.wiwiss.fu-berlin.de/bizer/bsbm/v01/vocabulary/productFeature;http://www4.wiwiss.fu-berlin.de/bizer/bsbm/v01/instances/ProductFeature442
http://www4.wiwiss.fu-berlin.de/bizer/bsbm/v01/instances/dataFrom/Product435;http://www4.wiwiss.fu-berlin.de/bizer/bsbm/v01/vocabulary/productFeature;http://www4.wiwiss.fu-berlin.de/bizer/bsbm/v01/instances/ProductFeature445
http://www4.wiwiss.fu-berlin.de/bizer/bsbm/v01/instances/dataFrom/Product435;http://www4.wiwiss.fu-berlin.de/bizer/bsbm/v01/vocabulary/productFeature;http://www4.wiwiss.fu-berlin.de/bizer/bsbm/v01/instances/ProductFeature453
http://www4.wiwiss.fu-berlin.de/bizer/bsbm/v01/instances/dataFrom/Product435;http://www4.wiwiss.fu-berlin.de/bizer/bsbm/v01/vocabulary/productFeature;http://www4.wiwiss.fu-berlin.de/bizer/bsbm/v01/instances/ProductFeature457
http://www4.wiwiss.fu-berlin.de/bizer/bsbm/v01/instances/dataFrom/Product435;http://www4.wiwiss.fu-berlin.de/bizer/bsbm/v01/vocabulary/productFeature;http://www4.wiwiss.fu-berlin.de/bizer/bsbm/v01/instances/ProductFeature458
http://www4.wiwiss.fu-berlin.de/bizer/bsbm/v01/instances/dataFrom/Product435;http://www4.wiwiss.fu-berlin.de/bizer/bsbm/v01/vocabulary/productFeature;http://www4.wiwiss.fu-berlin.de/bizer/bsbm/v01/instances/ProductFeature460
http://www4.wiwiss.fu-berlin.de/bizer/bsbm/v01/instances/dataFrom/Product435;http://www4.wiwiss.fu-berlin.de/bizer/bsbm/v01/vocabulary/productFeature;http://www4.wiwiss.fu-berlin.de/bizer/bsbm/v01/instances/ProductFeature469
http://www4.wiwiss.fu-berlin.de/bizer/bsbm/v01/instances/dataFrom/Product435;http://www4.wiwiss.fu-berlin.de/bizer/bsbm/v01/vocabulary/productFeature;http://www4.wiwiss.fu-berlin.de/bizer/bsbm/v01/instances/ProductFeature24
http://www4.wiwiss.fu-berlin.de/bizer/bsbm/v01/instances/dataFrom/Product435;http://www4.wiwiss.fu-berlin.de/bizer/bsbm/v01/vocabulary/productFeature;http://www4.wiwiss.fu-berlin.de/bizer/bsbm/v01/instances/ProductFeature28
http://www4.wiwiss.fu-berlin.de/bizer/bsbm/v01/instances/dataFrom/Product435;http://www4.wiwiss.fu-berlin.de/bizer/bsbm/v01/vocabulary/productFeature;http://www4.wiwiss.fu-berlin.de/bizer/bsbm/v01/instances/ProductFeature30
http://www4.wiwiss.fu-berlin.de/bizer/bsbm/v01/instances/dataFrom/Product435;http://www4.wiwiss.fu-berlin.de/bizer/bsbm/v01/vocabulary/productFeature;http://www4.wiwiss.fu-berlin.de/bizer/bsbm/v01/instances/ProductFeature33
http://www4.wiwiss.fu-berlin.de/bizer/bsbm/v01/instances/dataFrom/Product435;http://www4.wiwiss.fu-berlin.de/bizer/bsbm/v01/vocabulary/productFeature;http://www4.wiwiss.fu-berlin.de/bizer/bsbm/v01/instances/ProductFeature37
http://www4.wiwiss.fu-berlin.de/bizer/bsbm/v01/instances/dataFrom/Product435;http://www4.wiwiss.fu-berlin.de/bizer/bsbm/v01/vocabulary/producer;http://www4.wiwiss.fu-berlin.de/bizer/bsbm/v01/instances/dataFromProducer19/Producer19
http://www4.wiwiss.fu-berlin.de/bizer/bsbm/v01/instances/dataFrom/Product435;http://purl.org/dc/elements/1.1/publisher;http://www4.wiwiss.fu-berlin.de/bizer/bsbm/v01/instances/dataFromProducer19/Producer19
http://www4.wiwiss.fu-berlin.de/bizer/bsbm/v01/instances/dataFrom/Product435;http://purl.org/dc/elements/1.1/date;2003-02-14
http://www4.wiwiss.fu-berlin.de/bizer/bsbm/v01/instances/dataFrom/Product558;http://www.w3.org/1999/02/22-rdf-syntax-ns#type;http://www4.wiwiss.fu-berlin.de/bizer/bsbm/v01/vocabulary/Product
http://www4.wiwiss.fu-berlin.de/bizer/bsbm/v01/instances/dataFrom/Product558;http://www.w3.org/1999/02/22-rdf-syntax-ns#type;http://www4.wiwiss.fu-berlin.de/bizer/bsbm/v01/instances/ProductType79
http://www4.wiwiss.fu-berlin.de/bizer/bsbm/v01/instances/dataFrom/Product558;http://www.w3.org/2000/01/rdf-schema#label;valuation vindication
http://www4.wiwiss.fu-berlin.de/bizer/bsbm/v01/instances/dataFrom/Product558;http://www.w3.org/2000/01/rdf-schema#comment;vocational orangiest nances statal perique whinnier shipworms remorses storming tidiest deforesting trothing unslaked merged rooting revenging denuclearize outproduces prevailers obstructiveness badinaging prerecorded henrys bestrides elongates rounds basely splosh plucked fealties emulsifying nonviable cheekiest dugong warders thieved westernized delusionary satiated quiverers bullwhips bowered cruciate twangles shoplifter depravity polymerize slams reverencer smirched enveloped elicits eatings syllogistically discomforts bombs demeaned alders teratological forzandos bookmaking feministic logicize resharpened canvaslike spelt interspersed biotechnological razored clearing dumbwaiters amasser whackier reformated foyers preappearances blackballs cumulates grouped trembling halvahs ophthalmoscopy balkans lido imperilled advertently neckties genocidal reinfects nakedly imputes leukemic cuirassed sealable shocked hearings
http://www4.wiwiss.fu-berlin.de/bizer/bsbm/v01/instances/dataFrom/Product558;http://www4.wiwiss.fu-berlin.de/bizer/bsbm/v01/vocabulary/productPropertyNumeric1;755
http://www4.wiwiss.fu-berlin.de/bizer/bsbm/v01/instances/dataFrom/Product558;http://www4.wiwiss.fu-berlin.de/bizer/bsbm/v01/vocabulary/productPropertyNumeric2;1190
http://www4.wiwiss.fu-berlin.de/bizer/bsbm/v01/instances/dataFrom/Product558;http://www4.wiwiss.fu-berlin.de/bizer/bsbm/v01/vocabulary/productPropertyNumeric3;455
http://www4.wiwiss.fu-berlin.de/bizer/bsbm/v01/instances/dataFrom/Product558;http://www4.wiwiss.fu-berlin.de/bizer/bsbm/v01/vocabulary/productPropertyNumeric4;750
http://www4.wiwiss.fu-berlin.de/bizer/bsbm/v01/instances/dataFrom/Product558;http://www4.wiwiss.fu-berlin.de/bizer/bsbm/v01/vocabulary/productPropertyNumeric5;160
http://www4.wiwiss.fu-berlin.de/bizer/bsbm/v01/instances/dataFrom/Product558;http://www4.wiwiss.fu-berlin.de/bizer/bsbm/v01/vocabulary/productPropertyTextual1;demagogy grueler frettiest rotors hymenopterous phototherapies capelan gastroscopic sympathizing denunciations manifestly prevailingly liquids sexless garrote
http://www4.wiwiss.fu-berlin.de/bizer/bsbm/v01/instances/dataFrom/Product558;http://www4.wiwiss.fu-berlin.de/bizer/bsbm/v01/vocabulary/productPropertyTextual2;tainting socially kales impuissance kris blowsily saltcellar disciplines immemorially mincy oxhearts catamaran scavenger isostatically
http://www4.wiwiss.fu-berlin.de/bizer/bsbm/v01/instances/dataFrom/Product558;http://www4.wiwiss.fu-berlin.de/bizer/bsbm/v01/vocabulary/productPropertyTextual3;titulary payment careered slouching overdiligent
http://www4.wiwiss.fu-berlin.de/bizer/bsbm/v01/instances/dataFrom/Product558;http://www4.wiwiss.fu-berlin.de/bizer/bsbm/v01/vocabulary/productPropertyTextual4;obligator commenced trampolinists suborbital
http://www4.wiwiss.fu-berlin.de/bizer/bsbm/v01/instances/dataFrom/Product558;http://www4.wiwiss.fu-berlin.de/bizer/bsbm/v01/vocabulary/productPropertyTextual5;tollages effortlessness bookplates stirrups retractable leaner
http://www4.wiwiss.fu-berlin.de/bizer/bsbm/v01/instances/dataFrom/Product558;http://www4.wiwiss.fu-berlin.de/bizer/bsbm/v01/vocabulary/productFeature;http://www4.wiwiss.fu-berlin.de/bizer/bsbm/v01/instances/ProductFeature2404
http://www4.wiwiss.fu-berlin.de/bizer/bsbm/v01/instances/dataFrom/Product558;http://www4.wiwiss.fu-berlin.de/bizer/bsbm/v01/vocabulary/productFeature;http://www4.wiwiss.fu-berlin.de/bizer/bsbm/v01/instances/ProductFeature2406
http://www4.wiwiss.fu-berlin.de/bizer/bsbm/v01/instances/dataFrom/Product558;http://www4.wiwiss.fu-berlin.de/bizer/bsbm/v01/vocabulary/productFeature;http://www4.wiwiss.fu-berlin.de/bizer/bsbm/v01/instances/ProductFeature2410
http://www4.wiwiss.fu-berlin.de/bizer/bsbm/v01/instances/dataFrom/Product558;http://www4.wiwiss.fu-berlin.de/bizer/bsbm/v01/vocabulary/productFeature;http://www4.wiwiss.fu-berlin.de/bizer/bsbm/v01/instances/ProductFeature2412
http://www4.wiwiss.fu-berlin.de/bizer/bsbm/v01/instances/dataFrom/Product558;http://www4.wiwiss.fu-berlin.de/bizer/bsbm/v01/vocabulary/productFeature;http://www4.wiwiss.fu-berlin.de/bizer/bsbm/v01/instances/ProductFeature2415
http://www4.wiwiss.fu-berlin.de/bizer/bsbm/v01/instances/dataFrom/Product558;http://www4.wiwiss.fu-berlin.de/bizer/bsbm/v01/vocabulary/productFeature;http://www4.wiwiss.fu-berlin.de/bizer/bsbm/v01/instances/ProductFeature2430
http://www4.wiwiss.fu-berlin.de/bizer/bsbm/v01/instances/dataFrom/Product558;http://www4.wiwiss.fu-berlin.de/bizer/bsbm/v01/vocabulary/productFeature;http://www4.wiwiss.fu-berlin.de/bizer/bsbm/v01/instances/ProductFeature2435
http://www4.wiwiss.fu-berlin.de/bizer/bsbm/v01/instances/dataFrom/Product558;http://www4.wiwiss.fu-berlin.de/bizer/bsbm/v01/vocabulary/productFeature;http://www4.wiwiss.fu-berlin.de/bizer/bsbm/v01/instances/ProductFeature441
http://www4.wiwiss.fu-berlin.de/bizer/bsbm/v01/instances/dataFrom/Product558;http://www4.wiwiss.fu-berlin.de/bizer/bsbm/v01/vocabulary/productFeature;http://www4.wiwiss.fu-berlin.de/bizer/bsbm/v01/instances/ProductFeature442
http://www4.wiwiss.fu-berlin.de/bizer/bsbm/v01/instances/dataFrom/Product558;http://www4.wiwiss.fu-berlin.de/bizer/bsbm/v01/vocabulary/productFeature;http://www4.wiwiss.fu-berlin.de/bizer/bsbm/v01/instances/ProductFeature445
http://www4.wiwiss.fu-berlin.de/bizer/bsbm/v01/instances/dataFrom/Product558;http://www4.wiwiss.fu-berlin.de/bizer/bsbm/v01/vocabulary/productFeature;http://www4.wiwiss.fu-berlin.de/bizer/bsbm/v01/instances/ProductFeature453
http://www4.wiwiss.fu-berlin.de/bizer/bsbm/v01/instances/dataFrom/Product558;http://www4.wiwiss.fu-berlin.de/bizer/bsbm/v01/vocabulary/productFeature;http://www4.wiwiss.fu-berlin.de/bizer/bsbm/v01/instances/ProductFeature457
http://www4.wiwiss.fu-berlin.de/bizer/bsbm/v01/instances/dataFrom/Product558;http://www4.wiwiss.fu-berlin.de/bizer/bsbm/v01/vocabulary/productFeature;http://www4.wiwiss.fu-berlin.de/bizer/bsbm/v01/instances/ProductFeature458
http://www4.wiwiss.fu-berlin.de/bizer/bsbm/v01/instances/dataFrom/Product558;http://www4.wiwiss.fu-berlin.de/bizer/bsbm/v01/vocabulary/productFeature;http://www4.wiwiss.fu-berlin.de/bizer/bsbm/v01/instances/ProductFeature460
http://www4.wiwiss.fu-berlin.de/bizer/bsbm/v01/instances/dataFrom/Product558;http://www4.wiwiss.fu-berlin.de/bizer/bsbm/v01/vocabulary/productFeature;http://www4.wiwiss.fu-berlin.de/bizer/bsbm/v01/instances/ProductFeature469
http://www4.wiwiss.fu-berlin.de/bizer/bsbm/v01/instances/dataFrom/Product558;http://www4.wiwiss.fu-berlin.de/bizer/bsbm/v01/vocabulary/productFeature;http://www4.wiwiss.fu-berlin.de/bizer/bsbm/v01/instances/ProductFeature24
http://www4.wiwiss.fu-berlin.de/bizer/bsbm/v01/instances/dataFrom/Product558;http://www4.wiwiss.fu-berlin.de/bizer/bsbm/v01/vocabulary/productFeature;http://www4.wiwiss.fu-berlin.de/bizer/bsbm/v01/instances/ProductFeature28
http://www4.wiwiss.fu-berlin.de/bizer/bsbm/v01/instances/dataFrom/Product558;http://www4.wiwiss.fu-berlin.de/bizer/bsbm/v01/vocabulary/productFeature;http://www4.wiwiss.fu-berlin.de/bizer/bsbm/v01/instances/ProductFeature30
http://www4.wiwiss.fu-berlin.de/bizer/bsbm/v01/instances/dataFrom/Product558;http://www4.wiwiss.fu-berlin.de/bizer/bsbm/v01/vocabulary/productFeature;http://www4.wiwiss.fu-berlin.de/bizer/bsbm/v01/instances/ProductFeature33
http://www4.wiwiss.fu-berlin.de/bizer/bsbm/v01/instances/dataFrom/Product558;http://www4.wiwiss.fu-berlin.de/bizer/bsbm/v01/vocabulary/productFeature;http://www4.wiwiss.fu-berlin.de/bizer/bsbm/v01/instances/ProductFeature37
http://www4.wiwiss.fu-berlin.de/bizer/bsbm/v01/instances/dataFrom/Product558;http://www4.wiwiss.fu-berlin.de/bizer/bsbm/v01/vocabulary/producer;http://www4.wiwiss.fu-berlin.de/bizer/bsbm/v01/instances/dataFromProducer19/Producer19
http://www4.wiwiss.fu-berlin.de/bizer/bsbm/v01/instances/dataFrom/Product558;http://purl.org/dc/elements/1.1/publisher;http://www4.wiwiss.fu-berlin.de/bizer/bsbm/v01/instances/dataFromProducer19/Producer19
http://www4.wiwiss.fu-berlin.de/bizer/bsbm/v01/instances/dataFrom/Product558;http://purl.org/dc/elements/1.1/date;2003-02-14
http://www4.wiwiss.fu-berlin.de/bizer/bsbm/v01/instances/dataFrom/Product699;http://www.w3.org/1999/02/22-rdf-syntax-ns#type;http://www4.wiwiss.fu-berlin.de/bizer/bsbm/v01/vocabulary/Product
http://www4.wiwiss.fu-berlin.de/bizer/bsbm/v01/instances/dataFrom/Product699;http://www.w3.org/1999/02/22-rdf-syntax-ns#type;http://www4.wiwiss.fu-berlin.de/bizer/bsbm/v01/instances/ProductType79
http://www4.wiwiss.fu-berlin.de/bizer/bsbm/v01/instances/dataFrom/Product699;http://www.w3.org/2000/01/rdf-schema#label;valuation vindication
http://www4.wiwiss.fu-berlin.de/bizer/bsbm/v01/instances/dataFrom/Product699;http://www.w3.org/2000/01/rdf-schema#comment;vocational orangiest nances statal perique whinnier shipworms remorses storming tidiest deforesting trothing unslaked merged rooting revenging denuclearize outproduces prevailers obstructiveness badinaging prerecorded henrys bestrides elongates rounds basely splosh plucked fealties emulsifying nonviable cheekiest dugong warders thieved westernized delusionary satiated quiverers bullwhips bowered cruciate twangles shoplifter depravity polymerize slams reverencer smirched enveloped elicits eatings syllogistically discomforts bombs demeaned alders teratological forzandos bookmaking feministic logicize resharpened canvaslike spelt interspersed biotechnological razored clearing dumbwaiters amasser whackier reformated foyers preappearances blackballs cumulates grouped trembling halvahs ophthalmoscopy balkans lido imperilled advertently neckties genocidal reinfects nakedly imputes leukemic cuirassed sealable shocked hearings
http://www4.wiwiss.fu-berlin.de/bizer/bsbm/v01/instances/dataFrom/Product699;http://www4.wiwiss.fu-berlin.de/bizer/bsbm/v01/vocabulary/productPropertyNumeric1;755
http://www4.wiwiss.fu-berlin.de/bizer/bsbm/v01/instances/dataFrom/Product699;http://www4.wiwiss.fu-berlin.de/bizer/bsbm/v01/vocabulary/productPropertyNumeric2;1190
http://www4.wiwiss.fu-berlin.de/bizer/bsbm/v01/instances/dataFrom/Product699;http://www4.wiwiss.fu-berlin.de/bizer/bsbm/v01/vocabulary/productPropertyNumeric3;455
http://www4.wiwiss.fu-berlin.de/bizer/bsbm/v01/instances/dataFrom/Product699;http://www4.wiwiss.fu-berlin.de/bizer/bsbm/v01/vocabulary/productPropertyNumeric4;750
http://www4.wiwiss.fu-berlin.de/bizer/bsbm/v01/instances/dataFrom/Product699;http://www4.wiwiss.fu-berlin.de/bizer/bsbm/v01/vocabulary/productPropertyNumeric5;160
http://www4.wiwiss.fu-berlin.de/bizer/bsbm/v01/instances/dataFrom/Product699;http://www4.wiwiss.fu-berlin.de/bizer/bsbm/v01/vocabulary/productPropertyTextual1;demagogy grueler frettiest rotors hymenopterous phototherapies capelan gastroscopic sympathizing denunciations manifestly prevailingly liquids sexless garrote
http://www4.wiwiss.fu-berlin.de/bizer/bsbm/v01/instances/dataFrom/Product699;http://www4.wiwiss.fu-berlin.de/bizer/bsbm/v01/vocabulary/productPropertyTextual2;tainting socially kales impuissance kris blowsily saltcellar disciplines immemorially mincy oxhearts catamaran scavenger isostatically
http://www4.wiwiss.fu-berlin.de/bizer/bsbm/v01/instances/dataFrom/Product699;http://www4.wiwiss.fu-berlin.de/bizer/bsbm/v01/vocabulary/productPropertyTextual3;titulary payment careered slouching overdiligent
http://www4.wiwiss.fu-berlin.de/bizer/bsbm/v01/instances/dataFrom/Product699;http://www4.wiwiss.fu-berlin.de/bizer/bsbm/v01/vocabulary/productPropertyTextual4;obligator commenced trampolinists suborbital
http://www4.wiwiss.fu-berlin.de/bizer/bsbm/v01/instances/dataFrom/Product699;http://www4.wiwiss.fu-berlin.de/bizer/bsbm/v01/vocabulary/productPropertyTextual5;tollages effortlessness bookplates stirrups retractable leaner
http://www4.wiwiss.fu-berlin.de/bizer/bsbm/v01/instances/dataFrom/Product699;http://www4.wiwiss.fu-berlin.de/bizer/bsbm/v01/vocabulary/productFeature;http://www4.wiwiss.fu-berlin.de/bizer/bsbm/v01/instances/ProductFeature2404
http://www4.wiwiss.fu-berlin.de/bizer/bsbm/v01/instances/dataFrom/Product699;http://www4.wiwiss.fu-berlin.de/bizer/bsbm/v01/vocabulary/productFeature;http://www4.wiwiss.fu-berlin.de/bizer/bsbm/v01/instances/ProductFeature2406
http://www4.wiwiss.fu-berlin.de/bizer/bsbm/v01/instances/dataFrom/Product699;http://www4.wiwiss.fu-berlin.de/bizer/bsbm/v01/vocabulary/productFeature;http://www4.wiwiss.fu-berlin.de/bizer/bsbm/v01/instances/ProductFeature2410
http://www4.wiwiss.fu-berlin.de/bizer/bsbm/v01/instances/dataFrom/Product699;http://www4.wiwiss.fu-berlin.de/bizer/bsbm/v01/vocabulary/productFeature;http://www4.wiwiss.fu-berlin.de/bizer/bsbm/v01/instances/ProductFeature2412
http://www4.wiwiss.fu-berlin.de/bizer/bsbm/v01/instances/dataFrom/Product699;http://www4.wiwiss.fu-berlin.de/bizer/bsbm/v01/vocabulary/productFeature;http://www4.wiwiss.fu-berlin.de/bizer/bsbm/v01/instances/ProductFeature2415
http://www4.wiwiss.fu-berlin.de/bizer/bsbm/v01/instances/dataFrom/Product699;http://www4.wiwiss.fu-berlin.de/bizer/bsbm/v01/vocabulary/productFeature;http://www4.wiwiss.fu-berlin.de/bizer/bsbm/v01/instances/ProductFeature2430
http://www4.wiwiss.fu-berlin.de/bizer/bsbm/v01/instances/dataFrom/Product699;http://www4.wiwiss.fu-berlin.de/bizer/bsbm/v01/vocabulary/productFeature;http://www4.wiwiss.fu-berlin.de/bizer/bsbm/v01/instances/ProductFeature2435
http://www4.wiwiss.fu-berlin.de/bizer/bsbm/v01/instances/dataFrom/Product699;http://www4.wiwiss.fu-berlin.de/bizer/bsbm/v01/vocabulary/productFeature;http://www4.wiwiss.fu-berlin.de/bizer/bsbm/v01/instances/ProductFeature441
http://www4.wiwiss.fu-berlin.de/bizer/bsbm/v01/instances/dataFrom/Product699;http://www4.wiwiss.fu-berlin.de/bizer/bsbm/v01/vocabulary/productFeature;http://www4.wiwiss.fu-berlin.de/bizer/bsbm/v01/instances/ProductFeature442
http://www4.wiwiss.fu-berlin.de/bizer/bsbm/v01/instances/dataFrom/Product699;http://www4.wiwiss.fu-berlin.de/bizer/bsbm/v01/vocabulary/productFeature;http://www4.wiwiss.fu-berlin.de/bizer/bsbm/v01/instances/ProductFeature445
http://www4.wiwiss.fu-berlin.de/bizer/bsbm/v01/instances/dataFrom/Product699;http://www4.wiwiss.fu-berlin.de/bizer/bsbm/v01/vocabulary/productFeature;http://www4.wiwiss.fu-berlin.de/bizer/bsbm/v01/instances/ProductFeature453
http://www4.wiwiss.fu-berlin.de/bizer/bsbm/v01/instances/dataFrom/Product699;http://www4.wiwiss.fu-berlin.de/bizer/bsbm/v01/vocabulary/productFeature;http://www4.wiwiss.fu-berlin.de/bizer/bsbm/v01/instances/ProductFeature457
http://www4.wiwiss.fu-berlin.de/bizer/bsbm/v01/instances/dataFrom/Product699;http://www4.wiwiss.fu-berlin.de/bizer/bsbm/v01/vocabulary/productFeature;http://www4.wiwiss.fu-berlin.de/bizer/bsbm/v01/instances/ProductFeature458
http://www4.wiwiss.fu-berlin.de/bizer/bsbm/v01/instances/dataFrom/Product699;http://www4.wiwiss.fu-berlin.de/bizer/bsbm/v01/vocabulary/productFeature;http://www4.wiwiss.fu-berlin.de/bizer/bsbm/v01/instances/ProductFeature460
http://www4.wiwiss.fu-berlin.de/bizer/bsbm/v01/instances/dataFrom/Product699;http://www4.wiwiss.fu-berlin.de/bizer/bsbm/v01/vocabulary/productFeature;http://www4.wiwiss.fu-berlin.de/bizer/bsbm/v01/instances/ProductFeature469
http://www4.wiwiss.fu-berlin.de/bizer/bsbm/v01/instances/dataFrom/Product699;http://www4.wiwiss.fu-berlin.de/bizer/bsbm/v01/vocabulary/productFeature;http://www4.wiwiss.fu-berlin.de/bizer/bsbm/v01/instances/ProductFeature24
http://www4.wiwiss.fu-berlin.de/bizer/bsbm/v01/instances/dataFrom/Product699;http://www4.wiwiss.fu-berlin.de/bizer/bsbm/v01/vocabulary/productFeature;http://www4.wiwiss.fu-berlin.de/bizer/bsbm/v01/instances/ProductFeature28
http://www4.wiwiss.fu-berlin.de/bizer/bsbm/v01/instances/dataFrom/Product699;http://www4.wiwiss.fu-berlin.de/bizer/bsbm/v01/vocabulary/productFeature;http://www4.wiwiss.fu-berlin.de/bizer/bsbm/v01/instances/ProductFeature30
http://www4.wiwiss.fu-berlin.de/bizer/bsbm/v01/instances/dataFrom/Product699;http://www4.wiwiss.fu-berlin.de/bizer/bsbm/v01/vocabulary/productFeature;http://www4.wiwiss.fu-berlin.de/bizer/bsbm/v01/instances/ProductFeature33
http://www4.wiwiss.fu-berlin.de/bizer/bsbm/v01/instances/dataFrom/Product699;http://www4.wiwiss.fu-berlin.de/bizer/bsbm/v01/vocabulary/productFeature;http://www4.wiwiss.fu-berlin.de/bizer/bsbm/v01/instances/ProductFeature37
http://www4.wiwiss.fu-berlin.de/bizer/bsbm/v01/instances/dataFrom/Product699;http://www4.wiwiss.fu-berlin.de/bizer/bsbm/v01/vocabulary/producer;http://www4.wiwiss.fu-berlin.de/bizer/bsbm/v01/instances/dataFromProducer19/Producer19
http://www4.wiwiss.fu-berlin.de/bizer/bsbm/v01/instances/dataFrom/Product699;http://purl.org/dc/elements/1.1/publisher;http://www4.wiwiss.fu-berlin.de/bizer/bsbm/v01/instances/dataFromProducer19/Producer19
http://www4.wiwiss.fu-berlin.de/bizer/bsbm/v01/instances/dataFrom/Product699;http://purl.org/dc/elements/1.1/date;2003-02-14
http://www4.wiwiss.fu-berlin.de/bizer/bsbm/v01/instances/dataFrom/Product31;http://www.w3.org/1999/02/22-rdf-syntax-ns#type;http://www4.wiwiss.fu-berlin.de/bizer/bsbm/v01/vocabulary/Product
http://www4.wiwiss.fu-berlin.de/bizer/bsbm/v01/instances/dataFrom/Product31;http://www.w3.org/1999/02/22-rdf-syntax-ns#type;http://www4.wiwiss.fu-berlin.de/bizer/bsbm/v01/instances/ProductType79
http://www4.wiwiss.fu-berlin.de/bizer/bsbm/v01/instances/dataFrom/Product31;http://www.w3.org/2000/01/rdf-schema#label;valuation vindication
http://www4.wiwiss.fu-berlin.de/bizer/bsbm/v01/instances/dataFrom/Product31;http://www.w3.org/2000/01/rdf-schema#comment;vocational orangiest nances statal perique whinnier shipworms remorses storming tidiest deforesting trothing unslaked merged rooting revenging denuclearize outproduces prevailers obstructiveness badinaging prerecorded henrys bestrides elongates rounds basely splosh plucked fealties emulsifying nonviable cheekiest dugong warders thieved westernized delusionary satiated quiverers bullwhips bowered cruciate twangles shoplifter depravity polymerize slams reverencer smirched enveloped elicits eatings syllogistically discomforts bombs demeaned alders teratological forzandos bookmaking feministic logicize resharpened canvaslike spelt interspersed biotechnological razored clearing dumbwaiters amasser whackier reformated foyers preappearances blackballs cumulates grouped trembling halvahs ophthalmoscopy balkans lido imperilled advertently neckties genocidal reinfects nakedly imputes leukemic cuirassed sealable shocked hearings
http://www4.wiwiss.fu-berlin.de/bizer/bsbm/v01/instances/dataFrom/Product31;http://www4.wiwiss.fu-berlin.de/bizer/bsbm/v01/vocabulary/productPropertyNumeric1;755
http://www4.wiwiss.fu-berlin.de/bizer/bsbm/v01/instances/dataFrom/Product31;http://www4.wiwiss.fu-berlin.de/bizer/bsbm/v01/vocabulary/productPropertyNumeric2;1190
http://www4.wiwiss.fu-berlin.de/bizer/bsbm/v01/instances/dataFrom/Product31;http://www4.wiwiss.fu-berlin.de/bizer/bsbm/v01/vocabulary/productPropertyNumeric3;455
http://www4.wiwiss.fu-berlin.de/bizer/bsbm/v01/instances/dataFrom/Product31;http://www4.wiwiss.fu-berlin.de/bizer/bsbm/v01/vocabulary/productPropertyNumeric4;750
http://www4.wiwiss.fu-berlin.de/bizer/bsbm/v01/instances/dataFrom/Product31;http://www4.wiwiss.fu-berlin.de/bizer/bsbm/v01/vocabulary/productPropertyNumeric5;160
http://www4.wiwiss.fu-berlin.de/bizer/bsbm/v01/instances/dataFrom/Product31;http://www4.wiwiss.fu-berlin.de/bizer/bsbm/v01/vocabulary/productPropertyTextual1;demagogy grueler frettiest rotors hymenopterous phototherapies capelan gastroscopic sympathizing denunciations manifestly prevailingly liquids sexless garrote
http://www4.wiwiss.fu-berlin.de/bizer/bsbm/v01/instances/dataFrom/Product31;http://www4.wiwiss.fu-berlin.de/bizer/bsbm/v01/vocabulary/productPropertyTextual2;tainting socially kales impuissance kris blowsily saltcellar disciplines immemorially mincy oxhearts catamaran scavenger isostatically
http://www4.wiwiss.fu-berlin.de/bizer/bsbm/v01/instances/dataFrom/Product31;http://www4.wiwiss.fu-berlin.de/bizer/bsbm/v01/vocabulary/productPropertyTextual3;titulary payment careered slouching overdiligent
http://www4.wiwiss.fu-berlin.de/bizer/bsbm/v01/instances/dataFrom/Product31;http://www4.wiwiss.fu-berlin.de/bizer/bsbm/v01/vocabulary/productPropertyTextual4;obligator commenced trampolinists suborbital
http://www4.wiwiss.fu-berlin.de/bizer/bsbm/v01/instances/dataFrom/Product31;http://www4.wiwiss.fu-berlin.de/bizer/bsbm/v01/vocabulary/productPropertyTextual5;tollages effortlessness bookplates stirrups retractable leaner
http://www4.wiwiss.fu-berlin.de/bizer/bsbm/v01/instances/dataFrom/Product31;http://www4.wiwiss.fu-berlin.de/bizer/bsbm/v01/vocabulary/productFeature;http://www4.wiwiss.fu-berlin.de/bizer/bsbm/v01/instances/ProductFeature2404
http://www4.wiwiss.fu-berlin.de/bizer/bsbm/v01/instances/dataFrom/Product31;http://www4.wiwiss.fu-berlin.de/bizer/bsbm/v01/vocabulary/productFeature;http://www4.wiwiss.fu-berlin.de/bizer/bsbm/v01/instances/ProductFeature2406
http://www4.wiwiss.fu-berlin.de/bizer/bsbm/v01/instances/dataFrom/Product31;http://www4.wiwiss.fu-berlin.de/bizer/bsbm/v01/vocabulary/productFeature;http://www4.wiwiss.fu-berlin.de/bizer/bsbm/v01/instances/ProductFeature2410
http://www4.wiwiss.fu-berlin.de/bizer/bsbm/v01/instances/dataFrom/Product31;http://www4.wiwiss.fu-berlin.de/bizer/bsbm/v01/vocabulary/productFeature;http://www4.wiwiss.fu-berlin.de/bizer/bsbm/v01/instances/ProductFeature2412
http://www4.wiwiss.fu-berlin.de/bizer/bsbm/v01/instances/dataFrom/Product31;http://www4.wiwiss.fu-berlin.de/bizer/bsbm/v01/vocabulary/productFeature;http://www4.wiwiss.fu-berlin.de/bizer/bsbm/v01/instances/ProductFeature2415
http://www4.wiwiss.fu-berlin.de/bizer/bsbm/v01/instances/dataFrom/Product31;http://www4.wiwiss.fu-berlin.de/bizer/bsbm/v01/vocabulary/productFeature;http://www4.wiwiss.fu-berlin.de/bizer/bsbm/v01/instances/ProductFeature2430
http://www4.wiwiss.fu-berlin.de/bizer/bsbm/v01/instances/dataFrom/Product31;http://www4.wiwiss.fu-berlin.de/bizer/bsbm/v01/vocabulary/productFeature;http://www4.wiwiss.fu-berlin.de/bizer/bsbm/v01/instances/ProductFeature2435
http://www4.wiwiss.fu-berlin.de/bizer/bsbm/v01/instances/dataFrom/Product31;http://www4.wiwiss.fu-berlin.de/bizer/bsbm/v01/vocabulary/productFeature;http://www4.wiwiss.fu-berlin.de/bizer/bsbm/v01/instances/ProductFeature441
http://www4.wiwiss.fu-berlin.de/bizer/bsbm/v01/instances/dataFrom/Product31;http://www4.wiwiss.fu-berlin.de/bizer/bsbm/v01/vocabulary/productFeature;http://www4.wiwiss.fu-berlin.de/bizer/bsbm/v01/instances/ProductFeature442
http://www4.wiwiss.fu-berlin.de/bizer/bsbm/v01/instances/dataFrom/Product31;http://www4.wiwiss.fu-berlin.de/bizer/bsbm/v01/vocabulary/productFeature;http://www4.wiwiss.fu-berlin.de/bizer/bsbm/v01/instances/ProductFeature445
http://www4.wiwiss.fu-berlin.de/bizer/bsbm/v01/instances/dataFrom/Product31;http://www4.wiwiss.fu-berlin.de/bizer/bsbm/v01/vocabulary/productFeature;http://www4.wiwiss.fu-berlin.de/bizer/bsbm/v01/instances/ProductFeature453
http://www4.wiwiss.fu-berlin.de/bizer/bsbm/v01/instances/dataFrom/Product31;http://www4.wiwiss.fu-berlin.de/bizer/bsbm/v01/vocabulary/productFeature;http://www4.wiwiss.fu-berlin.de/bizer/bsbm/v01/instances/ProductFeature457
http://www4.wiwiss.fu-berlin.de/bizer/bsbm/v01/instances/dataFrom/Product31;http://www4.wiwiss.fu-berlin.de/bizer/bsbm/v01/vocabulary/productFeature;http://www4.wiwiss.fu-berlin.de/bizer/bsbm/v01/instances/ProductFeature458
http://www4.wiwiss.fu-berlin.de/bizer/bsbm/v01/instances/dataFrom/Product31;http://www4.wiwiss.fu-berlin.de/bizer/bsbm/v01/vocabulary/productFeature;http://www4.wiwiss.fu-berlin.de/bizer/bsbm/v01/instances/ProductFeature460
http://www4.wiwiss.fu-berlin.de/bizer/bsbm/v01/instances/dataFrom/Product31;http://www4.wiwiss.fu-berlin.de/bizer/bsbm/v01/vocabulary/productFeature;http://www4.wiwiss.fu-berlin.de/bizer/bsbm/v01/instances/ProductFeature469
http://www4.wiwiss.fu-berlin.de/bizer/bsbm/v01/instances/dataFrom/Product31;http://www4.wiwiss.fu-berlin.de/bizer/bsbm/v01/vocabulary/productFeature;http://www4.wiwiss.fu-berlin.de/bizer/bsbm/v01/instances/ProductFeature24
http://www4.wiwiss.fu-berlin.de/bizer/bsbm/v01/instances/dataFrom/Product31;http://www4.wiwiss.fu-berlin.de/bizer/bsbm/v01/vocabulary/productFeature;http://www4.wiwiss.fu-berlin.de/bizer/bsbm/v01/instances/ProductFeature28
http://www4.wiwiss.fu-berlin.de/bizer/bsbm/v01/instances/dataFrom/Product31;http://www4.wiwiss.fu-berlin.de/bizer/bsbm/v01/vocabulary/productFeature;http://www4.wiwiss.fu-berlin.de/bizer/bsbm/v01/instances/ProductFeature30
http://www4.wiwiss.fu-berlin.de/bizer/bsbm/v01/instances/dataFrom/Product31;http://www4.wiwiss.fu-berlin.de/bizer/bsbm/v01/vocabulary/productFeature;http://www4.wiwiss.fu-berlin.de/bizer/bsbm/v01/instances/ProductFeature33
http://www4.wiwiss.fu-berlin.de/bizer/bsbm/v01/instances/dataFrom/Product31;http://www4.wiwiss.fu-berlin.de/bizer/bsbm/v01/vocabulary/productFeature;http://www4.wiwiss.fu-berlin.de/bizer/bsbm/v01/instances/ProductFeature37
http://www4.wiwiss.fu-berlin.de/bizer/bsbm/v01/instances/dataFrom/Product31;http://www4.wiwiss.fu-berlin.de/bizer/bsbm/v01/vocabulary/producer;http://www4.wiwiss.fu-berlin.de/bizer/bsbm/v01/instances/dataFromProducer19/Producer19
http://www4.wiwiss.fu-berlin.de/bizer/bsbm/v01/instances/dataFrom/Product31;http://purl.org/dc/elements/1.1/publisher;http://www4.wiwiss.fu-berlin.de/bizer/bsbm/v01/instances/dataFromProducer19/Producer19
http://www4.wiwiss.fu-berlin.de/bizer/bsbm/v01/instances/dataFrom/Product31;http://purl.org/dc/elements/1.1/date;2003-02-14
http://www4.wiwiss.fu-berlin.de/bizer/bsbm/v01/instances/dataFrom/Product257;http://www.w3.org/1999/02/22-rdf-syntax-ns#type;http://www4.wiwiss.fu-berlin.de/bizer/bsbm/v01/vocabulary/Product
http://www4.wiwiss.fu-berlin.de/bizer/bsbm/v01/instances/dataFrom/Product257;http://www.w3.org/1999/02/22-rdf-syntax-ns#type;http://www4.wiwiss.fu-berlin.de/bizer/bsbm/v01/instances/ProductType79
http://www4.wiwiss.fu-berlin.de/bizer/bsbm/v01/instances/dataFrom/Product257;http://www.w3.org/2000/01/rdf-schema#label;valuation vindication
http://www4.wiwiss.fu-berlin.de/bizer/bsbm/v01/instances/dataFrom/Product257;http://www.w3.org/2000/01/rdf-schema#comment;vocational orangiest nances statal perique whinnier shipworms remorses storming tidiest deforesting trothing unslaked merged rooting revenging denuclearize outproduces prevailers obstructiveness badinaging prerecorded henrys bestrides elongates rounds basely splosh plucked fealties emulsifying nonviable cheekiest dugong warders thieved westernized delusionary satiated quiverers bullwhips bowered cruciate twangles shoplifter depravity polymerize slams reverencer smirched enveloped elicits eatings syllogistically discomforts bombs demeaned alders teratological forzandos bookmaking feministic logicize resharpened canvaslike spelt interspersed biotechnological razored clearing dumbwaiters amasser whackier reformated foyers preappearances blackballs cumulates grouped trembling halvahs ophthalmoscopy balkans lido imperilled advertently neckties genocidal reinfects nakedly imputes leukemic cuirassed sealable shocked hearings
http://www4.wiwiss.fu-berlin.de/bizer/bsbm/v01/instances/dataFrom/Product257;http://www4.wiwiss.fu-berlin.de/bizer/bsbm/v01/vocabulary/productPropertyNumeric1;755
http://www4.wiwiss.fu-berlin.de/bizer/bsbm/v01/instances/dataFrom/Product257;http://www4.wiwiss.fu-berlin.de/bizer/bsbm/v01/vocabulary/productPropertyNumeric2;1190
http://www4.wiwiss.fu-berlin.de/bizer/bsbm/v01/instances/dataFrom/Product257;http://www4.wiwiss.fu-berlin.de/bizer/bsbm/v01/vocabulary/productPropertyNumeric3;455
http://www4.wiwiss.fu-berlin.de/bizer/bsbm/v01/instances/dataFrom/Product257;http://www4.wiwiss.fu-berlin.de/bizer/bsbm/v01/vocabulary/productPropertyNumeric4;750
http://www4.wiwiss.fu-berlin.de/bizer/bsbm/v01/instances/dataFrom/Product257;http://www4.wiwiss.fu-berlin.de/bizer/bsbm/v01/vocabulary/productPropertyNumeric5;160
http://www4.wiwiss.fu-berlin.de/bizer/bsbm/v01/instances/dataFrom/Product257;http://www4.wiwiss.fu-berlin.de/bizer/bsbm/v01/vocabulary/productPropertyTextual1;demagogy grueler frettiest rotors hymenopterous phototherapies capelan gastroscopic sympathizing denunciations manifestly prevailingly liquids sexless garrote
http://www4.wiwiss.fu-berlin.de/bizer/bsbm/v01/instances/dataFrom/Product257;http://www4.wiwiss.fu-berlin.de/bizer/bsbm/v01/vocabulary/productPropertyTextual2;tainting socially kales impuissance kris blowsily saltcellar disciplines immemorially mincy oxhearts catamaran scavenger isostatically
http://www4.wiwiss.fu-berlin.de/bizer/bsbm/v01/instances/dataFrom/Product257;http://www4.wiwiss.fu-berlin.de/bizer/bsbm/v01/vocabulary/productPropertyTextual3;titulary payment careered slouching overdiligent
http://www4.wiwiss.fu-berlin.de/bizer/bsbm/v01/instances/dataFrom/Product257;http://www4.wiwiss.fu-berlin.de/bizer/bsbm/v01/vocabulary/productPropertyTextual4;obligator commenced trampolinists suborbital
http://www4.wiwiss.fu-berlin.de/bizer/bsbm/v01/instances/dataFrom/Product257;http://www4.wiwiss.fu-berlin.de/bizer/bsbm/v01/vocabulary/productPropertyTextual5;tollages effortlessness bookplates stirrups retractable leaner
http://www4.wiwiss.fu-berlin.de/bizer/bsbm/v01/instances/dataFrom/Product257;http://www4.wiwiss.fu-berlin.de/bizer/bsbm/v01/vocabulary/productFeature;http://www4.wiwiss.fu-berlin.de/bizer/bsbm/v01/instances/ProductFeature2404
http://www4.wiwiss.fu-berlin.de/bizer/bsbm/v01/instances/dataFrom/Product257;http://www4.wiwiss.fu-berlin.de/bizer/bsbm/v01/vocabulary/productFeature;http://www4.wiwiss.fu-berlin.de/bizer/bsbm/v01/instances/ProductFeature2406
http://www4.wiwiss.fu-berlin.de/bizer/bsbm/v01/instances/dataFrom/Product257;http://www4.wiwiss.fu-berlin.de/bizer/bsbm/v01/vocabulary/productFeature;http://www4.wiwiss.fu-berlin.de/bizer/bsbm/v01/instances/ProductFeature2410
http://www4.wiwiss.fu-berlin.de/bizer/bsbm/v01/instances/dataFrom/Product257;http://www4.wiwiss.fu-berlin.de/bizer/bsbm/v01/vocabulary/productFeature;http://www4.wiwiss.fu-berlin.de/bizer/bsbm/v01/instances/ProductFeature2412
http://www4.wiwiss.fu-berlin.de/bizer/bsbm/v01/instances/dataFrom/Product257;http://www4.wiwiss.fu-berlin.de/bizer/bsbm/v01/vocabulary/productFeature;http://www4.wiwiss.fu-berlin.de/bizer/bsbm/v01/instances/ProductFeature2415
http://www4.wiwiss.fu-berlin.de/bizer/bsbm/v01/instances/dataFrom/Product257;http://www4.wiwiss.fu-berlin.de/bizer/bsbm/v01/vocabulary/productFeature;http://www4.wiwiss.fu-berlin.de/bizer/bsbm/v01/instances/ProductFeature2430
http://www4.wiwiss.fu-berlin.de/bizer/bsbm/v01/instances/dataFrom/Product257;http://www4.wiwiss.fu-berlin.de/bizer/bsbm/v01/vocabulary/productFeature;http://www4.wiwiss.fu-berlin.de/bizer/bsbm/v01/instances/ProductFeature2435
http://www4.wiwiss.fu-berlin.de/bizer/bsbm/v01/instances/dataFrom/Product257;http://www4.wiwiss.fu-berlin.de/bizer/bsbm/v01/vocabulary/productFeature;http://www4.wiwiss.fu-berlin.de/bizer/bsbm/v01/instances/ProductFeature441
http://www4.wiwiss.fu-berlin.de/bizer/bsbm/v01/instances/dataFrom/Product257;http://www4.wiwiss.fu-berlin.de/bizer/bsbm/v01/vocabulary/productFeature;http://www4.wiwiss.fu-berlin.de/bizer/bsbm/v01/instances/ProductFeature442
http://www4.wiwiss.fu-berlin.de/bizer/bsbm/v01/instances/dataFrom/Product257;http://www4.wiwiss.fu-berlin.de/bizer/bsbm/v01/vocabulary/productFeature;http://www4.wiwiss.fu-berlin.de/bizer/bsbm/v01/instances/ProductFeature445
http://www4.wiwiss.fu-berlin.de/bizer/bsbm/v01/instances/dataFrom/Product257;http://www4.wiwiss.fu-berlin.de/bizer/bsbm/v01/vocabulary/productFeature;http://www4.wiwiss.fu-berlin.de/bizer/bsbm/v01/instances/ProductFeature453
http://www4.wiwiss.fu-berlin.de/bizer/bsbm/v01/instances/dataFrom/Product257;http://www4.wiwiss.fu-berlin.de/bizer/bsbm/v01/vocabulary/productFeature;http://www4.wiwiss.fu-berlin.de/bizer/bsbm/v01/instances/ProductFeature457
http://www4.wiwiss.fu-berlin.de/bizer/bsbm/v01/instances/dataFrom/Product257;http://www4.wiwiss.fu-berlin.de/bizer/bsbm/v01/vocabulary/productFeature;http://www4.wiwiss.fu-berlin.de/bizer/bsbm/v01/instances/ProductFeature458
http://www4.wiwiss.fu-berlin.de/bizer/bsbm/v01/instances/dataFrom/Product257;http://www4.wiwiss.fu-berlin.de/bizer/bsbm/v01/vocabulary/productFeature;http://www4.wiwiss.fu-berlin.de/bizer/bsbm/v01/instances/ProductFeature460
http://www4.wiwiss.fu-berlin.de/bizer/bsbm/v01/instances/dataFrom/Product257;http://www4.wiwiss.fu-berlin.de/bizer/bsbm/v01/vocabulary/productFeature;http://www4.wiwiss.fu-berlin.de/bizer/bsbm/v01/instances/ProductFeature469
http://www4.wiwiss.fu-berlin.de/bizer/bsbm/v01/instances/dataFrom/Product257;http://www4.wiwiss.fu-berlin.de/bizer/bsbm/v01/vocabulary/productFeature;http://www4.wiwiss.fu-berlin.de/bizer/bsbm/v01/instances/ProductFeature24
http://www4.wiwiss.fu-berlin.de/bizer/bsbm/v01/instances/dataFrom/Product257;http://www4.wiwiss.fu-berlin.de/bizer/bsbm/v01/vocabulary/productFeature;http://www4.wiwiss.fu-berlin.de/bizer/bsbm/v01/instances/ProductFeature28
http://www4.wiwiss.fu-berlin.de/bizer/bsbm/v01/instances/dataFrom/Product257;http://www4.wiwiss.fu-berlin.de/bizer/bsbm/v01/vocabulary/productFeature;http://www4.wiwiss.fu-berlin.de/bizer/bsbm/v01/instances/ProductFeature30
http://www4.wiwiss.fu-berlin.de/bizer/bsbm/v01/instances/dataFrom/Product257;http://www4.wiwiss.fu-berlin.de/bizer/bsbm/v01/vocabulary/productFeature;http://www4.wiwiss.fu-berlin.de/bizer/bsbm/v01/instances/ProductFeature33
http://www4.wiwiss.fu-berlin.de/bizer/bsbm/v01/instances/dataFrom/Product257;http://www4.wiwiss.fu-berlin.de/bizer/bsbm/v01/vocabulary/productFeature;http://www4.wiwiss.fu-berlin.de/bizer/bsbm/v01/instances/ProductFeature37
http://www4.wiwiss.fu-berlin.de/bizer/bsbm/v01/instances/dataFrom/Product257;http://www4.wiwiss.fu-berlin.de/bizer/bsbm/v01/vocabulary/producer;http://www4.wiwiss.fu-berlin.de/bizer/bsbm/v01/instances/dataFromProducer19/Producer19
http://www4.wiwiss.fu-berlin.de/bizer/bsbm/v01/instances/dataFrom/Product257;http://purl.org/dc/elements/1.1/publisher;http://www4.wiwiss.fu-berlin.de/bizer/bsbm/v01/instances/dataFromProducer19/Producer19
http://www4.wiwiss.fu-berlin.de/bizer/bsbm/v01/instances/dataFrom/Product257;http://purl.org/dc/elements/1.1/date;2003-02-14
http://www4.wiwiss.fu-berlin.de/bizer/bsbm/v01/instances/dataFrom/Product739;http://www.w3.org/1999/02/22-rdf-syntax-ns#type;http://www4.wiwiss.fu-berlin.de/bizer/bsbm/v01/vocabulary/Product
http://www4.wiwiss.fu-berlin.de/bizer/bsbm/v01/instances/dataFrom/Product739;http://www.w3.org/1999/02/22-rdf-syntax-ns#type;http://www4.wiwiss.fu-berlin.de/bizer/bsbm/v01/instances/ProductType79
http://www4.wiwiss.fu-berlin.de/bizer/bsbm/v01/instances/dataFrom/Product739;http://www.w3.org/2000/01/rdf-schema#label;valuation vindication
http://www4.wiwiss.fu-berlin.de/bizer/bsbm/v01/instances/dataFrom/Product739;http://www.w3.org/2000/01/rdf-schema#comment;vocational orangiest nances statal perique whinnier shipworms remorses storming tidiest deforesting trothing unslaked merged rooting revenging denuclearize outproduces prevailers obstructiveness badinaging prerecorded henrys bestrides elongates rounds basely splosh plucked fealties emulsifying nonviable cheekiest dugong warders thieved westernized delusionary satiated quiverers bullwhips bowered cruciate twangles shoplifter depravity polymerize slams reverencer smirched enveloped elicits eatings syllogistically discomforts bombs demeaned alders teratological forzandos bookmaking feministic logicize resharpened canvaslike spelt interspersed biotechnological razored clearing dumbwaiters amasser whackier reformated foyers preappearances blackballs cumulates grouped trembling halvahs ophthalmoscopy balkans lido imperilled advertently neckties genocidal reinfects nakedly imputes leukemic cuirassed sealable shocked hearings
http://www4.wiwiss.fu-berlin.de/bizer/bsbm/v01/instances/dataFrom/Product739;http://www4.wiwiss.fu-berlin.de/bizer/bsbm/v01/vocabulary/productPropertyNumeric1;755
http://www4.wiwiss.fu-berlin.de/bizer/bsbm/v01/instances/dataFrom/Product739;http://www4.wiwiss.fu-berlin.de/bizer/bsbm/v01/vocabulary/productPropertyNumeric2;1190
http://www4.wiwiss.fu-berlin.de/bizer/bsbm/v01/instances/dataFrom/Product739;http://www4.wiwiss.fu-berlin.de/bizer/bsbm/v01/vocabulary/productPropertyNumeric3;455
http://www4.wiwiss.fu-berlin.de/bizer/bsbm/v01/instances/dataFrom/Product739;http://www4.wiwiss.fu-berlin.de/bizer/bsbm/v01/vocabulary/productPropertyNumeric4;750
http://www4.wiwiss.fu-berlin.de/bizer/bsbm/v01/instances/dataFrom/Product739;http://www4.wiwiss.fu-berlin.de/bizer/bsbm/v01/vocabulary/productPropertyNumeric5;160
http://www4.wiwiss.fu-berlin.de/bizer/bsbm/v01/instances/dataFrom/Product739;http://www4.wiwiss.fu-berlin.de/bizer/bsbm/v01/vocabulary/productPropertyTextual1;demagogy grueler frettiest rotors hymenopterous phototherapies capelan gastroscopic sympathizing denunciations manifestly prevailingly liquids sexless garrote
http://www4.wiwiss.fu-berlin.de/bizer/bsbm/v01/instances/dataFrom/Product739;http://www4.wiwiss.fu-berlin.de/bizer/bsbm/v01/vocabulary/productPropertyTextual2;tainting socially kales impuissance kris blowsily saltcellar disciplines immemorially mincy oxhearts catamaran scavenger isostatically
http://www4.wiwiss.fu-berlin.de/bizer/bsbm/v01/instances/dataFrom/Product739;http://www4.wiwiss.fu-berlin.de/bizer/bsbm/v01/vocabulary/productPropertyTextual3;titulary payment careered slouching overdiligent
http://www4.wiwiss.fu-berlin.de/bizer/bsbm/v01/instances/dataFrom/Product739;http://www4.wiwiss.fu-berlin.de/bizer/bsbm/v01/vocabulary/productPropertyTextual4;obligator commenced trampolinists suborbital
http://www4.wiwiss.fu-berlin.de/bizer/bsbm/v01/instances/dataFrom/Product739;http://www4.wiwiss.fu-berlin.de/bizer/bsbm/v01/vocabulary/productPropertyTextual5;tollages effortlessness bookplates stirrups retractable leaner
http://www4.wiwiss.fu-berlin.de/bizer/bsbm/v01/instances/dataFrom/Product739;http://www4.wiwiss.fu-berlin.de/bizer/bsbm/v01/vocabulary/productFeature;http://www4.wiwiss.fu-berlin.de/bizer/bsbm/v01/instances/ProductFeature2404
http://www4.wiwiss.fu-berlin.de/bizer/bsbm/v01/instances/dataFrom/Product739;http://www4.wiwiss.fu-berlin.de/bizer/bsbm/v01/vocabulary/productFeature;http://www4.wiwiss.fu-berlin.de/bizer/bsbm/v01/instances/ProductFeature2406
http://www4.wiwiss.fu-berlin.de/bizer/bsbm/v01/instances/dataFrom/Product739;http://www4.wiwiss.fu-berlin.de/bizer/bsbm/v01/vocabulary/productFeature;http://www4.wiwiss.fu-berlin.de/bizer/bsbm/v01/instances/ProductFeature2410
http://www4.wiwiss.fu-berlin.de/bizer/bsbm/v01/instances/dataFrom/Product739;http://www4.wiwiss.fu-berlin.de/bizer/bsbm/v01/vocabulary/productFeature;http://www4.wiwiss.fu-berlin.de/bizer/bsbm/v01/instances/ProductFeature2412
http://www4.wiwiss.fu-berlin.de/bizer/bsbm/v01/instances/dataFrom/Product739;http://www4.wiwiss.fu-berlin.de/bizer/bsbm/v01/vocabulary/productFeature;http://www4.wiwiss.fu-berlin.de/bizer/bsbm/v01/instances/ProductFeature2415
http://www4.wiwiss.fu-berlin.de/bizer/bsbm/v01/instances/dataFrom/Product739;http://www4.wiwiss.fu-berlin.de/bizer/bsbm/v01/vocabulary/productFeature;http://www4.wiwiss.fu-berlin.de/bizer/bsbm/v01/instances/ProductFeature2430
http://www4.wiwiss.fu-berlin.de/bizer/bsbm/v01/instances/dataFrom/Product739;http://www4.wiwiss.fu-berlin.de/bizer/bsbm/v01/vocabulary/productFeature;http://www4.wiwiss.fu-berlin.de/bizer/bsbm/v01/instances/ProductFeature2435
http://www4.wiwiss.fu-berlin.de/bizer/bsbm/v01/instances/dataFrom/Product739;http://www4.wiwiss.fu-berlin.de/bizer/bsbm/v01/vocabulary/productFeature;http://www4.wiwiss.fu-berlin.de/bizer/bsbm/v01/instances/ProductFeature441
http://www4.wiwiss.fu-berlin.de/bizer/bsbm/v01/instances/dataFrom/Product739;http://www4.wiwiss.fu-berlin.de/bizer/bsbm/v01/vocabulary/productFeature;http://www4.wiwiss.fu-berlin.de/bizer/bsbm/v01/instances/ProductFeature442
http://www4.wiwiss.fu-berlin.de/bizer/bsbm/v01/instances/dataFrom/Product739;http://www4.wiwiss.fu-berlin.de/bizer/bsbm/v01/vocabulary/productFeature;http://www4.wiwiss.fu-berlin.de/bizer/bsbm/v01/instances/ProductFeature445
http://www4.wiwiss.fu-berlin.de/bizer/bsbm/v01/instances/dataFrom/Product739;http://www4.wiwiss.fu-berlin.de/bizer/bsbm/v01/vocabulary/productFeature;http://www4.wiwiss.fu-berlin.de/bizer/bsbm/v01/instances/ProductFeature453
http://www4.wiwiss.fu-berlin.de/bizer/bsbm/v01/instances/dataFrom/Product739;http://www4.wiwiss.fu-berlin.de/bizer/bsbm/v01/vocabulary/productFeature;http://www4.wiwiss.fu-berlin.de/bizer/bsbm/v01/instances/ProductFeature457
http://www4.wiwiss.fu-berlin.de/bizer/bsbm/v01/instances/dataFrom/Product739;http://www4.wiwiss.fu-berlin.de/bizer/bsbm/v01/vocabulary/productFeature;http://www4.wiwiss.fu-berlin.de/bizer/bsbm/v01/instances/ProductFeature458
http://www4.wiwiss.fu-berlin.de/bizer/bsbm/v01/instances/dataFrom/Product739;http://www4.wiwiss.fu-berlin.de/bizer/bsbm/v01/vocabulary/productFeature;http://www4.wiwiss.fu-berlin.de/bizer/bsbm/v01/instances/ProductFeature460
http://www4.wiwiss.fu-berlin.de/bizer/bsbm/v01/instances/dataFrom/Product739;http://www4.wiwiss.fu-berlin.de/bizer/bsbm/v01/vocabulary/productFeature;http://www4.wiwiss.fu-berlin.de/bizer/bsbm/v01/instances/ProductFeature469
http://www4.wiwiss.fu-berlin.de/bizer/bsbm/v01/instances/dataFrom/Product739;http://www4.wiwiss.fu-berlin.de/bizer/bsbm/v01/vocabulary/productFeature;http://www4.wiwiss.fu-berlin.de/bizer/bsbm/v01/instances/ProductFeature24
http://www4.wiwiss.fu-berlin.de/bizer/bsbm/v01/instances/dataFrom/Product739;http://www4.wiwiss.fu-berlin.de/bizer/bsbm/v01/vocabulary/productFeature;http://www4.wiwiss.fu-berlin.de/bizer/bsbm/v01/instances/ProductFeature28
http://www4.wiwiss.fu-berlin.de/bizer/bsbm/v01/instances/dataFrom/Product739;http://www4.wiwiss.fu-berlin.de/bizer/bsbm/v01/vocabulary/productFeature;http://www4.wiwiss.fu-berlin.de/bizer/bsbm/v01/instances/ProductFeature30
http://www4.wiwiss.fu-berlin.de/bizer/bsbm/v01/instances/dataFrom/Product739;http://www4.wiwiss.fu-berlin.de/bizer/bsbm/v01/vocabulary/productFeature;http://www4.wiwiss.fu-berlin.de/bizer/bsbm/v01/instances/ProductFeature33
http://www4.wiwiss.fu-berlin.de/bizer/bsbm/v01/instances/dataFrom/Product739;http://www4.wiwiss.fu-berlin.de/bizer/bsbm/v01/vocabulary/productFeature;http://www4.wiwiss.fu-berlin.de/bizer/bsbm/v01/instances/ProductFeature37
http://www4.wiwiss.fu-berlin.de/bizer/bsbm/v01/instances/dataFrom/Product739;http://www4.wiwiss.fu-berlin.de/bizer/bsbm/v01/vocabulary/producer;http://www4.wiwiss.fu-berlin.de/bizer/bsbm/v01/instances/dataFromProducer19/Producer19
http://www4.wiwiss.fu-berlin.de/bizer/bsbm/v01/instances/dataFrom/Product739;http://purl.org/dc/elements/1.1/publisher;http://www4.wiwiss.fu-berlin.de/bizer/bsbm/v01/instances/dataFromProducer19/Producer19
http://www4.wiwiss.fu-berlin.de/bizer/bsbm/v01/instances/dataFrom/Product739;http://purl.org/dc/elements/1.1/date;2003-02-14
http://www4.wiwiss.fu-berlin.de/bizer/bsbm/v01/instances/dataFrom/Product618;http://www.w3.org/1999/02/22-rdf-syntax-ns#type;http://www4.wiwiss.fu-berlin.de/bizer/bsbm/v01/vocabulary/Product
http://www4.wiwiss.fu-berlin.de/bizer/bsbm/v01/instances/dataFrom/Product618;http://www.w3.org/1999/02/22-rdf-syntax-ns#type;http://www4.wiwiss.fu-berlin.de/bizer/bsbm/v01/instances/ProductType79
http://www4.wiwiss.fu-berlin.de/bizer/bsbm/v01/instances/dataFrom/Product618;http://www.w3.org/2000/01/rdf-schema#label;valuation vindication
http://www4.wiwiss.fu-berlin.de/bizer/bsbm/v01/instances/dataFrom/Product618;http://www.w3.org/2000/01/rdf-schema#comment;vocational orangiest nances statal perique whinnier shipworms remorses storming tidiest deforesting trothing unslaked merged rooting revenging denuclearize outproduces prevailers obstructiveness badinaging prerecorded henrys bestrides elongates rounds basely splosh plucked fealties emulsifying nonviable cheekiest dugong warders thieved westernized delusionary satiated quiverers bullwhips bowered cruciate twangles shoplifter depravity polymerize slams reverencer smirched enveloped elicits eatings syllogistically discomforts bombs demeaned alders teratological forzandos bookmaking feministic logicize resharpened canvaslike spelt interspersed biotechnological razored clearing dumbwaiters amasser whackier reformated foyers preappearances blackballs cumulates grouped trembling halvahs ophthalmoscopy balkans lido imperilled advertently neckties genocidal reinfects nakedly imputes leukemic cuirassed sealable shocked hearings
http://www4.wiwiss.fu-berlin.de/bizer/bsbm/v01/instances/dataFrom/Product618;http://www4.wiwiss.fu-berlin.de/bizer/bsbm/v01/vocabulary/productPropertyNumeric1;755
http://www4.wiwiss.fu-berlin.de/bizer/bsbm/v01/instances/dataFrom/Product618;http://www4.wiwiss.fu-berlin.de/bizer/bsbm/v01/vocabulary/productPropertyNumeric2;1190
http://www4.wiwiss.fu-berlin.de/bizer/bsbm/v01/instances/dataFrom/Product618;http://www4.wiwiss.fu-berlin.de/bizer/bsbm/v01/vocabulary/productPropertyNumeric3;455
http://www4.wiwiss.fu-berlin.de/bizer/bsbm/v01/instances/dataFrom/Product618;http://www4.wiwiss.fu-berlin.de/bizer/bsbm/v01/vocabulary/productPropertyNumeric4;750
http://www4.wiwiss.fu-berlin.de/bizer/bsbm/v01/instances/dataFrom/Product618;http://www4.wiwiss.fu-berlin.de/bizer/bsbm/v01/vocabulary/productPropertyNumeric5;160
http://www4.wiwiss.fu-berlin.de/bizer/bsbm/v01/instances/dataFrom/Product618;http://www4.wiwiss.fu-berlin.de/bizer/bsbm/v01/vocabulary/productPropertyTextual1;demagogy grueler frettiest rotors hymenopterous phototherapies capelan gastroscopic sympathizing denunciations manifestly prevailingly liquids sexless garrote
http://www4.wiwiss.fu-berlin.de/bizer/bsbm/v01/instances/dataFrom/Product618;http://www4.wiwiss.fu-berlin.de/bizer/bsbm/v01/vocabulary/productPropertyTextual2;tainting socially kales impuissance kris blowsily saltcellar disciplines immemorially mincy oxhearts catamaran scavenger isostatically
http://www4.wiwiss.fu-berlin.de/bizer/bsbm/v01/instances/dataFrom/Product618;http://www4.wiwiss.fu-berlin.de/bizer/bsbm/v01/vocabulary/productPropertyTextual3;titulary payment careered slouching overdiligent
http://www4.wiwiss.fu-berlin.de/bizer/bsbm/v01/instances/dataFrom/Product618;http://www4.wiwiss.fu-berlin.de/bizer/bsbm/v01/vocabulary/productPropertyTextual4;obligator commenced trampolinists suborbital
http://www4.wiwiss.fu-berlin.de/bizer/bsbm/v01/instances/dataFrom/Product618;http://www4.wiwiss.fu-berlin.de/bizer/bsbm/v01/vocabulary/productPropertyTextual5;tollages effortlessness bookplates stirrups retractable leaner
http://www4.wiwiss.fu-berlin.de/bizer/bsbm/v01/instances/dataFrom/Product618;http://www4.wiwiss.fu-berlin.de/bizer/bsbm/v01/vocabulary/productFeature;http://www4.wiwiss.fu-berlin.de/bizer/bsbm/v01/instances/ProductFeature2404
http://www4.wiwiss.fu-berlin.de/bizer/bsbm/v01/instances/dataFrom/Product618;http://www4.wiwiss.fu-berlin.de/bizer/bsbm/v01/vocabulary/productFeature;http://www4.wiwiss.fu-berlin.de/bizer/bsbm/v01/instances/ProductFeature2406
http://www4.wiwiss.fu-berlin.de/bizer/bsbm/v01/instances/dataFrom/Product618;http://www4.wiwiss.fu-berlin.de/bizer/bsbm/v01/vocabulary/productFeature;http://www4.wiwiss.fu-berlin.de/bizer/bsbm/v01/instances/ProductFeature2410
http://www4.wiwiss.fu-berlin.de/bizer/bsbm/v01/instances/dataFrom/Product618;http://www4.wiwiss.fu-berlin.de/bizer/bsbm/v01/vocabulary/productFeature;http://www4.wiwiss.fu-berlin.de/bizer/bsbm/v01/instances/ProductFeature2412
http://www4.wiwiss.fu-berlin.de/bizer/bsbm/v01/instances/dataFrom/Product618;http://www4.wiwiss.fu-berlin.de/bizer/bsbm/v01/vocabulary/productFeature;http://www4.wiwiss.fu-berlin.de/bizer/bsbm/v01/instances/ProductFeature2415
http://www4.wiwiss.fu-berlin.de/bizer/bsbm/v01/instances/dataFrom/Product618;http://www4.wiwiss.fu-berlin.de/bizer/bsbm/v01/vocabulary/productFeature;http://www4.wiwiss.fu-berlin.de/bizer/bsbm/v01/instances/ProductFeature2430
http://www4.wiwiss.fu-berlin.de/bizer/bsbm/v01/instances/dataFrom/Product618;http://www4.wiwiss.fu-berlin.de/bizer/bsbm/v01/vocabulary/productFeature;http://www4.wiwiss.fu-berlin.de/bizer/bsbm/v01/instances/ProductFeature2435
http://www4.wiwiss.fu-berlin.de/bizer/bsbm/v01/instances/dataFrom/Product618;http://www4.wiwiss.fu-berlin.de/bizer/bsbm/v01/vocabulary/productFeature;http://www4.wiwiss.fu-berlin.de/bizer/bsbm/v01/instances/ProductFeature441
http://www4.wiwiss.fu-berlin.de/bizer/bsbm/v01/instances/dataFrom/Product618;http://www4.wiwiss.fu-berlin.de/bizer/bsbm/v01/vocabulary/productFeature;http://www4.wiwiss.fu-berlin.de/bizer/bsbm/v01/instances/ProductFeature442
http://www4.wiwiss.fu-berlin.de/bizer/bsbm/v01/instances/dataFrom/Product618;http://www4.wiwiss.fu-berlin.de/bizer/bsbm/v01/vocabulary/productFeature;http://www4.wiwiss.fu-berlin.de/bizer/bsbm/v01/instances/ProductFeature445
http://www4.wiwiss.fu-berlin.de/bizer/bsbm/v01/instances/dataFrom/Product618;http://www4.wiwiss.fu-berlin.de/bizer/bsbm/v01/vocabulary/productFeature;http://www4.wiwiss.fu-berlin.de/bizer/bsbm/v01/instances/ProductFeature453
http://www4.wiwiss.fu-berlin.de/bizer/bsbm/v01/instances/dataFrom/Product618;http://www4.wiwiss.fu-berlin.de/bizer/bsbm/v01/vocabulary/productFeature;http://www4.wiwiss.fu-berlin.de/bizer/bsbm/v01/instances/ProductFeature457
http://www4.wiwiss.fu-berlin.de/bizer/bsbm/v01/instances/dataFrom/Product618;http://www4.wiwiss.fu-berlin.de/bizer/bsbm/v01/vocabulary/productFeature;http://www4.wiwiss.fu-berlin.de/bizer/bsbm/v01/instances/ProductFeature458
http://www4.wiwiss.fu-berlin.de/bizer/bsbm/v01/instances/dataFrom/Product618;http://www4.wiwiss.fu-berlin.de/bizer/bsbm/v01/vocabulary/productFeature;http://www4.wiwiss.fu-berlin.de/bizer/bsbm/v01/instances/ProductFeature460
http://www4.wiwiss.fu-berlin.de/bizer/bsbm/v01/instances/dataFrom/Product618;http://www4.wiwiss.fu-berlin.de/bizer/bsbm/v01/vocabulary/productFeature;http://www4.wiwiss.fu-berlin.de/bizer/bsbm/v01/instances/ProductFeature469
http://www4.wiwiss.fu-berlin.de/bizer/bsbm/v01/instances/dataFrom/Product618;http://www4.wiwiss.fu-berlin.de/bizer/bsbm/v01/vocabulary/productFeature;http://www4.wiwiss.fu-berlin.de/bizer/bsbm/v01/instances/ProductFeature24
http://www4.wiwiss.fu-berlin.de/bizer/bsbm/v01/instances/dataFrom/Product618;http://www4.wiwiss.fu-berlin.de/bizer/bsbm/v01/vocabulary/productFeature;http://www4.wiwiss.fu-berlin.de/bizer/bsbm/v01/instances/ProductFeature28
http://www4.wiwiss.fu-berlin.de/bizer/bsbm/v01/instances/dataFrom/Product618;http://www4.wiwiss.fu-berlin.de/bizer/bsbm/v01/vocabulary/productFeature;http://www4.wiwiss.fu-berlin.de/bizer/bsbm/v01/instances/ProductFeature30
http://www4.wiwiss.fu-berlin.de/bizer/bsbm/v01/instances/dataFrom/Product618;http://www4.wiwiss.fu-berlin.de/bizer/bsbm/v01/vocabulary/productFeature;http://www4.wiwiss.fu-berlin.de/bizer/bsbm/v01/instances/ProductFeature33
http://www4.wiwiss.fu-berlin.de/bizer/bsbm/v01/instances/dataFrom/Product618;http://www4.wiwiss.fu-berlin.de/bizer/bsbm/v01/vocabulary/productFeature;http://www4.wiwiss.fu-berlin.de/bizer/bsbm/v01/instances/ProductFeature37
http://www4.wiwiss.fu-berlin.de/bizer/bsbm/v01/instances/dataFrom/Product618;http://www4.wiwiss.fu-berlin.de/bizer/bsbm/v01/vocabulary/producer;http://www4.wiwiss.fu-berlin.de/bizer/bsbm/v01/instances/dataFromProducer19/Producer19
http://www4.wiwiss.fu-berlin.de/bizer/bsbm/v01/instances/dataFrom/Product618;http://purl.org/dc/elements/1.1/publisher;http://www4.wiwiss.fu-berlin.de/bizer/bsbm/v01/instances/dataFromProducer19/Producer19
http://www4.wiwiss.fu-berlin.de/bizer/bsbm/v01/instances/dataFrom/Product618;http://purl.org/dc/elements/1.1/date;2003-02-14
http://www4.wiwiss.fu-berlin.de/bizer/bsbm/v01/instances/dataFrom/Product424;http://www.w3.org/1999/02/22-rdf-syntax-ns#type;http://www4.wiwiss.fu-berlin.de/bizer/bsbm/v01/vocabulary/Product
http://www4.wiwiss.fu-berlin.de/bizer/bsbm/v01/instances/dataFrom/Product424;http://www.w3.org/1999/02/22-rdf-syntax-ns#type;http://www4.wiwiss.fu-berlin.de/bizer/bsbm/v01/instances/ProductType79
http://www4.wiwiss.fu-berlin.de/bizer/bsbm/v01/instances/dataFrom/Product424;http://www.w3.org/2000/01/rdf-schema#label;valuation vindication
http://www4.wiwiss.fu-berlin.de/bizer/bsbm/v01/instances/dataFrom/Product424;http://www.w3.org/2000/01/rdf-schema#comment;vocational orangiest nances statal perique whinnier shipworms remorses storming tidiest deforesting trothing unslaked merged rooting revenging denuclearize outproduces prevailers obstructiveness badinaging prerecorded henrys bestrides elongates rounds basely splosh plucked fealties emulsifying nonviable cheekiest dugong warders thieved westernized delusionary satiated quiverers bullwhips bowered cruciate twangles shoplifter depravity polymerize slams reverencer smirched enveloped elicits eatings syllogistically discomforts bombs demeaned alders teratological forzandos bookmaking feministic logicize resharpened canvaslike spelt interspersed biotechnological razored clearing dumbwaiters amasser whackier reformated foyers preappearances blackballs cumulates grouped trembling halvahs ophthalmoscopy balkans lido imperilled advertently neckties genocidal reinfects nakedly imputes leukemic cuirassed sealable shocked hearings
http://www4.wiwiss.fu-berlin.de/bizer/bsbm/v01/instances/dataFrom/Product424;http://www4.wiwiss.fu-berlin.de/bizer/bsbm/v01/vocabulary/productPropertyNumeric1;755
http://www4.wiwiss.fu-berlin.de/bizer/bsbm/v01/instances/dataFrom/Product424;http://www4.wiwiss.fu-berlin.de/bizer/bsbm/v01/vocabulary/productPropertyNumeric2;1190
http://www4.wiwiss.fu-berlin.de/bizer/bsbm/v01/instances/dataFrom/Product424;http://www4.wiwiss.fu-berlin.de/bizer/bsbm/v01/vocabulary/productPropertyNumeric3;455
http://www4.wiwiss.fu-berlin.de/bizer/bsbm/v01/instances/dataFrom/Product424;http://www4.wiwiss.fu-berlin.de/bizer/bsbm/v01/vocabulary/productPropertyNumeric4;750
http://www4.wiwiss.fu-berlin.de/bizer/bsbm/v01/instances/dataFrom/Product424;http://www4.wiwiss.fu-berlin.de/bizer/bsbm/v01/vocabulary/productPropertyNumeric5;160
http://www4.wiwiss.fu-berlin.de/bizer/bsbm/v01/instances/dataFrom/Product424;http://www4.wiwiss.fu-berlin.de/bizer/bsbm/v01/vocabulary/productPropertyTextual1;demagogy grueler frettiest rotors hymenopterous phototherapies capelan gastroscopic sympathizing denunciations manifestly prevailingly liquids sexless garrote
http://www4.wiwiss.fu-berlin.de/bizer/bsbm/v01/instances/dataFrom/Product424;http://www4.wiwiss.fu-berlin.de/bizer/bsbm/v01/vocabulary/productPropertyTextual2;tainting socially kales impuissance kris blowsily saltcellar disciplines immemorially mincy oxhearts catamaran scavenger isostatically
http://www4.wiwiss.fu-berlin.de/bizer/bsbm/v01/instances/dataFrom/Product424;http://www4.wiwiss.fu-berlin.de/bizer/bsbm/v01/vocabulary/productPropertyTextual3;titulary payment careered slouching overdiligent
http://www4.wiwiss.fu-berlin.de/bizer/bsbm/v01/instances/dataFrom/Product424;http://www4.wiwiss.fu-berlin.de/bizer/bsbm/v01/vocabulary/productPropertyTextual4;obligator commenced trampolinists suborbital
http://www4.wiwiss.fu-berlin.de/bizer/bsbm/v01/instances/dataFrom/Product424;http://www4.wiwiss.fu-berlin.de/bizer/bsbm/v01/vocabulary/productPropertyTextual5;tollages effortlessness bookplates stirrups retractable leaner
http://www4.wiwiss.fu-berlin.de/bizer/bsbm/v01/instances/dataFrom/Product424;http://www4.wiwiss.fu-berlin.de/bizer/bsbm/v01/vocabulary/productFeature;http://www4.wiwiss.fu-berlin.de/bizer/bsbm/v01/instances/ProductFeature2404
http://www4.wiwiss.fu-berlin.de/bizer/bsbm/v01/instances/dataFrom/Product424;http://www4.wiwiss.fu-berlin.de/bizer/bsbm/v01/vocabulary/productFeature;http://www4.wiwiss.fu-berlin.de/bizer/bsbm/v01/instances/ProductFeature2406
http://www4.wiwiss.fu-berlin.de/bizer/bsbm/v01/instances/dataFrom/Product424;http://www4.wiwiss.fu-berlin.de/bizer/bsbm/v01/vocabulary/productFeature;http://www4.wiwiss.fu-berlin.de/bizer/bsbm/v01/instances/ProductFeature2410
http://www4.wiwiss.fu-berlin.de/bizer/bsbm/v01/instances/dataFrom/Product424;http://www4.wiwiss.fu-berlin.de/bizer/bsbm/v01/vocabulary/productFeature;http://www4.wiwiss.fu-berlin.de/bizer/bsbm/v01/instances/ProductFeature2412
http://www4.wiwiss.fu-berlin.de/bizer/bsbm/v01/instances/dataFrom/Product424;http://www4.wiwiss.fu-berlin.de/bizer/bsbm/v01/vocabulary/productFeature;http://www4.wiwiss.fu-berlin.de/bizer/bsbm/v01/instances/ProductFeature2415
http://www4.wiwiss.fu-berlin.de/bizer/bsbm/v01/instances/dataFrom/Product424;http://www4.wiwiss.fu-berlin.de/bizer/bsbm/v01/vocabulary/productFeature;http://www4.wiwiss.fu-berlin.de/bizer/bsbm/v01/instances/ProductFeature2430
http://www4.wiwiss.fu-berlin.de/bizer/bsbm/v01/instances/dataFrom/Product424;http://www4.wiwiss.fu-berlin.de/bizer/bsbm/v01/vocabulary/productFeature;http://www4.wiwiss.fu-berlin.de/bizer/bsbm/v01/instances/ProductFeature2435
http://www4.wiwiss.fu-berlin.de/bizer/bsbm/v01/instances/dataFrom/Product424;http://www4.wiwiss.fu-berlin.de/bizer/bsbm/v01/vocabulary/productFeature;http://www4.wiwiss.fu-berlin.de/bizer/bsbm/v01/instances/ProductFeature441
http://www4.wiwiss.fu-berlin.de/bizer/bsbm/v01/instances/dataFrom/Product424;http://www4.wiwiss.fu-berlin.de/bizer/bsbm/v01/vocabulary/productFeature;http://www4.wiwiss.fu-berlin.de/bizer/bsbm/v01/instances/ProductFeature442
http://www4.wiwiss.fu-berlin.de/bizer/bsbm/v01/instances/dataFrom/Product424;http://www4.wiwiss.fu-berlin.de/bizer/bsbm/v01/vocabulary/productFeature;http://www4.wiwiss.fu-berlin.de/bizer/bsbm/v01/instances/ProductFeature445
http://www4.wiwiss.fu-berlin.de/bizer/bsbm/v01/instances/dataFrom/Product424;http://www4.wiwiss.fu-berlin.de/bizer/bsbm/v01/vocabulary/productFeature;http://www4.wiwiss.fu-berlin.de/bizer/bsbm/v01/instances/ProductFeature453
http://www4.wiwiss.fu-berlin.de/bizer/bsbm/v01/instances/dataFrom/Product424;http://www4.wiwiss.fu-berlin.de/bizer/bsbm/v01/vocabulary/productFeature;http://www4.wiwiss.fu-berlin.de/bizer/bsbm/v01/instances/ProductFeature457
http://www4.wiwiss.fu-berlin.de/bizer/bsbm/v01/instances/dataFrom/Product424;http://www4.wiwiss.fu-berlin.de/bizer/bsbm/v01/vocabulary/productFeature;http://www4.wiwiss.fu-berlin.de/bizer/bsbm/v01/instances/ProductFeature458
http://www4.wiwiss.fu-berlin.de/bizer/bsbm/v01/instances/dataFrom/Product424;http://www4.wiwiss.fu-berlin.de/bizer/bsbm/v01/vocabulary/productFeature;http://www4.wiwiss.fu-berlin.de/bizer/bsbm/v01/instances/ProductFeature460
http://www4.wiwiss.fu-berlin.de/bizer/bsbm/v01/instances/dataFrom/Product424;http://www4.wiwiss.fu-berlin.de/bizer/bsbm/v01/vocabulary/productFeature;http://www4.wiwiss.fu-berlin.de/bizer/bsbm/v01/instances/ProductFeature469
http://www4.wiwiss.fu-berlin.de/bizer/bsbm/v01/instances/dataFrom/Product424;http://www4.wiwiss.fu-berlin.de/bizer/bsbm/v01/vocabulary/productFeature;http://www4.wiwiss.fu-berlin.de/bizer/bsbm/v01/instances/ProductFeature24
http://www4.wiwiss.fu-berlin.de/bizer/bsbm/v01/instances/dataFrom/Product424;http://www4.wiwiss.fu-berlin.de/bizer/bsbm/v01/vocabulary/productFeature;http://www4.wiwiss.fu-berlin.de/bizer/bsbm/v01/instances/ProductFeature28
http://www4.wiwiss.fu-berlin.de/bizer/bsbm/v01/instances/dataFrom/Product424;http://www4.wiwiss.fu-berlin.de/bizer/bsbm/v01/vocabulary/productFeature;http://www4.wiwiss.fu-berlin.de/bizer/bsbm/v01/instances/ProductFeature30
http://www4.wiwiss.fu-berlin.de/bizer/bsbm/v01/instances/dataFrom/Product424;http://www4.wiwiss.fu-berlin.de/bizer/bsbm/v01/vocabulary/productFeature;http://www4.wiwiss.fu-berlin.de/bizer/bsbm/v01/instances/ProductFeature33
http://www4.wiwiss.fu-berlin.de/bizer/bsbm/v01/instances/dataFrom/Product424;http://www4.wiwiss.fu-berlin.de/bizer/bsbm/v01/vocabulary/productFeature;http://www4.wiwiss.fu-berlin.de/bizer/bsbm/v01/instances/ProductFeature37
http://www4.wiwiss.fu-berlin.de/bizer/bsbm/v01/instances/dataFrom/Product424;http://www4.wiwiss.fu-berlin.de/bizer/bsbm/v01/vocabulary/producer;http://www4.wiwiss.fu-berlin.de/bizer/bsbm/v01/instances/dataFromProducer19/Producer19
http://www4.wiwiss.fu-berlin.de/bizer/bsbm/v01/instances/dataFrom/Product424;http://purl.org/dc/elements/1.1/publisher;http://www4.wiwiss.fu-berlin.de/bizer/bsbm/v01/instances/dataFromProducer19/Producer19
http://www4.wiwiss.fu-berlin.de/bizer/bsbm/v01/instances/dataFrom/Product424;http://purl.org/dc/elements/1.1/date;2003-02-14
http://www4.wiwiss.fu-berlin.de/bizer/bsbm/v01/instances/dataFrom/Product565;http://www.w3.org/1999/02/22-rdf-syntax-ns#type;http://www4.wiwiss.fu-berlin.de/bizer/bsbm/v01/vocabulary/Product
http://www4.wiwiss.fu-berlin.de/bizer/bsbm/v01/instances/dataFrom/Product565;http://www.w3.org/1999/02/22-rdf-syntax-ns#type;http://www4.wiwiss.fu-berlin.de/bizer/bsbm/v01/instances/ProductType79
http://www4.wiwiss.fu-berlin.de/bizer/bsbm/v01/instances/dataFrom/Product565;http://www.w3.org/2000/01/rdf-schema#label;valuation vindication
http://www4.wiwiss.fu-berlin.de/bizer/bsbm/v01/instances/dataFrom/Product565;http://www.w3.org/2000/01/rdf-schema#comment;vocational orangiest nances statal perique whinnier shipworms remorses storming tidiest deforesting trothing unslaked merged rooting revenging denuclearize outproduces prevailers obstructiveness badinaging prerecorded henrys bestrides elongates rounds basely splosh plucked fealties emulsifying nonviable cheekiest dugong warders thieved westernized delusionary satiated quiverers bullwhips bowered cruciate twangles shoplifter depravity polymerize slams reverencer smirched enveloped elicits eatings syllogistically discomforts bombs demeaned alders teratological forzandos bookmaking feministic logicize resharpened canvaslike spelt interspersed biotechnological razored clearing dumbwaiters amasser whackier reformated foyers preappearances blackballs cumulates grouped trembling halvahs ophthalmoscopy balkans lido imperilled advertently neckties genocidal reinfects nakedly imputes leukemic cuirassed sealable shocked hearings
http://www4.wiwiss.fu-berlin.de/bizer/bsbm/v01/instances/dataFrom/Product565;http://www4.wiwiss.fu-berlin.de/bizer/bsbm/v01/vocabulary/productPropertyNumeric1;755
http://www4.wiwiss.fu-berlin.de/bizer/bsbm/v01/instances/dataFrom/Product565;http://www4.wiwiss.fu-berlin.de/bizer/bsbm/v01/vocabulary/productPropertyNumeric2;1190
http://www4.wiwiss.fu-berlin.de/bizer/bsbm/v01/instances/dataFrom/Product565;http://www4.wiwiss.fu-berlin.de/bizer/bsbm/v01/vocabulary/productPropertyNumeric3;455
http://www4.wiwiss.fu-berlin.de/bizer/bsbm/v01/instances/dataFrom/Product565;http://www4.wiwiss.fu-berlin.de/bizer/bsbm/v01/vocabulary/productPropertyNumeric4;750
http://www4.wiwiss.fu-berlin.de/bizer/bsbm/v01/instances/dataFrom/Product565;http://www4.wiwiss.fu-berlin.de/bizer/bsbm/v01/vocabulary/productPropertyNumeric5;160
http://www4.wiwiss.fu-berlin.de/bizer/bsbm/v01/instances/dataFrom/Product565;http://www4.wiwiss.fu-berlin.de/bizer/bsbm/v01/vocabulary/productPropertyTextual1;demagogy grueler frettiest rotors hymenopterous phototherapies capelan gastroscopic sympathizing denunciations manifestly prevailingly liquids sexless garrote
http://www4.wiwiss.fu-berlin.de/bizer/bsbm/v01/instances/dataFrom/Product565;http://www4.wiwiss.fu-berlin.de/bizer/bsbm/v01/vocabulary/productPropertyTextual2;tainting socially kales impuissance kris blowsily saltcellar disciplines immemorially mincy oxhearts catamaran scavenger isostatically
http://www4.wiwiss.fu-berlin.de/bizer/bsbm/v01/instances/dataFrom/Product565;http://www4.wiwiss.fu-berlin.de/bizer/bsbm/v01/vocabulary/productPropertyTextual3;titulary payment careered slouching overdiligent
http://www4.wiwiss.fu-berlin.de/bizer/bsbm/v01/instances/dataFrom/Product565;http://www4.wiwiss.fu-berlin.de/bizer/bsbm/v01/vocabulary/productPropertyTextual4;obligator commenced trampolinists suborbital
http://www4.wiwiss.fu-berlin.de/bizer/bsbm/v01/instances/dataFrom/Product565;http://www4.wiwiss.fu-berlin.de/bizer/bsbm/v01/vocabulary/productPropertyTextual5;tollages effortlessness bookplates stirrups retractable leaner
http://www4.wiwiss.fu-berlin.de/bizer/bsbm/v01/instances/dataFrom/Product565;http://www4.wiwiss.fu-berlin.de/bizer/bsbm/v01/vocabulary/productFeature;http://www4.wiwiss.fu-berlin.de/bizer/bsbm/v01/instances/ProductFeature2404
http://www4.wiwiss.fu-berlin.de/bizer/bsbm/v01/instances/dataFrom/Product565;http://www4.wiwiss.fu-berlin.de/bizer/bsbm/v01/vocabulary/productFeature;http://www4.wiwiss.fu-berlin.de/bizer/bsbm/v01/instances/ProductFeature2406
http://www4.wiwiss.fu-berlin.de/bizer/bsbm/v01/instances/dataFrom/Product565;http://www4.wiwiss.fu-berlin.de/bizer/bsbm/v01/vocabulary/productFeature;http://www4.wiwiss.fu-berlin.de/bizer/bsbm/v01/instances/ProductFeature2410
http://www4.wiwiss.fu-berlin.de/bizer/bsbm/v01/instances/dataFrom/Product565;http://www4.wiwiss.fu-berlin.de/bizer/bsbm/v01/vocabulary/productFeature;http://www4.wiwiss.fu-berlin.de/bizer/bsbm/v01/instances/ProductFeature2412
http://www4.wiwiss.fu-berlin.de/bizer/bsbm/v01/instances/dataFrom/Product565;http://www4.wiwiss.fu-berlin.de/bizer/bsbm/v01/vocabulary/productFeature;http://www4.wiwiss.fu-berlin.de/bizer/bsbm/v01/instances/ProductFeature2415
http://www4.wiwiss.fu-berlin.de/bizer/bsbm/v01/instances/dataFrom/Product565;http://www4.wiwiss.fu-berlin.de/bizer/bsbm/v01/vocabulary/productFeature;http://www4.wiwiss.fu-berlin.de/bizer/bsbm/v01/instances/ProductFeature2430
http://www4.wiwiss.fu-berlin.de/bizer/bsbm/v01/instances/dataFrom/Product565;http://www4.wiwiss.fu-berlin.de/bizer/bsbm/v01/vocabulary/productFeature;http://www4.wiwiss.fu-berlin.de/bizer/bsbm/v01/instances/ProductFeature2435
http://www4.wiwiss.fu-berlin.de/bizer/bsbm/v01/instances/dataFrom/Product565;http://www4.wiwiss.fu-berlin.de/bizer/bsbm/v01/vocabulary/productFeature;http://www4.wiwiss.fu-berlin.de/bizer/bsbm/v01/instances/ProductFeature441
http://www4.wiwiss.fu-berlin.de/bizer/bsbm/v01/instances/dataFrom/Product565;http://www4.wiwiss.fu-berlin.de/bizer/bsbm/v01/vocabulary/productFeature;http://www4.wiwiss.fu-berlin.de/bizer/bsbm/v01/instances/ProductFeature442
http://www4.wiwiss.fu-berlin.de/bizer/bsbm/v01/instances/dataFrom/Product565;http://www4.wiwiss.fu-berlin.de/bizer/bsbm/v01/vocabulary/productFeature;http://www4.wiwiss.fu-berlin.de/bizer/bsbm/v01/instances/ProductFeature445
http://www4.wiwiss.fu-berlin.de/bizer/bsbm/v01/instances/dataFrom/Product565;http://www4.wiwiss.fu-berlin.de/bizer/bsbm/v01/vocabulary/productFeature;http://www4.wiwiss.fu-berlin.de/bizer/bsbm/v01/instances/ProductFeature453
http://www4.wiwiss.fu-berlin.de/bizer/bsbm/v01/instances/dataFrom/Product565;http://www4.wiwiss.fu-berlin.de/bizer/bsbm/v01/vocabulary/productFeature;http://www4.wiwiss.fu-berlin.de/bizer/bsbm/v01/instances/ProductFeature457
http://www4.wiwiss.fu-berlin.de/bizer/bsbm/v01/instances/dataFrom/Product565;http://www4.wiwiss.fu-berlin.de/bizer/bsbm/v01/vocabulary/productFeature;http://www4.wiwiss.fu-berlin.de/bizer/bsbm/v01/instances/ProductFeature458
http://www4.wiwiss.fu-berlin.de/bizer/bsbm/v01/instances/dataFrom/Product565;http://www4.wiwiss.fu-berlin.de/bizer/bsbm/v01/vocabulary/productFeature;http://www4.wiwiss.fu-berlin.de/bizer/bsbm/v01/instances/ProductFeature460
http://www4.wiwiss.fu-berlin.de/bizer/bsbm/v01/instances/dataFrom/Product565;http://www4.wiwiss.fu-berlin.de/bizer/bsbm/v01/vocabulary/productFeature;http://www4.wiwiss.fu-berlin.de/bizer/bsbm/v01/instances/ProductFeature469
http://www4.wiwiss.fu-berlin.de/bizer/bsbm/v01/instances/dataFrom/Product565;http://www4.wiwiss.fu-berlin.de/bizer/bsbm/v01/vocabulary/productFeature;http://www4.wiwiss.fu-berlin.de/bizer/bsbm/v01/instances/ProductFeature24
http://www4.wiwiss.fu-berlin.de/bizer/bsbm/v01/instances/dataFrom/Product565;http://www4.wiwiss.fu-berlin.de/bizer/bsbm/v01/vocabulary/productFeature;http://www4.wiwiss.fu-berlin.de/bizer/bsbm/v01/instances/ProductFeature28
http://www4.wiwiss.fu-berlin.de/bizer/bsbm/v01/instances/dataFrom/Product565;http://www4.wiwiss.fu-berlin.de/bizer/bsbm/v01/vocabulary/productFeature;http://www4.wiwiss.fu-berlin.de/bizer/bsbm/v01/instances/ProductFeature30
http://www4.wiwiss.fu-berlin.de/bizer/bsbm/v01/instances/dataFrom/Product565;http://www4.wiwiss.fu-berlin.de/bizer/bsbm/v01/vocabulary/productFeature;http://www4.wiwiss.fu-berlin.de/bizer/bsbm/v01/instances/ProductFeature33
http://www4.wiwiss.fu-berlin.de/bizer/bsbm/v01/instances/dataFrom/Product565;http://www4.wiwiss.fu-berlin.de/bizer/bsbm/v01/vocabulary/productFeature;http://www4.wiwiss.fu-berlin.de/bizer/bsbm/v01/instances/ProductFeature37
http://www4.wiwiss.fu-berlin.de/bizer/bsbm/v01/instances/dataFrom/Product565;http://www4.wiwiss.fu-berlin.de/bizer/bsbm/v01/vocabulary/producer;http://www4.wiwiss.fu-berlin.de/bizer/bsbm/v01/instances/dataFromProducer19/Producer19
http://www4.wiwiss.fu-berlin.de/bizer/bsbm/v01/instances/dataFrom/Product565;http://purl.org/dc/elements/1.1/publisher;http://www4.wiwiss.fu-berlin.de/bizer/bsbm/v01/instances/dataFromProducer19/Producer19
http://www4.wiwiss.fu-berlin.de/bizer/bsbm/v01/instances/dataFrom/Product565;http://purl.org/dc/elements/1.1/date;2003-02-14
http://www4.wiwiss.fu-berlin.de/bizer/bsbm/v01/instances/dataFrom/Product201;http://www.w3.org/1999/02/22-rdf-syntax-ns#type;http://www4.wiwiss.fu-berlin.de/bizer/bsbm/v01/vocabulary/Product
http://www4.wiwiss.fu-berlin.de/bizer/bsbm/v01/instances/dataFrom/Product201;http://www.w3.org/1999/02/22-rdf-syntax-ns#type;http://www4.wiwiss.fu-berlin.de/bizer/bsbm/v01/instances/ProductType79
http://www4.wiwiss.fu-berlin.de/bizer/bsbm/v01/instances/dataFrom/Product201;http://www.w3.org/2000/01/rdf-schema#label;valuation vindication
http://www4.wiwiss.fu-berlin.de/bizer/bsbm/v01/instances/dataFrom/Product201;http://www.w3.org/2000/01/rdf-schema#comment;vocational orangiest nances statal perique whinnier shipworms remorses storming tidiest deforesting trothing unslaked merged rooting revenging denuclearize outproduces prevailers obstructiveness badinaging prerecorded henrys bestrides elongates rounds basely splosh plucked fealties emulsifying nonviable cheekiest dugong warders thieved westernized delusionary satiated quiverers bullwhips bowered cruciate twangles shoplifter depravity polymerize slams reverencer smirched enveloped elicits eatings syllogistically discomforts bombs demeaned alders teratological forzandos bookmaking feministic logicize resharpened canvaslike spelt interspersed biotechnological razored clearing dumbwaiters amasser whackier reformated foyers preappearances blackballs cumulates grouped trembling halvahs ophthalmoscopy balkans lido imperilled advertently neckties genocidal reinfects nakedly imputes leukemic cuirassed sealable shocked hearings
http://www4.wiwiss.fu-berlin.de/bizer/bsbm/v01/instances/dataFrom/Product201;http://www4.wiwiss.fu-berlin.de/bizer/bsbm/v01/vocabulary/productPropertyNumeric1;755
http://www4.wiwiss.fu-berlin.de/bizer/bsbm/v01/instances/dataFrom/Product201;http://www4.wiwiss.fu-berlin.de/bizer/bsbm/v01/vocabulary/productPropertyNumeric2;1190
http://www4.wiwiss.fu-berlin.de/bizer/bsbm/v01/instances/dataFrom/Product201;http://www4.wiwiss.fu-berlin.de/bizer/bsbm/v01/vocabulary/productPropertyNumeric3;455
http://www4.wiwiss.fu-berlin.de/bizer/bsbm/v01/instances/dataFrom/Product201;http://www4.wiwiss.fu-berlin.de/bizer/bsbm/v01/vocabulary/productPropertyNumeric4;750
http://www4.wiwiss.fu-berlin.de/bizer/bsbm/v01/instances/dataFrom/Product201;http://www4.wiwiss.fu-berlin.de/bizer/bsbm/v01/vocabulary/productPropertyNumeric5;160
http://www4.wiwiss.fu-berlin.de/bizer/bsbm/v01/instances/dataFrom/Product201;http://www4.wiwiss.fu-berlin.de/bizer/bsbm/v01/vocabulary/productPropertyTextual1;demagogy grueler frettiest rotors hymenopterous phototherapies capelan gastroscopic sympathizing denunciations manifestly prevailingly liquids sexless garrote
http://www4.wiwiss.fu-berlin.de/bizer/bsbm/v01/instances/dataFrom/Product201;http://www4.wiwiss.fu-berlin.de/bizer/bsbm/v01/vocabulary/productPropertyTextual2;tainting socially kales impuissance kris blowsily saltcellar disciplines immemorially mincy oxhearts catamaran scavenger isostatically
http://www4.wiwiss.fu-berlin.de/bizer/bsbm/v01/instances/dataFrom/Product201;http://www4.wiwiss.fu-berlin.de/bizer/bsbm/v01/vocabulary/productPropertyTextual3;titulary payment careered slouching overdiligent
http://www4.wiwiss.fu-berlin.de/bizer/bsbm/v01/instances/dataFrom/Product201;http://www4.wiwiss.fu-berlin.de/bizer/bsbm/v01/vocabulary/productPropertyTextual4;obligator commenced trampolinists suborbital
http://www4.wiwiss.fu-berlin.de/bizer/bsbm/v01/instances/dataFrom/Product201;http://www4.wiwiss.fu-berlin.de/bizer/bsbm/v01/vocabulary/productPropertyTextual5;tollages effortlessness bookplates stirrups retractable leaner
http://www4.wiwiss.fu-berlin.de/bizer/bsbm/v01/instances/dataFrom/Product201;http://www4.wiwiss.fu-berlin.de/bizer/bsbm/v01/vocabulary/productFeature;http://www4.wiwiss.fu-berlin.de/bizer/bsbm/v01/instances/ProductFeature2404
http://www4.wiwiss.fu-berlin.de/bizer/bsbm/v01/instances/dataFrom/Product201;http://www4.wiwiss.fu-berlin.de/bizer/bsbm/v01/vocabulary/productFeature;http://www4.wiwiss.fu-berlin.de/bizer/bsbm/v01/instances/ProductFeature2406
http://www4.wiwiss.fu-berlin.de/bizer/bsbm/v01/instances/dataFrom/Product201;http://www4.wiwiss.fu-berlin.de/bizer/bsbm/v01/vocabulary/productFeature;http://www4.wiwiss.fu-berlin.de/bizer/bsbm/v01/instances/ProductFeature2410
http://www4.wiwiss.fu-berlin.de/bizer/bsbm/v01/instances/dataFrom/Product201;http://www4.wiwiss.fu-berlin.de/bizer/bsbm/v01/vocabulary/productFeature;http://www4.wiwiss.fu-berlin.de/bizer/bsbm/v01/instances/ProductFeature2412
http://www4.wiwiss.fu-berlin.de/bizer/bsbm/v01/instances/dataFrom/Product201;http://www4.wiwiss.fu-berlin.de/bizer/bsbm/v01/vocabulary/productFeature;http://www4.wiwiss.fu-berlin.de/bizer/bsbm/v01/instances/ProductFeature2415
http://www4.wiwiss.fu-berlin.de/bizer/bsbm/v01/instances/dataFrom/Product201;http://www4.wiwiss.fu-berlin.de/bizer/bsbm/v01/vocabulary/productFeature;http://www4.wiwiss.fu-berlin.de/bizer/bsbm/v01/instances/ProductFeature2430
http://www4.wiwiss.fu-berlin.de/bizer/bsbm/v01/instances/dataFrom/Product201;http://www4.wiwiss.fu-berlin.de/bizer/bsbm/v01/vocabulary/productFeature;http://www4.wiwiss.fu-berlin.de/bizer/bsbm/v01/instances/ProductFeature2435
http://www4.wiwiss.fu-berlin.de/bizer/bsbm/v01/instances/dataFrom/Product201;http://www4.wiwiss.fu-berlin.de/bizer/bsbm/v01/vocabulary/productFeature;http://www4.wiwiss.fu-berlin.de/bizer/bsbm/v01/instances/ProductFeature441
http://www4.wiwiss.fu-berlin.de/bizer/bsbm/v01/instances/dataFrom/Product201;http://www4.wiwiss.fu-berlin.de/bizer/bsbm/v01/vocabulary/productFeature;http://www4.wiwiss.fu-berlin.de/bizer/bsbm/v01/instances/ProductFeature442
http://www4.wiwiss.fu-berlin.de/bizer/bsbm/v01/instances/dataFrom/Product201;http://www4.wiwiss.fu-berlin.de/bizer/bsbm/v01/vocabulary/productFeature;http://www4.wiwiss.fu-berlin.de/bizer/bsbm/v01/instances/ProductFeature445
http://www4.wiwiss.fu-berlin.de/bizer/bsbm/v01/instances/dataFrom/Product201;http://www4.wiwiss.fu-berlin.de/bizer/bsbm/v01/vocabulary/productFeature;http://www4.wiwiss.fu-berlin.de/bizer/bsbm/v01/instances/ProductFeature453
http://www4.wiwiss.fu-berlin.de/bizer/bsbm/v01/instances/dataFrom/Product201;http://www4.wiwiss.fu-berlin.de/bizer/bsbm/v01/vocabulary/productFeature;http://www4.wiwiss.fu-berlin.de/bizer/bsbm/v01/instances/ProductFeature457
http://www4.wiwiss.fu-berlin.de/bizer/bsbm/v01/instances/dataFrom/Product201;http://www4.wiwiss.fu-berlin.de/bizer/bsbm/v01/vocabulary/productFeature;http://www4.wiwiss.fu-berlin.de/bizer/bsbm/v01/instances/ProductFeature458
http://www4.wiwiss.fu-berlin.de/bizer/bsbm/v01/instances/dataFrom/Product201;http://www4.wiwiss.fu-berlin.de/bizer/bsbm/v01/vocabulary/productFeature;http://www4.wiwiss.fu-berlin.de/bizer/bsbm/v01/instances/ProductFeature460
http://www4.wiwiss.fu-berlin.de/bizer/bsbm/v01/instances/dataFrom/Product201;http://www4.wiwiss.fu-berlin.de/bizer/bsbm/v01/vocabulary/productFeature;http://www4.wiwiss.fu-berlin.de/bizer/bsbm/v01/instances/ProductFeature469
http://www4.wiwiss.fu-berlin.de/bizer/bsbm/v01/instances/dataFrom/Product201;http://www4.wiwiss.fu-berlin.de/bizer/bsbm/v01/vocabulary/productFeature;http://www4.wiwiss.fu-berlin.de/bizer/bsbm/v01/instances/ProductFeature24
http://www4.wiwiss.fu-berlin.de/bizer/bsbm/v01/instances/dataFrom/Product201;http://www4.wiwiss.fu-berlin.de/bizer/bsbm/v01/vocabulary/productFeature;http://www4.wiwiss.fu-berlin.de/bizer/bsbm/v01/instances/ProductFeature28
http://www4.wiwiss.fu-berlin.de/bizer/bsbm/v01/instances/dataFrom/Product201;http://www4.wiwiss.fu-berlin.de/bizer/bsbm/v01/vocabulary/productFeature;http://www4.wiwiss.fu-berlin.de/bizer/bsbm/v01/instances/ProductFeature30
http://www4.wiwiss.fu-berlin.de/bizer/bsbm/v01/instances/dataFrom/Product201;http://www4.wiwiss.fu-berlin.de/bizer/bsbm/v01/vocabulary/productFeature;http://www4.wiwiss.fu-berlin.de/bizer/bsbm/v01/instances/ProductFeature33
http://www4.wiwiss.fu-berlin.de/bizer/bsbm/v01/instances/dataFrom/Product201;http://www4.wiwiss.fu-berlin.de/bizer/bsbm/v01/vocabulary/productFeature;http://www4.wiwiss.fu-berlin.de/bizer/bsbm/v01/instances/ProductFeature37
http://www4.wiwiss.fu-berlin.de/bizer/bsbm/v01/instances/dataFrom/Product201;http://www4.wiwiss.fu-berlin.de/bizer/bsbm/v01/vocabulary/producer;http://www4.wiwiss.fu-berlin.de/bizer/bsbm/v01/instances/dataFromProducer19/Producer19
http://www4.wiwiss.fu-berlin.de/bizer/bsbm/v01/instances/dataFrom/Product201;http://purl.org/dc/elements/1.1/publisher;http://www4.wiwiss.fu-berlin.de/bizer/bsbm/v01/instances/dataFromProducer19/Producer19
http://www4.wiwiss.fu-berlin.de/bizer/bsbm/v01/instances/dataFrom/Product201;http://purl.org/dc/elements/1.1/date;2003-02-14
http://www4.wiwiss.fu-berlin.de/bizer/bsbm/v01/instances/dataFrom/Product36;http://www.w3.org/1999/02/22-rdf-syntax-ns#type;http://www4.wiwiss.fu-berlin.de/bizer/bsbm/v01/vocabulary/Product
http://www4.wiwiss.fu-berlin.de/bizer/bsbm/v01/instances/dataFrom/Product36;http://www.w3.org/1999/02/22-rdf-syntax-ns#type;http://www4.wiwiss.fu-berlin.de/bizer/bsbm/v01/instances/ProductType79
http://www4.wiwiss.fu-berlin.de/bizer/bsbm/v01/instances/dataFrom/Product36;http://www.w3.org/2000/01/rdf-schema#label;valuation vindication
http://www4.wiwiss.fu-berlin.de/bizer/bsbm/v01/instances/dataFrom/Product36;http://www.w3.org/2000/01/rdf-schema#comment;vocational orangiest nances statal perique whinnier shipworms remorses storming tidiest deforesting trothing unslaked merged rooting revenging denuclearize outproduces prevailers obstructiveness badinaging prerecorded henrys bestrides elongates rounds basely splosh plucked fealties emulsifying nonviable cheekiest dugong warders thieved westernized delusionary satiated quiverers bullwhips bowered cruciate twangles shoplifter depravity polymerize slams reverencer smirched enveloped elicits eatings syllogistically discomforts bombs demeaned alders teratological forzandos bookmaking feministic logicize resharpened canvaslike spelt interspersed biotechnological razored clearing dumbwaiters amasser whackier reformated foyers preappearances blackballs cumulates grouped trembling halvahs ophthalmoscopy balkans lido imperilled advertently neckties genocidal reinfects nakedly imputes leukemic cuirassed sealable shocked hearings
http://www4.wiwiss.fu-berlin.de/bizer/bsbm/v01/instances/dataFrom/Product36;http://www4.wiwiss.fu-berlin.de/bizer/bsbm/v01/vocabulary/productPropertyNumeric1;755
http://www4.wiwiss.fu-berlin.de/bizer/bsbm/v01/instances/dataFrom/Product36;http://www4.wiwiss.fu-berlin.de/bizer/bsbm/v01/vocabulary/productPropertyNumeric2;1190
http://www4.wiwiss.fu-berlin.de/bizer/bsbm/v01/instances/dataFrom/Product36;http://www4.wiwiss.fu-berlin.de/bizer/bsbm/v01/vocabulary/productPropertyNumeric3;455
http://www4.wiwiss.fu-berlin.de/bizer/bsbm/v01/instances/dataFrom/Product36;http://www4.wiwiss.fu-berlin.de/bizer/bsbm/v01/vocabulary/productPropertyNumeric4;750
http://www4.wiwiss.fu-berlin.de/bizer/bsbm/v01/instances/dataFrom/Product36;http://www4.wiwiss.fu-berlin.de/bizer/bsbm/v01/vocabulary/productPropertyNumeric5;160
http://www4.wiwiss.fu-berlin.de/bizer/bsbm/v01/instances/dataFrom/Product36;http://www4.wiwiss.fu-berlin.de/bizer/bsbm/v01/vocabulary/productPropertyTextual1;demagogy grueler frettiest rotors hymenopterous phototherapies capelan gastroscopic sympathizing denunciations manifestly prevailingly liquids sexless garrote
http://www4.wiwiss.fu-berlin.de/bizer/bsbm/v01/instances/dataFrom/Product36;http://www4.wiwiss.fu-berlin.de/bizer/bsbm/v01/vocabulary/productPropertyTextual2;tainting socially kales impuissance kris blowsily saltcellar disciplines immemorially mincy oxhearts catamaran scavenger isostatically
http://www4.wiwiss.fu-berlin.de/bizer/bsbm/v01/instances/dataFrom/Product36;http://www4.wiwiss.fu-berlin.de/bizer/bsbm/v01/vocabulary/productPropertyTextual3;titulary payment careered slouching overdiligent
http://www4.wiwiss.fu-berlin.de/bizer/bsbm/v01/instances/dataFrom/Product36;http://www4.wiwiss.fu-berlin.de/bizer/bsbm/v01/vocabulary/productPropertyTextual4;obligator commenced trampolinists suborbital
http://www4.wiwiss.fu-berlin.de/bizer/bsbm/v01/instances/dataFrom/Product36;http://www4.wiwiss.fu-berlin.de/bizer/bsbm/v01/vocabulary/productPropertyTextual5;tollages effortlessness bookplates stirrups retractable leaner
http://www4.wiwiss.fu-berlin.de/bizer/bsbm/v01/instances/dataFrom/Product36;http://www4.wiwiss.fu-berlin.de/bizer/bsbm/v01/vocabulary/productFeature;http://www4.wiwiss.fu-berlin.de/bizer/bsbm/v01/instances/ProductFeature2404
http://www4.wiwiss.fu-berlin.de/bizer/bsbm/v01/instances/dataFrom/Product36;http://www4.wiwiss.fu-berlin.de/bizer/bsbm/v01/vocabulary/productFeature;http://www4.wiwiss.fu-berlin.de/bizer/bsbm/v01/instances/ProductFeature2406
http://www4.wiwiss.fu-berlin.de/bizer/bsbm/v01/instances/dataFrom/Product36;http://www4.wiwiss.fu-berlin.de/bizer/bsbm/v01/vocabulary/productFeature;http://www4.wiwiss.fu-berlin.de/bizer/bsbm/v01/instances/ProductFeature2410
http://www4.wiwiss.fu-berlin.de/bizer/bsbm/v01/instances/dataFrom/Product36;http://www4.wiwiss.fu-berlin.de/bizer/bsbm/v01/vocabulary/productFeature;http://www4.wiwiss.fu-berlin.de/bizer/bsbm/v01/instances/ProductFeature2412
http://www4.wiwiss.fu-berlin.de/bizer/bsbm/v01/instances/dataFrom/Product36;http://www4.wiwiss.fu-berlin.de/bizer/bsbm/v01/vocabulary/productFeature;http://www4.wiwiss.fu-berlin.de/bizer/bsbm/v01/instances/ProductFeature2415
http://www4.wiwiss.fu-berlin.de/bizer/bsbm/v01/instances/dataFrom/Product36;http://www4.wiwiss.fu-berlin.de/bizer/bsbm/v01/vocabulary/productFeature;http://www4.wiwiss.fu-berlin.de/bizer/bsbm/v01/instances/ProductFeature2430
http://www4.wiwiss.fu-berlin.de/bizer/bsbm/v01/instances/dataFrom/Product36;http://www4.wiwiss.fu-berlin.de/bizer/bsbm/v01/vocabulary/productFeature;http://www4.wiwiss.fu-berlin.de/bizer/bsbm/v01/instances/ProductFeature2435
http://www4.wiwiss.fu-berlin.de/bizer/bsbm/v01/instances/dataFrom/Product36;http://www4.wiwiss.fu-berlin.de/bizer/bsbm/v01/vocabulary/productFeature;http://www4.wiwiss.fu-berlin.de/bizer/bsbm/v01/instances/ProductFeature441
http://www4.wiwiss.fu-berlin.de/bizer/bsbm/v01/instances/dataFrom/Product36;http://www4.wiwiss.fu-berlin.de/bizer/bsbm/v01/vocabulary/productFeature;http://www4.wiwiss.fu-berlin.de/bizer/bsbm/v01/instances/ProductFeature442
http://www4.wiwiss.fu-berlin.de/bizer/bsbm/v01/instances/dataFrom/Product36;http://www4.wiwiss.fu-berlin.de/bizer/bsbm/v01/vocabulary/productFeature;http://www4.wiwiss.fu-berlin.de/bizer/bsbm/v01/instances/ProductFeature445
http://www4.wiwiss.fu-berlin.de/bizer/bsbm/v01/instances/dataFrom/Product36;http://www4.wiwiss.fu-berlin.de/bizer/bsbm/v01/vocabulary/productFeature;http://www4.wiwiss.fu-berlin.de/bizer/bsbm/v01/instances/ProductFeature453
http://www4.wiwiss.fu-berlin.de/bizer/bsbm/v01/instances/dataFrom/Product36;http://www4.wiwiss.fu-berlin.de/bizer/bsbm/v01/vocabulary/productFeature;http://www4.wiwiss.fu-berlin.de/bizer/bsbm/v01/instances/ProductFeature457
http://www4.wiwiss.fu-berlin.de/bizer/bsbm/v01/instances/dataFrom/Product36;http://www4.wiwiss.fu-berlin.de/bizer/bsbm/v01/vocabulary/productFeature;http://www4.wiwiss.fu-berlin.de/bizer/bsbm/v01/instances/ProductFeature458
http://www4.wiwiss.fu-berlin.de/bizer/bsbm/v01/instances/dataFrom/Product36;http://www4.wiwiss.fu-berlin.de/bizer/bsbm/v01/vocabulary/productFeature;http://www4.wiwiss.fu-berlin.de/bizer/bsbm/v01/instances/ProductFeature460
http://www4.wiwiss.fu-berlin.de/bizer/bsbm/v01/instances/dataFrom/Product36;http://www4.wiwiss.fu-berlin.de/bizer/bsbm/v01/vocabulary/productFeature;http://www4.wiwiss.fu-berlin.de/bizer/bsbm/v01/instances/ProductFeature469
http://www4.wiwiss.fu-berlin.de/bizer/bsbm/v01/instances/dataFrom/Product36;http://www4.wiwiss.fu-berlin.de/bizer/bsbm/v01/vocabulary/productFeature;http://www4.wiwiss.fu-berlin.de/bizer/bsbm/v01/instances/ProductFeature24
http://www4.wiwiss.fu-berlin.de/bizer/bsbm/v01/instances/dataFrom/Product36;http://www4.wiwiss.fu-berlin.de/bizer/bsbm/v01/vocabulary/productFeature;http://www4.wiwiss.fu-berlin.de/bizer/bsbm/v01/instances/ProductFeature28
http://www4.wiwiss.fu-berlin.de/bizer/bsbm/v01/instances/dataFrom/Product36;http://www4.wiwiss.fu-berlin.de/bizer/bsbm/v01/vocabulary/productFeature;http://www4.wiwiss.fu-berlin.de/bizer/bsbm/v01/instances/ProductFeature30
http://www4.wiwiss.fu-berlin.de/bizer/bsbm/v01/instances/dataFrom/Product36;http://www4.wiwiss.fu-berlin.de/bizer/bsbm/v01/vocabulary/productFeature;http://www4.wiwiss.fu-berlin.de/bizer/bsbm/v01/instances/ProductFeature33
http://www4.wiwiss.fu-berlin.de/bizer/bsbm/v01/instances/dataFrom/Product36;http://www4.wiwiss.fu-berlin.de/bizer/bsbm/v01/vocabulary/productFeature;http://www4.wiwiss.fu-berlin.de/bizer/bsbm/v01/instances/ProductFeature37
http://www4.wiwiss.fu-berlin.de/bizer/bsbm/v01/instances/dataFrom/Product36;http://www4.wiwiss.fu-berlin.de/bizer/bsbm/v01/vocabulary/producer;http://www4.wiwiss.fu-berlin.de/bizer/bsbm/v01/instances/dataFromProducer19/Producer19
http://www4.wiwiss.fu-berlin.de/bizer/bsbm/v01/instances/dataFrom/Product36;http://purl.org/dc/elements/1.1/publisher;http://www4.wiwiss.fu-berlin.de/bizer/bsbm/v01/instances/dataFromProducer19/Producer19
http://www4.wiwiss.fu-berlin.de/bizer/bsbm/v01/instances/dataFrom/Product36;http://purl.org/dc/elements/1.1/date;2003-02-14
http://www4.wiwiss.fu-berlin.de/bizer/bsbm/v01/instances/dataFrom/Product164;http://www.w3.org/1999/02/22-rdf-syntax-ns#type;http://www4.wiwiss.fu-berlin.de/bizer/bsbm/v01/vocabulary/Product
http://www4.wiwiss.fu-berlin.de/bizer/bsbm/v01/instances/dataFrom/Product164;http://www.w3.org/1999/02/22-rdf-syntax-ns#type;http://www4.wiwiss.fu-berlin.de/bizer/bsbm/v01/instances/ProductType79
http://www4.wiwiss.fu-berlin.de/bizer/bsbm/v01/instances/dataFrom/Product164;http://www.w3.org/2000/01/rdf-schema#label;valuation vindication
http://www4.wiwiss.fu-berlin.de/bizer/bsbm/v01/instances/dataFrom/Product164;http://www.w3.org/2000/01/rdf-schema#comment;vocational orangiest nances statal perique whinnier shipworms remorses storming tidiest deforesting trothing unslaked merged rooting revenging denuclearize outproduces prevailers obstructiveness badinaging prerecorded henrys bestrides elongates rounds basely splosh plucked fealties emulsifying nonviable cheekiest dugong warders thieved westernized delusionary satiated quiverers bullwhips bowered cruciate twangles shoplifter depravity polymerize slams reverencer smirched enveloped elicits eatings syllogistically discomforts bombs demeaned alders teratological forzandos bookmaking feministic logicize resharpened canvaslike spelt interspersed biotechnological razored clearing dumbwaiters amasser whackier reformated foyers preappearances blackballs cumulates grouped trembling halvahs ophthalmoscopy balkans lido imperilled advertently neckties genocidal reinfects nakedly imputes leukemic cuirassed sealable shocked hearings
http://www4.wiwiss.fu-berlin.de/bizer/bsbm/v01/instances/dataFrom/Product164;http://www4.wiwiss.fu-berlin.de/bizer/bsbm/v01/vocabulary/productPropertyNumeric1;755
http://www4.wiwiss.fu-berlin.de/bizer/bsbm/v01/instances/dataFrom/Product164;http://www4.wiwiss.fu-berlin.de/bizer/bsbm/v01/vocabulary/productPropertyNumeric2;1190
http://www4.wiwiss.fu-berlin.de/bizer/bsbm/v01/instances/dataFrom/Product164;http://www4.wiwiss.fu-berlin.de/bizer/bsbm/v01/vocabulary/productPropertyNumeric3;455
http://www4.wiwiss.fu-berlin.de/bizer/bsbm/v01/instances/dataFrom/Product164;http://www4.wiwiss.fu-berlin.de/bizer/bsbm/v01/vocabulary/productPropertyNumeric4;750
http://www4.wiwiss.fu-berlin.de/bizer/bsbm/v01/instances/dataFrom/Product164;http://www4.wiwiss.fu-berlin.de/bizer/bsbm/v01/vocabulary/productPropertyNumeric5;160
http://www4.wiwiss.fu-berlin.de/bizer/bsbm/v01/instances/dataFrom/Product164;http://www4.wiwiss.fu-berlin.de/bizer/bsbm/v01/vocabulary/productPropertyTextual1;demagogy grueler frettiest rotors hymenopterous phototherapies capelan gastroscopic sympathizing denunciations manifestly prevailingly liquids sexless garrote
http://www4.wiwiss.fu-berlin.de/bizer/bsbm/v01/instances/dataFrom/Product164;http://www4.wiwiss.fu-berlin.de/bizer/bsbm/v01/vocabulary/productPropertyTextual2;tainting socially kales impuissance kris blowsily saltcellar disciplines immemorially mincy oxhearts catamaran scavenger isostatically
http://www4.wiwiss.fu-berlin.de/bizer/bsbm/v01/instances/dataFrom/Product164;http://www4.wiwiss.fu-berlin.de/bizer/bsbm/v01/vocabulary/productPropertyTextual3;titulary payment careered slouching overdiligent
http://www4.wiwiss.fu-berlin.de/bizer/bsbm/v01/instances/dataFrom/Product164;http://www4.wiwiss.fu-berlin.de/bizer/bsbm/v01/vocabulary/productPropertyTextual4;obligator commenced trampolinists suborbital
http://www4.wiwiss.fu-berlin.de/bizer/bsbm/v01/instances/dataFrom/Product164;http://www4.wiwiss.fu-berlin.de/bizer/bsbm/v01/vocabulary/productPropertyTextual5;tollages effortlessness bookplates stirrups retractable leaner
http://www4.wiwiss.fu-berlin.de/bizer/bsbm/v01/instances/dataFrom/Product164;http://www4.wiwiss.fu-berlin.de/bizer/bsbm/v01/vocabulary/productFeature;http://www4.wiwiss.fu-berlin.de/bizer/bsbm/v01/instances/ProductFeature2404
http://www4.wiwiss.fu-berlin.de/bizer/bsbm/v01/instances/dataFrom/Product164;http://www4.wiwiss.fu-berlin.de/bizer/bsbm/v01/vocabulary/productFeature;http://www4.wiwiss.fu-berlin.de/bizer/bsbm/v01/instances/ProductFeature2406
http://www4.wiwiss.fu-berlin.de/bizer/bsbm/v01/instances/dataFrom/Product164;http://www4.wiwiss.fu-berlin.de/bizer/bsbm/v01/vocabulary/productFeature;http://www4.wiwiss.fu-berlin.de/bizer/bsbm/v01/instances/ProductFeature2410
http://www4.wiwiss.fu-berlin.de/bizer/bsbm/v01/instances/dataFrom/Product164;http://www4.wiwiss.fu-berlin.de/bizer/bsbm/v01/vocabulary/productFeature;http://www4.wiwiss.fu-berlin.de/bizer/bsbm/v01/instances/ProductFeature2412
http://www4.wiwiss.fu-berlin.de/bizer/bsbm/v01/instances/dataFrom/Product164;http://www4.wiwiss.fu-berlin.de/bizer/bsbm/v01/vocabulary/productFeature;http://www4.wiwiss.fu-berlin.de/bizer/bsbm/v01/instances/ProductFeature2415
http://www4.wiwiss.fu-berlin.de/bizer/bsbm/v01/instances/dataFrom/Product164;http://www4.wiwiss.fu-berlin.de/bizer/bsbm/v01/vocabulary/productFeature;http://www4.wiwiss.fu-berlin.de/bizer/bsbm/v01/instances/ProductFeature2430
http://www4.wiwiss.fu-berlin.de/bizer/bsbm/v01/instances/dataFrom/Product164;http://www4.wiwiss.fu-berlin.de/bizer/bsbm/v01/vocabulary/productFeature;http://www4.wiwiss.fu-berlin.de/bizer/bsbm/v01/instances/ProductFeature2435
http://www4.wiwiss.fu-berlin.de/bizer/bsbm/v01/instances/dataFrom/Product164;http://www4.wiwiss.fu-berlin.de/bizer/bsbm/v01/vocabulary/productFeature;http://www4.wiwiss.fu-berlin.de/bizer/bsbm/v01/instances/ProductFeature441
http://www4.wiwiss.fu-berlin.de/bizer/bsbm/v01/instances/dataFrom/Product164;http://www4.wiwiss.fu-berlin.de/bizer/bsbm/v01/vocabulary/productFeature;http://www4.wiwiss.fu-berlin.de/bizer/bsbm/v01/instances/ProductFeature442
http://www4.wiwiss.fu-berlin.de/bizer/bsbm/v01/instances/dataFrom/Product164;http://www4.wiwiss.fu-berlin.de/bizer/bsbm/v01/vocabulary/productFeature;http://www4.wiwiss.fu-berlin.de/bizer/bsbm/v01/instances/ProductFeature445
http://www4.wiwiss.fu-berlin.de/bizer/bsbm/v01/instances/dataFrom/Product164;http://www4.wiwiss.fu-berlin.de/bizer/bsbm/v01/vocabulary/productFeature;http://www4.wiwiss.fu-berlin.de/bizer/bsbm/v01/instances/ProductFeature453
http://www4.wiwiss.fu-berlin.de/bizer/bsbm/v01/instances/dataFrom/Product164;http://www4.wiwiss.fu-berlin.de/bizer/bsbm/v01/vocabulary/productFeature;http://www4.wiwiss.fu-berlin.de/bizer/bsbm/v01/instances/ProductFeature457
http://www4.wiwiss.fu-berlin.de/bizer/bsbm/v01/instances/dataFrom/Product164;http://www4.wiwiss.fu-berlin.de/bizer/bsbm/v01/vocabulary/productFeature;http://www4.wiwiss.fu-berlin.de/bizer/bsbm/v01/instances/ProductFeature458
http://www4.wiwiss.fu-berlin.de/bizer/bsbm/v01/instances/dataFrom/Product164;http://www4.wiwiss.fu-berlin.de/bizer/bsbm/v01/vocabulary/productFeature;http://www4.wiwiss.fu-berlin.de/bizer/bsbm/v01/instances/ProductFeature460
http://www4.wiwiss.fu-berlin.de/bizer/bsbm/v01/instances/dataFrom/Product164;http://www4.wiwiss.fu-berlin.de/bizer/bsbm/v01/vocabulary/productFeature;http://www4.wiwiss.fu-berlin.de/bizer/bsbm/v01/instances/ProductFeature469
http://www4.wiwiss.fu-berlin.de/bizer/bsbm/v01/instances/dataFrom/Product164;http://www4.wiwiss.fu-berlin.de/bizer/bsbm/v01/vocabulary/productFeature;http://www4.wiwiss.fu-berlin.de/bizer/bsbm/v01/instances/ProductFeature24
http://www4.wiwiss.fu-berlin.de/bizer/bsbm/v01/instances/dataFrom/Product164;http://www4.wiwiss.fu-berlin.de/bizer/bsbm/v01/vocabulary/productFeature;http://www4.wiwiss.fu-berlin.de/bizer/bsbm/v01/instances/ProductFeature28
http://www4.wiwiss.fu-berlin.de/bizer/bsbm/v01/instances/dataFrom/Product164;http://www4.wiwiss.fu-berlin.de/bizer/bsbm/v01/vocabulary/productFeature;http://www4.wiwiss.fu-berlin.de/bizer/bsbm/v01/instances/ProductFeature30
http://www4.wiwiss.fu-berlin.de/bizer/bsbm/v01/instances/dataFrom/Product164;http://www4.wiwiss.fu-berlin.de/bizer/bsbm/v01/vocabulary/productFeature;http://www4.wiwiss.fu-berlin.de/bizer/bsbm/v01/instances/ProductFeature33
http://www4.wiwiss.fu-berlin.de/bizer/bsbm/v01/instances/dataFrom/Product164;http://www4.wiwiss.fu-berlin.de/bizer/bsbm/v01/vocabulary/productFeature;http://www4.wiwiss.fu-berlin.de/bizer/bsbm/v01/instances/ProductFeature37
http://www4.wiwiss.fu-berlin.de/bizer/bsbm/v01/instances/dataFrom/Product164;http://www4.wiwiss.fu-berlin.de/bizer/bsbm/v01/vocabulary/producer;http://www4.wiwiss.fu-berlin.de/bizer/bsbm/v01/instances/dataFromProducer19/Producer19
http://www4.wiwiss.fu-berlin.de/bizer/bsbm/v01/instances/dataFrom/Product164;http://purl.org/dc/elements/1.1/publisher;http://www4.wiwiss.fu-berlin.de/bizer/bsbm/v01/instances/dataFromProducer19/Producer19
http://www4.wiwiss.fu-berlin.de/bizer/bsbm/v01/instances/dataFrom/Product164;http://purl.org/dc/elements/1.1/date;2003-02-14
http://www4.wiwiss.fu-berlin.de/bizer/bsbm/v01/instances/dataFrom/Product685;http://www.w3.org/1999/02/22-rdf-syntax-ns#type;http://www4.wiwiss.fu-berlin.de/bizer/bsbm/v01/vocabulary/Product
http://www4.wiwiss.fu-berlin.de/bizer/bsbm/v01/instances/dataFrom/Product685;http://www.w3.org/1999/02/22-rdf-syntax-ns#type;http://www4.wiwiss.fu-berlin.de/bizer/bsbm/v01/instances/ProductType79
http://www4.wiwiss.fu-berlin.de/bizer/bsbm/v01/instances/dataFrom/Product685;http://www.w3.org/2000/01/rdf-schema#label;valuation vindication
http://www4.wiwiss.fu-berlin.de/bizer/bsbm/v01/instances/dataFrom/Product685;http://www.w3.org/2000/01/rdf-schema#comment;vocational orangiest nances statal perique whinnier shipworms remorses storming tidiest deforesting trothing unslaked merged rooting revenging denuclearize outproduces prevailers obstructiveness badinaging prerecorded henrys bestrides elongates rounds basely splosh plucked fealties emulsifying nonviable cheekiest dugong warders thieved westernized delusionary satiated quiverers bullwhips bowered cruciate twangles shoplifter depravity polymerize slams reverencer smirched enveloped elicits eatings syllogistically discomforts bombs demeaned alders teratological forzandos bookmaking feministic logicize resharpened canvaslike spelt interspersed biotechnological razored clearing dumbwaiters amasser whackier reformated foyers preappearances blackballs cumulates grouped trembling halvahs ophthalmoscopy balkans lido imperilled advertently neckties genocidal reinfects nakedly imputes leukemic cuirassed sealable shocked hearings
http://www4.wiwiss.fu-berlin.de/bizer/bsbm/v01/instances/dataFrom/Product685;http://www4.wiwiss.fu-berlin.de/bizer/bsbm/v01/vocabulary/productPropertyNumeric1;755
http://www4.wiwiss.fu-berlin.de/bizer/bsbm/v01/instances/dataFrom/Product685;http://www4.wiwiss.fu-berlin.de/bizer/bsbm/v01/vocabulary/productPropertyNumeric2;1190
http://www4.wiwiss.fu-berlin.de/bizer/bsbm/v01/instances/dataFrom/Product685;http://www4.wiwiss.fu-berlin.de/bizer/bsbm/v01/vocabulary/productPropertyNumeric3;455
http://www4.wiwiss.fu-berlin.de/bizer/bsbm/v01/instances/dataFrom/Product685;http://www4.wiwiss.fu-berlin.de/bizer/bsbm/v01/vocabulary/productPropertyNumeric4;750
http://www4.wiwiss.fu-berlin.de/bizer/bsbm/v01/instances/dataFrom/Product685;http://www4.wiwiss.fu-berlin.de/bizer/bsbm/v01/vocabulary/productPropertyNumeric5;160
http://www4.wiwiss.fu-berlin.de/bizer/bsbm/v01/instances/dataFrom/Product685;http://www4.wiwiss.fu-berlin.de/bizer/bsbm/v01/vocabulary/productPropertyTextual1;demagogy grueler frettiest rotors hymenopterous phototherapies capelan gastroscopic sympathizing denunciations manifestly prevailingly liquids sexless garrote
http://www4.wiwiss.fu-berlin.de/bizer/bsbm/v01/instances/dataFrom/Product685;http://www4.wiwiss.fu-berlin.de/bizer/bsbm/v01/vocabulary/productPropertyTextual2;tainting socially kales impuissance kris blowsily saltcellar disciplines immemorially mincy oxhearts catamaran scavenger isostatically
http://www4.wiwiss.fu-berlin.de/bizer/bsbm/v01/instances/dataFrom/Product685;http://www4.wiwiss.fu-berlin.de/bizer/bsbm/v01/vocabulary/productPropertyTextual3;titulary payment careered slouching overdiligent
http://www4.wiwiss.fu-berlin.de/bizer/bsbm/v01/instances/dataFrom/Product685;http://www4.wiwiss.fu-berlin.de/bizer/bsbm/v01/vocabulary/productPropertyTextual4;obligator commenced trampolinists suborbital
http://www4.wiwiss.fu-berlin.de/bizer/bsbm/v01/instances/dataFrom/Product685;http://www4.wiwiss.fu-berlin.de/bizer/bsbm/v01/vocabulary/productPropertyTextual5;tollages effortlessness bookplates stirrups retractable leaner
http://www4.wiwiss.fu-berlin.de/bizer/bsbm/v01/instances/dataFrom/Product685;http://www4.wiwiss.fu-berlin.de/bizer/bsbm/v01/vocabulary/productFeature;http://www4.wiwiss.fu-berlin.de/bizer/bsbm/v01/instances/ProductFeature2404
http://www4.wiwiss.fu-berlin.de/bizer/bsbm/v01/instances/dataFrom/Product685;http://www4.wiwiss.fu-berlin.de/bizer/bsbm/v01/vocabulary/productFeature;http://www4.wiwiss.fu-berlin.de/bizer/bsbm/v01/instances/ProductFeature2406
http://www4.wiwiss.fu-berlin.de/bizer/bsbm/v01/instances/dataFrom/Product685;http://www4.wiwiss.fu-berlin.de/bizer/bsbm/v01/vocabulary/productFeature;http://www4.wiwiss.fu-berlin.de/bizer/bsbm/v01/instances/ProductFeature2410
http://www4.wiwiss.fu-berlin.de/bizer/bsbm/v01/instances/dataFrom/Product685;http://www4.wiwiss.fu-berlin.de/bizer/bsbm/v01/vocabulary/productFeature;http://www4.wiwiss.fu-berlin.de/bizer/bsbm/v01/instances/ProductFeature2412
http://www4.wiwiss.fu-berlin.de/bizer/bsbm/v01/instances/dataFrom/Product685;http://www4.wiwiss.fu-berlin.de/bizer/bsbm/v01/vocabulary/productFeature;http://www4.wiwiss.fu-berlin.de/bizer/bsbm/v01/instances/ProductFeature2415
http://www4.wiwiss.fu-berlin.de/bizer/bsbm/v01/instances/dataFrom/Product685;http://www4.wiwiss.fu-berlin.de/bizer/bsbm/v01/vocabulary/productFeature;http://www4.wiwiss.fu-berlin.de/bizer/bsbm/v01/instances/ProductFeature2430
http://www4.wiwiss.fu-berlin.de/bizer/bsbm/v01/instances/dataFrom/Product685;http://www4.wiwiss.fu-berlin.de/bizer/bsbm/v01/vocabulary/productFeature;http://www4.wiwiss.fu-berlin.de/bizer/bsbm/v01/instances/ProductFeature2435
http://www4.wiwiss.fu-berlin.de/bizer/bsbm/v01/instances/dataFrom/Product685;http://www4.wiwiss.fu-berlin.de/bizer/bsbm/v01/vocabulary/productFeature;http://www4.wiwiss.fu-berlin.de/bizer/bsbm/v01/instances/ProductFeature441
http://www4.wiwiss.fu-berlin.de/bizer/bsbm/v01/instances/dataFrom/Product685;http://www4.wiwiss.fu-berlin.de/bizer/bsbm/v01/vocabulary/productFeature;http://www4.wiwiss.fu-berlin.de/bizer/bsbm/v01/instances/ProductFeature442
http://www4.wiwiss.fu-berlin.de/bizer/bsbm/v01/instances/dataFrom/Product685;http://www4.wiwiss.fu-berlin.de/bizer/bsbm/v01/vocabulary/productFeature;http://www4.wiwiss.fu-berlin.de/bizer/bsbm/v01/instances/ProductFeature445
http://www4.wiwiss.fu-berlin.de/bizer/bsbm/v01/instances/dataFrom/Product685;http://www4.wiwiss.fu-berlin.de/bizer/bsbm/v01/vocabulary/productFeature;http://www4.wiwiss.fu-berlin.de/bizer/bsbm/v01/instances/ProductFeature453
http://www4.wiwiss.fu-berlin.de/bizer/bsbm/v01/instances/dataFrom/Product685;http://www4.wiwiss.fu-berlin.de/bizer/bsbm/v01/vocabulary/productFeature;http://www4.wiwiss.fu-berlin.de/bizer/bsbm/v01/instances/ProductFeature457
http://www4.wiwiss.fu-berlin.de/bizer/bsbm/v01/instances/dataFrom/Product685;http://www4.wiwiss.fu-berlin.de/bizer/bsbm/v01/vocabulary/productFeature;http://www4.wiwiss.fu-berlin.de/bizer/bsbm/v01/instances/ProductFeature458
http://www4.wiwiss.fu-berlin.de/bizer/bsbm/v01/instances/dataFrom/Product685;http://www4.wiwiss.fu-berlin.de/bizer/bsbm/v01/vocabulary/productFeature;http://www4.wiwiss.fu-berlin.de/bizer/bsbm/v01/instances/ProductFeature460
http://www4.wiwiss.fu-berlin.de/bizer/bsbm/v01/instances/dataFrom/Product685;http://www4.wiwiss.fu-berlin.de/bizer/bsbm/v01/vocabulary/productFeature;http://www4.wiwiss.fu-berlin.de/bizer/bsbm/v01/instances/ProductFeature469
http://www4.wiwiss.fu-berlin.de/bizer/bsbm/v01/instances/dataFrom/Product685;http://www4.wiwiss.fu-berlin.de/bizer/bsbm/v01/vocabulary/productFeature;http://www4.wiwiss.fu-berlin.de/bizer/bsbm/v01/instances/ProductFeature24
http://www4.wiwiss.fu-berlin.de/bizer/bsbm/v01/instances/dataFrom/Product685;http://www4.wiwiss.fu-berlin.de/bizer/bsbm/v01/vocabulary/productFeature;http://www4.wiwiss.fu-berlin.de/bizer/bsbm/v01/instances/ProductFeature28
http://www4.wiwiss.fu-berlin.de/bizer/bsbm/v01/instances/dataFrom/Product685;http://www4.wiwiss.fu-berlin.de/bizer/bsbm/v01/vocabulary/productFeature;http://www4.wiwiss.fu-berlin.de/bizer/bsbm/v01/instances/ProductFeature30
http://www4.wiwiss.fu-berlin.de/bizer/bsbm/v01/instances/dataFrom/Product685;http://www4.wiwiss.fu-berlin.de/bizer/bsbm/v01/vocabulary/productFeature;http://www4.wiwiss.fu-berlin.de/bizer/bsbm/v01/instances/ProductFeature33
http://www4.wiwiss.fu-berlin.de/bizer/bsbm/v01/instances/dataFrom/Product685;http://www4.wiwiss.fu-berlin.de/bizer/bsbm/v01/vocabulary/productFeature;http://www4.wiwiss.fu-berlin.de/bizer/bsbm/v01/instances/ProductFeature37
http://www4.wiwiss.fu-berlin.de/bizer/bsbm/v01/instances/dataFrom/Product685;http://www4.wiwiss.fu-berlin.de/bizer/bsbm/v01/vocabulary/producer;http://www4.wiwiss.fu-berlin.de/bizer/bsbm/v01/instances/dataFromProducer19/Producer19
http://www4.wiwiss.fu-berlin.de/bizer/bsbm/v01/instances/dataFrom/Product685;http://purl.org/dc/elements/1.1/publisher;http://www4.wiwiss.fu-berlin.de/bizer/bsbm/v01/instances/dataFromProducer19/Producer19
http://www4.wiwiss.fu-berlin.de/bizer/bsbm/v01/instances/dataFrom/Product685;http://purl.org/dc/elements/1.1/date;2003-02-14
http://www4.wiwiss.fu-berlin.de/bizer/bsbm/v01/instances/dataFrom/Product380;http://www.w3.org/1999/02/22-rdf-syntax-ns#type;http://www4.wiwiss.fu-berlin.de/bizer/bsbm/v01/vocabulary/Product
http://www4.wiwiss.fu-berlin.de/bizer/bsbm/v01/instances/dataFrom/Product380;http://www.w3.org/1999/02/22-rdf-syntax-ns#type;http://www4.wiwiss.fu-berlin.de/bizer/bsbm/v01/instances/ProductType79
http://www4.wiwiss.fu-berlin.de/bizer/bsbm/v01/instances/dataFrom/Product380;http://www.w3.org/2000/01/rdf-schema#label;valuation vindication
http://www4.wiwiss.fu-berlin.de/bizer/bsbm/v01/instances/dataFrom/Product380;http://www.w3.org/2000/01/rdf-schema#comment;vocational orangiest nances statal perique whinnier shipworms remorses storming tidiest deforesting trothing unslaked merged rooting revenging denuclearize outproduces prevailers obstructiveness badinaging prerecorded henrys bestrides elongates rounds basely splosh plucked fealties emulsifying nonviable cheekiest dugong warders thieved westernized delusionary satiated quiverers bullwhips bowered cruciate twangles shoplifter depravity polymerize slams reverencer smirched enveloped elicits eatings syllogistically discomforts bombs demeaned alders teratological forzandos bookmaking feministic logicize resharpened canvaslike spelt interspersed biotechnological razored clearing dumbwaiters amasser whackier reformated foyers preappearances blackballs cumulates grouped trembling halvahs ophthalmoscopy balkans lido imperilled advertently neckties genocidal reinfects nakedly imputes leukemic cuirassed sealable shocked hearings
http://www4.wiwiss.fu-berlin.de/bizer/bsbm/v01/instances/dataFrom/Product380;http://www4.wiwiss.fu-berlin.de/bizer/bsbm/v01/vocabulary/productPropertyNumeric1;755
http://www4.wiwiss.fu-berlin.de/bizer/bsbm/v01/instances/dataFrom/Product380;http://www4.wiwiss.fu-berlin.de/bizer/bsbm/v01/vocabulary/productPropertyNumeric2;1190
http://www4.wiwiss.fu-berlin.de/bizer/bsbm/v01/instances/dataFrom/Product380;http://www4.wiwiss.fu-berlin.de/bizer/bsbm/v01/vocabulary/productPropertyNumeric3;455
http://www4.wiwiss.fu-berlin.de/bizer/bsbm/v01/instances/dataFrom/Product380;http://www4.wiwiss.fu-berlin.de/bizer/bsbm/v01/vocabulary/productPropertyNumeric4;750
http://www4.wiwiss.fu-berlin.de/bizer/bsbm/v01/instances/dataFrom/Product380;http://www4.wiwiss.fu-berlin.de/bizer/bsbm/v01/vocabulary/productPropertyNumeric5;160
http://www4.wiwiss.fu-berlin.de/bizer/bsbm/v01/instances/dataFrom/Product380;http://www4.wiwiss.fu-berlin.de/bizer/bsbm/v01/vocabulary/productPropertyTextual1;demagogy grueler frettiest rotors hymenopterous phototherapies capelan gastroscopic sympathizing denunciations manifestly prevailingly liquids sexless garrote
http://www4.wiwiss.fu-berlin.de/bizer/bsbm/v01/instances/dataFrom/Product380;http://www4.wiwiss.fu-berlin.de/bizer/bsbm/v01/vocabulary/productPropertyTextual2;tainting socially kales impuissance kris blowsily saltcellar disciplines immemorially mincy oxhearts catamaran scavenger isostatically
http://www4.wiwiss.fu-berlin.de/bizer/bsbm/v01/instances/dataFrom/Product380;http://www4.wiwiss.fu-berlin.de/bizer/bsbm/v01/vocabulary/productPropertyTextual3;titulary payment careered slouching overdiligent
http://www4.wiwiss.fu-berlin.de/bizer/bsbm/v01/instances/dataFrom/Product380;http://www4.wiwiss.fu-berlin.de/bizer/bsbm/v01/vocabulary/productPropertyTextual4;obligator commenced trampolinists suborbital
http://www4.wiwiss.fu-berlin.de/bizer/bsbm/v01/instances/dataFrom/Product380;http://www4.wiwiss.fu-berlin.de/bizer/bsbm/v01/vocabulary/productPropertyTextual5;tollages effortlessness bookplates stirrups retractable leaner
http://www4.wiwiss.fu-berlin.de/bizer/bsbm/v01/instances/dataFrom/Product380;http://www4.wiwiss.fu-berlin.de/bizer/bsbm/v01/vocabulary/productFeature;http://www4.wiwiss.fu-berlin.de/bizer/bsbm/v01/instances/ProductFeature2404
http://www4.wiwiss.fu-berlin.de/bizer/bsbm/v01/instances/dataFrom/Product380;http://www4.wiwiss.fu-berlin.de/bizer/bsbm/v01/vocabulary/productFeature;http://www4.wiwiss.fu-berlin.de/bizer/bsbm/v01/instances/ProductFeature2406
http://www4.wiwiss.fu-berlin.de/bizer/bsbm/v01/instances/dataFrom/Product380;http://www4.wiwiss.fu-berlin.de/bizer/bsbm/v01/vocabulary/productFeature;http://www4.wiwiss.fu-berlin.de/bizer/bsbm/v01/instances/ProductFeature2410
http://www4.wiwiss.fu-berlin.de/bizer/bsbm/v01/instances/dataFrom/Product380;http://www4.wiwiss.fu-berlin.de/bizer/bsbm/v01/vocabulary/productFeature;http://www4.wiwiss.fu-berlin.de/bizer/bsbm/v01/instances/ProductFeature2412
http://www4.wiwiss.fu-berlin.de/bizer/bsbm/v01/instances/dataFrom/Product380;http://www4.wiwiss.fu-berlin.de/bizer/bsbm/v01/vocabulary/productFeature;http://www4.wiwiss.fu-berlin.de/bizer/bsbm/v01/instances/ProductFeature2415
http://www4.wiwiss.fu-berlin.de/bizer/bsbm/v01/instances/dataFrom/Product380;http://www4.wiwiss.fu-berlin.de/bizer/bsbm/v01/vocabulary/productFeature;http://www4.wiwiss.fu-berlin.de/bizer/bsbm/v01/instances/ProductFeature2430
http://www4.wiwiss.fu-berlin.de/bizer/bsbm/v01/instances/dataFrom/Product380;http://www4.wiwiss.fu-berlin.de/bizer/bsbm/v01/vocabulary/productFeature;http://www4.wiwiss.fu-berlin.de/bizer/bsbm/v01/instances/ProductFeature2435
http://www4.wiwiss.fu-berlin.de/bizer/bsbm/v01/instances/dataFrom/Product380;http://www4.wiwiss.fu-berlin.de/bizer/bsbm/v01/vocabulary/productFeature;http://www4.wiwiss.fu-berlin.de/bizer/bsbm/v01/instances/ProductFeature441
http://www4.wiwiss.fu-berlin.de/bizer/bsbm/v01/instances/dataFrom/Product380;http://www4.wiwiss.fu-berlin.de/bizer/bsbm/v01/vocabulary/productFeature;http://www4.wiwiss.fu-berlin.de/bizer/bsbm/v01/instances/ProductFeature442
http://www4.wiwiss.fu-berlin.de/bizer/bsbm/v01/instances/dataFrom/Product380;http://www4.wiwiss.fu-berlin.de/bizer/bsbm/v01/vocabulary/productFeature;http://www4.wiwiss.fu-berlin.de/bizer/bsbm/v01/instances/ProductFeature445
http://www4.wiwiss.fu-berlin.de/bizer/bsbm/v01/instances/dataFrom/Product380;http://www4.wiwiss.fu-berlin.de/bizer/bsbm/v01/vocabulary/productFeature;http://www4.wiwiss.fu-berlin.de/bizer/bsbm/v01/instances/ProductFeature453
http://www4.wiwiss.fu-berlin.de/bizer/bsbm/v01/instances/dataFrom/Product380;http://www4.wiwiss.fu-berlin.de/bizer/bsbm/v01/vocabulary/productFeature;http://www4.wiwiss.fu-berlin.de/bizer/bsbm/v01/instances/ProductFeature457
http://www4.wiwiss.fu-berlin.de/bizer/bsbm/v01/instances/dataFrom/Product380;http://www4.wiwiss.fu-berlin.de/bizer/bsbm/v01/vocabulary/productFeature;http://www4.wiwiss.fu-berlin.de/bizer/bsbm/v01/instances/ProductFeature458
http://www4.wiwiss.fu-berlin.de/bizer/bsbm/v01/instances/dataFrom/Product380;http://www4.wiwiss.fu-berlin.de/bizer/bsbm/v01/vocabulary/productFeature;http://www4.wiwiss.fu-berlin.de/bizer/bsbm/v01/instances/ProductFeature460
http://www4.wiwiss.fu-berlin.de/bizer/bsbm/v01/instances/dataFrom/Product380;http://www4.wiwiss.fu-berlin.de/bizer/bsbm/v01/vocabulary/productFeature;http://www4.wiwiss.fu-berlin.de/bizer/bsbm/v01/instances/ProductFeature469
http://www4.wiwiss.fu-berlin.de/bizer/bsbm/v01/instances/dataFrom/Product380;http://www4.wiwiss.fu-berlin.de/bizer/bsbm/v01/vocabulary/productFeature;http://www4.wiwiss.fu-berlin.de/bizer/bsbm/v01/instances/ProductFeature24
http://www4.wiwiss.fu-berlin.de/bizer/bsbm/v01/instances/dataFrom/Product380;http://www4.wiwiss.fu-berlin.de/bizer/bsbm/v01/vocabulary/productFeature;http://www4.wiwiss.fu-berlin.de/bizer/bsbm/v01/instances/ProductFeature28
http://www4.wiwiss.fu-berlin.de/bizer/bsbm/v01/instances/dataFrom/Product380;http://www4.wiwiss.fu-berlin.de/bizer/bsbm/v01/vocabulary/productFeature;http://www4.wiwiss.fu-berlin.de/bizer/bsbm/v01/instances/ProductFeature30
http://www4.wiwiss.fu-berlin.de/bizer/bsbm/v01/instances/dataFrom/Product380;http://www4.wiwiss.fu-berlin.de/bizer/bsbm/v01/vocabulary/productFeature;http://www4.wiwiss.fu-berlin.de/bizer/bsbm/v01/instances/ProductFeature33
http://www4.wiwiss.fu-berlin.de/bizer/bsbm/v01/instances/dataFrom/Product380;http://www4.wiwiss.fu-berlin.de/bizer/bsbm/v01/vocabulary/productFeature;http://www4.wiwiss.fu-berlin.de/bizer/bsbm/v01/instances/ProductFeature37
http://www4.wiwiss.fu-berlin.de/bizer/bsbm/v01/instances/dataFrom/Product380;http://www4.wiwiss.fu-berlin.de/bizer/bsbm/v01/vocabulary/producer;http://www4.wiwiss.fu-berlin.de/bizer/bsbm/v01/instances/dataFromProducer19/Producer19
http://www4.wiwiss.fu-berlin.de/bizer/bsbm/v01/instances/dataFrom/Product380;http://purl.org/dc/elements/1.1/publisher;http://www4.wiwiss.fu-berlin.de/bizer/bsbm/v01/instances/dataFromProducer19/Producer19
http://www4.wiwiss.fu-berlin.de/bizer/bsbm/v01/instances/dataFrom/Product380;http://purl.org/dc/elements/1.1/date;2003-02-14
http://www4.wiwiss.fu-berlin.de/bizer/bsbm/v01/instances/dataFrom/Product591;http://www.w3.org/1999/02/22-rdf-syntax-ns#type;http://www4.wiwiss.fu-berlin.de/bizer/bsbm/v01/vocabulary/Product
http://www4.wiwiss.fu-berlin.de/bizer/bsbm/v01/instances/dataFrom/Product591;http://www.w3.org/1999/02/22-rdf-syntax-ns#type;http://www4.wiwiss.fu-berlin.de/bizer/bsbm/v01/instances/ProductType79
http://www4.wiwiss.fu-berlin.de/bizer/bsbm/v01/instances/dataFrom/Product591;http://www.w3.org/2000/01/rdf-schema#label;valuation vindication
http://www4.wiwiss.fu-berlin.de/bizer/bsbm/v01/instances/dataFrom/Product591;http://www.w3.org/2000/01/rdf-schema#comment;vocational orangiest nances statal perique whinnier shipworms remorses storming tidiest deforesting trothing unslaked merged rooting revenging denuclearize outproduces prevailers obstructiveness badinaging prerecorded henrys bestrides elongates rounds basely splosh plucked fealties emulsifying nonviable cheekiest dugong warders thieved westernized delusionary satiated quiverers bullwhips bowered cruciate twangles shoplifter depravity polymerize slams reverencer smirched enveloped elicits eatings syllogistically discomforts bombs demeaned alders teratological forzandos bookmaking feministic logicize resharpened canvaslike spelt interspersed biotechnological razored clearing dumbwaiters amasser whackier reformated foyers preappearances blackballs cumulates grouped trembling halvahs ophthalmoscopy balkans lido imperilled advertently neckties genocidal reinfects nakedly imputes leukemic cuirassed sealable shocked hearings
http://www4.wiwiss.fu-berlin.de/bizer/bsbm/v01/instances/dataFrom/Product591;http://www4.wiwiss.fu-berlin.de/bizer/bsbm/v01/vocabulary/productPropertyNumeric1;755
http://www4.wiwiss.fu-berlin.de/bizer/bsbm/v01/instances/dataFrom/Product591;http://www4.wiwiss.fu-berlin.de/bizer/bsbm/v01/vocabulary/productPropertyNumeric2;1190
http://www4.wiwiss.fu-berlin.de/bizer/bsbm/v01/instances/dataFrom/Product591;http://www4.wiwiss.fu-berlin.de/bizer/bsbm/v01/vocabulary/productPropertyNumeric3;455
http://www4.wiwiss.fu-berlin.de/bizer/bsbm/v01/instances/dataFrom/Product591;http://www4.wiwiss.fu-berlin.de/bizer/bsbm/v01/vocabulary/productPropertyNumeric4;750
http://www4.wiwiss.fu-berlin.de/bizer/bsbm/v01/instances/dataFrom/Product591;http://www4.wiwiss.fu-berlin.de/bizer/bsbm/v01/vocabulary/productPropertyNumeric5;160
http://www4.wiwiss.fu-berlin.de/bizer/bsbm/v01/instances/dataFrom/Product591;http://www4.wiwiss.fu-berlin.de/bizer/bsbm/v01/vocabulary/productPropertyTextual1;demagogy grueler frettiest rotors hymenopterous phototherapies capelan gastroscopic sympathizing denunciations manifestly prevailingly liquids sexless garrote
http://www4.wiwiss.fu-berlin.de/bizer/bsbm/v01/instances/dataFrom/Product591;http://www4.wiwiss.fu-berlin.de/bizer/bsbm/v01/vocabulary/productPropertyTextual2;tainting socially kales impuissance kris blowsily saltcellar disciplines immemorially mincy oxhearts catamaran scavenger isostatically
http://www4.wiwiss.fu-berlin.de/bizer/bsbm/v01/instances/dataFrom/Product591;http://www4.wiwiss.fu-berlin.de/bizer/bsbm/v01/vocabulary/productPropertyTextual3;titulary payment careered slouching overdiligent
http://www4.wiwiss.fu-berlin.de/bizer/bsbm/v01/instances/dataFrom/Product591;http://www4.wiwiss.fu-berlin.de/bizer/bsbm/v01/vocabulary/productPropertyTextual4;obligator commenced trampolinists suborbital
http://www4.wiwiss.fu-berlin.de/bizer/bsbm/v01/instances/dataFrom/Product591;http://www4.wiwiss.fu-berlin.de/bizer/bsbm/v01/vocabulary/productPropertyTextual5;tollages effortlessness bookplates stirrups retractable leaner
http://www4.wiwiss.fu-berlin.de/bizer/bsbm/v01/instances/dataFrom/Product591;http://www4.wiwiss.fu-berlin.de/bizer/bsbm/v01/vocabulary/productFeature;http://www4.wiwiss.fu-berlin.de/bizer/bsbm/v01/instances/ProductFeature2404
http://www4.wiwiss.fu-berlin.de/bizer/bsbm/v01/instances/dataFrom/Product591;http://www4.wiwiss.fu-berlin.de/bizer/bsbm/v01/vocabulary/productFeature;http://www4.wiwiss.fu-berlin.de/bizer/bsbm/v01/instances/ProductFeature2406
http://www4.wiwiss.fu-berlin.de/bizer/bsbm/v01/instances/dataFrom/Product591;http://www4.wiwiss.fu-berlin.de/bizer/bsbm/v01/vocabulary/productFeature;http://www4.wiwiss.fu-berlin.de/bizer/bsbm/v01/instances/ProductFeature2410
http://www4.wiwiss.fu-berlin.de/bizer/bsbm/v01/instances/dataFrom/Product591;http://www4.wiwiss.fu-berlin.de/bizer/bsbm/v01/vocabulary/productFeature;http://www4.wiwiss.fu-berlin.de/bizer/bsbm/v01/instances/ProductFeature2412
http://www4.wiwiss.fu-berlin.de/bizer/bsbm/v01/instances/dataFrom/Product591;http://www4.wiwiss.fu-berlin.de/bizer/bsbm/v01/vocabulary/productFeature;http://www4.wiwiss.fu-berlin.de/bizer/bsbm/v01/instances/ProductFeature2415
http://www4.wiwiss.fu-berlin.de/bizer/bsbm/v01/instances/dataFrom/Product591;http://www4.wiwiss.fu-berlin.de/bizer/bsbm/v01/vocabulary/productFeature;http://www4.wiwiss.fu-berlin.de/bizer/bsbm/v01/instances/ProductFeature2430
http://www4.wiwiss.fu-berlin.de/bizer/bsbm/v01/instances/dataFrom/Product591;http://www4.wiwiss.fu-berlin.de/bizer/bsbm/v01/vocabulary/productFeature;http://www4.wiwiss.fu-berlin.de/bizer/bsbm/v01/instances/ProductFeature2435
http://www4.wiwiss.fu-berlin.de/bizer/bsbm/v01/instances/dataFrom/Product591;http://www4.wiwiss.fu-berlin.de/bizer/bsbm/v01/vocabulary/productFeature;http://www4.wiwiss.fu-berlin.de/bizer/bsbm/v01/instances/ProductFeature441
http://www4.wiwiss.fu-berlin.de/bizer/bsbm/v01/instances/dataFrom/Product591;http://www4.wiwiss.fu-berlin.de/bizer/bsbm/v01/vocabulary/productFeature;http://www4.wiwiss.fu-berlin.de/bizer/bsbm/v01/instances/ProductFeature442
http://www4.wiwiss.fu-berlin.de/bizer/bsbm/v01/instances/dataFrom/Product591;http://www4.wiwiss.fu-berlin.de/bizer/bsbm/v01/vocabulary/productFeature;http://www4.wiwiss.fu-berlin.de/bizer/bsbm/v01/instances/ProductFeature445
http://www4.wiwiss.fu-berlin.de/bizer/bsbm/v01/instances/dataFrom/Product591;http://www4.wiwiss.fu-berlin.de/bizer/bsbm/v01/vocabulary/productFeature;http://www4.wiwiss.fu-berlin.de/bizer/bsbm/v01/instances/ProductFeature453
http://www4.wiwiss.fu-berlin.de/bizer/bsbm/v01/instances/dataFrom/Product591;http://www4.wiwiss.fu-berlin.de/bizer/bsbm/v01/vocabulary/productFeature;http://www4.wiwiss.fu-berlin.de/bizer/bsbm/v01/instances/ProductFeature457
http://www4.wiwiss.fu-berlin.de/bizer/bsbm/v01/instances/dataFrom/Product591;http://www4.wiwiss.fu-berlin.de/bizer/bsbm/v01/vocabulary/productFeature;http://www4.wiwiss.fu-berlin.de/bizer/bsbm/v01/instances/ProductFeature458
http://www4.wiwiss.fu-berlin.de/bizer/bsbm/v01/instances/dataFrom/Product591;http://www4.wiwiss.fu-berlin.de/bizer/bsbm/v01/vocabulary/productFeature;http://www4.wiwiss.fu-berlin.de/bizer/bsbm/v01/instances/ProductFeature460
http://www4.wiwiss.fu-berlin.de/bizer/bsbm/v01/instances/dataFrom/Product591;http://www4.wiwiss.fu-berlin.de/bizer/bsbm/v01/vocabulary/productFeature;http://www4.wiwiss.fu-berlin.de/bizer/bsbm/v01/instances/ProductFeature469
http://www4.wiwiss.fu-berlin.de/bizer/bsbm/v01/instances/dataFrom/Product591;http://www4.wiwiss.fu-berlin.de/bizer/bsbm/v01/vocabulary/productFeature;http://www4.wiwiss.fu-berlin.de/bizer/bsbm/v01/instances/ProductFeature24
http://www4.wiwiss.fu-berlin.de/bizer/bsbm/v01/instances/dataFrom/Product591;http://www4.wiwiss.fu-berlin.de/bizer/bsbm/v01/vocabulary/productFeature;http://www4.wiwiss.fu-berlin.de/bizer/bsbm/v01/instances/ProductFeature28
http://www4.wiwiss.fu-berlin.de/bizer/bsbm/v01/instances/dataFrom/Product591;http://www4.wiwiss.fu-berlin.de/bizer/bsbm/v01/vocabulary/productFeature;http://www4.wiwiss.fu-berlin.de/bizer/bsbm/v01/instances/ProductFeature30
http://www4.wiwiss.fu-berlin.de/bizer/bsbm/v01/instances/dataFrom/Product591;http://www4.wiwiss.fu-berlin.de/bizer/bsbm/v01/vocabulary/productFeature;http://www4.wiwiss.fu-berlin.de/bizer/bsbm/v01/instances/ProductFeature33
http://www4.wiwiss.fu-berlin.de/bizer/bsbm/v01/instances/dataFrom/Product591;http://www4.wiwiss.fu-berlin.de/bizer/bsbm/v01/vocabulary/productFeature;http://www4.wiwiss.fu-berlin.de/bizer/bsbm/v01/instances/ProductFeature37
http://www4.wiwiss.fu-berlin.de/bizer/bsbm/v01/instances/dataFrom/Product591;http://www4.wiwiss.fu-berlin.de/bizer/bsbm/v01/vocabulary/producer;http://www4.wiwiss.fu-berlin.de/bizer/bsbm/v01/instances/dataFromProducer19/Producer19
http://www4.wiwiss.fu-berlin.de/bizer/bsbm/v01/instances/dataFrom/Product591;http://purl.org/dc/elements/1.1/publisher;http://www4.wiwiss.fu-berlin.de/bizer/bsbm/v01/instances/dataFromProducer19/Producer19
http://www4.wiwiss.fu-berlin.de/bizer/bsbm/v01/instances/dataFrom/Product591;http://purl.org/dc/elements/1.1/date;2003-02-14
http://www4.wiwiss.fu-berlin.de/bizer/bsbm/v01/instances/dataFrom/Product377;http://www.w3.org/1999/02/22-rdf-syntax-ns#type;http://www4.wiwiss.fu-berlin.de/bizer/bsbm/v01/vocabulary/Product
http://www4.wiwiss.fu-berlin.de/bizer/bsbm/v01/instances/dataFrom/Product377;http://www.w3.org/1999/02/22-rdf-syntax-ns#type;http://www4.wiwiss.fu-berlin.de/bizer/bsbm/v01/instances/ProductType79
http://www4.wiwiss.fu-berlin.de/bizer/bsbm/v01/instances/dataFrom/Product377;http://www.w3.org/2000/01/rdf-schema#label;valuation vindication
http://www4.wiwiss.fu-berlin.de/bizer/bsbm/v01/instances/dataFrom/Product377;http://www.w3.org/2000/01/rdf-schema#comment;vocational orangiest nances statal perique whinnier shipworms remorses storming tidiest deforesting trothing unslaked merged rooting revenging denuclearize outproduces prevailers obstructiveness badinaging prerecorded henrys bestrides elongates rounds basely splosh plucked fealties emulsifying nonviable cheekiest dugong warders thieved westernized delusionary satiated quiverers bullwhips bowered cruciate twangles shoplifter depravity polymerize slams reverencer smirched enveloped elicits eatings syllogistically discomforts bombs demeaned alders teratological forzandos bookmaking feministic logicize resharpened canvaslike spelt interspersed biotechnological razored clearing dumbwaiters amasser whackier reformated foyers preappearances blackballs cumulates grouped trembling halvahs ophthalmoscopy balkans lido imperilled advertently neckties genocidal reinfects nakedly imputes leukemic cuirassed sealable shocked hearings
http://www4.wiwiss.fu-berlin.de/bizer/bsbm/v01/instances/dataFrom/Product377;http://www4.wiwiss.fu-berlin.de/bizer/bsbm/v01/vocabulary/productPropertyNumeric1;755
http://www4.wiwiss.fu-berlin.de/bizer/bsbm/v01/instances/dataFrom/Product377;http://www4.wiwiss.fu-berlin.de/bizer/bsbm/v01/vocabulary/productPropertyNumeric2;1190
http://www4.wiwiss.fu-berlin.de/bizer/bsbm/v01/instances/dataFrom/Product377;http://www4.wiwiss.fu-berlin.de/bizer/bsbm/v01/vocabulary/productPropertyNumeric3;455
http://www4.wiwiss.fu-berlin.de/bizer/bsbm/v01/instances/dataFrom/Product377;http://www4.wiwiss.fu-berlin.de/bizer/bsbm/v01/vocabulary/productPropertyNumeric4;750
http://www4.wiwiss.fu-berlin.de/bizer/bsbm/v01/instances/dataFrom/Product377;http://www4.wiwiss.fu-berlin.de/bizer/bsbm/v01/vocabulary/productPropertyNumeric5;160
http://www4.wiwiss.fu-berlin.de/bizer/bsbm/v01/instances/dataFrom/Product377;http://www4.wiwiss.fu-berlin.de/bizer/bsbm/v01/vocabulary/productPropertyTextual1;demagogy grueler frettiest rotors hymenopterous phototherapies capelan gastroscopic sympathizing denunciations manifestly prevailingly liquids sexless garrote
http://www4.wiwiss.fu-berlin.de/bizer/bsbm/v01/instances/dataFrom/Product377;http://www4.wiwiss.fu-berlin.de/bizer/bsbm/v01/vocabulary/productPropertyTextual2;tainting socially kales impuissance kris blowsily saltcellar disciplines immemorially mincy oxhearts catamaran scavenger isostatically
http://www4.wiwiss.fu-berlin.de/bizer/bsbm/v01/instances/dataFrom/Product377;http://www4.wiwiss.fu-berlin.de/bizer/bsbm/v01/vocabulary/productPropertyTextual3;titulary payment careered slouching overdiligent
http://www4.wiwiss.fu-berlin.de/bizer/bsbm/v01/instances/dataFrom/Product377;http://www4.wiwiss.fu-berlin.de/bizer/bsbm/v01/vocabulary/productPropertyTextual4;obligator commenced trampolinists suborbital
http://www4.wiwiss.fu-berlin.de/bizer/bsbm/v01/instances/dataFrom/Product377;http://www4.wiwiss.fu-berlin.de/bizer/bsbm/v01/vocabulary/productPropertyTextual5;tollages effortlessness bookplates stirrups retractable leaner
http://www4.wiwiss.fu-berlin.de/bizer/bsbm/v01/instances/dataFrom/Product377;http://www4.wiwiss.fu-berlin.de/bizer/bsbm/v01/vocabulary/productFeature;http://www4.wiwiss.fu-berlin.de/bizer/bsbm/v01/instances/ProductFeature2404
http://www4.wiwiss.fu-berlin.de/bizer/bsbm/v01/instances/dataFrom/Product377;http://www4.wiwiss.fu-berlin.de/bizer/bsbm/v01/vocabulary/productFeature;http://www4.wiwiss.fu-berlin.de/bizer/bsbm/v01/instances/ProductFeature2406
http://www4.wiwiss.fu-berlin.de/bizer/bsbm/v01/instances/dataFrom/Product377;http://www4.wiwiss.fu-berlin.de/bizer/bsbm/v01/vocabulary/productFeature;http://www4.wiwiss.fu-berlin.de/bizer/bsbm/v01/instances/ProductFeature2410
http://www4.wiwiss.fu-berlin.de/bizer/bsbm/v01/instances/dataFrom/Product377;http://www4.wiwiss.fu-berlin.de/bizer/bsbm/v01/vocabulary/productFeature;http://www4.wiwiss.fu-berlin.de/bizer/bsbm/v01/instances/ProductFeature2412
http://www4.wiwiss.fu-berlin.de/bizer/bsbm/v01/instances/dataFrom/Product377;http://www4.wiwiss.fu-berlin.de/bizer/bsbm/v01/vocabulary/productFeature;http://www4.wiwiss.fu-berlin.de/bizer/bsbm/v01/instances/ProductFeature2415
http://www4.wiwiss.fu-berlin.de/bizer/bsbm/v01/instances/dataFrom/Product377;http://www4.wiwiss.fu-berlin.de/bizer/bsbm/v01/vocabulary/productFeature;http://www4.wiwiss.fu-berlin.de/bizer/bsbm/v01/instances/ProductFeature2430
http://www4.wiwiss.fu-berlin.de/bizer/bsbm/v01/instances/dataFrom/Product377;http://www4.wiwiss.fu-berlin.de/bizer/bsbm/v01/vocabulary/productFeature;http://www4.wiwiss.fu-berlin.de/bizer/bsbm/v01/instances/ProductFeature2435
http://www4.wiwiss.fu-berlin.de/bizer/bsbm/v01/instances/dataFrom/Product377;http://www4.wiwiss.fu-berlin.de/bizer/bsbm/v01/vocabulary/productFeature;http://www4.wiwiss.fu-berlin.de/bizer/bsbm/v01/instances/ProductFeature441
http://www4.wiwiss.fu-berlin.de/bizer/bsbm/v01/instances/dataFrom/Product377;http://www4.wiwiss.fu-berlin.de/bizer/bsbm/v01/vocabulary/productFeature;http://www4.wiwiss.fu-berlin.de/bizer/bsbm/v01/instances/ProductFeature442
http://www4.wiwiss.fu-berlin.de/bizer/bsbm/v01/instances/dataFrom/Product377;http://www4.wiwiss.fu-berlin.de/bizer/bsbm/v01/vocabulary/productFeature;http://www4.wiwiss.fu-berlin.de/bizer/bsbm/v01/instances/ProductFeature445
http://www4.wiwiss.fu-berlin.de/bizer/bsbm/v01/instances/dataFrom/Product377;http://www4.wiwiss.fu-berlin.de/bizer/bsbm/v01/vocabulary/productFeature;http://www4.wiwiss.fu-berlin.de/bizer/bsbm/v01/instances/ProductFeature453
http://www4.wiwiss.fu-berlin.de/bizer/bsbm/v01/instances/dataFrom/Product377;http://www4.wiwiss.fu-berlin.de/bizer/bsbm/v01/vocabulary/productFeature;http://www4.wiwiss.fu-berlin.de/bizer/bsbm/v01/instances/ProductFeature457
http://www4.wiwiss.fu-berlin.de/bizer/bsbm/v01/instances/dataFrom/Product377;http://www4.wiwiss.fu-berlin.de/bizer/bsbm/v01/vocabulary/productFeature;http://www4.wiwiss.fu-berlin.de/bizer/bsbm/v01/instances/ProductFeature458
http://www4.wiwiss.fu-berlin.de/bizer/bsbm/v01/instances/dataFrom/Product377;http://www4.wiwiss.fu-berlin.de/bizer/bsbm/v01/vocabulary/productFeature;http://www4.wiwiss.fu-berlin.de/bizer/bsbm/v01/instances/ProductFeature460
http://www4.wiwiss.fu-berlin.de/bizer/bsbm/v01/instances/dataFrom/Product377;http://www4.wiwiss.fu-berlin.de/bizer/bsbm/v01/vocabulary/productFeature;http://www4.wiwiss.fu-berlin.de/bizer/bsbm/v01/instances/ProductFeature469
http://www4.wiwiss.fu-berlin.de/bizer/bsbm/v01/instances/dataFrom/Product377;http://www4.wiwiss.fu-berlin.de/bizer/bsbm/v01/vocabulary/productFeature;http://www4.wiwiss.fu-berlin.de/bizer/bsbm/v01/instances/ProductFeature24
http://www4.wiwiss.fu-berlin.de/bizer/bsbm/v01/instances/dataFrom/Product377;http://www4.wiwiss.fu-berlin.de/bizer/bsbm/v01/vocabulary/productFeature;http://www4.wiwiss.fu-berlin.de/bizer/bsbm/v01/instances/ProductFeature28
http://www4.wiwiss.fu-berlin.de/bizer/bsbm/v01/instances/dataFrom/Product377;http://www4.wiwiss.fu-berlin.de/bizer/bsbm/v01/vocabulary/productFeature;http://www4.wiwiss.fu-berlin.de/bizer/bsbm/v01/instances/ProductFeature30
http://www4.wiwiss.fu-berlin.de/bizer/bsbm/v01/instances/dataFrom/Product377;http://www4.wiwiss.fu-berlin.de/bizer/bsbm/v01/vocabulary/productFeature;http://www4.wiwiss.fu-berlin.de/bizer/bsbm/v01/instances/ProductFeature33
http://www4.wiwiss.fu-berlin.de/bizer/bsbm/v01/instances/dataFrom/Product377;http://www4.wiwiss.fu-berlin.de/bizer/bsbm/v01/vocabulary/productFeature;http://www4.wiwiss.fu-berlin.de/bizer/bsbm/v01/instances/ProductFeature37
http://www4.wiwiss.fu-berlin.de/bizer/bsbm/v01/instances/dataFrom/Product377;http://www4.wiwiss.fu-berlin.de/bizer/bsbm/v01/vocabulary/producer;http://www4.wiwiss.fu-berlin.de/bizer/bsbm/v01/instances/dataFromProducer19/Producer19
http://www4.wiwiss.fu-berlin.de/bizer/bsbm/v01/instances/dataFrom/Product377;http://purl.org/dc/elements/1.1/publisher;http://www4.wiwiss.fu-berlin.de/bizer/bsbm/v01/instances/dataFromProducer19/Producer19
http://www4.wiwiss.fu-berlin.de/bizer/bsbm/v01/instances/dataFrom/Product377;http://purl.org/dc/elements/1.1/date;2003-02-14
http://www4.wiwiss.fu-berlin.de/bizer/bsbm/v01/instances/dataFrom/Product425;http://www.w3.org/1999/02/22-rdf-syntax-ns#type;http://www4.wiwiss.fu-berlin.de/bizer/bsbm/v01/vocabulary/Product
http://www4.wiwiss.fu-berlin.de/bizer/bsbm/v01/instances/dataFrom/Product425;http://www.w3.org/1999/02/22-rdf-syntax-ns#type;http://www4.wiwiss.fu-berlin.de/bizer/bsbm/v01/instances/ProductType79
http://www4.wiwiss.fu-berlin.de/bizer/bsbm/v01/instances/dataFrom/Product425;http://www.w3.org/2000/01/rdf-schema#label;valuation vindication
http://www4.wiwiss.fu-berlin.de/bizer/bsbm/v01/instances/dataFrom/Product425;http://www.w3.org/2000/01/rdf-schema#comment;vocational orangiest nances statal perique whinnier shipworms remorses storming tidiest deforesting trothing unslaked merged rooting revenging denuclearize outproduces prevailers obstructiveness badinaging prerecorded henrys bestrides elongates rounds basely splosh plucked fealties emulsifying nonviable cheekiest dugong warders thieved westernized delusionary satiated quiverers bullwhips bowered cruciate twangles shoplifter depravity polymerize slams reverencer smirched enveloped elicits eatings syllogistically discomforts bombs demeaned alders teratological forzandos bookmaking feministic logicize resharpened canvaslike spelt interspersed biotechnological razored clearing dumbwaiters amasser whackier reformated foyers preappearances blackballs cumulates grouped trembling halvahs ophthalmoscopy balkans lido imperilled advertently neckties genocidal reinfects nakedly imputes leukemic cuirassed sealable shocked hearings
http://www4.wiwiss.fu-berlin.de/bizer/bsbm/v01/instances/dataFrom/Product425;http://www4.wiwiss.fu-berlin.de/bizer/bsbm/v01/vocabulary/productPropertyNumeric1;755
http://www4.wiwiss.fu-berlin.de/bizer/bsbm/v01/instances/dataFrom/Product425;http://www4.wiwiss.fu-berlin.de/bizer/bsbm/v01/vocabulary/productPropertyNumeric2;1190
http://www4.wiwiss.fu-berlin.de/bizer/bsbm/v01/instances/dataFrom/Product425;http://www4.wiwiss.fu-berlin.de/bizer/bsbm/v01/vocabulary/productPropertyNumeric3;455
http://www4.wiwiss.fu-berlin.de/bizer/bsbm/v01/instances/dataFrom/Product425;http://www4.wiwiss.fu-berlin.de/bizer/bsbm/v01/vocabulary/productPropertyNumeric4;750
http://www4.wiwiss.fu-berlin.de/bizer/bsbm/v01/instances/dataFrom/Product425;http://www4.wiwiss.fu-berlin.de/bizer/bsbm/v01/vocabulary/productPropertyNumeric5;160
http://www4.wiwiss.fu-berlin.de/bizer/bsbm/v01/instances/dataFrom/Product425;http://www4.wiwiss.fu-berlin.de/bizer/bsbm/v01/vocabulary/productPropertyTextual1;demagogy grueler frettiest rotors hymenopterous phototherapies capelan gastroscopic sympathizing denunciations manifestly prevailingly liquids sexless garrote
http://www4.wiwiss.fu-berlin.de/bizer/bsbm/v01/instances/dataFrom/Product425;http://www4.wiwiss.fu-berlin.de/bizer/bsbm/v01/vocabulary/productPropertyTextual2;tainting socially kales impuissance kris blowsily saltcellar disciplines immemorially mincy oxhearts catamaran scavenger isostatically
http://www4.wiwiss.fu-berlin.de/bizer/bsbm/v01/instances/dataFrom/Product425;http://www4.wiwiss.fu-berlin.de/bizer/bsbm/v01/vocabulary/productPropertyTextual3;titulary payment careered slouching overdiligent
http://www4.wiwiss.fu-berlin.de/bizer/bsbm/v01/instances/dataFrom/Product425;http://www4.wiwiss.fu-berlin.de/bizer/bsbm/v01/vocabulary/productPropertyTextual4;obligator commenced trampolinists suborbital
http://www4.wiwiss.fu-berlin.de/bizer/bsbm/v01/instances/dataFrom/Product425;http://www4.wiwiss.fu-berlin.de/bizer/bsbm/v01/vocabulary/productPropertyTextual5;tollages effortlessness bookplates stirrups retractable leaner
http://www4.wiwiss.fu-berlin.de/bizer/bsbm/v01/instances/dataFrom/Product425;http://www4.wiwiss.fu-berlin.de/bizer/bsbm/v01/vocabulary/productFeature;http://www4.wiwiss.fu-berlin.de/bizer/bsbm/v01/instances/ProductFeature2404
http://www4.wiwiss.fu-berlin.de/bizer/bsbm/v01/instances/dataFrom/Product425;http://www4.wiwiss.fu-berlin.de/bizer/bsbm/v01/vocabulary/productFeature;http://www4.wiwiss.fu-berlin.de/bizer/bsbm/v01/instances/ProductFeature2406
http://www4.wiwiss.fu-berlin.de/bizer/bsbm/v01/instances/dataFrom/Product425;http://www4.wiwiss.fu-berlin.de/bizer/bsbm/v01/vocabulary/productFeature;http://www4.wiwiss.fu-berlin.de/bizer/bsbm/v01/instances/ProductFeature2410
http://www4.wiwiss.fu-berlin.de/bizer/bsbm/v01/instances/dataFrom/Product425;http://www4.wiwiss.fu-berlin.de/bizer/bsbm/v01/vocabulary/productFeature;http://www4.wiwiss.fu-berlin.de/bizer/bsbm/v01/instances/ProductFeature2412
http://www4.wiwiss.fu-berlin.de/bizer/bsbm/v01/instances/dataFrom/Product425;http://www4.wiwiss.fu-berlin.de/bizer/bsbm/v01/vocabulary/productFeature;http://www4.wiwiss.fu-berlin.de/bizer/bsbm/v01/instances/ProductFeature2415
http://www4.wiwiss.fu-berlin.de/bizer/bsbm/v01/instances/dataFrom/Product425;http://www4.wiwiss.fu-berlin.de/bizer/bsbm/v01/vocabulary/productFeature;http://www4.wiwiss.fu-berlin.de/bizer/bsbm/v01/instances/ProductFeature2430
http://www4.wiwiss.fu-berlin.de/bizer/bsbm/v01/instances/dataFrom/Product425;http://www4.wiwiss.fu-berlin.de/bizer/bsbm/v01/vocabulary/productFeature;http://www4.wiwiss.fu-berlin.de/bizer/bsbm/v01/instances/ProductFeature2435
http://www4.wiwiss.fu-berlin.de/bizer/bsbm/v01/instances/dataFrom/Product425;http://www4.wiwiss.fu-berlin.de/bizer/bsbm/v01/vocabulary/productFeature;http://www4.wiwiss.fu-berlin.de/bizer/bsbm/v01/instances/ProductFeature441
http://www4.wiwiss.fu-berlin.de/bizer/bsbm/v01/instances/dataFrom/Product425;http://www4.wiwiss.fu-berlin.de/bizer/bsbm/v01/vocabulary/productFeature;http://www4.wiwiss.fu-berlin.de/bizer/bsbm/v01/instances/ProductFeature442
http://www4.wiwiss.fu-berlin.de/bizer/bsbm/v01/instances/dataFrom/Product425;http://www4.wiwiss.fu-berlin.de/bizer/bsbm/v01/vocabulary/productFeature;http://www4.wiwiss.fu-berlin.de/bizer/bsbm/v01/instances/ProductFeature445
http://www4.wiwiss.fu-berlin.de/bizer/bsbm/v01/instances/dataFrom/Product425;http://www4.wiwiss.fu-berlin.de/bizer/bsbm/v01/vocabulary/productFeature;http://www4.wiwiss.fu-berlin.de/bizer/bsbm/v01/instances/ProductFeature453
http://www4.wiwiss.fu-berlin.de/bizer/bsbm/v01/instances/dataFrom/Product425;http://www4.wiwiss.fu-berlin.de/bizer/bsbm/v01/vocabulary/productFeature;http://www4.wiwiss.fu-berlin.de/bizer/bsbm/v01/instances/ProductFeature457
http://www4.wiwiss.fu-berlin.de/bizer/bsbm/v01/instances/dataFrom/Product425;http://www4.wiwiss.fu-berlin.de/bizer/bsbm/v01/vocabulary/productFeature;http://www4.wiwiss.fu-berlin.de/bizer/bsbm/v01/instances/ProductFeature458
http://www4.wiwiss.fu-berlin.de/bizer/bsbm/v01/instances/dataFrom/Product425;http://www4.wiwiss.fu-berlin.de/bizer/bsbm/v01/vocabulary/productFeature;http://www4.wiwiss.fu-berlin.de/bizer/bsbm/v01/instances/ProductFeature460
http://www4.wiwiss.fu-berlin.de/bizer/bsbm/v01/instances/dataFrom/Product425;http://www4.wiwiss.fu-berlin.de/bizer/bsbm/v01/vocabulary/productFeature;http://www4.wiwiss.fu-berlin.de/bizer/bsbm/v01/instances/ProductFeature469
http://www4.wiwiss.fu-berlin.de/bizer/bsbm/v01/instances/dataFrom/Product425;http://www4.wiwiss.fu-berlin.de/bizer/bsbm/v01/vocabulary/productFeature;http://www4.wiwiss.fu-berlin.de/bizer/bsbm/v01/instances/ProductFeature24
http://www4.wiwiss.fu-berlin.de/bizer/bsbm/v01/instances/dataFrom/Product425;http://www4.wiwiss.fu-berlin.de/bizer/bsbm/v01/vocabulary/productFeature;http://www4.wiwiss.fu-berlin.de/bizer/bsbm/v01/instances/ProductFeature28
http://www4.wiwiss.fu-berlin.de/bizer/bsbm/v01/instances/dataFrom/Product425;http://www4.wiwiss.fu-berlin.de/bizer/bsbm/v01/vocabulary/productFeature;http://www4.wiwiss.fu-berlin.de/bizer/bsbm/v01/instances/ProductFeature30
http://www4.wiwiss.fu-berlin.de/bizer/bsbm/v01/instances/dataFrom/Product425;http://www4.wiwiss.fu-berlin.de/bizer/bsbm/v01/vocabulary/productFeature;http://www4.wiwiss.fu-berlin.de/bizer/bsbm/v01/instances/ProductFeature33
http://www4.wiwiss.fu-berlin.de/bizer/bsbm/v01/instances/dataFrom/Product425;http://www4.wiwiss.fu-berlin.de/bizer/bsbm/v01/vocabulary/productFeature;http://www4.wiwiss.fu-berlin.de/bizer/bsbm/v01/instances/ProductFeature37
http://www4.wiwiss.fu-berlin.de/bizer/bsbm/v01/instances/dataFrom/Product425;http://www4.wiwiss.fu-berlin.de/bizer/bsbm/v01/vocabulary/producer;http://www4.wiwiss.fu-berlin.de/bizer/bsbm/v01/instances/dataFromProducer19/Producer19
http://www4.wiwiss.fu-berlin.de/bizer/bsbm/v01/instances/dataFrom/Product425;http://purl.org/dc/elements/1.1/publisher;http://www4.wiwiss.fu-berlin.de/bizer/bsbm/v01/instances/dataFromProducer19/Producer19
http://www4.wiwiss.fu-berlin.de/bizer/bsbm/v01/instances/dataFrom/Product425;http://purl.org/dc/elements/1.1/date;2003-02-14
http://www4.wiwiss.fu-berlin.de/bizer/bsbm/v01/instances/dataFrom/Product41;http://www.w3.org/1999/02/22-rdf-syntax-ns#type;http://www4.wiwiss.fu-berlin.de/bizer/bsbm/v01/vocabulary/Product
http://www4.wiwiss.fu-berlin.de/bizer/bsbm/v01/instances/dataFrom/Product41;http://www.w3.org/1999/02/22-rdf-syntax-ns#type;http://www4.wiwiss.fu-berlin.de/bizer/bsbm/v01/instances/ProductType79
http://www4.wiwiss.fu-berlin.de/bizer/bsbm/v01/instances/dataFrom/Product41;http://www.w3.org/2000/01/rdf-schema#label;valuation vindication
http://www4.wiwiss.fu-berlin.de/bizer/bsbm/v01/instances/dataFrom/Product41;http://www.w3.org/2000/01/rdf-schema#comment;vocational orangiest nances statal perique whinnier shipworms remorses storming tidiest deforesting trothing unslaked merged rooting revenging denuclearize outproduces prevailers obstructiveness badinaging prerecorded henrys bestrides elongates rounds basely splosh plucked fealties emulsifying nonviable cheekiest dugong warders thieved westernized delusionary satiated quiverers bullwhips bowered cruciate twangles shoplifter depravity polymerize slams reverencer smirched enveloped elicits eatings syllogistically discomforts bombs demeaned alders teratological forzandos bookmaking feministic logicize resharpened canvaslike spelt interspersed biotechnological razored clearing dumbwaiters amasser whackier reformated foyers preappearances blackballs cumulates grouped trembling halvahs ophthalmoscopy balkans lido imperilled advertently neckties genocidal reinfects nakedly imputes leukemic cuirassed sealable shocked hearings
http://www4.wiwiss.fu-berlin.de/bizer/bsbm/v01/instances/dataFrom/Product41;http://www4.wiwiss.fu-berlin.de/bizer/bsbm/v01/vocabulary/productPropertyNumeric1;755
http://www4.wiwiss.fu-berlin.de/bizer/bsbm/v01/instances/dataFrom/Product41;http://www4.wiwiss.fu-berlin.de/bizer/bsbm/v01/vocabulary/productPropertyNumeric2;1190
http://www4.wiwiss.fu-berlin.de/bizer/bsbm/v01/instances/dataFrom/Product41;http://www4.wiwiss.fu-berlin.de/bizer/bsbm/v01/vocabulary/productPropertyNumeric3;455
http://www4.wiwiss.fu-berlin.de/bizer/bsbm/v01/instances/dataFrom/Product41;http://www4.wiwiss.fu-berlin.de/bizer/bsbm/v01/vocabulary/productPropertyNumeric4;750
http://www4.wiwiss.fu-berlin.de/bizer/bsbm/v01/instances/dataFrom/Product41;http://www4.wiwiss.fu-berlin.de/bizer/bsbm/v01/vocabulary/productPropertyNumeric5;160
http://www4.wiwiss.fu-berlin.de/bizer/bsbm/v01/instances/dataFrom/Product41;http://www4.wiwiss.fu-berlin.de/bizer/bsbm/v01/vocabulary/productPropertyTextual1;demagogy grueler frettiest rotors hymenopterous phototherapies capelan gastroscopic sympathizing denunciations manifestly prevailingly liquids sexless garrote
http://www4.wiwiss.fu-berlin.de/bizer/bsbm/v01/instances/dataFrom/Product41;http://www4.wiwiss.fu-berlin.de/bizer/bsbm/v01/vocabulary/productPropertyTextual2;tainting socially kales impuissance kris blowsily saltcellar disciplines immemorially mincy oxhearts catamaran scavenger isostatically
http://www4.wiwiss.fu-berlin.de/bizer/bsbm/v01/instances/dataFrom/Product41;http://www4.wiwiss.fu-berlin.de/bizer/bsbm/v01/vocabulary/productPropertyTextual3;titulary payment careered slouching overdiligent
http://www4.wiwiss.fu-berlin.de/bizer/bsbm/v01/instances/dataFrom/Product41;http://www4.wiwiss.fu-berlin.de/bizer/bsbm/v01/vocabulary/productPropertyTextual4;obligator commenced trampolinists suborbital
http://www4.wiwiss.fu-berlin.de/bizer/bsbm/v01/instances/dataFrom/Product41;http://www4.wiwiss.fu-berlin.de/bizer/bsbm/v01/vocabulary/productPropertyTextual5;tollages effortlessness bookplates stirrups retractable leaner
http://www4.wiwiss.fu-berlin.de/bizer/bsbm/v01/instances/dataFrom/Product41;http://www4.wiwiss.fu-berlin.de/bizer/bsbm/v01/vocabulary/productFeature;http://www4.wiwiss.fu-berlin.de/bizer/bsbm/v01/instances/ProductFeature2404
http://www4.wiwiss.fu-berlin.de/bizer/bsbm/v01/instances/dataFrom/Product41;http://www4.wiwiss.fu-berlin.de/bizer/bsbm/v01/vocabulary/productFeature;http://www4.wiwiss.fu-berlin.de/bizer/bsbm/v01/instances/ProductFeature2406
http://www4.wiwiss.fu-berlin.de/bizer/bsbm/v01/instances/dataFrom/Product41;http://www4.wiwiss.fu-berlin.de/bizer/bsbm/v01/vocabulary/productFeature;http://www4.wiwiss.fu-berlin.de/bizer/bsbm/v01/instances/ProductFeature2410
http://www4.wiwiss.fu-berlin.de/bizer/bsbm/v01/instances/dataFrom/Product41;http://www4.wiwiss.fu-berlin.de/bizer/bsbm/v01/vocabulary/productFeature;http://www4.wiwiss.fu-berlin.de/bizer/bsbm/v01/instances/ProductFeature2412
http://www4.wiwiss.fu-berlin.de/bizer/bsbm/v01/instances/dataFrom/Product41;http://www4.wiwiss.fu-berlin.de/bizer/bsbm/v01/vocabulary/productFeature;http://www4.wiwiss.fu-berlin.de/bizer/bsbm/v01/instances/ProductFeature2415
http://www4.wiwiss.fu-berlin.de/bizer/bsbm/v01/instances/dataFrom/Product41;http://www4.wiwiss.fu-berlin.de/bizer/bsbm/v01/vocabulary/productFeature;http://www4.wiwiss.fu-berlin.de/bizer/bsbm/v01/instances/ProductFeature2430
http://www4.wiwiss.fu-berlin.de/bizer/bsbm/v01/instances/dataFrom/Product41;http://www4.wiwiss.fu-berlin.de/bizer/bsbm/v01/vocabulary/productFeature;http://www4.wiwiss.fu-berlin.de/bizer/bsbm/v01/instances/ProductFeature2435
http://www4.wiwiss.fu-berlin.de/bizer/bsbm/v01/instances/dataFrom/Product41;http://www4.wiwiss.fu-berlin.de/bizer/bsbm/v01/vocabulary/productFeature;http://www4.wiwiss.fu-berlin.de/bizer/bsbm/v01/instances/ProductFeature441
http://www4.wiwiss.fu-berlin.de/bizer/bsbm/v01/instances/dataFrom/Product41;http://www4.wiwiss.fu-berlin.de/bizer/bsbm/v01/vocabulary/productFeature;http://www4.wiwiss.fu-berlin.de/bizer/bsbm/v01/instances/ProductFeature442
http://www4.wiwiss.fu-berlin.de/bizer/bsbm/v01/instances/dataFrom/Product41;http://www4.wiwiss.fu-berlin.de/bizer/bsbm/v01/vocabulary/productFeature;http://www4.wiwiss.fu-berlin.de/bizer/bsbm/v01/instances/ProductFeature445
http://www4.wiwiss.fu-berlin.de/bizer/bsbm/v01/instances/dataFrom/Product41;http://www4.wiwiss.fu-berlin.de/bizer/bsbm/v01/vocabulary/productFeature;http://www4.wiwiss.fu-berlin.de/bizer/bsbm/v01/instances/ProductFeature453
http://www4.wiwiss.fu-berlin.de/bizer/bsbm/v01/instances/dataFrom/Product41;http://www4.wiwiss.fu-berlin.de/bizer/bsbm/v01/vocabulary/productFeature;http://www4.wiwiss.fu-berlin.de/bizer/bsbm/v01/instances/ProductFeature457
http://www4.wiwiss.fu-berlin.de/bizer/bsbm/v01/instances/dataFrom/Product41;http://www4.wiwiss.fu-berlin.de/bizer/bsbm/v01/vocabulary/productFeature;http://www4.wiwiss.fu-berlin.de/bizer/bsbm/v01/instances/ProductFeature458
http://www4.wiwiss.fu-berlin.de/bizer/bsbm/v01/instances/dataFrom/Product41;http://www4.wiwiss.fu-berlin.de/bizer/bsbm/v01/vocabulary/productFeature;http://www4.wiwiss.fu-berlin.de/bizer/bsbm/v01/instances/ProductFeature460
http://www4.wiwiss.fu-berlin.de/bizer/bsbm/v01/instances/dataFrom/Product41;http://www4.wiwiss.fu-berlin.de/bizer/bsbm/v01/vocabulary/productFeature;http://www4.wiwiss.fu-berlin.de/bizer/bsbm/v01/instances/ProductFeature469
http://www4.wiwiss.fu-berlin.de/bizer/bsbm/v01/instances/dataFrom/Product41;http://www4.wiwiss.fu-berlin.de/bizer/bsbm/v01/vocabulary/productFeature;http://www4.wiwiss.fu-berlin.de/bizer/bsbm/v01/instances/ProductFeature24
http://www4.wiwiss.fu-berlin.de/bizer/bsbm/v01/instances/dataFrom/Product41;http://www4.wiwiss.fu-berlin.de/bizer/bsbm/v01/vocabulary/productFeature;http://www4.wiwiss.fu-berlin.de/bizer/bsbm/v01/instances/ProductFeature28
http://www4.wiwiss.fu-berlin.de/bizer/bsbm/v01/instances/dataFrom/Product41;http://www4.wiwiss.fu-berlin.de/bizer/bsbm/v01/vocabulary/productFeature;http://www4.wiwiss.fu-berlin.de/bizer/bsbm/v01/instances/ProductFeature30
http://www4.wiwiss.fu-berlin.de/bizer/bsbm/v01/instances/dataFrom/Product41;http://www4.wiwiss.fu-berlin.de/bizer/bsbm/v01/vocabulary/productFeature;http://www4.wiwiss.fu-berlin.de/bizer/bsbm/v01/instances/ProductFeature33
http://www4.wiwiss.fu-berlin.de/bizer/bsbm/v01/instances/dataFrom/Product41;http://www4.wiwiss.fu-berlin.de/bizer/bsbm/v01/vocabulary/productFeature;http://www4.wiwiss.fu-berlin.de/bizer/bsbm/v01/instances/ProductFeature37
http://www4.wiwiss.fu-berlin.de/bizer/bsbm/v01/instances/dataFrom/Product41;http://www4.wiwiss.fu-berlin.de/bizer/bsbm/v01/vocabulary/producer;http://www4.wiwiss.fu-berlin.de/bizer/bsbm/v01/instances/dataFromProducer19/Producer19
http://www4.wiwiss.fu-berlin.de/bizer/bsbm/v01/instances/dataFrom/Product41;http://purl.org/dc/elements/1.1/publisher;http://www4.wiwiss.fu-berlin.de/bizer/bsbm/v01/instances/dataFromProducer19/Producer19
http://www4.wiwiss.fu-berlin.de/bizer/bsbm/v01/instances/dataFrom/Product41;http://purl.org/dc/elements/1.1/date;2003-02-14
http://www4.wiwiss.fu-berlin.de/bizer/bsbm/v01/instances/dataFrom/Product868;http://www.w3.org/1999/02/22-rdf-syntax-ns#type;http://www4.wiwiss.fu-berlin.de/bizer/bsbm/v01/vocabulary/Product
http://www4.wiwiss.fu-berlin.de/bizer/bsbm/v01/instances/dataFrom/Product868;http://www.w3.org/1999/02/22-rdf-syntax-ns#type;http://www4.wiwiss.fu-berlin.de/bizer/bsbm/v01/instances/ProductType79
http://www4.wiwiss.fu-berlin.de/bizer/bsbm/v01/instances/dataFrom/Product868;http://www.w3.org/2000/01/rdf-schema#label;valuation vindication
http://www4.wiwiss.fu-berlin.de/bizer/bsbm/v01/instances/dataFrom/Product868;http://www.w3.org/2000/01/rdf-schema#comment;vocational orangiest nances statal perique whinnier shipworms remorses storming tidiest deforesting trothing unslaked merged rooting revenging denuclearize outproduces prevailers obstructiveness badinaging prerecorded henrys bestrides elongates rounds basely splosh plucked fealties emulsifying nonviable cheekiest dugong warders thieved westernized delusionary satiated quiverers bullwhips bowered cruciate twangles shoplifter depravity polymerize slams reverencer smirched enveloped elicits eatings syllogistically discomforts bombs demeaned alders teratological forzandos bookmaking feministic logicize resharpened canvaslike spelt interspersed biotechnological razored clearing dumbwaiters amasser whackier reformated foyers preappearances blackballs cumulates grouped trembling halvahs ophthalmoscopy balkans lido imperilled advertently neckties genocidal reinfects nakedly imputes leukemic cuirassed sealable shocked hearings
http://www4.wiwiss.fu-berlin.de/bizer/bsbm/v01/instances/dataFrom/Product868;http://www4.wiwiss.fu-berlin.de/bizer/bsbm/v01/vocabulary/productPropertyNumeric1;755
http://www4.wiwiss.fu-berlin.de/bizer/bsbm/v01/instances/dataFrom/Product868;http://www4.wiwiss.fu-berlin.de/bizer/bsbm/v01/vocabulary/productPropertyNumeric2;1190
http://www4.wiwiss.fu-berlin.de/bizer/bsbm/v01/instances/dataFrom/Product868;http://www4.wiwiss.fu-berlin.de/bizer/bsbm/v01/vocabulary/productPropertyNumeric3;455
http://www4.wiwiss.fu-berlin.de/bizer/bsbm/v01/instances/dataFrom/Product868;http://www4.wiwiss.fu-berlin.de/bizer/bsbm/v01/vocabulary/productPropertyNumeric4;750
http://www4.wiwiss.fu-berlin.de/bizer/bsbm/v01/instances/dataFrom/Product868;http://www4.wiwiss.fu-berlin.de/bizer/bsbm/v01/vocabulary/productPropertyNumeric5;160
http://www4.wiwiss.fu-berlin.de/bizer/bsbm/v01/instances/dataFrom/Product868;http://www4.wiwiss.fu-berlin.de/bizer/bsbm/v01/vocabulary/productPropertyTextual1;demagogy grueler frettiest rotors hymenopterous phototherapies capelan gastroscopic sympathizing denunciations manifestly prevailingly liquids sexless garrote
http://www4.wiwiss.fu-berlin.de/bizer/bsbm/v01/instances/dataFrom/Product868;http://www4.wiwiss.fu-berlin.de/bizer/bsbm/v01/vocabulary/productPropertyTextual2;tainting socially kales impuissance kris blowsily saltcellar disciplines immemorially mincy oxhearts catamaran scavenger isostatically
http://www4.wiwiss.fu-berlin.de/bizer/bsbm/v01/instances/dataFrom/Product868;http://www4.wiwiss.fu-berlin.de/bizer/bsbm/v01/vocabulary/productPropertyTextual3;titulary payment careered slouching overdiligent
http://www4.wiwiss.fu-berlin.de/bizer/bsbm/v01/instances/dataFrom/Product868;http://www4.wiwiss.fu-berlin.de/bizer/bsbm/v01/vocabulary/productPropertyTextual4;obligator commenced trampolinists suborbital
http://www4.wiwiss.fu-berlin.de/bizer/bsbm/v01/instances/dataFrom/Product868;http://www4.wiwiss.fu-berlin.de/bizer/bsbm/v01/vocabulary/productPropertyTextual5;tollages effortlessness bookplates stirrups retractable leaner
http://www4.wiwiss.fu-berlin.de/bizer/bsbm/v01/instances/dataFrom/Product868;http://www4.wiwiss.fu-berlin.de/bizer/bsbm/v01/vocabulary/productFeature;http://www4.wiwiss.fu-berlin.de/bizer/bsbm/v01/instances/ProductFeature2404
http://www4.wiwiss.fu-berlin.de/bizer/bsbm/v01/instances/dataFrom/Product868;http://www4.wiwiss.fu-berlin.de/bizer/bsbm/v01/vocabulary/productFeature;http://www4.wiwiss.fu-berlin.de/bizer/bsbm/v01/instances/ProductFeature2406
http://www4.wiwiss.fu-berlin.de/bizer/bsbm/v01/instances/dataFrom/Product868;http://www4.wiwiss.fu-berlin.de/bizer/bsbm/v01/vocabulary/productFeature;http://www4.wiwiss.fu-berlin.de/bizer/bsbm/v01/instances/ProductFeature2410
http://www4.wiwiss.fu-berlin.de/bizer/bsbm/v01/instances/dataFrom/Product868;http://www4.wiwiss.fu-berlin.de/bizer/bsbm/v01/vocabulary/productFeature;http://www4.wiwiss.fu-berlin.de/bizer/bsbm/v01/instances/ProductFeature2412
http://www4.wiwiss.fu-berlin.de/bizer/bsbm/v01/instances/dataFrom/Product868;http://www4.wiwiss.fu-berlin.de/bizer/bsbm/v01/vocabulary/productFeature;http://www4.wiwiss.fu-berlin.de/bizer/bsbm/v01/instances/ProductFeature2415
http://www4.wiwiss.fu-berlin.de/bizer/bsbm/v01/instances/dataFrom/Product868;http://www4.wiwiss.fu-berlin.de/bizer/bsbm/v01/vocabulary/productFeature;http://www4.wiwiss.fu-berlin.de/bizer/bsbm/v01/instances/ProductFeature2430
http://www4.wiwiss.fu-berlin.de/bizer/bsbm/v01/instances/dataFrom/Product868;http://www4.wiwiss.fu-berlin.de/bizer/bsbm/v01/vocabulary/productFeature;http://www4.wiwiss.fu-berlin.de/bizer/bsbm/v01/instances/ProductFeature2435
http://www4.wiwiss.fu-berlin.de/bizer/bsbm/v01/instances/dataFrom/Product868;http://www4.wiwiss.fu-berlin.de/bizer/bsbm/v01/vocabulary/productFeature;http://www4.wiwiss.fu-berlin.de/bizer/bsbm/v01/instances/ProductFeature441
http://www4.wiwiss.fu-berlin.de/bizer/bsbm/v01/instances/dataFrom/Product868;http://www4.wiwiss.fu-berlin.de/bizer/bsbm/v01/vocabulary/productFeature;http://www4.wiwiss.fu-berlin.de/bizer/bsbm/v01/instances/ProductFeature442
http://www4.wiwiss.fu-berlin.de/bizer/bsbm/v01/instances/dataFrom/Product868;http://www4.wiwiss.fu-berlin.de/bizer/bsbm/v01/vocabulary/productFeature;http://www4.wiwiss.fu-berlin.de/bizer/bsbm/v01/instances/ProductFeature445
http://www4.wiwiss.fu-berlin.de/bizer/bsbm/v01/instances/dataFrom/Product868;http://www4.wiwiss.fu-berlin.de/bizer/bsbm/v01/vocabulary/productFeature;http://www4.wiwiss.fu-berlin.de/bizer/bsbm/v01/instances/ProductFeature453
http://www4.wiwiss.fu-berlin.de/bizer/bsbm/v01/instances/dataFrom/Product868;http://www4.wiwiss.fu-berlin.de/bizer/bsbm/v01/vocabulary/productFeature;http://www4.wiwiss.fu-berlin.de/bizer/bsbm/v01/instances/ProductFeature457
http://www4.wiwiss.fu-berlin.de/bizer/bsbm/v01/instances/dataFrom/Product868;http://www4.wiwiss.fu-berlin.de/bizer/bsbm/v01/vocabulary/productFeature;http://www4.wiwiss.fu-berlin.de/bizer/bsbm/v01/instances/ProductFeature458
http://www4.wiwiss.fu-berlin.de/bizer/bsbm/v01/instances/dataFrom/Product868;http://www4.wiwiss.fu-berlin.de/bizer/bsbm/v01/vocabulary/productFeature;http://www4.wiwiss.fu-berlin.de/bizer/bsbm/v01/instances/ProductFeature460
http://www4.wiwiss.fu-berlin.de/bizer/bsbm/v01/instances/dataFrom/Product868;http://www4.wiwiss.fu-berlin.de/bizer/bsbm/v01/vocabulary/productFeature;http://www4.wiwiss.fu-berlin.de/bizer/bsbm/v01/instances/ProductFeature469
http://www4.wiwiss.fu-berlin.de/bizer/bsbm/v01/instances/dataFrom/Product868;http://www4.wiwiss.fu-berlin.de/bizer/bsbm/v01/vocabulary/productFeature;http://www4.wiwiss.fu-berlin.de/bizer/bsbm/v01/instances/ProductFeature24
http://www4.wiwiss.fu-berlin.de/bizer/bsbm/v01/instances/dataFrom/Product868;http://www4.wiwiss.fu-berlin.de/bizer/bsbm/v01/vocabulary/productFeature;http://www4.wiwiss.fu-berlin.de/bizer/bsbm/v01/instances/ProductFeature28
http://www4.wiwiss.fu-berlin.de/bizer/bsbm/v01/instances/dataFrom/Product868;http://www4.wiwiss.fu-berlin.de/bizer/bsbm/v01/vocabulary/productFeature;http://www4.wiwiss.fu-berlin.de/bizer/bsbm/v01/instances/ProductFeature30
http://www4.wiwiss.fu-berlin.de/bizer/bsbm/v01/instances/dataFrom/Product868;http://www4.wiwiss.fu-berlin.de/bizer/bsbm/v01/vocabulary/productFeature;http://www4.wiwiss.fu-berlin.de/bizer/bsbm/v01/instances/ProductFeature33
http://www4.wiwiss.fu-berlin.de/bizer/bsbm/v01/instances/dataFrom/Product868;http://www4.wiwiss.fu-berlin.de/bizer/bsbm/v01/vocabulary/productFeature;http://www4.wiwiss.fu-berlin.de/bizer/bsbm/v01/instances/ProductFeature37
http://www4.wiwiss.fu-berlin.de/bizer/bsbm/v01/instances/dataFrom/Product868;http://www4.wiwiss.fu-berlin.de/bizer/bsbm/v01/vocabulary/producer;http://www4.wiwiss.fu-berlin.de/bizer/bsbm/v01/instances/dataFromProducer19/Producer19
http://www4.wiwiss.fu-berlin.de/bizer/bsbm/v01/instances/dataFrom/Product868;http://purl.org/dc/elements/1.1/publisher;http://www4.wiwiss.fu-berlin.de/bizer/bsbm/v01/instances/dataFromProducer19/Producer19
http://www4.wiwiss.fu-berlin.de/bizer/bsbm/v01/instances/dataFrom/Product868;http://purl.org/dc/elements/1.1/date;2003-02-14
http://www4.wiwiss.fu-berlin.de/bizer/bsbm/v01/instances/dataFrom/Product203;http://www.w3.org/1999/02/22-rdf-syntax-ns#type;http://www4.wiwiss.fu-berlin.de/bizer/bsbm/v01/vocabulary/Product
http://www4.wiwiss.fu-berlin.de/bizer/bsbm/v01/instances/dataFrom/Product203;http://www.w3.org/1999/02/22-rdf-syntax-ns#type;http://www4.wiwiss.fu-berlin.de/bizer/bsbm/v01/instances/ProductType79
http://www4.wiwiss.fu-berlin.de/bizer/bsbm/v01/instances/dataFrom/Product203;http://www.w3.org/2000/01/rdf-schema#label;valuation vindication
http://www4.wiwiss.fu-berlin.de/bizer/bsbm/v01/instances/dataFrom/Product203;http://www.w3.org/2000/01/rdf-schema#comment;vocational orangiest nances statal perique whinnier shipworms remorses storming tidiest deforesting trothing unslaked merged rooting revenging denuclearize outproduces prevailers obstructiveness badinaging prerecorded henrys bestrides elongates rounds basely splosh plucked fealties emulsifying nonviable cheekiest dugong warders thieved westernized delusionary satiated quiverers bullwhips bowered cruciate twangles shoplifter depravity polymerize slams reverencer smirched enveloped elicits eatings syllogistically discomforts bombs demeaned alders teratological forzandos bookmaking feministic logicize resharpened canvaslike spelt interspersed biotechnological razored clearing dumbwaiters amasser whackier reformated foyers preappearances blackballs cumulates grouped trembling halvahs ophthalmoscopy balkans lido imperilled advertently neckties genocidal reinfects nakedly imputes leukemic cuirassed sealable shocked hearings
http://www4.wiwiss.fu-berlin.de/bizer/bsbm/v01/instances/dataFrom/Product203;http://www4.wiwiss.fu-berlin.de/bizer/bsbm/v01/vocabulary/productPropertyNumeric1;755
http://www4.wiwiss.fu-berlin.de/bizer/bsbm/v01/instances/dataFrom/Product203;http://www4.wiwiss.fu-berlin.de/bizer/bsbm/v01/vocabulary/productPropertyNumeric2;1190
http://www4.wiwiss.fu-berlin.de/bizer/bsbm/v01/instances/dataFrom/Product203;http://www4.wiwiss.fu-berlin.de/bizer/bsbm/v01/vocabulary/productPropertyNumeric3;455
http://www4.wiwiss.fu-berlin.de/bizer/bsbm/v01/instances/dataFrom/Product203;http://www4.wiwiss.fu-berlin.de/bizer/bsbm/v01/vocabulary/productPropertyNumeric4;750
http://www4.wiwiss.fu-berlin.de/bizer/bsbm/v01/instances/dataFrom/Product203;http://www4.wiwiss.fu-berlin.de/bizer/bsbm/v01/vocabulary/productPropertyNumeric5;160
http://www4.wiwiss.fu-berlin.de/bizer/bsbm/v01/instances/dataFrom/Product203;http://www4.wiwiss.fu-berlin.de/bizer/bsbm/v01/vocabulary/productPropertyTextual1;demagogy grueler frettiest rotors hymenopterous phototherapies capelan gastroscopic sympathizing denunciations manifestly prevailingly liquids sexless garrote
http://www4.wiwiss.fu-berlin.de/bizer/bsbm/v01/instances/dataFrom/Product203;http://www4.wiwiss.fu-berlin.de/bizer/bsbm/v01/vocabulary/productPropertyTextual2;tainting socially kales impuissance kris blowsily saltcellar disciplines immemorially mincy oxhearts catamaran scavenger isostatically
http://www4.wiwiss.fu-berlin.de/bizer/bsbm/v01/instances/dataFrom/Product203;http://www4.wiwiss.fu-berlin.de/bizer/bsbm/v01/vocabulary/productPropertyTextual3;titulary payment careered slouching overdiligent
http://www4.wiwiss.fu-berlin.de/bizer/bsbm/v01/instances/dataFrom/Product203;http://www4.wiwiss.fu-berlin.de/bizer/bsbm/v01/vocabulary/productPropertyTextual4;obligator commenced trampolinists suborbital
http://www4.wiwiss.fu-berlin.de/bizer/bsbm/v01/instances/dataFrom/Product203;http://www4.wiwiss.fu-berlin.de/bizer/bsbm/v01/vocabulary/productPropertyTextual5;tollages effortlessness bookplates stirrups retractable leaner
http://www4.wiwiss.fu-berlin.de/bizer/bsbm/v01/instances/dataFrom/Product203;http://www4.wiwiss.fu-berlin.de/bizer/bsbm/v01/vocabulary/productFeature;http://www4.wiwiss.fu-berlin.de/bizer/bsbm/v01/instances/ProductFeature2404
http://www4.wiwiss.fu-berlin.de/bizer/bsbm/v01/instances/dataFrom/Product203;http://www4.wiwiss.fu-berlin.de/bizer/bsbm/v01/vocabulary/productFeature;http://www4.wiwiss.fu-berlin.de/bizer/bsbm/v01/instances/ProductFeature2406
http://www4.wiwiss.fu-berlin.de/bizer/bsbm/v01/instances/dataFrom/Product203;http://www4.wiwiss.fu-berlin.de/bizer/bsbm/v01/vocabulary/productFeature;http://www4.wiwiss.fu-berlin.de/bizer/bsbm/v01/instances/ProductFeature2410
http://www4.wiwiss.fu-berlin.de/bizer/bsbm/v01/instances/dataFrom/Product203;http://www4.wiwiss.fu-berlin.de/bizer/bsbm/v01/vocabulary/productFeature;http://www4.wiwiss.fu-berlin.de/bizer/bsbm/v01/instances/ProductFeature2412
http://www4.wiwiss.fu-berlin.de/bizer/bsbm/v01/instances/dataFrom/Product203;http://www4.wiwiss.fu-berlin.de/bizer/bsbm/v01/vocabulary/productFeature;http://www4.wiwiss.fu-berlin.de/bizer/bsbm/v01/instances/ProductFeature2415
http://www4.wiwiss.fu-berlin.de/bizer/bsbm/v01/instances/dataFrom/Product203;http://www4.wiwiss.fu-berlin.de/bizer/bsbm/v01/vocabulary/productFeature;http://www4.wiwiss.fu-berlin.de/bizer/bsbm/v01/instances/ProductFeature2430
http://www4.wiwiss.fu-berlin.de/bizer/bsbm/v01/instances/dataFrom/Product203;http://www4.wiwiss.fu-berlin.de/bizer/bsbm/v01/vocabulary/productFeature;http://www4.wiwiss.fu-berlin.de/bizer/bsbm/v01/instances/ProductFeature2435
http://www4.wiwiss.fu-berlin.de/bizer/bsbm/v01/instances/dataFrom/Product203;http://www4.wiwiss.fu-berlin.de/bizer/bsbm/v01/vocabulary/productFeature;http://www4.wiwiss.fu-berlin.de/bizer/bsbm/v01/instances/ProductFeature441
http://www4.wiwiss.fu-berlin.de/bizer/bsbm/v01/instances/dataFrom/Product203;http://www4.wiwiss.fu-berlin.de/bizer/bsbm/v01/vocabulary/productFeature;http://www4.wiwiss.fu-berlin.de/bizer/bsbm/v01/instances/ProductFeature442
http://www4.wiwiss.fu-berlin.de/bizer/bsbm/v01/instances/dataFrom/Product203;http://www4.wiwiss.fu-berlin.de/bizer/bsbm/v01/vocabulary/productFeature;http://www4.wiwiss.fu-berlin.de/bizer/bsbm/v01/instances/ProductFeature445
http://www4.wiwiss.fu-berlin.de/bizer/bsbm/v01/instances/dataFrom/Product203;http://www4.wiwiss.fu-berlin.de/bizer/bsbm/v01/vocabulary/productFeature;http://www4.wiwiss.fu-berlin.de/bizer/bsbm/v01/instances/ProductFeature453
http://www4.wiwiss.fu-berlin.de/bizer/bsbm/v01/instances/dataFrom/Product203;http://www4.wiwiss.fu-berlin.de/bizer/bsbm/v01/vocabulary/productFeature;http://www4.wiwiss.fu-berlin.de/bizer/bsbm/v01/instances/ProductFeature457
http://www4.wiwiss.fu-berlin.de/bizer/bsbm/v01/instances/dataFrom/Product203;http://www4.wiwiss.fu-berlin.de/bizer/bsbm/v01/vocabulary/productFeature;http://www4.wiwiss.fu-berlin.de/bizer/bsbm/v01/instances/ProductFeature458
http://www4.wiwiss.fu-berlin.de/bizer/bsbm/v01/instances/dataFrom/Product203;http://www4.wiwiss.fu-berlin.de/bizer/bsbm/v01/vocabulary/productFeature;http://www4.wiwiss.fu-berlin.de/bizer/bsbm/v01/instances/ProductFeature460
http://www4.wiwiss.fu-berlin.de/bizer/bsbm/v01/instances/dataFrom/Product203;http://www4.wiwiss.fu-berlin.de/bizer/bsbm/v01/vocabulary/productFeature;http://www4.wiwiss.fu-berlin.de/bizer/bsbm/v01/instances/ProductFeature469
http://www4.wiwiss.fu-berlin.de/bizer/bsbm/v01/instances/dataFrom/Product203;http://www4.wiwiss.fu-berlin.de/bizer/bsbm/v01/vocabulary/productFeature;http://www4.wiwiss.fu-berlin.de/bizer/bsbm/v01/instances/ProductFeature24
http://www4.wiwiss.fu-berlin.de/bizer/bsbm/v01/instances/dataFrom/Product203;http://www4.wiwiss.fu-berlin.de/bizer/bsbm/v01/vocabulary/productFeature;http://www4.wiwiss.fu-berlin.de/bizer/bsbm/v01/instances/ProductFeature28
http://www4.wiwiss.fu-berlin.de/bizer/bsbm/v01/instances/dataFrom/Product203;http://www4.wiwiss.fu-berlin.de/bizer/bsbm/v01/vocabulary/productFeature;http://www4.wiwiss.fu-berlin.de/bizer/bsbm/v01/instances/ProductFeature30
http://www4.wiwiss.fu-berlin.de/bizer/bsbm/v01/instances/dataFrom/Product203;http://www4.wiwiss.fu-berlin.de/bizer/bsbm/v01/vocabulary/productFeature;http://www4.wiwiss.fu-berlin.de/bizer/bsbm/v01/instances/ProductFeature33
http://www4.wiwiss.fu-berlin.de/bizer/bsbm/v01/instances/dataFrom/Product203;http://www4.wiwiss.fu-berlin.de/bizer/bsbm/v01/vocabulary/productFeature;http://www4.wiwiss.fu-berlin.de/bizer/bsbm/v01/instances/ProductFeature37
http://www4.wiwiss.fu-berlin.de/bizer/bsbm/v01/instances/dataFrom/Product203;http://www4.wiwiss.fu-berlin.de/bizer/bsbm/v01/vocabulary/producer;http://www4.wiwiss.fu-berlin.de/bizer/bsbm/v01/instances/dataFromProducer19/Producer19
http://www4.wiwiss.fu-berlin.de/bizer/bsbm/v01/instances/dataFrom/Product203;http://purl.org/dc/elements/1.1/publisher;http://www4.wiwiss.fu-berlin.de/bizer/bsbm/v01/instances/dataFromProducer19/Producer19
http://www4.wiwiss.fu-berlin.de/bizer/bsbm/v01/instances/dataFrom/Product203;http://purl.org/dc/elements/1.1/date;2003-02-14
http://www4.wiwiss.fu-berlin.de/bizer/bsbm/v01/instances/dataFrom/Product939;http://www.w3.org/1999/02/22-rdf-syntax-ns#type;http://www4.wiwiss.fu-berlin.de/bizer/bsbm/v01/vocabulary/Product
http://www4.wiwiss.fu-berlin.de/bizer/bsbm/v01/instances/dataFrom/Product939;http://www.w3.org/1999/02/22-rdf-syntax-ns#type;http://www4.wiwiss.fu-berlin.de/bizer/bsbm/v01/instances/ProductType79
http://www4.wiwiss.fu-berlin.de/bizer/bsbm/v01/instances/dataFrom/Product939;http://www.w3.org/2000/01/rdf-schema#label;valuation vindication
http://www4.wiwiss.fu-berlin.de/bizer/bsbm/v01/instances/dataFrom/Product939;http://www.w3.org/2000/01/rdf-schema#comment;vocational orangiest nances statal perique whinnier shipworms remorses storming tidiest deforesting trothing unslaked merged rooting revenging denuclearize outproduces prevailers obstructiveness badinaging prerecorded henrys bestrides elongates rounds basely splosh plucked fealties emulsifying nonviable cheekiest dugong warders thieved westernized delusionary satiated quiverers bullwhips bowered cruciate twangles shoplifter depravity polymerize slams reverencer smirched enveloped elicits eatings syllogistically discomforts bombs demeaned alders teratological forzandos bookmaking feministic logicize resharpened canvaslike spelt interspersed biotechnological razored clearing dumbwaiters amasser whackier reformated foyers preappearances blackballs cumulates grouped trembling halvahs ophthalmoscopy balkans lido imperilled advertently neckties genocidal reinfects nakedly imputes leukemic cuirassed sealable shocked hearings
http://www4.wiwiss.fu-berlin.de/bizer/bsbm/v01/instances/dataFrom/Product939;http://www4.wiwiss.fu-berlin.de/bizer/bsbm/v01/vocabulary/productPropertyNumeric1;755
http://www4.wiwiss.fu-berlin.de/bizer/bsbm/v01/instances/dataFrom/Product939;http://www4.wiwiss.fu-berlin.de/bizer/bsbm/v01/vocabulary/productPropertyNumeric2;1190
http://www4.wiwiss.fu-berlin.de/bizer/bsbm/v01/instances/dataFrom/Product939;http://www4.wiwiss.fu-berlin.de/bizer/bsbm/v01/vocabulary/productPropertyNumeric3;455
http://www4.wiwiss.fu-berlin.de/bizer/bsbm/v01/instances/dataFrom/Product939;http://www4.wiwiss.fu-berlin.de/bizer/bsbm/v01/vocabulary/productPropertyNumeric4;750
http://www4.wiwiss.fu-berlin.de/bizer/bsbm/v01/instances/dataFrom/Product939;http://www4.wiwiss.fu-berlin.de/bizer/bsbm/v01/vocabulary/productPropertyNumeric5;160
http://www4.wiwiss.fu-berlin.de/bizer/bsbm/v01/instances/dataFrom/Product939;http://www4.wiwiss.fu-berlin.de/bizer/bsbm/v01/vocabulary/productPropertyTextual1;demagogy grueler frettiest rotors hymenopterous phototherapies capelan gastroscopic sympathizing denunciations manifestly prevailingly liquids sexless garrote
http://www4.wiwiss.fu-berlin.de/bizer/bsbm/v01/instances/dataFrom/Product939;http://www4.wiwiss.fu-berlin.de/bizer/bsbm/v01/vocabulary/productPropertyTextual2;tainting socially kales impuissance kris blowsily saltcellar disciplines immemorially mincy oxhearts catamaran scavenger isostatically
http://www4.wiwiss.fu-berlin.de/bizer/bsbm/v01/instances/dataFrom/Product939;http://www4.wiwiss.fu-berlin.de/bizer/bsbm/v01/vocabulary/productPropertyTextual3;titulary payment careered slouching overdiligent
http://www4.wiwiss.fu-berlin.de/bizer/bsbm/v01/instances/dataFrom/Product939;http://www4.wiwiss.fu-berlin.de/bizer/bsbm/v01/vocabulary/productPropertyTextual4;obligator commenced trampolinists suborbital
http://www4.wiwiss.fu-berlin.de/bizer/bsbm/v01/instances/dataFrom/Product939;http://www4.wiwiss.fu-berlin.de/bizer/bsbm/v01/vocabulary/productPropertyTextual5;tollages effortlessness bookplates stirrups retractable leaner
http://www4.wiwiss.fu-berlin.de/bizer/bsbm/v01/instances/dataFrom/Product939;http://www4.wiwiss.fu-berlin.de/bizer/bsbm/v01/vocabulary/productFeature;http://www4.wiwiss.fu-berlin.de/bizer/bsbm/v01/instances/ProductFeature2404
http://www4.wiwiss.fu-berlin.de/bizer/bsbm/v01/instances/dataFrom/Product939;http://www4.wiwiss.fu-berlin.de/bizer/bsbm/v01/vocabulary/productFeature;http://www4.wiwiss.fu-berlin.de/bizer/bsbm/v01/instances/ProductFeature2406
http://www4.wiwiss.fu-berlin.de/bizer/bsbm/v01/instances/dataFrom/Product939;http://www4.wiwiss.fu-berlin.de/bizer/bsbm/v01/vocabulary/productFeature;http://www4.wiwiss.fu-berlin.de/bizer/bsbm/v01/instances/ProductFeature2410
http://www4.wiwiss.fu-berlin.de/bizer/bsbm/v01/instances/dataFrom/Product939;http://www4.wiwiss.fu-berlin.de/bizer/bsbm/v01/vocabulary/productFeature;http://www4.wiwiss.fu-berlin.de/bizer/bsbm/v01/instances/ProductFeature2412
http://www4.wiwiss.fu-berlin.de/bizer/bsbm/v01/instances/dataFrom/Product939;http://www4.wiwiss.fu-berlin.de/bizer/bsbm/v01/vocabulary/productFeature;http://www4.wiwiss.fu-berlin.de/bizer/bsbm/v01/instances/ProductFeature2415
http://www4.wiwiss.fu-berlin.de/bizer/bsbm/v01/instances/dataFrom/Product939;http://www4.wiwiss.fu-berlin.de/bizer/bsbm/v01/vocabulary/productFeature;http://www4.wiwiss.fu-berlin.de/bizer/bsbm/v01/instances/ProductFeature2430
http://www4.wiwiss.fu-berlin.de/bizer/bsbm/v01/instances/dataFrom/Product939;http://www4.wiwiss.fu-berlin.de/bizer/bsbm/v01/vocabulary/productFeature;http://www4.wiwiss.fu-berlin.de/bizer/bsbm/v01/instances/ProductFeature2435
http://www4.wiwiss.fu-berlin.de/bizer/bsbm/v01/instances/dataFrom/Product939;http://www4.wiwiss.fu-berlin.de/bizer/bsbm/v01/vocabulary/productFeature;http://www4.wiwiss.fu-berlin.de/bizer/bsbm/v01/instances/ProductFeature441
http://www4.wiwiss.fu-berlin.de/bizer/bsbm/v01/instances/dataFrom/Product939;http://www4.wiwiss.fu-berlin.de/bizer/bsbm/v01/vocabulary/productFeature;http://www4.wiwiss.fu-berlin.de/bizer/bsbm/v01/instances/ProductFeature442
http://www4.wiwiss.fu-berlin.de/bizer/bsbm/v01/instances/dataFrom/Product939;http://www4.wiwiss.fu-berlin.de/bizer/bsbm/v01/vocabulary/productFeature;http://www4.wiwiss.fu-berlin.de/bizer/bsbm/v01/instances/ProductFeature445
http://www4.wiwiss.fu-berlin.de/bizer/bsbm/v01/instances/dataFrom/Product939;http://www4.wiwiss.fu-berlin.de/bizer/bsbm/v01/vocabulary/productFeature;http://www4.wiwiss.fu-berlin.de/bizer/bsbm/v01/instances/ProductFeature453
http://www4.wiwiss.fu-berlin.de/bizer/bsbm/v01/instances/dataFrom/Product939;http://www4.wiwiss.fu-berlin.de/bizer/bsbm/v01/vocabulary/productFeature;http://www4.wiwiss.fu-berlin.de/bizer/bsbm/v01/instances/ProductFeature457
http://www4.wiwiss.fu-berlin.de/bizer/bsbm/v01/instances/dataFrom/Product939;http://www4.wiwiss.fu-berlin.de/bizer/bsbm/v01/vocabulary/productFeature;http://www4.wiwiss.fu-berlin.de/bizer/bsbm/v01/instances/ProductFeature458
http://www4.wiwiss.fu-berlin.de/bizer/bsbm/v01/instances/dataFrom/Product939;http://www4.wiwiss.fu-berlin.de/bizer/bsbm/v01/vocabulary/productFeature;http://www4.wiwiss.fu-berlin.de/bizer/bsbm/v01/instances/ProductFeature460
http://www4.wiwiss.fu-berlin.de/bizer/bsbm/v01/instances/dataFrom/Product939;http://www4.wiwiss.fu-berlin.de/bizer/bsbm/v01/vocabulary/productFeature;http://www4.wiwiss.fu-berlin.de/bizer/bsbm/v01/instances/ProductFeature469
http://www4.wiwiss.fu-berlin.de/bizer/bsbm/v01/instances/dataFrom/Product939;http://www4.wiwiss.fu-berlin.de/bizer/bsbm/v01/vocabulary/productFeature;http://www4.wiwiss.fu-berlin.de/bizer/bsbm/v01/instances/ProductFeature24
http://www4.wiwiss.fu-berlin.de/bizer/bsbm/v01/instances/dataFrom/Product939;http://www4.wiwiss.fu-berlin.de/bizer/bsbm/v01/vocabulary/productFeature;http://www4.wiwiss.fu-berlin.de/bizer/bsbm/v01/instances/ProductFeature28
http://www4.wiwiss.fu-berlin.de/bizer/bsbm/v01/instances/dataFrom/Product939;http://www4.wiwiss.fu-berlin.de/bizer/bsbm/v01/vocabulary/productFeature;http://www4.wiwiss.fu-berlin.de/bizer/bsbm/v01/instances/ProductFeature30
http://www4.wiwiss.fu-berlin.de/bizer/bsbm/v01/instances/dataFrom/Product939;http://www4.wiwiss.fu-berlin.de/bizer/bsbm/v01/vocabulary/productFeature;http://www4.wiwiss.fu-berlin.de/bizer/bsbm/v01/instances/ProductFeature33
http://www4.wiwiss.fu-berlin.de/bizer/bsbm/v01/instances/dataFrom/Product939;http://www4.wiwiss.fu-berlin.de/bizer/bsbm/v01/vocabulary/productFeature;http://www4.wiwiss.fu-berlin.de/bizer/bsbm/v01/instances/ProductFeature37
http://www4.wiwiss.fu-berlin.de/bizer/bsbm/v01/instances/dataFrom/Product939;http://www4.wiwiss.fu-berlin.de/bizer/bsbm/v01/vocabulary/producer;http://www4.wiwiss.fu-berlin.de/bizer/bsbm/v01/instances/dataFromProducer19/Producer19
http://www4.wiwiss.fu-berlin.de/bizer/bsbm/v01/instances/dataFrom/Product939;http://purl.org/dc/elements/1.1/publisher;http://www4.wiwiss.fu-berlin.de/bizer/bsbm/v01/instances/dataFromProducer19/Producer19
http://www4.wiwiss.fu-berlin.de/bizer/bsbm/v01/instances/dataFrom/Product939;http://purl.org/dc/elements/1.1/date;2003-02-14
http://www4.wiwiss.fu-berlin.de/bizer/bsbm/v01/instances/dataFrom/Product289;http://www.w3.org/1999/02/22-rdf-syntax-ns#type;http://www4.wiwiss.fu-berlin.de/bizer/bsbm/v01/vocabulary/Product
http://www4.wiwiss.fu-berlin.de/bizer/bsbm/v01/instances/dataFrom/Product289;http://www.w3.org/1999/02/22-rdf-syntax-ns#type;http://www4.wiwiss.fu-berlin.de/bizer/bsbm/v01/instances/ProductType79
http://www4.wiwiss.fu-berlin.de/bizer/bsbm/v01/instances/dataFrom/Product289;http://www.w3.org/2000/01/rdf-schema#label;valuation vindication
http://www4.wiwiss.fu-berlin.de/bizer/bsbm/v01/instances/dataFrom/Product289;http://www.w3.org/2000/01/rdf-schema#comment;vocational orangiest nances statal perique whinnier shipworms remorses storming tidiest deforesting trothing unslaked merged rooting revenging denuclearize outproduces prevailers obstructiveness badinaging prerecorded henrys bestrides elongates rounds basely splosh plucked fealties emulsifying nonviable cheekiest dugong warders thieved westernized delusionary satiated quiverers bullwhips bowered cruciate twangles shoplifter depravity polymerize slams reverencer smirched enveloped elicits eatings syllogistically discomforts bombs demeaned alders teratological forzandos bookmaking feministic logicize resharpened canvaslike spelt interspersed biotechnological razored clearing dumbwaiters amasser whackier reformated foyers preappearances blackballs cumulates grouped trembling halvahs ophthalmoscopy balkans lido imperilled advertently neckties genocidal reinfects nakedly imputes leukemic cuirassed sealable shocked hearings
http://www4.wiwiss.fu-berlin.de/bizer/bsbm/v01/instances/dataFrom/Product289;http://www4.wiwiss.fu-berlin.de/bizer/bsbm/v01/vocabulary/productPropertyNumeric1;755
http://www4.wiwiss.fu-berlin.de/bizer/bsbm/v01/instances/dataFrom/Product289;http://www4.wiwiss.fu-berlin.de/bizer/bsbm/v01/vocabulary/productPropertyNumeric2;1190
http://www4.wiwiss.fu-berlin.de/bizer/bsbm/v01/instances/dataFrom/Product289;http://www4.wiwiss.fu-berlin.de/bizer/bsbm/v01/vocabulary/productPropertyNumeric3;455
http://www4.wiwiss.fu-berlin.de/bizer/bsbm/v01/instances/dataFrom/Product289;http://www4.wiwiss.fu-berlin.de/bizer/bsbm/v01/vocabulary/productPropertyNumeric4;750
http://www4.wiwiss.fu-berlin.de/bizer/bsbm/v01/instances/dataFrom/Product289;http://www4.wiwiss.fu-berlin.de/bizer/bsbm/v01/vocabulary/productPropertyNumeric5;160
http://www4.wiwiss.fu-berlin.de/bizer/bsbm/v01/instances/dataFrom/Product289;http://www4.wiwiss.fu-berlin.de/bizer/bsbm/v01/vocabulary/productPropertyTextual1;demagogy grueler frettiest rotors hymenopterous phototherapies capelan gastroscopic sympathizing denunciations manifestly prevailingly liquids sexless garrote
http://www4.wiwiss.fu-berlin.de/bizer/bsbm/v01/instances/dataFrom/Product289;http://www4.wiwiss.fu-berlin.de/bizer/bsbm/v01/vocabulary/productPropertyTextual2;tainting socially kales impuissance kris blowsily saltcellar disciplines immemorially mincy oxhearts catamaran scavenger isostatically
http://www4.wiwiss.fu-berlin.de/bizer/bsbm/v01/instances/dataFrom/Product289;http://www4.wiwiss.fu-berlin.de/bizer/bsbm/v01/vocabulary/productPropertyTextual3;titulary payment careered slouching overdiligent
http://www4.wiwiss.fu-berlin.de/bizer/bsbm/v01/instances/dataFrom/Product289;http://www4.wiwiss.fu-berlin.de/bizer/bsbm/v01/vocabulary/productPropertyTextual4;obligator commenced trampolinists suborbital
http://www4.wiwiss.fu-berlin.de/bizer/bsbm/v01/instances/dataFrom/Product289;http://www4.wiwiss.fu-berlin.de/bizer/bsbm/v01/vocabulary/productPropertyTextual5;tollages effortlessness bookplates stirrups retractable leaner
http://www4.wiwiss.fu-berlin.de/bizer/bsbm/v01/instances/dataFrom/Product289;http://www4.wiwiss.fu-berlin.de/bizer/bsbm/v01/vocabulary/productFeature;http://www4.wiwiss.fu-berlin.de/bizer/bsbm/v01/instances/ProductFeature2404
http://www4.wiwiss.fu-berlin.de/bizer/bsbm/v01/instances/dataFrom/Product289;http://www4.wiwiss.fu-berlin.de/bizer/bsbm/v01/vocabulary/productFeature;http://www4.wiwiss.fu-berlin.de/bizer/bsbm/v01/instances/ProductFeature2406
http://www4.wiwiss.fu-berlin.de/bizer/bsbm/v01/instances/dataFrom/Product289;http://www4.wiwiss.fu-berlin.de/bizer/bsbm/v01/vocabulary/productFeature;http://www4.wiwiss.fu-berlin.de/bizer/bsbm/v01/instances/ProductFeature2410
http://www4.wiwiss.fu-berlin.de/bizer/bsbm/v01/instances/dataFrom/Product289;http://www4.wiwiss.fu-berlin.de/bizer/bsbm/v01/vocabulary/productFeature;http://www4.wiwiss.fu-berlin.de/bizer/bsbm/v01/instances/ProductFeature2412
http://www4.wiwiss.fu-berlin.de/bizer/bsbm/v01/instances/dataFrom/Product289;http://www4.wiwiss.fu-berlin.de/bizer/bsbm/v01/vocabulary/productFeature;http://www4.wiwiss.fu-berlin.de/bizer/bsbm/v01/instances/ProductFeature2415
http://www4.wiwiss.fu-berlin.de/bizer/bsbm/v01/instances/dataFrom/Product289;http://www4.wiwiss.fu-berlin.de/bizer/bsbm/v01/vocabulary/productFeature;http://www4.wiwiss.fu-berlin.de/bizer/bsbm/v01/instances/ProductFeature2430
http://www4.wiwiss.fu-berlin.de/bizer/bsbm/v01/instances/dataFrom/Product289;http://www4.wiwiss.fu-berlin.de/bizer/bsbm/v01/vocabulary/productFeature;http://www4.wiwiss.fu-berlin.de/bizer/bsbm/v01/instances/ProductFeature2435
http://www4.wiwiss.fu-berlin.de/bizer/bsbm/v01/instances/dataFrom/Product289;http://www4.wiwiss.fu-berlin.de/bizer/bsbm/v01/vocabulary/productFeature;http://www4.wiwiss.fu-berlin.de/bizer/bsbm/v01/instances/ProductFeature441
http://www4.wiwiss.fu-berlin.de/bizer/bsbm/v01/instances/dataFrom/Product289;http://www4.wiwiss.fu-berlin.de/bizer/bsbm/v01/vocabulary/productFeature;http://www4.wiwiss.fu-berlin.de/bizer/bsbm/v01/instances/ProductFeature442
http://www4.wiwiss.fu-berlin.de/bizer/bsbm/v01/instances/dataFrom/Product289;http://www4.wiwiss.fu-berlin.de/bizer/bsbm/v01/vocabulary/productFeature;http://www4.wiwiss.fu-berlin.de/bizer/bsbm/v01/instances/ProductFeature445
http://www4.wiwiss.fu-berlin.de/bizer/bsbm/v01/instances/dataFrom/Product289;http://www4.wiwiss.fu-berlin.de/bizer/bsbm/v01/vocabulary/productFeature;http://www4.wiwiss.fu-berlin.de/bizer/bsbm/v01/instances/ProductFeature453
http://www4.wiwiss.fu-berlin.de/bizer/bsbm/v01/instances/dataFrom/Product289;http://www4.wiwiss.fu-berlin.de/bizer/bsbm/v01/vocabulary/productFeature;http://www4.wiwiss.fu-berlin.de/bizer/bsbm/v01/instances/ProductFeature457
http://www4.wiwiss.fu-berlin.de/bizer/bsbm/v01/instances/dataFrom/Product289;http://www4.wiwiss.fu-berlin.de/bizer/bsbm/v01/vocabulary/productFeature;http://www4.wiwiss.fu-berlin.de/bizer/bsbm/v01/instances/ProductFeature458
http://www4.wiwiss.fu-berlin.de/bizer/bsbm/v01/instances/dataFrom/Product289;http://www4.wiwiss.fu-berlin.de/bizer/bsbm/v01/vocabulary/productFeature;http://www4.wiwiss.fu-berlin.de/bizer/bsbm/v01/instances/ProductFeature460
http://www4.wiwiss.fu-berlin.de/bizer/bsbm/v01/instances/dataFrom/Product289;http://www4.wiwiss.fu-berlin.de/bizer/bsbm/v01/vocabulary/productFeature;http://www4.wiwiss.fu-berlin.de/bizer/bsbm/v01/instances/ProductFeature469
http://www4.wiwiss.fu-berlin.de/bizer/bsbm/v01/instances/dataFrom/Product289;http://www4.wiwiss.fu-berlin.de/bizer/bsbm/v01/vocabulary/productFeature;http://www4.wiwiss.fu-berlin.de/bizer/bsbm/v01/instances/ProductFeature24
http://www4.wiwiss.fu-berlin.de/bizer/bsbm/v01/instances/dataFrom/Product289;http://www4.wiwiss.fu-berlin.de/bizer/bsbm/v01/vocabulary/productFeature;http://www4.wiwiss.fu-berlin.de/bizer/bsbm/v01/instances/ProductFeature28
http://www4.wiwiss.fu-berlin.de/bizer/bsbm/v01/instances/dataFrom/Product289;http://www4.wiwiss.fu-berlin.de/bizer/bsbm/v01/vocabulary/productFeature;http://www4.wiwiss.fu-berlin.de/bizer/bsbm/v01/instances/ProductFeature30
http://www4.wiwiss.fu-berlin.de/bizer/bsbm/v01/instances/dataFrom/Product289;http://www4.wiwiss.fu-berlin.de/bizer/bsbm/v01/vocabulary/productFeature;http://www4.wiwiss.fu-berlin.de/bizer/bsbm/v01/instances/ProductFeature33
http://www4.wiwiss.fu-berlin.de/bizer/bsbm/v01/instances/dataFrom/Product289;http://www4.wiwiss.fu-berlin.de/bizer/bsbm/v01/vocabulary/productFeature;http://www4.wiwiss.fu-berlin.de/bizer/bsbm/v01/instances/ProductFeature37
http://www4.wiwiss.fu-berlin.de/bizer/bsbm/v01/instances/dataFrom/Product289;http://www4.wiwiss.fu-berlin.de/bizer/bsbm/v01/vocabulary/producer;http://www4.wiwiss.fu-berlin.de/bizer/bsbm/v01/instances/dataFromProducer19/Producer19
http://www4.wiwiss.fu-berlin.de/bizer/bsbm/v01/instances/dataFrom/Product289;http://purl.org/dc/elements/1.1/publisher;http://www4.wiwiss.fu-berlin.de/bizer/bsbm/v01/instances/dataFromProducer19/Producer19
http://www4.wiwiss.fu-berlin.de/bizer/bsbm/v01/instances/dataFrom/Product289;http://purl.org/dc/elements/1.1/date;2003-02-14
http://www4.wiwiss.fu-berlin.de/bizer/bsbm/v01/instances/dataFrom/Product214;http://www.w3.org/1999/02/22-rdf-syntax-ns#type;http://www4.wiwiss.fu-berlin.de/bizer/bsbm/v01/vocabulary/Product
http://www4.wiwiss.fu-berlin.de/bizer/bsbm/v01/instances/dataFrom/Product214;http://www.w3.org/1999/02/22-rdf-syntax-ns#type;http://www4.wiwiss.fu-berlin.de/bizer/bsbm/v01/instances/ProductType79
http://www4.wiwiss.fu-berlin.de/bizer/bsbm/v01/instances/dataFrom/Product214;http://www.w3.org/2000/01/rdf-schema#label;valuation vindication
http://www4.wiwiss.fu-berlin.de/bizer/bsbm/v01/instances/dataFrom/Product214;http://www.w3.org/2000/01/rdf-schema#comment;vocational orangiest nances statal perique whinnier shipworms remorses storming tidiest deforesting trothing unslaked merged rooting revenging denuclearize outproduces prevailers obstructiveness badinaging prerecorded henrys bestrides elongates rounds basely splosh plucked fealties emulsifying nonviable cheekiest dugong warders thieved westernized delusionary satiated quiverers bullwhips bowered cruciate twangles shoplifter depravity polymerize slams reverencer smirched enveloped elicits eatings syllogistically discomforts bombs demeaned alders teratological forzandos bookmaking feministic logicize resharpened canvaslike spelt interspersed biotechnological razored clearing dumbwaiters amasser whackier reformated foyers preappearances blackballs cumulates grouped trembling halvahs ophthalmoscopy balkans lido imperilled advertently neckties genocidal reinfects nakedly imputes leukemic cuirassed sealable shocked hearings
http://www4.wiwiss.fu-berlin.de/bizer/bsbm/v01/instances/dataFrom/Product214;http://www4.wiwiss.fu-berlin.de/bizer/bsbm/v01/vocabulary/productPropertyNumeric1;755
http://www4.wiwiss.fu-berlin.de/bizer/bsbm/v01/instances/dataFrom/Product214;http://www4.wiwiss.fu-berlin.de/bizer/bsbm/v01/vocabulary/productPropertyNumeric2;1190
http://www4.wiwiss.fu-berlin.de/bizer/bsbm/v01/instances/dataFrom/Product214;http://www4.wiwiss.fu-berlin.de/bizer/bsbm/v01/vocabulary/productPropertyNumeric3;455
http://www4.wiwiss.fu-berlin.de/bizer/bsbm/v01/instances/dataFrom/Product214;http://www4.wiwiss.fu-berlin.de/bizer/bsbm/v01/vocabulary/productPropertyNumeric4;750
http://www4.wiwiss.fu-berlin.de/bizer/bsbm/v01/instances/dataFrom/Product214;http://www4.wiwiss.fu-berlin.de/bizer/bsbm/v01/vocabulary/productPropertyNumeric5;160
http://www4.wiwiss.fu-berlin.de/bizer/bsbm/v01/instances/dataFrom/Product214;http://www4.wiwiss.fu-berlin.de/bizer/bsbm/v01/vocabulary/productPropertyTextual1;demagogy grueler frettiest rotors hymenopterous phototherapies capelan gastroscopic sympathizing denunciations manifestly prevailingly liquids sexless garrote
http://www4.wiwiss.fu-berlin.de/bizer/bsbm/v01/instances/dataFrom/Product214;http://www4.wiwiss.fu-berlin.de/bizer/bsbm/v01/vocabulary/productPropertyTextual2;tainting socially kales impuissance kris blowsily saltcellar disciplines immemorially mincy oxhearts catamaran scavenger isostatically
http://www4.wiwiss.fu-berlin.de/bizer/bsbm/v01/instances/dataFrom/Product214;http://www4.wiwiss.fu-berlin.de/bizer/bsbm/v01/vocabulary/productPropertyTextual3;titulary payment careered slouching overdiligent
http://www4.wiwiss.fu-berlin.de/bizer/bsbm/v01/instances/dataFrom/Product214;http://www4.wiwiss.fu-berlin.de/bizer/bsbm/v01/vocabulary/productPropertyTextual4;obligator commenced trampolinists suborbital
http://www4.wiwiss.fu-berlin.de/bizer/bsbm/v01/instances/dataFrom/Product214;http://www4.wiwiss.fu-berlin.de/bizer/bsbm/v01/vocabulary/productPropertyTextual5;tollages effortlessness bookplates stirrups retractable leaner
http://www4.wiwiss.fu-berlin.de/bizer/bsbm/v01/instances/dataFrom/Product214;http://www4.wiwiss.fu-berlin.de/bizer/bsbm/v01/vocabulary/productFeature;http://www4.wiwiss.fu-berlin.de/bizer/bsbm/v01/instances/ProductFeature2404
http://www4.wiwiss.fu-berlin.de/bizer/bsbm/v01/instances/dataFrom/Product214;http://www4.wiwiss.fu-berlin.de/bizer/bsbm/v01/vocabulary/productFeature;http://www4.wiwiss.fu-berlin.de/bizer/bsbm/v01/instances/ProductFeature2406
http://www4.wiwiss.fu-berlin.de/bizer/bsbm/v01/instances/dataFrom/Product214;http://www4.wiwiss.fu-berlin.de/bizer/bsbm/v01/vocabulary/productFeature;http://www4.wiwiss.fu-berlin.de/bizer/bsbm/v01/instances/ProductFeature2410
http://www4.wiwiss.fu-berlin.de/bizer/bsbm/v01/instances/dataFrom/Product214;http://www4.wiwiss.fu-berlin.de/bizer/bsbm/v01/vocabulary/productFeature;http://www4.wiwiss.fu-berlin.de/bizer/bsbm/v01/instances/ProductFeature2412
http://www4.wiwiss.fu-berlin.de/bizer/bsbm/v01/instances/dataFrom/Product214;http://www4.wiwiss.fu-berlin.de/bizer/bsbm/v01/vocabulary/productFeature;http://www4.wiwiss.fu-berlin.de/bizer/bsbm/v01/instances/ProductFeature2415
http://www4.wiwiss.fu-berlin.de/bizer/bsbm/v01/instances/dataFrom/Product214;http://www4.wiwiss.fu-berlin.de/bizer/bsbm/v01/vocabulary/productFeature;http://www4.wiwiss.fu-berlin.de/bizer/bsbm/v01/instances/ProductFeature2430
http://www4.wiwiss.fu-berlin.de/bizer/bsbm/v01/instances/dataFrom/Product214;http://www4.wiwiss.fu-berlin.de/bizer/bsbm/v01/vocabulary/productFeature;http://www4.wiwiss.fu-berlin.de/bizer/bsbm/v01/instances/ProductFeature2435
http://www4.wiwiss.fu-berlin.de/bizer/bsbm/v01/instances/dataFrom/Product214;http://www4.wiwiss.fu-berlin.de/bizer/bsbm/v01/vocabulary/productFeature;http://www4.wiwiss.fu-berlin.de/bizer/bsbm/v01/instances/ProductFeature441
http://www4.wiwiss.fu-berlin.de/bizer/bsbm/v01/instances/dataFrom/Product214;http://www4.wiwiss.fu-berlin.de/bizer/bsbm/v01/vocabulary/productFeature;http://www4.wiwiss.fu-berlin.de/bizer/bsbm/v01/instances/ProductFeature442
http://www4.wiwiss.fu-berlin.de/bizer/bsbm/v01/instances/dataFrom/Product214;http://www4.wiwiss.fu-berlin.de/bizer/bsbm/v01/vocabulary/productFeature;http://www4.wiwiss.fu-berlin.de/bizer/bsbm/v01/instances/ProductFeature445
http://www4.wiwiss.fu-berlin.de/bizer/bsbm/v01/instances/dataFrom/Product214;http://www4.wiwiss.fu-berlin.de/bizer/bsbm/v01/vocabulary/productFeature;http://www4.wiwiss.fu-berlin.de/bizer/bsbm/v01/instances/ProductFeature453
http://www4.wiwiss.fu-berlin.de/bizer/bsbm/v01/instances/dataFrom/Product214;http://www4.wiwiss.fu-berlin.de/bizer/bsbm/v01/vocabulary/productFeature;http://www4.wiwiss.fu-berlin.de/bizer/bsbm/v01/instances/ProductFeature457
http://www4.wiwiss.fu-berlin.de/bizer/bsbm/v01/instances/dataFrom/Product214;http://www4.wiwiss.fu-berlin.de/bizer/bsbm/v01/vocabulary/productFeature;http://www4.wiwiss.fu-berlin.de/bizer/bsbm/v01/instances/ProductFeature458
http://www4.wiwiss.fu-berlin.de/bizer/bsbm/v01/instances/dataFrom/Product214;http://www4.wiwiss.fu-berlin.de/bizer/bsbm/v01/vocabulary/productFeature;http://www4.wiwiss.fu-berlin.de/bizer/bsbm/v01/instances/ProductFeature460
http://www4.wiwiss.fu-berlin.de/bizer/bsbm/v01/instances/dataFrom/Product214;http://www4.wiwiss.fu-berlin.de/bizer/bsbm/v01/vocabulary/productFeature;http://www4.wiwiss.fu-berlin.de/bizer/bsbm/v01/instances/ProductFeature469
http://www4.wiwiss.fu-berlin.de/bizer/bsbm/v01/instances/dataFrom/Product214;http://www4.wiwiss.fu-berlin.de/bizer/bsbm/v01/vocabulary/productFeature;http://www4.wiwiss.fu-berlin.de/bizer/bsbm/v01/instances/ProductFeature24
http://www4.wiwiss.fu-berlin.de/bizer/bsbm/v01/instances/dataFrom/Product214;http://www4.wiwiss.fu-berlin.de/bizer/bsbm/v01/vocabulary/productFeature;http://www4.wiwiss.fu-berlin.de/bizer/bsbm/v01/instances/ProductFeature28
http://www4.wiwiss.fu-berlin.de/bizer/bsbm/v01/instances/dataFrom/Product214;http://www4.wiwiss.fu-berlin.de/bizer/bsbm/v01/vocabulary/productFeature;http://www4.wiwiss.fu-berlin.de/bizer/bsbm/v01/instances/ProductFeature30
http://www4.wiwiss.fu-berlin.de/bizer/bsbm/v01/instances/dataFrom/Product214;http://www4.wiwiss.fu-berlin.de/bizer/bsbm/v01/vocabulary/productFeature;http://www4.wiwiss.fu-berlin.de/bizer/bsbm/v01/instances/ProductFeature33
http://www4.wiwiss.fu-berlin.de/bizer/bsbm/v01/instances/dataFrom/Product214;http://www4.wiwiss.fu-berlin.de/bizer/bsbm/v01/vocabulary/productFeature;http://www4.wiwiss.fu-berlin.de/bizer/bsbm/v01/instances/ProductFeature37
http://www4.wiwiss.fu-berlin.de/bizer/bsbm/v01/instances/dataFrom/Product214;http://www4.wiwiss.fu-berlin.de/bizer/bsbm/v01/vocabulary/producer;http://www4.wiwiss.fu-berlin.de/bizer/bsbm/v01/instances/dataFromProducer19/Producer19
http://www4.wiwiss.fu-berlin.de/bizer/bsbm/v01/instances/dataFrom/Product214;http://purl.org/dc/elements/1.1/publisher;http://www4.wiwiss.fu-berlin.de/bizer/bsbm/v01/instances/dataFromProducer19/Producer19
http://www4.wiwiss.fu-berlin.de/bizer/bsbm/v01/instances/dataFrom/Product214;http://purl.org/dc/elements/1.1/date;2003-02-14
http://www4.wiwiss.fu-berlin.de/bizer/bsbm/v01/instances/dataFrom/Product568;http://www.w3.org/1999/02/22-rdf-syntax-ns#type;http://www4.wiwiss.fu-berlin.de/bizer/bsbm/v01/vocabulary/Product
http://www4.wiwiss.fu-berlin.de/bizer/bsbm/v01/instances/dataFrom/Product568;http://www.w3.org/1999/02/22-rdf-syntax-ns#type;http://www4.wiwiss.fu-berlin.de/bizer/bsbm/v01/instances/ProductType79
http://www4.wiwiss.fu-berlin.de/bizer/bsbm/v01/instances/dataFrom/Product568;http://www.w3.org/2000/01/rdf-schema#label;valuation vindication
http://www4.wiwiss.fu-berlin.de/bizer/bsbm/v01/instances/dataFrom/Product568;http://www.w3.org/2000/01/rdf-schema#comment;vocational orangiest nances statal perique whinnier shipworms remorses storming tidiest deforesting trothing unslaked merged rooting revenging denuclearize outproduces prevailers obstructiveness badinaging prerecorded henrys bestrides elongates rounds basely splosh plucked fealties emulsifying nonviable cheekiest dugong warders thieved westernized delusionary satiated quiverers bullwhips bowered cruciate twangles shoplifter depravity polymerize slams reverencer smirched enveloped elicits eatings syllogistically discomforts bombs demeaned alders teratological forzandos bookmaking feministic logicize resharpened canvaslike spelt interspersed biotechnological razored clearing dumbwaiters amasser whackier reformated foyers preappearances blackballs cumulates grouped trembling halvahs ophthalmoscopy balkans lido imperilled advertently neckties genocidal reinfects nakedly imputes leukemic cuirassed sealable shocked hearings
http://www4.wiwiss.fu-berlin.de/bizer/bsbm/v01/instances/dataFrom/Product568;http://www4.wiwiss.fu-berlin.de/bizer/bsbm/v01/vocabulary/productPropertyNumeric1;755
http://www4.wiwiss.fu-berlin.de/bizer/bsbm/v01/instances/dataFrom/Product568;http://www4.wiwiss.fu-berlin.de/bizer/bsbm/v01/vocabulary/productPropertyNumeric2;1190
http://www4.wiwiss.fu-berlin.de/bizer/bsbm/v01/instances/dataFrom/Product568;http://www4.wiwiss.fu-berlin.de/bizer/bsbm/v01/vocabulary/productPropertyNumeric3;455
http://www4.wiwiss.fu-berlin.de/bizer/bsbm/v01/instances/dataFrom/Product568;http://www4.wiwiss.fu-berlin.de/bizer/bsbm/v01/vocabulary/productPropertyNumeric4;750
http://www4.wiwiss.fu-berlin.de/bizer/bsbm/v01/instances/dataFrom/Product568;http://www4.wiwiss.fu-berlin.de/bizer/bsbm/v01/vocabulary/productPropertyNumeric5;160
http://www4.wiwiss.fu-berlin.de/bizer/bsbm/v01/instances/dataFrom/Product568;http://www4.wiwiss.fu-berlin.de/bizer/bsbm/v01/vocabulary/productPropertyTextual1;demagogy grueler frettiest rotors hymenopterous phototherapies capelan gastroscopic sympathizing denunciations manifestly prevailingly liquids sexless garrote
http://www4.wiwiss.fu-berlin.de/bizer/bsbm/v01/instances/dataFrom/Product568;http://www4.wiwiss.fu-berlin.de/bizer/bsbm/v01/vocabulary/productPropertyTextual2;tainting socially kales impuissance kris blowsily saltcellar disciplines immemorially mincy oxhearts catamaran scavenger isostatically
http://www4.wiwiss.fu-berlin.de/bizer/bsbm/v01/instances/dataFrom/Product568;http://www4.wiwiss.fu-berlin.de/bizer/bsbm/v01/vocabulary/productPropertyTextual3;titulary payment careered slouching overdiligent
http://www4.wiwiss.fu-berlin.de/bizer/bsbm/v01/instances/dataFrom/Product568;http://www4.wiwiss.fu-berlin.de/bizer/bsbm/v01/vocabulary/productPropertyTextual4;obligator commenced trampolinists suborbital
http://www4.wiwiss.fu-berlin.de/bizer/bsbm/v01/instances/dataFrom/Product568;http://www4.wiwiss.fu-berlin.de/bizer/bsbm/v01/vocabulary/productPropertyTextual5;tollages effortlessness bookplates stirrups retractable leaner
http://www4.wiwiss.fu-berlin.de/bizer/bsbm/v01/instances/dataFrom/Product568;http://www4.wiwiss.fu-berlin.de/bizer/bsbm/v01/vocabulary/productFeature;http://www4.wiwiss.fu-berlin.de/bizer/bsbm/v01/instances/ProductFeature2404
http://www4.wiwiss.fu-berlin.de/bizer/bsbm/v01/instances/dataFrom/Product568;http://www4.wiwiss.fu-berlin.de/bizer/bsbm/v01/vocabulary/productFeature;http://www4.wiwiss.fu-berlin.de/bizer/bsbm/v01/instances/ProductFeature2406
http://www4.wiwiss.fu-berlin.de/bizer/bsbm/v01/instances/dataFrom/Product568;http://www4.wiwiss.fu-berlin.de/bizer/bsbm/v01/vocabulary/productFeature;http://www4.wiwiss.fu-berlin.de/bizer/bsbm/v01/instances/ProductFeature2410
http://www4.wiwiss.fu-berlin.de/bizer/bsbm/v01/instances/dataFrom/Product568;http://www4.wiwiss.fu-berlin.de/bizer/bsbm/v01/vocabulary/productFeature;http://www4.wiwiss.fu-berlin.de/bizer/bsbm/v01/instances/ProductFeature2412
http://www4.wiwiss.fu-berlin.de/bizer/bsbm/v01/instances/dataFrom/Product568;http://www4.wiwiss.fu-berlin.de/bizer/bsbm/v01/vocabulary/productFeature;http://www4.wiwiss.fu-berlin.de/bizer/bsbm/v01/instances/ProductFeature2415
http://www4.wiwiss.fu-berlin.de/bizer/bsbm/v01/instances/dataFrom/Product568;http://www4.wiwiss.fu-berlin.de/bizer/bsbm/v01/vocabulary/productFeature;http://www4.wiwiss.fu-berlin.de/bizer/bsbm/v01/instances/ProductFeature2430
http://www4.wiwiss.fu-berlin.de/bizer/bsbm/v01/instances/dataFrom/Product568;http://www4.wiwiss.fu-berlin.de/bizer/bsbm/v01/vocabulary/productFeature;http://www4.wiwiss.fu-berlin.de/bizer/bsbm/v01/instances/ProductFeature2435
http://www4.wiwiss.fu-berlin.de/bizer/bsbm/v01/instances/dataFrom/Product568;http://www4.wiwiss.fu-berlin.de/bizer/bsbm/v01/vocabulary/productFeature;http://www4.wiwiss.fu-berlin.de/bizer/bsbm/v01/instances/ProductFeature441
http://www4.wiwiss.fu-berlin.de/bizer/bsbm/v01/instances/dataFrom/Product568;http://www4.wiwiss.fu-berlin.de/bizer/bsbm/v01/vocabulary/productFeature;http://www4.wiwiss.fu-berlin.de/bizer/bsbm/v01/instances/ProductFeature442
http://www4.wiwiss.fu-berlin.de/bizer/bsbm/v01/instances/dataFrom/Product568;http://www4.wiwiss.fu-berlin.de/bizer/bsbm/v01/vocabulary/productFeature;http://www4.wiwiss.fu-berlin.de/bizer/bsbm/v01/instances/ProductFeature445
http://www4.wiwiss.fu-berlin.de/bizer/bsbm/v01/instances/dataFrom/Product568;http://www4.wiwiss.fu-berlin.de/bizer/bsbm/v01/vocabulary/productFeature;http://www4.wiwiss.fu-berlin.de/bizer/bsbm/v01/instances/ProductFeature453
http://www4.wiwiss.fu-berlin.de/bizer/bsbm/v01/instances/dataFrom/Product568;http://www4.wiwiss.fu-berlin.de/bizer/bsbm/v01/vocabulary/productFeature;http://www4.wiwiss.fu-berlin.de/bizer/bsbm/v01/instances/ProductFeature457
http://www4.wiwiss.fu-berlin.de/bizer/bsbm/v01/instances/dataFrom/Product568;http://www4.wiwiss.fu-berlin.de/bizer/bsbm/v01/vocabulary/productFeature;http://www4.wiwiss.fu-berlin.de/bizer/bsbm/v01/instances/ProductFeature458
http://www4.wiwiss.fu-berlin.de/bizer/bsbm/v01/instances/dataFrom/Product568;http://www4.wiwiss.fu-berlin.de/bizer/bsbm/v01/vocabulary/productFeature;http://www4.wiwiss.fu-berlin.de/bizer/bsbm/v01/instances/ProductFeature460
http://www4.wiwiss.fu-berlin.de/bizer/bsbm/v01/instances/dataFrom/Product568;http://www4.wiwiss.fu-berlin.de/bizer/bsbm/v01/vocabulary/productFeature;http://www4.wiwiss.fu-berlin.de/bizer/bsbm/v01/instances/ProductFeature469
http://www4.wiwiss.fu-berlin.de/bizer/bsbm/v01/instances/dataFrom/Product568;http://www4.wiwiss.fu-berlin.de/bizer/bsbm/v01/vocabulary/productFeature;http://www4.wiwiss.fu-berlin.de/bizer/bsbm/v01/instances/ProductFeature24
http://www4.wiwiss.fu-berlin.de/bizer/bsbm/v01/instances/dataFrom/Product568;http://www4.wiwiss.fu-berlin.de/bizer/bsbm/v01/vocabulary/productFeature;http://www4.wiwiss.fu-berlin.de/bizer/bsbm/v01/instances/ProductFeature28
http://www4.wiwiss.fu-berlin.de/bizer/bsbm/v01/instances/dataFrom/Product568;http://www4.wiwiss.fu-berlin.de/bizer/bsbm/v01/vocabulary/productFeature;http://www4.wiwiss.fu-berlin.de/bizer/bsbm/v01/instances/ProductFeature30
http://www4.wiwiss.fu-berlin.de/bizer/bsbm/v01/instances/dataFrom/Product568;http://www4.wiwiss.fu-berlin.de/bizer/bsbm/v01/vocabulary/productFeature;http://www4.wiwiss.fu-berlin.de/bizer/bsbm/v01/instances/ProductFeature33
http://www4.wiwiss.fu-berlin.de/bizer/bsbm/v01/instances/dataFrom/Product568;http://www4.wiwiss.fu-berlin.de/bizer/bsbm/v01/vocabulary/productFeature;http://www4.wiwiss.fu-berlin.de/bizer/bsbm/v01/instances/ProductFeature37
http://www4.wiwiss.fu-berlin.de/bizer/bsbm/v01/instances/dataFrom/Product568;http://www4.wiwiss.fu-berlin.de/bizer/bsbm/v01/vocabulary/producer;http://www4.wiwiss.fu-berlin.de/bizer/bsbm/v01/instances/dataFromProducer19/Producer19
http://www4.wiwiss.fu-berlin.de/bizer/bsbm/v01/instances/dataFrom/Product568;http://purl.org/dc/elements/1.1/publisher;http://www4.wiwiss.fu-berlin.de/bizer/bsbm/v01/instances/dataFromProducer19/Producer19
http://www4.wiwiss.fu-berlin.de/bizer/bsbm/v01/instances/dataFrom/Product568;http://purl.org/dc/elements/1.1/date;2003-02-14
http://www4.wiwiss.fu-berlin.de/bizer/bsbm/v01/instances/dataFrom/Product897;http://www.w3.org/1999/02/22-rdf-syntax-ns#type;http://www4.wiwiss.fu-berlin.de/bizer/bsbm/v01/vocabulary/Product
http://www4.wiwiss.fu-berlin.de/bizer/bsbm/v01/instances/dataFrom/Product897;http://www.w3.org/1999/02/22-rdf-syntax-ns#type;http://www4.wiwiss.fu-berlin.de/bizer/bsbm/v01/instances/ProductType79
http://www4.wiwiss.fu-berlin.de/bizer/bsbm/v01/instances/dataFrom/Product897;http://www.w3.org/2000/01/rdf-schema#label;valuation vindication
http://www4.wiwiss.fu-berlin.de/bizer/bsbm/v01/instances/dataFrom/Product897;http://www.w3.org/2000/01/rdf-schema#comment;vocational orangiest nances statal perique whinnier shipworms remorses storming tidiest deforesting trothing unslaked merged rooting revenging denuclearize outproduces prevailers obstructiveness badinaging prerecorded henrys bestrides elongates rounds basely splosh plucked fealties emulsifying nonviable cheekiest dugong warders thieved westernized delusionary satiated quiverers bullwhips bowered cruciate twangles shoplifter depravity polymerize slams reverencer smirched enveloped elicits eatings syllogistically discomforts bombs demeaned alders teratological forzandos bookmaking feministic logicize resharpened canvaslike spelt interspersed biotechnological razored clearing dumbwaiters amasser whackier reformated foyers preappearances blackballs cumulates grouped trembling halvahs ophthalmoscopy balkans lido imperilled advertently neckties genocidal reinfects nakedly imputes leukemic cuirassed sealable shocked hearings
http://www4.wiwiss.fu-berlin.de/bizer/bsbm/v01/instances/dataFrom/Product897;http://www4.wiwiss.fu-berlin.de/bizer/bsbm/v01/vocabulary/productPropertyNumeric1;755
http://www4.wiwiss.fu-berlin.de/bizer/bsbm/v01/instances/dataFrom/Product897;http://www4.wiwiss.fu-berlin.de/bizer/bsbm/v01/vocabulary/productPropertyNumeric2;1190
http://www4.wiwiss.fu-berlin.de/bizer/bsbm/v01/instances/dataFrom/Product897;http://www4.wiwiss.fu-berlin.de/bizer/bsbm/v01/vocabulary/productPropertyNumeric3;455
http://www4.wiwiss.fu-berlin.de/bizer/bsbm/v01/instances/dataFrom/Product897;http://www4.wiwiss.fu-berlin.de/bizer/bsbm/v01/vocabulary/productPropertyNumeric4;750
http://www4.wiwiss.fu-berlin.de/bizer/bsbm/v01/instances/dataFrom/Product897;http://www4.wiwiss.fu-berlin.de/bizer/bsbm/v01/vocabulary/productPropertyNumeric5;160
http://www4.wiwiss.fu-berlin.de/bizer/bsbm/v01/instances/dataFrom/Product897;http://www4.wiwiss.fu-berlin.de/bizer/bsbm/v01/vocabulary/productPropertyTextual1;demagogy grueler frettiest rotors hymenopterous phototherapies capelan gastroscopic sympathizing denunciations manifestly prevailingly liquids sexless garrote
http://www4.wiwiss.fu-berlin.de/bizer/bsbm/v01/instances/dataFrom/Product897;http://www4.wiwiss.fu-berlin.de/bizer/bsbm/v01/vocabulary/productPropertyTextual2;tainting socially kales impuissance kris blowsily saltcellar disciplines immemorially mincy oxhearts catamaran scavenger isostatically
http://www4.wiwiss.fu-berlin.de/bizer/bsbm/v01/instances/dataFrom/Product897;http://www4.wiwiss.fu-berlin.de/bizer/bsbm/v01/vocabulary/productPropertyTextual3;titulary payment careered slouching overdiligent
http://www4.wiwiss.fu-berlin.de/bizer/bsbm/v01/instances/dataFrom/Product897;http://www4.wiwiss.fu-berlin.de/bizer/bsbm/v01/vocabulary/productPropertyTextual4;obligator commenced trampolinists suborbital
http://www4.wiwiss.fu-berlin.de/bizer/bsbm/v01/instances/dataFrom/Product897;http://www4.wiwiss.fu-berlin.de/bizer/bsbm/v01/vocabulary/productPropertyTextual5;tollages effortlessness bookplates stirrups retractable leaner
http://www4.wiwiss.fu-berlin.de/bizer/bsbm/v01/instances/dataFrom/Product897;http://www4.wiwiss.fu-berlin.de/bizer/bsbm/v01/vocabulary/productFeature;http://www4.wiwiss.fu-berlin.de/bizer/bsbm/v01/instances/ProductFeature2404
http://www4.wiwiss.fu-berlin.de/bizer/bsbm/v01/instances/dataFrom/Product897;http://www4.wiwiss.fu-berlin.de/bizer/bsbm/v01/vocabulary/productFeature;http://www4.wiwiss.fu-berlin.de/bizer/bsbm/v01/instances/ProductFeature2406
http://www4.wiwiss.fu-berlin.de/bizer/bsbm/v01/instances/dataFrom/Product897;http://www4.wiwiss.fu-berlin.de/bizer/bsbm/v01/vocabulary/productFeature;http://www4.wiwiss.fu-berlin.de/bizer/bsbm/v01/instances/ProductFeature2410
http://www4.wiwiss.fu-berlin.de/bizer/bsbm/v01/instances/dataFrom/Product897;http://www4.wiwiss.fu-berlin.de/bizer/bsbm/v01/vocabulary/productFeature;http://www4.wiwiss.fu-berlin.de/bizer/bsbm/v01/instances/ProductFeature2412
http://www4.wiwiss.fu-berlin.de/bizer/bsbm/v01/instances/dataFrom/Product897;http://www4.wiwiss.fu-berlin.de/bizer/bsbm/v01/vocabulary/productFeature;http://www4.wiwiss.fu-berlin.de/bizer/bsbm/v01/instances/ProductFeature2415
http://www4.wiwiss.fu-berlin.de/bizer/bsbm/v01/instances/dataFrom/Product897;http://www4.wiwiss.fu-berlin.de/bizer/bsbm/v01/vocabulary/productFeature;http://www4.wiwiss.fu-berlin.de/bizer/bsbm/v01/instances/ProductFeature2430
http://www4.wiwiss.fu-berlin.de/bizer/bsbm/v01/instances/dataFrom/Product897;http://www4.wiwiss.fu-berlin.de/bizer/bsbm/v01/vocabulary/productFeature;http://www4.wiwiss.fu-berlin.de/bizer/bsbm/v01/instances/ProductFeature2435
http://www4.wiwiss.fu-berlin.de/bizer/bsbm/v01/instances/dataFrom/Product897;http://www4.wiwiss.fu-berlin.de/bizer/bsbm/v01/vocabulary/productFeature;http://www4.wiwiss.fu-berlin.de/bizer/bsbm/v01/instances/ProductFeature441
http://www4.wiwiss.fu-berlin.de/bizer/bsbm/v01/instances/dataFrom/Product897;http://www4.wiwiss.fu-berlin.de/bizer/bsbm/v01/vocabulary/productFeature;http://www4.wiwiss.fu-berlin.de/bizer/bsbm/v01/instances/ProductFeature442
http://www4.wiwiss.fu-berlin.de/bizer/bsbm/v01/instances/dataFrom/Product897;http://www4.wiwiss.fu-berlin.de/bizer/bsbm/v01/vocabulary/productFeature;http://www4.wiwiss.fu-berlin.de/bizer/bsbm/v01/instances/ProductFeature445
http://www4.wiwiss.fu-berlin.de/bizer/bsbm/v01/instances/dataFrom/Product897;http://www4.wiwiss.fu-berlin.de/bizer/bsbm/v01/vocabulary/productFeature;http://www4.wiwiss.fu-berlin.de/bizer/bsbm/v01/instances/ProductFeature453
http://www4.wiwiss.fu-berlin.de/bizer/bsbm/v01/instances/dataFrom/Product897;http://www4.wiwiss.fu-berlin.de/bizer/bsbm/v01/vocabulary/productFeature;http://www4.wiwiss.fu-berlin.de/bizer/bsbm/v01/instances/ProductFeature457
http://www4.wiwiss.fu-berlin.de/bizer/bsbm/v01/instances/dataFrom/Product897;http://www4.wiwiss.fu-berlin.de/bizer/bsbm/v01/vocabulary/productFeature;http://www4.wiwiss.fu-berlin.de/bizer/bsbm/v01/instances/ProductFeature458
http://www4.wiwiss.fu-berlin.de/bizer/bsbm/v01/instances/dataFrom/Product897;http://www4.wiwiss.fu-berlin.de/bizer/bsbm/v01/vocabulary/productFeature;http://www4.wiwiss.fu-berlin.de/bizer/bsbm/v01/instances/ProductFeature460
http://www4.wiwiss.fu-berlin.de/bizer/bsbm/v01/instances/dataFrom/Product897;http://www4.wiwiss.fu-berlin.de/bizer/bsbm/v01/vocabulary/productFeature;http://www4.wiwiss.fu-berlin.de/bizer/bsbm/v01/instances/ProductFeature469
http://www4.wiwiss.fu-berlin.de/bizer/bsbm/v01/instances/dataFrom/Product897;http://www4.wiwiss.fu-berlin.de/bizer/bsbm/v01/vocabulary/productFeature;http://www4.wiwiss.fu-berlin.de/bizer/bsbm/v01/instances/ProductFeature24
http://www4.wiwiss.fu-berlin.de/bizer/bsbm/v01/instances/dataFrom/Product897;http://www4.wiwiss.fu-berlin.de/bizer/bsbm/v01/vocabulary/productFeature;http://www4.wiwiss.fu-berlin.de/bizer/bsbm/v01/instances/ProductFeature28
http://www4.wiwiss.fu-berlin.de/bizer/bsbm/v01/instances/dataFrom/Product897;http://www4.wiwiss.fu-berlin.de/bizer/bsbm/v01/vocabulary/productFeature;http://www4.wiwiss.fu-berlin.de/bizer/bsbm/v01/instances/ProductFeature30
http://www4.wiwiss.fu-berlin.de/bizer/bsbm/v01/instances/dataFrom/Product897;http://www4.wiwiss.fu-berlin.de/bizer/bsbm/v01/vocabulary/productFeature;http://www4.wiwiss.fu-berlin.de/bizer/bsbm/v01/instances/ProductFeature33
http://www4.wiwiss.fu-berlin.de/bizer/bsbm/v01/instances/dataFrom/Product897;http://www4.wiwiss.fu-berlin.de/bizer/bsbm/v01/vocabulary/productFeature;http://www4.wiwiss.fu-berlin.de/bizer/bsbm/v01/instances/ProductFeature37
http://www4.wiwiss.fu-berlin.de/bizer/bsbm/v01/instances/dataFrom/Product897;http://www4.wiwiss.fu-berlin.de/bizer/bsbm/v01/vocabulary/producer;http://www4.wiwiss.fu-berlin.de/bizer/bsbm/v01/instances/dataFromProducer19/Producer19
http://www4.wiwiss.fu-berlin.de/bizer/bsbm/v01/instances/dataFrom/Product897;http://purl.org/dc/elements/1.1/publisher;http://www4.wiwiss.fu-berlin.de/bizer/bsbm/v01/instances/dataFromProducer19/Producer19
http://www4.wiwiss.fu-berlin.de/bizer/bsbm/v01/instances/dataFrom/Product897;http://purl.org/dc/elements/1.1/date;2003-02-14
http://www4.wiwiss.fu-berlin.de/bizer/bsbm/v01/instances/dataFrom/Product364;http://www.w3.org/1999/02/22-rdf-syntax-ns#type;http://www4.wiwiss.fu-berlin.de/bizer/bsbm/v01/vocabulary/Product
http://www4.wiwiss.fu-berlin.de/bizer/bsbm/v01/instances/dataFrom/Product364;http://www.w3.org/1999/02/22-rdf-syntax-ns#type;http://www4.wiwiss.fu-berlin.de/bizer/bsbm/v01/instances/ProductType79
http://www4.wiwiss.fu-berlin.de/bizer/bsbm/v01/instances/dataFrom/Product364;http://www.w3.org/2000/01/rdf-schema#label;valuation vindication
http://www4.wiwiss.fu-berlin.de/bizer/bsbm/v01/instances/dataFrom/Product364;http://www.w3.org/2000/01/rdf-schema#comment;vocational orangiest nances statal perique whinnier shipworms remorses storming tidiest deforesting trothing unslaked merged rooting revenging denuclearize outproduces prevailers obstructiveness badinaging prerecorded henrys bestrides elongates rounds basely splosh plucked fealties emulsifying nonviable cheekiest dugong warders thieved westernized delusionary satiated quiverers bullwhips bowered cruciate twangles shoplifter depravity polymerize slams reverencer smirched enveloped elicits eatings syllogistically discomforts bombs demeaned alders teratological forzandos bookmaking feministic logicize resharpened canvaslike spelt interspersed biotechnological razored clearing dumbwaiters amasser whackier reformated foyers preappearances blackballs cumulates grouped trembling halvahs ophthalmoscopy balkans lido imperilled advertently neckties genocidal reinfects nakedly imputes leukemic cuirassed sealable shocked hearings
http://www4.wiwiss.fu-berlin.de/bizer/bsbm/v01/instances/dataFrom/Product364;http://www4.wiwiss.fu-berlin.de/bizer/bsbm/v01/vocabulary/productPropertyNumeric1;755
http://www4.wiwiss.fu-berlin.de/bizer/bsbm/v01/instances/dataFrom/Product364;http://www4.wiwiss.fu-berlin.de/bizer/bsbm/v01/vocabulary/productPropertyNumeric2;1190
http://www4.wiwiss.fu-berlin.de/bizer/bsbm/v01/instances/dataFrom/Product364;http://www4.wiwiss.fu-berlin.de/bizer/bsbm/v01/vocabulary/productPropertyNumeric3;455
http://www4.wiwiss.fu-berlin.de/bizer/bsbm/v01/instances/dataFrom/Product364;http://www4.wiwiss.fu-berlin.de/bizer/bsbm/v01/vocabulary/productPropertyNumeric4;750
http://www4.wiwiss.fu-berlin.de/bizer/bsbm/v01/instances/dataFrom/Product364;http://www4.wiwiss.fu-berlin.de/bizer/bsbm/v01/vocabulary/productPropertyNumeric5;160
http://www4.wiwiss.fu-berlin.de/bizer/bsbm/v01/instances/dataFrom/Product364;http://www4.wiwiss.fu-berlin.de/bizer/bsbm/v01/vocabulary/productPropertyTextual1;demagogy grueler frettiest rotors hymenopterous phototherapies capelan gastroscopic sympathizing denunciations manifestly prevailingly liquids sexless garrote
http://www4.wiwiss.fu-berlin.de/bizer/bsbm/v01/instances/dataFrom/Product364;http://www4.wiwiss.fu-berlin.de/bizer/bsbm/v01/vocabulary/productPropertyTextual2;tainting socially kales impuissance kris blowsily saltcellar disciplines immemorially mincy oxhearts catamaran scavenger isostatically
http://www4.wiwiss.fu-berlin.de/bizer/bsbm/v01/instances/dataFrom/Product364;http://www4.wiwiss.fu-berlin.de/bizer/bsbm/v01/vocabulary/productPropertyTextual3;titulary payment careered slouching overdiligent
http://www4.wiwiss.fu-berlin.de/bizer/bsbm/v01/instances/dataFrom/Product364;http://www4.wiwiss.fu-berlin.de/bizer/bsbm/v01/vocabulary/productPropertyTextual4;obligator commenced trampolinists suborbital
http://www4.wiwiss.fu-berlin.de/bizer/bsbm/v01/instances/dataFrom/Product364;http://www4.wiwiss.fu-berlin.de/bizer/bsbm/v01/vocabulary/productPropertyTextual5;tollages effortlessness bookplates stirrups retractable leaner
http://www4.wiwiss.fu-berlin.de/bizer/bsbm/v01/instances/dataFrom/Product364;http://www4.wiwiss.fu-berlin.de/bizer/bsbm/v01/vocabulary/productFeature;http://www4.wiwiss.fu-berlin.de/bizer/bsbm/v01/instances/ProductFeature2404
http://www4.wiwiss.fu-berlin.de/bizer/bsbm/v01/instances/dataFrom/Product364;http://www4.wiwiss.fu-berlin.de/bizer/bsbm/v01/vocabulary/productFeature;http://www4.wiwiss.fu-berlin.de/bizer/bsbm/v01/instances/ProductFeature2406
http://www4.wiwiss.fu-berlin.de/bizer/bsbm/v01/instances/dataFrom/Product364;http://www4.wiwiss.fu-berlin.de/bizer/bsbm/v01/vocabulary/productFeature;http://www4.wiwiss.fu-berlin.de/bizer/bsbm/v01/instances/ProductFeature2410
http://www4.wiwiss.fu-berlin.de/bizer/bsbm/v01/instances/dataFrom/Product364;http://www4.wiwiss.fu-berlin.de/bizer/bsbm/v01/vocabulary/productFeature;http://www4.wiwiss.fu-berlin.de/bizer/bsbm/v01/instances/ProductFeature2412
http://www4.wiwiss.fu-berlin.de/bizer/bsbm/v01/instances/dataFrom/Product364;http://www4.wiwiss.fu-berlin.de/bizer/bsbm/v01/vocabulary/productFeature;http://www4.wiwiss.fu-berlin.de/bizer/bsbm/v01/instances/ProductFeature2415
http://www4.wiwiss.fu-berlin.de/bizer/bsbm/v01/instances/dataFrom/Product364;http://www4.wiwiss.fu-berlin.de/bizer/bsbm/v01/vocabulary/productFeature;http://www4.wiwiss.fu-berlin.de/bizer/bsbm/v01/instances/ProductFeature2430
http://www4.wiwiss.fu-berlin.de/bizer/bsbm/v01/instances/dataFrom/Product364;http://www4.wiwiss.fu-berlin.de/bizer/bsbm/v01/vocabulary/productFeature;http://www4.wiwiss.fu-berlin.de/bizer/bsbm/v01/instances/ProductFeature2435
http://www4.wiwiss.fu-berlin.de/bizer/bsbm/v01/instances/dataFrom/Product364;http://www4.wiwiss.fu-berlin.de/bizer/bsbm/v01/vocabulary/productFeature;http://www4.wiwiss.fu-berlin.de/bizer/bsbm/v01/instances/ProductFeature441
http://www4.wiwiss.fu-berlin.de/bizer/bsbm/v01/instances/dataFrom/Product364;http://www4.wiwiss.fu-berlin.de/bizer/bsbm/v01/vocabulary/productFeature;http://www4.wiwiss.fu-berlin.de/bizer/bsbm/v01/instances/ProductFeature442
http://www4.wiwiss.fu-berlin.de/bizer/bsbm/v01/instances/dataFrom/Product364;http://www4.wiwiss.fu-berlin.de/bizer/bsbm/v01/vocabulary/productFeature;http://www4.wiwiss.fu-berlin.de/bizer/bsbm/v01/instances/ProductFeature445
http://www4.wiwiss.fu-berlin.de/bizer/bsbm/v01/instances/dataFrom/Product364;http://www4.wiwiss.fu-berlin.de/bizer/bsbm/v01/vocabulary/productFeature;http://www4.wiwiss.fu-berlin.de/bizer/bsbm/v01/instances/ProductFeature453
http://www4.wiwiss.fu-berlin.de/bizer/bsbm/v01/instances/dataFrom/Product364;http://www4.wiwiss.fu-berlin.de/bizer/bsbm/v01/vocabulary/productFeature;http://www4.wiwiss.fu-berlin.de/bizer/bsbm/v01/instances/ProductFeature457
http://www4.wiwiss.fu-berlin.de/bizer/bsbm/v01/instances/dataFrom/Product364;http://www4.wiwiss.fu-berlin.de/bizer/bsbm/v01/vocabulary/productFeature;http://www4.wiwiss.fu-berlin.de/bizer/bsbm/v01/instances/ProductFeature458
http://www4.wiwiss.fu-berlin.de/bizer/bsbm/v01/instances/dataFrom/Product364;http://www4.wiwiss.fu-berlin.de/bizer/bsbm/v01/vocabulary/productFeature;http://www4.wiwiss.fu-berlin.de/bizer/bsbm/v01/instances/ProductFeature460
http://www4.wiwiss.fu-berlin.de/bizer/bsbm/v01/instances/dataFrom/Product364;http://www4.wiwiss.fu-berlin.de/bizer/bsbm/v01/vocabulary/productFeature;http://www4.wiwiss.fu-berlin.de/bizer/bsbm/v01/instances/ProductFeature469
http://www4.wiwiss.fu-berlin.de/bizer/bsbm/v01/instances/dataFrom/Product364;http://www4.wiwiss.fu-berlin.de/bizer/bsbm/v01/vocabulary/productFeature;http://www4.wiwiss.fu-berlin.de/bizer/bsbm/v01/instances/ProductFeature24
http://www4.wiwiss.fu-berlin.de/bizer/bsbm/v01/instances/dataFrom/Product364;http://www4.wiwiss.fu-berlin.de/bizer/bsbm/v01/vocabulary/productFeature;http://www4.wiwiss.fu-berlin.de/bizer/bsbm/v01/instances/ProductFeature28
http://www4.wiwiss.fu-berlin.de/bizer/bsbm/v01/instances/dataFrom/Product364;http://www4.wiwiss.fu-berlin.de/bizer/bsbm/v01/vocabulary/productFeature;http://www4.wiwiss.fu-berlin.de/bizer/bsbm/v01/instances/ProductFeature30
http://www4.wiwiss.fu-berlin.de/bizer/bsbm/v01/instances/dataFrom/Product364;http://www4.wiwiss.fu-berlin.de/bizer/bsbm/v01/vocabulary/productFeature;http://www4.wiwiss.fu-berlin.de/bizer/bsbm/v01/instances/ProductFeature33
http://www4.wiwiss.fu-berlin.de/bizer/bsbm/v01/instances/dataFrom/Product364;http://www4.wiwiss.fu-berlin.de/bizer/bsbm/v01/vocabulary/productFeature;http://www4.wiwiss.fu-berlin.de/bizer/bsbm/v01/instances/ProductFeature37
http://www4.wiwiss.fu-berlin.de/bizer/bsbm/v01/instances/dataFrom/Product364;http://www4.wiwiss.fu-berlin.de/bizer/bsbm/v01/vocabulary/producer;http://www4.wiwiss.fu-berlin.de/bizer/bsbm/v01/instances/dataFromProducer19/Producer19
http://www4.wiwiss.fu-berlin.de/bizer/bsbm/v01/instances/dataFrom/Product364;http://purl.org/dc/elements/1.1/publisher;http://www4.wiwiss.fu-berlin.de/bizer/bsbm/v01/instances/dataFromProducer19/Producer19
http://www4.wiwiss.fu-berlin.de/bizer/bsbm/v01/instances/dataFrom/Product364;http://purl.org/dc/elements/1.1/date;2003-02-14
http://www4.wiwiss.fu-berlin.de/bizer/bsbm/v01/instances/dataFrom/Product945;http://www.w3.org/1999/02/22-rdf-syntax-ns#type;http://www4.wiwiss.fu-berlin.de/bizer/bsbm/v01/vocabulary/Product
http://www4.wiwiss.fu-berlin.de/bizer/bsbm/v01/instances/dataFrom/Product945;http://www.w3.org/1999/02/22-rdf-syntax-ns#type;http://www4.wiwiss.fu-berlin.de/bizer/bsbm/v01/instances/ProductType79
http://www4.wiwiss.fu-berlin.de/bizer/bsbm/v01/instances/dataFrom/Product945;http://www.w3.org/2000/01/rdf-schema#label;valuation vindication
http://www4.wiwiss.fu-berlin.de/bizer/bsbm/v01/instances/dataFrom/Product945;http://www.w3.org/2000/01/rdf-schema#comment;vocational orangiest nances statal perique whinnier shipworms remorses storming tidiest deforesting trothing unslaked merged rooting revenging denuclearize outproduces prevailers obstructiveness badinaging prerecorded henrys bestrides elongates rounds basely splosh plucked fealties emulsifying nonviable cheekiest dugong warders thieved westernized delusionary satiated quiverers bullwhips bowered cruciate twangles shoplifter depravity polymerize slams reverencer smirched enveloped elicits eatings syllogistically discomforts bombs demeaned alders teratological forzandos bookmaking feministic logicize resharpened canvaslike spelt interspersed biotechnological razored clearing dumbwaiters amasser whackier reformated foyers preappearances blackballs cumulates grouped trembling halvahs ophthalmoscopy balkans lido imperilled advertently neckties genocidal reinfects nakedly imputes leukemic cuirassed sealable shocked hearings
http://www4.wiwiss.fu-berlin.de/bizer/bsbm/v01/instances/dataFrom/Product945;http://www4.wiwiss.fu-berlin.de/bizer/bsbm/v01/vocabulary/productPropertyNumeric1;755
http://www4.wiwiss.fu-berlin.de/bizer/bsbm/v01/instances/dataFrom/Product945;http://www4.wiwiss.fu-berlin.de/bizer/bsbm/v01/vocabulary/productPropertyNumeric2;1190
http://www4.wiwiss.fu-berlin.de/bizer/bsbm/v01/instances/dataFrom/Product945;http://www4.wiwiss.fu-berlin.de/bizer/bsbm/v01/vocabulary/productPropertyNumeric3;455
http://www4.wiwiss.fu-berlin.de/bizer/bsbm/v01/instances/dataFrom/Product945;http://www4.wiwiss.fu-berlin.de/bizer/bsbm/v01/vocabulary/productPropertyNumeric4;750
http://www4.wiwiss.fu-berlin.de/bizer/bsbm/v01/instances/dataFrom/Product945;http://www4.wiwiss.fu-berlin.de/bizer/bsbm/v01/vocabulary/productPropertyNumeric5;160
http://www4.wiwiss.fu-berlin.de/bizer/bsbm/v01/instances/dataFrom/Product945;http://www4.wiwiss.fu-berlin.de/bizer/bsbm/v01/vocabulary/productPropertyTextual1;demagogy grueler frettiest rotors hymenopterous phototherapies capelan gastroscopic sympathizing denunciations manifestly prevailingly liquids sexless garrote
http://www4.wiwiss.fu-berlin.de/bizer/bsbm/v01/instances/dataFrom/Product945;http://www4.wiwiss.fu-berlin.de/bizer/bsbm/v01/vocabulary/productPropertyTextual2;tainting socially kales impuissance kris blowsily saltcellar disciplines immemorially mincy oxhearts catamaran scavenger isostatically
http://www4.wiwiss.fu-berlin.de/bizer/bsbm/v01/instances/dataFrom/Product945;http://www4.wiwiss.fu-berlin.de/bizer/bsbm/v01/vocabulary/productPropertyTextual3;titulary payment careered slouching overdiligent
http://www4.wiwiss.fu-berlin.de/bizer/bsbm/v01/instances/dataFrom/Product945;http://www4.wiwiss.fu-berlin.de/bizer/bsbm/v01/vocabulary/productPropertyTextual4;obligator commenced trampolinists suborbital
http://www4.wiwiss.fu-berlin.de/bizer/bsbm/v01/instances/dataFrom/Product945;http://www4.wiwiss.fu-berlin.de/bizer/bsbm/v01/vocabulary/productPropertyTextual5;tollages effortlessness bookplates stirrups retractable leaner
http://www4.wiwiss.fu-berlin.de/bizer/bsbm/v01/instances/dataFrom/Product945;http://www4.wiwiss.fu-berlin.de/bizer/bsbm/v01/vocabulary/productFeature;http://www4.wiwiss.fu-berlin.de/bizer/bsbm/v01/instances/ProductFeature2404
http://www4.wiwiss.fu-berlin.de/bizer/bsbm/v01/instances/dataFrom/Product945;http://www4.wiwiss.fu-berlin.de/bizer/bsbm/v01/vocabulary/productFeature;http://www4.wiwiss.fu-berlin.de/bizer/bsbm/v01/instances/ProductFeature2406
http://www4.wiwiss.fu-berlin.de/bizer/bsbm/v01/instances/dataFrom/Product945;http://www4.wiwiss.fu-berlin.de/bizer/bsbm/v01/vocabulary/productFeature;http://www4.wiwiss.fu-berlin.de/bizer/bsbm/v01/instances/ProductFeature2410
http://www4.wiwiss.fu-berlin.de/bizer/bsbm/v01/instances/dataFrom/Product945;http://www4.wiwiss.fu-berlin.de/bizer/bsbm/v01/vocabulary/productFeature;http://www4.wiwiss.fu-berlin.de/bizer/bsbm/v01/instances/ProductFeature2412
http://www4.wiwiss.fu-berlin.de/bizer/bsbm/v01/instances/dataFrom/Product945;http://www4.wiwiss.fu-berlin.de/bizer/bsbm/v01/vocabulary/productFeature;http://www4.wiwiss.fu-berlin.de/bizer/bsbm/v01/instances/ProductFeature2415
http://www4.wiwiss.fu-berlin.de/bizer/bsbm/v01/instances/dataFrom/Product945;http://www4.wiwiss.fu-berlin.de/bizer/bsbm/v01/vocabulary/productFeature;http://www4.wiwiss.fu-berlin.de/bizer/bsbm/v01/instances/ProductFeature2430
http://www4.wiwiss.fu-berlin.de/bizer/bsbm/v01/instances/dataFrom/Product945;http://www4.wiwiss.fu-berlin.de/bizer/bsbm/v01/vocabulary/productFeature;http://www4.wiwiss.fu-berlin.de/bizer/bsbm/v01/instances/ProductFeature2435
http://www4.wiwiss.fu-berlin.de/bizer/bsbm/v01/instances/dataFrom/Product945;http://www4.wiwiss.fu-berlin.de/bizer/bsbm/v01/vocabulary/productFeature;http://www4.wiwiss.fu-berlin.de/bizer/bsbm/v01/instances/ProductFeature441
http://www4.wiwiss.fu-berlin.de/bizer/bsbm/v01/instances/dataFrom/Product945;http://www4.wiwiss.fu-berlin.de/bizer/bsbm/v01/vocabulary/productFeature;http://www4.wiwiss.fu-berlin.de/bizer/bsbm/v01/instances/ProductFeature442
http://www4.wiwiss.fu-berlin.de/bizer/bsbm/v01/instances/dataFrom/Product945;http://www4.wiwiss.fu-berlin.de/bizer/bsbm/v01/vocabulary/productFeature;http://www4.wiwiss.fu-berlin.de/bizer/bsbm/v01/instances/ProductFeature445
http://www4.wiwiss.fu-berlin.de/bizer/bsbm/v01/instances/dataFrom/Product945;http://www4.wiwiss.fu-berlin.de/bizer/bsbm/v01/vocabulary/productFeature;http://www4.wiwiss.fu-berlin.de/bizer/bsbm/v01/instances/ProductFeature453
http://www4.wiwiss.fu-berlin.de/bizer/bsbm/v01/instances/dataFrom/Product945;http://www4.wiwiss.fu-berlin.de/bizer/bsbm/v01/vocabulary/productFeature;http://www4.wiwiss.fu-berlin.de/bizer/bsbm/v01/instances/ProductFeature457
http://www4.wiwiss.fu-berlin.de/bizer/bsbm/v01/instances/dataFrom/Product945;http://www4.wiwiss.fu-berlin.de/bizer/bsbm/v01/vocabulary/productFeature;http://www4.wiwiss.fu-berlin.de/bizer/bsbm/v01/instances/ProductFeature458
http://www4.wiwiss.fu-berlin.de/bizer/bsbm/v01/instances/dataFrom/Product945;http://www4.wiwiss.fu-berlin.de/bizer/bsbm/v01/vocabulary/productFeature;http://www4.wiwiss.fu-berlin.de/bizer/bsbm/v01/instances/ProductFeature460
http://www4.wiwiss.fu-berlin.de/bizer/bsbm/v01/instances/dataFrom/Product945;http://www4.wiwiss.fu-berlin.de/bizer/bsbm/v01/vocabulary/productFeature;http://www4.wiwiss.fu-berlin.de/bizer/bsbm/v01/instances/ProductFeature469
http://www4.wiwiss.fu-berlin.de/bizer/bsbm/v01/instances/dataFrom/Product945;http://www4.wiwiss.fu-berlin.de/bizer/bsbm/v01/vocabulary/productFeature;http://www4.wiwiss.fu-berlin.de/bizer/bsbm/v01/instances/ProductFeature24
http://www4.wiwiss.fu-berlin.de/bizer/bsbm/v01/instances/dataFrom/Product945;http://www4.wiwiss.fu-berlin.de/bizer/bsbm/v01/vocabulary/productFeature;http://www4.wiwiss.fu-berlin.de/bizer/bsbm/v01/instances/ProductFeature28
http://www4.wiwiss.fu-berlin.de/bizer/bsbm/v01/instances/dataFrom/Product945;http://www4.wiwiss.fu-berlin.de/bizer/bsbm/v01/vocabulary/productFeature;http://www4.wiwiss.fu-berlin.de/bizer/bsbm/v01/instances/ProductFeature30
http://www4.wiwiss.fu-berlin.de/bizer/bsbm/v01/instances/dataFrom/Product945;http://www4.wiwiss.fu-berlin.de/bizer/bsbm/v01/vocabulary/productFeature;http://www4.wiwiss.fu-berlin.de/bizer/bsbm/v01/instances/ProductFeature33
http://www4.wiwiss.fu-berlin.de/bizer/bsbm/v01/instances/dataFrom/Product945;http://www4.wiwiss.fu-berlin.de/bizer/bsbm/v01/vocabulary/productFeature;http://www4.wiwiss.fu-berlin.de/bizer/bsbm/v01/instances/ProductFeature37
http://www4.wiwiss.fu-berlin.de/bizer/bsbm/v01/instances/dataFrom/Product945;http://www4.wiwiss.fu-berlin.de/bizer/bsbm/v01/vocabulary/producer;http://www4.wiwiss.fu-berlin.de/bizer/bsbm/v01/instances/dataFromProducer19/Producer19
http://www4.wiwiss.fu-berlin.de/bizer/bsbm/v01/instances/dataFrom/Product945;http://purl.org/dc/elements/1.1/publisher;http://www4.wiwiss.fu-berlin.de/bizer/bsbm/v01/instances/dataFromProducer19/Producer19
http://www4.wiwiss.fu-berlin.de/bizer/bsbm/v01/instances/dataFrom/Product945;http://purl.org/dc/elements/1.1/date;2003-02-14
http://www4.wiwiss.fu-berlin.de/bizer/bsbm/v01/instances/dataFrom/Product637;http://www.w3.org/1999/02/22-rdf-syntax-ns#type;http://www4.wiwiss.fu-berlin.de/bizer/bsbm/v01/vocabulary/Product
http://www4.wiwiss.fu-berlin.de/bizer/bsbm/v01/instances/dataFrom/Product637;http://www.w3.org/1999/02/22-rdf-syntax-ns#type;http://www4.wiwiss.fu-berlin.de/bizer/bsbm/v01/instances/ProductType79
http://www4.wiwiss.fu-berlin.de/bizer/bsbm/v01/instances/dataFrom/Product637;http://www.w3.org/2000/01/rdf-schema#label;valuation vindication
http://www4.wiwiss.fu-berlin.de/bizer/bsbm/v01/instances/dataFrom/Product637;http://www.w3.org/2000/01/rdf-schema#comment;vocational orangiest nances statal perique whinnier shipworms remorses storming tidiest deforesting trothing unslaked merged rooting revenging denuclearize outproduces prevailers obstructiveness badinaging prerecorded henrys bestrides elongates rounds basely splosh plucked fealties emulsifying nonviable cheekiest dugong warders thieved westernized delusionary satiated quiverers bullwhips bowered cruciate twangles shoplifter depravity polymerize slams reverencer smirched enveloped elicits eatings syllogistically discomforts bombs demeaned alders teratological forzandos bookmaking feministic logicize resharpened canvaslike spelt interspersed biotechnological razored clearing dumbwaiters amasser whackier reformated foyers preappearances blackballs cumulates grouped trembling halvahs ophthalmoscopy balkans lido imperilled advertently neckties genocidal reinfects nakedly imputes leukemic cuirassed sealable shocked hearings
http://www4.wiwiss.fu-berlin.de/bizer/bsbm/v01/instances/dataFrom/Product637;http://www4.wiwiss.fu-berlin.de/bizer/bsbm/v01/vocabulary/productPropertyNumeric1;755
http://www4.wiwiss.fu-berlin.de/bizer/bsbm/v01/instances/dataFrom/Product637;http://www4.wiwiss.fu-berlin.de/bizer/bsbm/v01/vocabulary/productPropertyNumeric2;1190
http://www4.wiwiss.fu-berlin.de/bizer/bsbm/v01/instances/dataFrom/Product637;http://www4.wiwiss.fu-berlin.de/bizer/bsbm/v01/vocabulary/productPropertyNumeric3;455
http://www4.wiwiss.fu-berlin.de/bizer/bsbm/v01/instances/dataFrom/Product637;http://www4.wiwiss.fu-berlin.de/bizer/bsbm/v01/vocabulary/productPropertyNumeric4;750
http://www4.wiwiss.fu-berlin.de/bizer/bsbm/v01/instances/dataFrom/Product637;http://www4.wiwiss.fu-berlin.de/bizer/bsbm/v01/vocabulary/productPropertyNumeric5;160
http://www4.wiwiss.fu-berlin.de/bizer/bsbm/v01/instances/dataFrom/Product637;http://www4.wiwiss.fu-berlin.de/bizer/bsbm/v01/vocabulary/productPropertyTextual1;demagogy grueler frettiest rotors hymenopterous phototherapies capelan gastroscopic sympathizing denunciations manifestly prevailingly liquids sexless garrote
http://www4.wiwiss.fu-berlin.de/bizer/bsbm/v01/instances/dataFrom/Product637;http://www4.wiwiss.fu-berlin.de/bizer/bsbm/v01/vocabulary/productPropertyTextual2;tainting socially kales impuissance kris blowsily saltcellar disciplines immemorially mincy oxhearts catamaran scavenger isostatically
http://www4.wiwiss.fu-berlin.de/bizer/bsbm/v01/instances/dataFrom/Product637;http://www4.wiwiss.fu-berlin.de/bizer/bsbm/v01/vocabulary/productPropertyTextual3;titulary payment careered slouching overdiligent
http://www4.wiwiss.fu-berlin.de/bizer/bsbm/v01/instances/dataFrom/Product637;http://www4.wiwiss.fu-berlin.de/bizer/bsbm/v01/vocabulary/productPropertyTextual4;obligator commenced trampolinists suborbital
http://www4.wiwiss.fu-berlin.de/bizer/bsbm/v01/instances/dataFrom/Product637;http://www4.wiwiss.fu-berlin.de/bizer/bsbm/v01/vocabulary/productPropertyTextual5;tollages effortlessness bookplates stirrups retractable leaner
http://www4.wiwiss.fu-berlin.de/bizer/bsbm/v01/instances/dataFrom/Product637;http://www4.wiwiss.fu-berlin.de/bizer/bsbm/v01/vocabulary/productFeature;http://www4.wiwiss.fu-berlin.de/bizer/bsbm/v01/instances/ProductFeature2404
http://www4.wiwiss.fu-berlin.de/bizer/bsbm/v01/instances/dataFrom/Product637;http://www4.wiwiss.fu-berlin.de/bizer/bsbm/v01/vocabulary/productFeature;http://www4.wiwiss.fu-berlin.de/bizer/bsbm/v01/instances/ProductFeature2406
http://www4.wiwiss.fu-berlin.de/bizer/bsbm/v01/instances/dataFrom/Product637;http://www4.wiwiss.fu-berlin.de/bizer/bsbm/v01/vocabulary/productFeature;http://www4.wiwiss.fu-berlin.de/bizer/bsbm/v01/instances/ProductFeature2410
http://www4.wiwiss.fu-berlin.de/bizer/bsbm/v01/instances/dataFrom/Product637;http://www4.wiwiss.fu-berlin.de/bizer/bsbm/v01/vocabulary/productFeature;http://www4.wiwiss.fu-berlin.de/bizer/bsbm/v01/instances/ProductFeature2412
http://www4.wiwiss.fu-berlin.de/bizer/bsbm/v01/instances/dataFrom/Product637;http://www4.wiwiss.fu-berlin.de/bizer/bsbm/v01/vocabulary/productFeature;http://www4.wiwiss.fu-berlin.de/bizer/bsbm/v01/instances/ProductFeature2415
http://www4.wiwiss.fu-berlin.de/bizer/bsbm/v01/instances/dataFrom/Product637;http://www4.wiwiss.fu-berlin.de/bizer/bsbm/v01/vocabulary/productFeature;http://www4.wiwiss.fu-berlin.de/bizer/bsbm/v01/instances/ProductFeature2430
http://www4.wiwiss.fu-berlin.de/bizer/bsbm/v01/instances/dataFrom/Product637;http://www4.wiwiss.fu-berlin.de/bizer/bsbm/v01/vocabulary/productFeature;http://www4.wiwiss.fu-berlin.de/bizer/bsbm/v01/instances/ProductFeature2435
http://www4.wiwiss.fu-berlin.de/bizer/bsbm/v01/instances/dataFrom/Product637;http://www4.wiwiss.fu-berlin.de/bizer/bsbm/v01/vocabulary/productFeature;http://www4.wiwiss.fu-berlin.de/bizer/bsbm/v01/instances/ProductFeature441
http://www4.wiwiss.fu-berlin.de/bizer/bsbm/v01/instances/dataFrom/Product637;http://www4.wiwiss.fu-berlin.de/bizer/bsbm/v01/vocabulary/productFeature;http://www4.wiwiss.fu-berlin.de/bizer/bsbm/v01/instances/ProductFeature442
http://www4.wiwiss.fu-berlin.de/bizer/bsbm/v01/instances/dataFrom/Product637;http://www4.wiwiss.fu-berlin.de/bizer/bsbm/v01/vocabulary/productFeature;http://www4.wiwiss.fu-berlin.de/bizer/bsbm/v01/instances/ProductFeature445
http://www4.wiwiss.fu-berlin.de/bizer/bsbm/v01/instances/dataFrom/Product637;http://www4.wiwiss.fu-berlin.de/bizer/bsbm/v01/vocabulary/productFeature;http://www4.wiwiss.fu-berlin.de/bizer/bsbm/v01/instances/ProductFeature453
http://www4.wiwiss.fu-berlin.de/bizer/bsbm/v01/instances/dataFrom/Product637;http://www4.wiwiss.fu-berlin.de/bizer/bsbm/v01/vocabulary/productFeature;http://www4.wiwiss.fu-berlin.de/bizer/bsbm/v01/instances/ProductFeature457
http://www4.wiwiss.fu-berlin.de/bizer/bsbm/v01/instances/dataFrom/Product637;http://www4.wiwiss.fu-berlin.de/bizer/bsbm/v01/vocabulary/productFeature;http://www4.wiwiss.fu-berlin.de/bizer/bsbm/v01/instances/ProductFeature458
http://www4.wiwiss.fu-berlin.de/bizer/bsbm/v01/instances/dataFrom/Product637;http://www4.wiwiss.fu-berlin.de/bizer/bsbm/v01/vocabulary/productFeature;http://www4.wiwiss.fu-berlin.de/bizer/bsbm/v01/instances/ProductFeature460
http://www4.wiwiss.fu-berlin.de/bizer/bsbm/v01/instances/dataFrom/Product637;http://www4.wiwiss.fu-berlin.de/bizer/bsbm/v01/vocabulary/productFeature;http://www4.wiwiss.fu-berlin.de/bizer/bsbm/v01/instances/ProductFeature469
http://www4.wiwiss.fu-berlin.de/bizer/bsbm/v01/instances/dataFrom/Product637;http://www4.wiwiss.fu-berlin.de/bizer/bsbm/v01/vocabulary/productFeature;http://www4.wiwiss.fu-berlin.de/bizer/bsbm/v01/instances/ProductFeature24
http://www4.wiwiss.fu-berlin.de/bizer/bsbm/v01/instances/dataFrom/Product637;http://www4.wiwiss.fu-berlin.de/bizer/bsbm/v01/vocabulary/productFeature;http://www4.wiwiss.fu-berlin.de/bizer/bsbm/v01/instances/ProductFeature28
http://www4.wiwiss.fu-berlin.de/bizer/bsbm/v01/instances/dataFrom/Product637;http://www4.wiwiss.fu-berlin.de/bizer/bsbm/v01/vocabulary/productFeature;http://www4.wiwiss.fu-berlin.de/bizer/bsbm/v01/instances/ProductFeature30
http://www4.wiwiss.fu-berlin.de/bizer/bsbm/v01/instances/dataFrom/Product637;http://www4.wiwiss.fu-berlin.de/bizer/bsbm/v01/vocabulary/productFeature;http://www4.wiwiss.fu-berlin.de/bizer/bsbm/v01/instances/ProductFeature33
http://www4.wiwiss.fu-berlin.de/bizer/bsbm/v01/instances/dataFrom/Product637;http://www4.wiwiss.fu-berlin.de/bizer/bsbm/v01/vocabulary/productFeature;http://www4.wiwiss.fu-berlin.de/bizer/bsbm/v01/instances/ProductFeature37
http://www4.wiwiss.fu-berlin.de/bizer/bsbm/v01/instances/dataFrom/Product637;http://www4.wiwiss.fu-berlin.de/bizer/bsbm/v01/vocabulary/producer;http://www4.wiwiss.fu-berlin.de/bizer/bsbm/v01/instances/dataFromProducer19/Producer19
http://www4.wiwiss.fu-berlin.de/bizer/bsbm/v01/instances/dataFrom/Product637;http://purl.org/dc/elements/1.1/publisher;http://www4.wiwiss.fu-berlin.de/bizer/bsbm/v01/instances/dataFromProducer19/Producer19
http://www4.wiwiss.fu-berlin.de/bizer/bsbm/v01/instances/dataFrom/Product637;http://purl.org/dc/elements/1.1/date;2003-02-14
http://www4.wiwiss.fu-berlin.de/bizer/bsbm/v01/instances/dataFrom/Product648;http://www.w3.org/1999/02/22-rdf-syntax-ns#type;http://www4.wiwiss.fu-berlin.de/bizer/bsbm/v01/vocabulary/Product
http://www4.wiwiss.fu-berlin.de/bizer/bsbm/v01/instances/dataFrom/Product648;http://www.w3.org/1999/02/22-rdf-syntax-ns#type;http://www4.wiwiss.fu-berlin.de/bizer/bsbm/v01/instances/ProductType79
http://www4.wiwiss.fu-berlin.de/bizer/bsbm/v01/instances/dataFrom/Product648;http://www.w3.org/2000/01/rdf-schema#label;valuation vindication
http://www4.wiwiss.fu-berlin.de/bizer/bsbm/v01/instances/dataFrom/Product648;http://www.w3.org/2000/01/rdf-schema#comment;vocational orangiest nances statal perique whinnier shipworms remorses storming tidiest deforesting trothing unslaked merged rooting revenging denuclearize outproduces prevailers obstructiveness badinaging prerecorded henrys bestrides elongates rounds basely splosh plucked fealties emulsifying nonviable cheekiest dugong warders thieved westernized delusionary satiated quiverers bullwhips bowered cruciate twangles shoplifter depravity polymerize slams reverencer smirched enveloped elicits eatings syllogistically discomforts bombs demeaned alders teratological forzandos bookmaking feministic logicize resharpened canvaslike spelt interspersed biotechnological razored clearing dumbwaiters amasser whackier reformated foyers preappearances blackballs cumulates grouped trembling halvahs ophthalmoscopy balkans lido imperilled advertently neckties genocidal reinfects nakedly imputes leukemic cuirassed sealable shocked hearings
http://www4.wiwiss.fu-berlin.de/bizer/bsbm/v01/instances/dataFrom/Product648;http://www4.wiwiss.fu-berlin.de/bizer/bsbm/v01/vocabulary/productPropertyNumeric1;755
http://www4.wiwiss.fu-berlin.de/bizer/bsbm/v01/instances/dataFrom/Product648;http://www4.wiwiss.fu-berlin.de/bizer/bsbm/v01/vocabulary/productPropertyNumeric2;1190
http://www4.wiwiss.fu-berlin.de/bizer/bsbm/v01/instances/dataFrom/Product648;http://www4.wiwiss.fu-berlin.de/bizer/bsbm/v01/vocabulary/productPropertyNumeric3;455
http://www4.wiwiss.fu-berlin.de/bizer/bsbm/v01/instances/dataFrom/Product648;http://www4.wiwiss.fu-berlin.de/bizer/bsbm/v01/vocabulary/productPropertyNumeric4;750
http://www4.wiwiss.fu-berlin.de/bizer/bsbm/v01/instances/dataFrom/Product648;http://www4.wiwiss.fu-berlin.de/bizer/bsbm/v01/vocabulary/productPropertyNumeric5;160
http://www4.wiwiss.fu-berlin.de/bizer/bsbm/v01/instances/dataFrom/Product648;http://www4.wiwiss.fu-berlin.de/bizer/bsbm/v01/vocabulary/productPropertyTextual1;demagogy grueler frettiest rotors hymenopterous phototherapies capelan gastroscopic sympathizing denunciations manifestly prevailingly liquids sexless garrote
http://www4.wiwiss.fu-berlin.de/bizer/bsbm/v01/instances/dataFrom/Product648;http://www4.wiwiss.fu-berlin.de/bizer/bsbm/v01/vocabulary/productPropertyTextual2;tainting socially kales impuissance kris blowsily saltcellar disciplines immemorially mincy oxhearts catamaran scavenger isostatically
http://www4.wiwiss.fu-berlin.de/bizer/bsbm/v01/instances/dataFrom/Product648;http://www4.wiwiss.fu-berlin.de/bizer/bsbm/v01/vocabulary/productPropertyTextual3;titulary payment careered slouching overdiligent
http://www4.wiwiss.fu-berlin.de/bizer/bsbm/v01/instances/dataFrom/Product648;http://www4.wiwiss.fu-berlin.de/bizer/bsbm/v01/vocabulary/productPropertyTextual4;obligator commenced trampolinists suborbital
http://www4.wiwiss.fu-berlin.de/bizer/bsbm/v01/instances/dataFrom/Product648;http://www4.wiwiss.fu-berlin.de/bizer/bsbm/v01/vocabulary/productPropertyTextual5;tollages effortlessness bookplates stirrups retractable leaner
http://www4.wiwiss.fu-berlin.de/bizer/bsbm/v01/instances/dataFrom/Product648;http://www4.wiwiss.fu-berlin.de/bizer/bsbm/v01/vocabulary/productFeature;http://www4.wiwiss.fu-berlin.de/bizer/bsbm/v01/instances/ProductFeature2404
http://www4.wiwiss.fu-berlin.de/bizer/bsbm/v01/instances/dataFrom/Product648;http://www4.wiwiss.fu-berlin.de/bizer/bsbm/v01/vocabulary/productFeature;http://www4.wiwiss.fu-berlin.de/bizer/bsbm/v01/instances/ProductFeature2406
http://www4.wiwiss.fu-berlin.de/bizer/bsbm/v01/instances/dataFrom/Product648;http://www4.wiwiss.fu-berlin.de/bizer/bsbm/v01/vocabulary/productFeature;http://www4.wiwiss.fu-berlin.de/bizer/bsbm/v01/instances/ProductFeature2410
http://www4.wiwiss.fu-berlin.de/bizer/bsbm/v01/instances/dataFrom/Product648;http://www4.wiwiss.fu-berlin.de/bizer/bsbm/v01/vocabulary/productFeature;http://www4.wiwiss.fu-berlin.de/bizer/bsbm/v01/instances/ProductFeature2412
http://www4.wiwiss.fu-berlin.de/bizer/bsbm/v01/instances/dataFrom/Product648;http://www4.wiwiss.fu-berlin.de/bizer/bsbm/v01/vocabulary/productFeature;http://www4.wiwiss.fu-berlin.de/bizer/bsbm/v01/instances/ProductFeature2415
http://www4.wiwiss.fu-berlin.de/bizer/bsbm/v01/instances/dataFrom/Product648;http://www4.wiwiss.fu-berlin.de/bizer/bsbm/v01/vocabulary/productFeature;http://www4.wiwiss.fu-berlin.de/bizer/bsbm/v01/instances/ProductFeature2430
http://www4.wiwiss.fu-berlin.de/bizer/bsbm/v01/instances/dataFrom/Product648;http://www4.wiwiss.fu-berlin.de/bizer/bsbm/v01/vocabulary/productFeature;http://www4.wiwiss.fu-berlin.de/bizer/bsbm/v01/instances/ProductFeature2435
http://www4.wiwiss.fu-berlin.de/bizer/bsbm/v01/instances/dataFrom/Product648;http://www4.wiwiss.fu-berlin.de/bizer/bsbm/v01/vocabulary/productFeature;http://www4.wiwiss.fu-berlin.de/bizer/bsbm/v01/instances/ProductFeature441
http://www4.wiwiss.fu-berlin.de/bizer/bsbm/v01/instances/dataFrom/Product648;http://www4.wiwiss.fu-berlin.de/bizer/bsbm/v01/vocabulary/productFeature;http://www4.wiwiss.fu-berlin.de/bizer/bsbm/v01/instances/ProductFeature442
http://www4.wiwiss.fu-berlin.de/bizer/bsbm/v01/instances/dataFrom/Product648;http://www4.wiwiss.fu-berlin.de/bizer/bsbm/v01/vocabulary/productFeature;http://www4.wiwiss.fu-berlin.de/bizer/bsbm/v01/instances/ProductFeature445
http://www4.wiwiss.fu-berlin.de/bizer/bsbm/v01/instances/dataFrom/Product648;http://www4.wiwiss.fu-berlin.de/bizer/bsbm/v01/vocabulary/productFeature;http://www4.wiwiss.fu-berlin.de/bizer/bsbm/v01/instances/ProductFeature453
http://www4.wiwiss.fu-berlin.de/bizer/bsbm/v01/instances/dataFrom/Product648;http://www4.wiwiss.fu-berlin.de/bizer/bsbm/v01/vocabulary/productFeature;http://www4.wiwiss.fu-berlin.de/bizer/bsbm/v01/instances/ProductFeature457
http://www4.wiwiss.fu-berlin.de/bizer/bsbm/v01/instances/dataFrom/Product648;http://www4.wiwiss.fu-berlin.de/bizer/bsbm/v01/vocabulary/productFeature;http://www4.wiwiss.fu-berlin.de/bizer/bsbm/v01/instances/ProductFeature458
http://www4.wiwiss.fu-berlin.de/bizer/bsbm/v01/instances/dataFrom/Product648;http://www4.wiwiss.fu-berlin.de/bizer/bsbm/v01/vocabulary/productFeature;http://www4.wiwiss.fu-berlin.de/bizer/bsbm/v01/instances/ProductFeature460
http://www4.wiwiss.fu-berlin.de/bizer/bsbm/v01/instances/dataFrom/Product648;http://www4.wiwiss.fu-berlin.de/bizer/bsbm/v01/vocabulary/productFeature;http://www4.wiwiss.fu-berlin.de/bizer/bsbm/v01/instances/ProductFeature469
http://www4.wiwiss.fu-berlin.de/bizer/bsbm/v01/instances/dataFrom/Product648;http://www4.wiwiss.fu-berlin.de/bizer/bsbm/v01/vocabulary/productFeature;http://www4.wiwiss.fu-berlin.de/bizer/bsbm/v01/instances/ProductFeature24
http://www4.wiwiss.fu-berlin.de/bizer/bsbm/v01/instances/dataFrom/Product648;http://www4.wiwiss.fu-berlin.de/bizer/bsbm/v01/vocabulary/productFeature;http://www4.wiwiss.fu-berlin.de/bizer/bsbm/v01/instances/ProductFeature28
http://www4.wiwiss.fu-berlin.de/bizer/bsbm/v01/instances/dataFrom/Product648;http://www4.wiwiss.fu-berlin.de/bizer/bsbm/v01/vocabulary/productFeature;http://www4.wiwiss.fu-berlin.de/bizer/bsbm/v01/instances/ProductFeature30
http://www4.wiwiss.fu-berlin.de/bizer/bsbm/v01/instances/dataFrom/Product648;http://www4.wiwiss.fu-berlin.de/bizer/bsbm/v01/vocabulary/productFeature;http://www4.wiwiss.fu-berlin.de/bizer/bsbm/v01/instances/ProductFeature33
http://www4.wiwiss.fu-berlin.de/bizer/bsbm/v01/instances/dataFrom/Product648;http://www4.wiwiss.fu-berlin.de/bizer/bsbm/v01/vocabulary/productFeature;http://www4.wiwiss.fu-berlin.de/bizer/bsbm/v01/instances/ProductFeature37
http://www4.wiwiss.fu-berlin.de/bizer/bsbm/v01/instances/dataFrom/Product648;http://www4.wiwiss.fu-berlin.de/bizer/bsbm/v01/vocabulary/producer;http://www4.wiwiss.fu-berlin.de/bizer/bsbm/v01/instances/dataFromProducer19/Producer19
http://www4.wiwiss.fu-berlin.de/bizer/bsbm/v01/instances/dataFrom/Product648;http://purl.org/dc/elements/1.1/publisher;http://www4.wiwiss.fu-berlin.de/bizer/bsbm/v01/instances/dataFromProducer19/Producer19
http://www4.wiwiss.fu-berlin.de/bizer/bsbm/v01/instances/dataFrom/Product648;http://purl.org/dc/elements/1.1/date;2003-02-14
http://www4.wiwiss.fu-berlin.de/bizer/bsbm/v01/instances/dataFrom/Product65;http://www.w3.org/1999/02/22-rdf-syntax-ns#type;http://www4.wiwiss.fu-berlin.de/bizer/bsbm/v01/vocabulary/Product
http://www4.wiwiss.fu-berlin.de/bizer/bsbm/v01/instances/dataFrom/Product65;http://www.w3.org/1999/02/22-rdf-syntax-ns#type;http://www4.wiwiss.fu-berlin.de/bizer/bsbm/v01/instances/ProductType79
http://www4.wiwiss.fu-berlin.de/bizer/bsbm/v01/instances/dataFrom/Product65;http://www.w3.org/2000/01/rdf-schema#label;valuation vindication
http://www4.wiwiss.fu-berlin.de/bizer/bsbm/v01/instances/dataFrom/Product65;http://www.w3.org/2000/01/rdf-schema#comment;vocational orangiest nances statal perique whinnier shipworms remorses storming tidiest deforesting trothing unslaked merged rooting revenging denuclearize outproduces prevailers obstructiveness badinaging prerecorded henrys bestrides elongates rounds basely splosh plucked fealties emulsifying nonviable cheekiest dugong warders thieved westernized delusionary satiated quiverers bullwhips bowered cruciate twangles shoplifter depravity polymerize slams reverencer smirched enveloped elicits eatings syllogistically discomforts bombs demeaned alders teratological forzandos bookmaking feministic logicize resharpened canvaslike spelt interspersed biotechnological razored clearing dumbwaiters amasser whackier reformated foyers preappearances blackballs cumulates grouped trembling halvahs ophthalmoscopy balkans lido imperilled advertently neckties genocidal reinfects nakedly imputes leukemic cuirassed sealable shocked hearings
http://www4.wiwiss.fu-berlin.de/bizer/bsbm/v01/instances/dataFrom/Product65;http://www4.wiwiss.fu-berlin.de/bizer/bsbm/v01/vocabulary/productPropertyNumeric1;755
http://www4.wiwiss.fu-berlin.de/bizer/bsbm/v01/instances/dataFrom/Product65;http://www4.wiwiss.fu-berlin.de/bizer/bsbm/v01/vocabulary/productPropertyNumeric2;1190
http://www4.wiwiss.fu-berlin.de/bizer/bsbm/v01/instances/dataFrom/Product65;http://www4.wiwiss.fu-berlin.de/bizer/bsbm/v01/vocabulary/productPropertyNumeric3;455
http://www4.wiwiss.fu-berlin.de/bizer/bsbm/v01/instances/dataFrom/Product65;http://www4.wiwiss.fu-berlin.de/bizer/bsbm/v01/vocabulary/productPropertyNumeric4;750
http://www4.wiwiss.fu-berlin.de/bizer/bsbm/v01/instances/dataFrom/Product65;http://www4.wiwiss.fu-berlin.de/bizer/bsbm/v01/vocabulary/productPropertyNumeric5;160
http://www4.wiwiss.fu-berlin.de/bizer/bsbm/v01/instances/dataFrom/Product65;http://www4.wiwiss.fu-berlin.de/bizer/bsbm/v01/vocabulary/productPropertyTextual1;demagogy grueler frettiest rotors hymenopterous phototherapies capelan gastroscopic sympathizing denunciations manifestly prevailingly liquids sexless garrote
http://www4.wiwiss.fu-berlin.de/bizer/bsbm/v01/instances/dataFrom/Product65;http://www4.wiwiss.fu-berlin.de/bizer/bsbm/v01/vocabulary/productPropertyTextual2;tainting socially kales impuissance kris blowsily saltcellar disciplines immemorially mincy oxhearts catamaran scavenger isostatically
http://www4.wiwiss.fu-berlin.de/bizer/bsbm/v01/instances/dataFrom/Product65;http://www4.wiwiss.fu-berlin.de/bizer/bsbm/v01/vocabulary/productPropertyTextual3;titulary payment careered slouching overdiligent
http://www4.wiwiss.fu-berlin.de/bizer/bsbm/v01/instances/dataFrom/Product65;http://www4.wiwiss.fu-berlin.de/bizer/bsbm/v01/vocabulary/productPropertyTextual4;obligator commenced trampolinists suborbital
http://www4.wiwiss.fu-berlin.de/bizer/bsbm/v01/instances/dataFrom/Product65;http://www4.wiwiss.fu-berlin.de/bizer/bsbm/v01/vocabulary/productPropertyTextual5;tollages effortlessness bookplates stirrups retractable leaner
http://www4.wiwiss.fu-berlin.de/bizer/bsbm/v01/instances/dataFrom/Product65;http://www4.wiwiss.fu-berlin.de/bizer/bsbm/v01/vocabulary/productFeature;http://www4.wiwiss.fu-berlin.de/bizer/bsbm/v01/instances/ProductFeature2404
http://www4.wiwiss.fu-berlin.de/bizer/bsbm/v01/instances/dataFrom/Product65;http://www4.wiwiss.fu-berlin.de/bizer/bsbm/v01/vocabulary/productFeature;http://www4.wiwiss.fu-berlin.de/bizer/bsbm/v01/instances/ProductFeature2406
http://www4.wiwiss.fu-berlin.de/bizer/bsbm/v01/instances/dataFrom/Product65;http://www4.wiwiss.fu-berlin.de/bizer/bsbm/v01/vocabulary/productFeature;http://www4.wiwiss.fu-berlin.de/bizer/bsbm/v01/instances/ProductFeature2410
http://www4.wiwiss.fu-berlin.de/bizer/bsbm/v01/instances/dataFrom/Product65;http://www4.wiwiss.fu-berlin.de/bizer/bsbm/v01/vocabulary/productFeature;http://www4.wiwiss.fu-berlin.de/bizer/bsbm/v01/instances/ProductFeature2412
http://www4.wiwiss.fu-berlin.de/bizer/bsbm/v01/instances/dataFrom/Product65;http://www4.wiwiss.fu-berlin.de/bizer/bsbm/v01/vocabulary/productFeature;http://www4.wiwiss.fu-berlin.de/bizer/bsbm/v01/instances/ProductFeature2415
http://www4.wiwiss.fu-berlin.de/bizer/bsbm/v01/instances/dataFrom/Product65;http://www4.wiwiss.fu-berlin.de/bizer/bsbm/v01/vocabulary/productFeature;http://www4.wiwiss.fu-berlin.de/bizer/bsbm/v01/instances/ProductFeature2430
http://www4.wiwiss.fu-berlin.de/bizer/bsbm/v01/instances/dataFrom/Product65;http://www4.wiwiss.fu-berlin.de/bizer/bsbm/v01/vocabulary/productFeature;http://www4.wiwiss.fu-berlin.de/bizer/bsbm/v01/instances/ProductFeature2435
http://www4.wiwiss.fu-berlin.de/bizer/bsbm/v01/instances/dataFrom/Product65;http://www4.wiwiss.fu-berlin.de/bizer/bsbm/v01/vocabulary/productFeature;http://www4.wiwiss.fu-berlin.de/bizer/bsbm/v01/instances/ProductFeature441
http://www4.wiwiss.fu-berlin.de/bizer/bsbm/v01/instances/dataFrom/Product65;http://www4.wiwiss.fu-berlin.de/bizer/bsbm/v01/vocabulary/productFeature;http://www4.wiwiss.fu-berlin.de/bizer/bsbm/v01/instances/ProductFeature442
http://www4.wiwiss.fu-berlin.de/bizer/bsbm/v01/instances/dataFrom/Product65;http://www4.wiwiss.fu-berlin.de/bizer/bsbm/v01/vocabulary/productFeature;http://www4.wiwiss.fu-berlin.de/bizer/bsbm/v01/instances/ProductFeature445
http://www4.wiwiss.fu-berlin.de/bizer/bsbm/v01/instances/dataFrom/Product65;http://www4.wiwiss.fu-berlin.de/bizer/bsbm/v01/vocabulary/productFeature;http://www4.wiwiss.fu-berlin.de/bizer/bsbm/v01/instances/ProductFeature453
http://www4.wiwiss.fu-berlin.de/bizer/bsbm/v01/instances/dataFrom/Product65;http://www4.wiwiss.fu-berlin.de/bizer/bsbm/v01/vocabulary/productFeature;http://www4.wiwiss.fu-berlin.de/bizer/bsbm/v01/instances/ProductFeature457
http://www4.wiwiss.fu-berlin.de/bizer/bsbm/v01/instances/dataFrom/Product65;http://www4.wiwiss.fu-berlin.de/bizer/bsbm/v01/vocabulary/productFeature;http://www4.wiwiss.fu-berlin.de/bizer/bsbm/v01/instances/ProductFeature458
http://www4.wiwiss.fu-berlin.de/bizer/bsbm/v01/instances/dataFrom/Product65;http://www4.wiwiss.fu-berlin.de/bizer/bsbm/v01/vocabulary/productFeature;http://www4.wiwiss.fu-berlin.de/bizer/bsbm/v01/instances/ProductFeature460
http://www4.wiwiss.fu-berlin.de/bizer/bsbm/v01/instances/dataFrom/Product65;http://www4.wiwiss.fu-berlin.de/bizer/bsbm/v01/vocabulary/productFeature;http://www4.wiwiss.fu-berlin.de/bizer/bsbm/v01/instances/ProductFeature469
http://www4.wiwiss.fu-berlin.de/bizer/bsbm/v01/instances/dataFrom/Product65;http://www4.wiwiss.fu-berlin.de/bizer/bsbm/v01/vocabulary/productFeature;http://www4.wiwiss.fu-berlin.de/bizer/bsbm/v01/instances/ProductFeature24
http://www4.wiwiss.fu-berlin.de/bizer/bsbm/v01/instances/dataFrom/Product65;http://www4.wiwiss.fu-berlin.de/bizer/bsbm/v01/vocabulary/productFeature;http://www4.wiwiss.fu-berlin.de/bizer/bsbm/v01/instances/ProductFeature28
http://www4.wiwiss.fu-berlin.de/bizer/bsbm/v01/instances/dataFrom/Product65;http://www4.wiwiss.fu-berlin.de/bizer/bsbm/v01/vocabulary/productFeature;http://www4.wiwiss.fu-berlin.de/bizer/bsbm/v01/instances/ProductFeature30
http://www4.wiwiss.fu-berlin.de/bizer/bsbm/v01/instances/dataFrom/Product65;http://www4.wiwiss.fu-berlin.de/bizer/bsbm/v01/vocabulary/productFeature;http://www4.wiwiss.fu-berlin.de/bizer/bsbm/v01/instances/ProductFeature33
http://www4.wiwiss.fu-berlin.de/bizer/bsbm/v01/instances/dataFrom/Product65;http://www4.wiwiss.fu-berlin.de/bizer/bsbm/v01/vocabulary/productFeature;http://www4.wiwiss.fu-berlin.de/bizer/bsbm/v01/instances/ProductFeature37
http://www4.wiwiss.fu-berlin.de/bizer/bsbm/v01/instances/dataFrom/Product65;http://www4.wiwiss.fu-berlin.de/bizer/bsbm/v01/vocabulary/producer;http://www4.wiwiss.fu-berlin.de/bizer/bsbm/v01/instances/dataFromProducer19/Producer19
http://www4.wiwiss.fu-berlin.de/bizer/bsbm/v01/instances/dataFrom/Product65;http://purl.org/dc/elements/1.1/publisher;http://www4.wiwiss.fu-berlin.de/bizer/bsbm/v01/instances/dataFromProducer19/Producer19
http://www4.wiwiss.fu-berlin.de/bizer/bsbm/v01/instances/dataFrom/Product65;http://purl.org/dc/elements/1.1/date;2003-02-14
http://www4.wiwiss.fu-berlin.de/bizer/bsbm/v01/instances/dataFrom/Product362;http://www.w3.org/1999/02/22-rdf-syntax-ns#type;http://www4.wiwiss.fu-berlin.de/bizer/bsbm/v01/vocabulary/Product
http://www4.wiwiss.fu-berlin.de/bizer/bsbm/v01/instances/dataFrom/Product362;http://www.w3.org/1999/02/22-rdf-syntax-ns#type;http://www4.wiwiss.fu-berlin.de/bizer/bsbm/v01/instances/ProductType79
http://www4.wiwiss.fu-berlin.de/bizer/bsbm/v01/instances/dataFrom/Product362;http://www.w3.org/2000/01/rdf-schema#label;valuation vindication
http://www4.wiwiss.fu-berlin.de/bizer/bsbm/v01/instances/dataFrom/Product362;http://www.w3.org/2000/01/rdf-schema#comment;vocational orangiest nances statal perique whinnier shipworms remorses storming tidiest deforesting trothing unslaked merged rooting revenging denuclearize outproduces prevailers obstructiveness badinaging prerecorded henrys bestrides elongates rounds basely splosh plucked fealties emulsifying nonviable cheekiest dugong warders thieved westernized delusionary satiated quiverers bullwhips bowered cruciate twangles shoplifter depravity polymerize slams reverencer smirched enveloped elicits eatings syllogistically discomforts bombs demeaned alders teratological forzandos bookmaking feministic logicize resharpened canvaslike spelt interspersed biotechnological razored clearing dumbwaiters amasser whackier reformated foyers preappearances blackballs cumulates grouped trembling halvahs ophthalmoscopy balkans lido imperilled advertently neckties genocidal reinfects nakedly imputes leukemic cuirassed sealable shocked hearings
http://www4.wiwiss.fu-berlin.de/bizer/bsbm/v01/instances/dataFrom/Product362;http://www4.wiwiss.fu-berlin.de/bizer/bsbm/v01/vocabulary/productPropertyNumeric1;755
http://www4.wiwiss.fu-berlin.de/bizer/bsbm/v01/instances/dataFrom/Product362;http://www4.wiwiss.fu-berlin.de/bizer/bsbm/v01/vocabulary/productPropertyNumeric2;1190
http://www4.wiwiss.fu-berlin.de/bizer/bsbm/v01/instances/dataFrom/Product362;http://www4.wiwiss.fu-berlin.de/bizer/bsbm/v01/vocabulary/productPropertyNumeric3;455
http://www4.wiwiss.fu-berlin.de/bizer/bsbm/v01/instances/dataFrom/Product362;http://www4.wiwiss.fu-berlin.de/bizer/bsbm/v01/vocabulary/productPropertyNumeric4;750
http://www4.wiwiss.fu-berlin.de/bizer/bsbm/v01/instances/dataFrom/Product362;http://www4.wiwiss.fu-berlin.de/bizer/bsbm/v01/vocabulary/productPropertyNumeric5;160
http://www4.wiwiss.fu-berlin.de/bizer/bsbm/v01/instances/dataFrom/Product362;http://www4.wiwiss.fu-berlin.de/bizer/bsbm/v01/vocabulary/productPropertyTextual1;demagogy grueler frettiest rotors hymenopterous phototherapies capelan gastroscopic sympathizing denunciations manifestly prevailingly liquids sexless garrote
http://www4.wiwiss.fu-berlin.de/bizer/bsbm/v01/instances/dataFrom/Product362;http://www4.wiwiss.fu-berlin.de/bizer/bsbm/v01/vocabulary/productPropertyTextual2;tainting socially kales impuissance kris blowsily saltcellar disciplines immemorially mincy oxhearts catamaran scavenger isostatically
http://www4.wiwiss.fu-berlin.de/bizer/bsbm/v01/instances/dataFrom/Product362;http://www4.wiwiss.fu-berlin.de/bizer/bsbm/v01/vocabulary/productPropertyTextual3;titulary payment careered slouching overdiligent
http://www4.wiwiss.fu-berlin.de/bizer/bsbm/v01/instances/dataFrom/Product362;http://www4.wiwiss.fu-berlin.de/bizer/bsbm/v01/vocabulary/productPropertyTextual4;obligator commenced trampolinists suborbital
http://www4.wiwiss.fu-berlin.de/bizer/bsbm/v01/instances/dataFrom/Product362;http://www4.wiwiss.fu-berlin.de/bizer/bsbm/v01/vocabulary/productPropertyTextual5;tollages effortlessness bookplates stirrups retractable leaner
http://www4.wiwiss.fu-berlin.de/bizer/bsbm/v01/instances/dataFrom/Product362;http://www4.wiwiss.fu-berlin.de/bizer/bsbm/v01/vocabulary/productFeature;http://www4.wiwiss.fu-berlin.de/bizer/bsbm/v01/instances/ProductFeature2404
http://www4.wiwiss.fu-berlin.de/bizer/bsbm/v01/instances/dataFrom/Product362;http://www4.wiwiss.fu-berlin.de/bizer/bsbm/v01/vocabulary/productFeature;http://www4.wiwiss.fu-berlin.de/bizer/bsbm/v01/instances/ProductFeature2406
http://www4.wiwiss.fu-berlin.de/bizer/bsbm/v01/instances/dataFrom/Product362;http://www4.wiwiss.fu-berlin.de/bizer/bsbm/v01/vocabulary/productFeature;http://www4.wiwiss.fu-berlin.de/bizer/bsbm/v01/instances/ProductFeature2410
http://www4.wiwiss.fu-berlin.de/bizer/bsbm/v01/instances/dataFrom/Product362;http://www4.wiwiss.fu-berlin.de/bizer/bsbm/v01/vocabulary/productFeature;http://www4.wiwiss.fu-berlin.de/bizer/bsbm/v01/instances/ProductFeature2412
http://www4.wiwiss.fu-berlin.de/bizer/bsbm/v01/instances/dataFrom/Product362;http://www4.wiwiss.fu-berlin.de/bizer/bsbm/v01/vocabulary/productFeature;http://www4.wiwiss.fu-berlin.de/bizer/bsbm/v01/instances/ProductFeature2415
http://www4.wiwiss.fu-berlin.de/bizer/bsbm/v01/instances/dataFrom/Product362;http://www4.wiwiss.fu-berlin.de/bizer/bsbm/v01/vocabulary/productFeature;http://www4.wiwiss.fu-berlin.de/bizer/bsbm/v01/instances/ProductFeature2430
http://www4.wiwiss.fu-berlin.de/bizer/bsbm/v01/instances/dataFrom/Product362;http://www4.wiwiss.fu-berlin.de/bizer/bsbm/v01/vocabulary/productFeature;http://www4.wiwiss.fu-berlin.de/bizer/bsbm/v01/instances/ProductFeature2435
http://www4.wiwiss.fu-berlin.de/bizer/bsbm/v01/instances/dataFrom/Product362;http://www4.wiwiss.fu-berlin.de/bizer/bsbm/v01/vocabulary/productFeature;http://www4.wiwiss.fu-berlin.de/bizer/bsbm/v01/instances/ProductFeature441
http://www4.wiwiss.fu-berlin.de/bizer/bsbm/v01/instances/dataFrom/Product362;http://www4.wiwiss.fu-berlin.de/bizer/bsbm/v01/vocabulary/productFeature;http://www4.wiwiss.fu-berlin.de/bizer/bsbm/v01/instances/ProductFeature442
http://www4.wiwiss.fu-berlin.de/bizer/bsbm/v01/instances/dataFrom/Product362;http://www4.wiwiss.fu-berlin.de/bizer/bsbm/v01/vocabulary/productFeature;http://www4.wiwiss.fu-berlin.de/bizer/bsbm/v01/instances/ProductFeature445
http://www4.wiwiss.fu-berlin.de/bizer/bsbm/v01/instances/dataFrom/Product362;http://www4.wiwiss.fu-berlin.de/bizer/bsbm/v01/vocabulary/productFeature;http://www4.wiwiss.fu-berlin.de/bizer/bsbm/v01/instances/ProductFeature453
http://www4.wiwiss.fu-berlin.de/bizer/bsbm/v01/instances/dataFrom/Product362;http://www4.wiwiss.fu-berlin.de/bizer/bsbm/v01/vocabulary/productFeature;http://www4.wiwiss.fu-berlin.de/bizer/bsbm/v01/instances/ProductFeature457
http://www4.wiwiss.fu-berlin.de/bizer/bsbm/v01/instances/dataFrom/Product362;http://www4.wiwiss.fu-berlin.de/bizer/bsbm/v01/vocabulary/productFeature;http://www4.wiwiss.fu-berlin.de/bizer/bsbm/v01/instances/ProductFeature458
http://www4.wiwiss.fu-berlin.de/bizer/bsbm/v01/instances/dataFrom/Product362;http://www4.wiwiss.fu-berlin.de/bizer/bsbm/v01/vocabulary/productFeature;http://www4.wiwiss.fu-berlin.de/bizer/bsbm/v01/instances/ProductFeature460
http://www4.wiwiss.fu-berlin.de/bizer/bsbm/v01/instances/dataFrom/Product362;http://www4.wiwiss.fu-berlin.de/bizer/bsbm/v01/vocabulary/productFeature;http://www4.wiwiss.fu-berlin.de/bizer/bsbm/v01/instances/ProductFeature469
http://www4.wiwiss.fu-berlin.de/bizer/bsbm/v01/instances/dataFrom/Product362;http://www4.wiwiss.fu-berlin.de/bizer/bsbm/v01/vocabulary/productFeature;http://www4.wiwiss.fu-berlin.de/bizer/bsbm/v01/instances/ProductFeature24
http://www4.wiwiss.fu-berlin.de/bizer/bsbm/v01/instances/dataFrom/Product362;http://www4.wiwiss.fu-berlin.de/bizer/bsbm/v01/vocabulary/productFeature;http://www4.wiwiss.fu-berlin.de/bizer/bsbm/v01/instances/ProductFeature28
http://www4.wiwiss.fu-berlin.de/bizer/bsbm/v01/instances/dataFrom/Product362;http://www4.wiwiss.fu-berlin.de/bizer/bsbm/v01/vocabulary/productFeature;http://www4.wiwiss.fu-berlin.de/bizer/bsbm/v01/instances/ProductFeature30
http://www4.wiwiss.fu-berlin.de/bizer/bsbm/v01/instances/dataFrom/Product362;http://www4.wiwiss.fu-berlin.de/bizer/bsbm/v01/vocabulary/productFeature;http://www4.wiwiss.fu-berlin.de/bizer/bsbm/v01/instances/ProductFeature33
http://www4.wiwiss.fu-berlin.de/bizer/bsbm/v01/instances/dataFrom/Product362;http://www4.wiwiss.fu-berlin.de/bizer/bsbm/v01/vocabulary/productFeature;http://www4.wiwiss.fu-berlin.de/bizer/bsbm/v01/instances/ProductFeature37
http://www4.wiwiss.fu-berlin.de/bizer/bsbm/v01/instances/dataFrom/Product362;http://www4.wiwiss.fu-berlin.de/bizer/bsbm/v01/vocabulary/producer;http://www4.wiwiss.fu-berlin.de/bizer/bsbm/v01/instances/dataFromProducer19/Producer19
http://www4.wiwiss.fu-berlin.de/bizer/bsbm/v01/instances/dataFrom/Product362;http://purl.org/dc/elements/1.1/publisher;http://www4.wiwiss.fu-berlin.de/bizer/bsbm/v01/instances/dataFromProducer19/Producer19
http://www4.wiwiss.fu-berlin.de/bizer/bsbm/v01/instances/dataFrom/Product362;http://purl.org/dc/elements/1.1/date;2003-02-14
http://www4.wiwiss.fu-berlin.de/bizer/bsbm/v01/instances/dataFrom/Product493;http://www.w3.org/1999/02/22-rdf-syntax-ns#type;http://www4.wiwiss.fu-berlin.de/bizer/bsbm/v01/vocabulary/Product
http://www4.wiwiss.fu-berlin.de/bizer/bsbm/v01/instances/dataFrom/Product493;http://www.w3.org/1999/02/22-rdf-syntax-ns#type;http://www4.wiwiss.fu-berlin.de/bizer/bsbm/v01/instances/ProductType79
http://www4.wiwiss.fu-berlin.de/bizer/bsbm/v01/instances/dataFrom/Product493;http://www.w3.org/2000/01/rdf-schema#label;valuation vindication
http://www4.wiwiss.fu-berlin.de/bizer/bsbm/v01/instances/dataFrom/Product493;http://www.w3.org/2000/01/rdf-schema#comment;vocational orangiest nances statal perique whinnier shipworms remorses storming tidiest deforesting trothing unslaked merged rooting revenging denuclearize outproduces prevailers obstructiveness badinaging prerecorded henrys bestrides elongates rounds basely splosh plucked fealties emulsifying nonviable cheekiest dugong warders thieved westernized delusionary satiated quiverers bullwhips bowered cruciate twangles shoplifter depravity polymerize slams reverencer smirched enveloped elicits eatings syllogistically discomforts bombs demeaned alders teratological forzandos bookmaking feministic logicize resharpened canvaslike spelt interspersed biotechnological razored clearing dumbwaiters amasser whackier reformated foyers preappearances blackballs cumulates grouped trembling halvahs ophthalmoscopy balkans lido imperilled advertently neckties genocidal reinfects nakedly imputes leukemic cuirassed sealable shocked hearings
http://www4.wiwiss.fu-berlin.de/bizer/bsbm/v01/instances/dataFrom/Product493;http://www4.wiwiss.fu-berlin.de/bizer/bsbm/v01/vocabulary/productPropertyNumeric1;755
http://www4.wiwiss.fu-berlin.de/bizer/bsbm/v01/instances/dataFrom/Product493;http://www4.wiwiss.fu-berlin.de/bizer/bsbm/v01/vocabulary/productPropertyNumeric2;1190
http://www4.wiwiss.fu-berlin.de/bizer/bsbm/v01/instances/dataFrom/Product493;http://www4.wiwiss.fu-berlin.de/bizer/bsbm/v01/vocabulary/productPropertyNumeric3;455
http://www4.wiwiss.fu-berlin.de/bizer/bsbm/v01/instances/dataFrom/Product493;http://www4.wiwiss.fu-berlin.de/bizer/bsbm/v01/vocabulary/productPropertyNumeric4;750
http://www4.wiwiss.fu-berlin.de/bizer/bsbm/v01/instances/dataFrom/Product493;http://www4.wiwiss.fu-berlin.de/bizer/bsbm/v01/vocabulary/productPropertyNumeric5;160
http://www4.wiwiss.fu-berlin.de/bizer/bsbm/v01/instances/dataFrom/Product493;http://www4.wiwiss.fu-berlin.de/bizer/bsbm/v01/vocabulary/productPropertyTextual1;demagogy grueler frettiest rotors hymenopterous phototherapies capelan gastroscopic sympathizing denunciations manifestly prevailingly liquids sexless garrote
http://www4.wiwiss.fu-berlin.de/bizer/bsbm/v01/instances/dataFrom/Product493;http://www4.wiwiss.fu-berlin.de/bizer/bsbm/v01/vocabulary/productPropertyTextual2;tainting socially kales impuissance kris blowsily saltcellar disciplines immemorially mincy oxhearts catamaran scavenger isostatically
http://www4.wiwiss.fu-berlin.de/bizer/bsbm/v01/instances/dataFrom/Product493;http://www4.wiwiss.fu-berlin.de/bizer/bsbm/v01/vocabulary/productPropertyTextual3;titulary payment careered slouching overdiligent
http://www4.wiwiss.fu-berlin.de/bizer/bsbm/v01/instances/dataFrom/Product493;http://www4.wiwiss.fu-berlin.de/bizer/bsbm/v01/vocabulary/productPropertyTextual4;obligator commenced trampolinists suborbital
http://www4.wiwiss.fu-berlin.de/bizer/bsbm/v01/instances/dataFrom/Product493;http://www4.wiwiss.fu-berlin.de/bizer/bsbm/v01/vocabulary/productPropertyTextual5;tollages effortlessness bookplates stirrups retractable leaner
http://www4.wiwiss.fu-berlin.de/bizer/bsbm/v01/instances/dataFrom/Product493;http://www4.wiwiss.fu-berlin.de/bizer/bsbm/v01/vocabulary/productFeature;http://www4.wiwiss.fu-berlin.de/bizer/bsbm/v01/instances/ProductFeature2404
http://www4.wiwiss.fu-berlin.de/bizer/bsbm/v01/instances/dataFrom/Product493;http://www4.wiwiss.fu-berlin.de/bizer/bsbm/v01/vocabulary/productFeature;http://www4.wiwiss.fu-berlin.de/bizer/bsbm/v01/instances/ProductFeature2406
http://www4.wiwiss.fu-berlin.de/bizer/bsbm/v01/instances/dataFrom/Product493;http://www4.wiwiss.fu-berlin.de/bizer/bsbm/v01/vocabulary/productFeature;http://www4.wiwiss.fu-berlin.de/bizer/bsbm/v01/instances/ProductFeature2410
http://www4.wiwiss.fu-berlin.de/bizer/bsbm/v01/instances/dataFrom/Product493;http://www4.wiwiss.fu-berlin.de/bizer/bsbm/v01/vocabulary/productFeature;http://www4.wiwiss.fu-berlin.de/bizer/bsbm/v01/instances/ProductFeature2412
http://www4.wiwiss.fu-berlin.de/bizer/bsbm/v01/instances/dataFrom/Product493;http://www4.wiwiss.fu-berlin.de/bizer/bsbm/v01/vocabulary/productFeature;http://www4.wiwiss.fu-berlin.de/bizer/bsbm/v01/instances/ProductFeature2415
http://www4.wiwiss.fu-berlin.de/bizer/bsbm/v01/instances/dataFrom/Product493;http://www4.wiwiss.fu-berlin.de/bizer/bsbm/v01/vocabulary/productFeature;http://www4.wiwiss.fu-berlin.de/bizer/bsbm/v01/instances/ProductFeature2430
http://www4.wiwiss.fu-berlin.de/bizer/bsbm/v01/instances/dataFrom/Product493;http://www4.wiwiss.fu-berlin.de/bizer/bsbm/v01/vocabulary/productFeature;http://www4.wiwiss.fu-berlin.de/bizer/bsbm/v01/instances/ProductFeature2435
http://www4.wiwiss.fu-berlin.de/bizer/bsbm/v01/instances/dataFrom/Product493;http://www4.wiwiss.fu-berlin.de/bizer/bsbm/v01/vocabulary/productFeature;http://www4.wiwiss.fu-berlin.de/bizer/bsbm/v01/instances/ProductFeature441
http://www4.wiwiss.fu-berlin.de/bizer/bsbm/v01/instances/dataFrom/Product493;http://www4.wiwiss.fu-berlin.de/bizer/bsbm/v01/vocabulary/productFeature;http://www4.wiwiss.fu-berlin.de/bizer/bsbm/v01/instances/ProductFeature442
http://www4.wiwiss.fu-berlin.de/bizer/bsbm/v01/instances/dataFrom/Product493;http://www4.wiwiss.fu-berlin.de/bizer/bsbm/v01/vocabulary/productFeature;http://www4.wiwiss.fu-berlin.de/bizer/bsbm/v01/instances/ProductFeature445
http://www4.wiwiss.fu-berlin.de/bizer/bsbm/v01/instances/dataFrom/Product493;http://www4.wiwiss.fu-berlin.de/bizer/bsbm/v01/vocabulary/productFeature;http://www4.wiwiss.fu-berlin.de/bizer/bsbm/v01/instances/ProductFeature453
http://www4.wiwiss.fu-berlin.de/bizer/bsbm/v01/instances/dataFrom/Product493;http://www4.wiwiss.fu-berlin.de/bizer/bsbm/v01/vocabulary/productFeature;http://www4.wiwiss.fu-berlin.de/bizer/bsbm/v01/instances/ProductFeature457
http://www4.wiwiss.fu-berlin.de/bizer/bsbm/v01/instances/dataFrom/Product493;http://www4.wiwiss.fu-berlin.de/bizer/bsbm/v01/vocabulary/productFeature;http://www4.wiwiss.fu-berlin.de/bizer/bsbm/v01/instances/ProductFeature458
http://www4.wiwiss.fu-berlin.de/bizer/bsbm/v01/instances/dataFrom/Product493;http://www4.wiwiss.fu-berlin.de/bizer/bsbm/v01/vocabulary/productFeature;http://www4.wiwiss.fu-berlin.de/bizer/bsbm/v01/instances/ProductFeature460
http://www4.wiwiss.fu-berlin.de/bizer/bsbm/v01/instances/dataFrom/Product493;http://www4.wiwiss.fu-berlin.de/bizer/bsbm/v01/vocabulary/productFeature;http://www4.wiwiss.fu-berlin.de/bizer/bsbm/v01/instances/ProductFeature469
http://www4.wiwiss.fu-berlin.de/bizer/bsbm/v01/instances/dataFrom/Product493;http://www4.wiwiss.fu-berlin.de/bizer/bsbm/v01/vocabulary/productFeature;http://www4.wiwiss.fu-berlin.de/bizer/bsbm/v01/instances/ProductFeature24
http://www4.wiwiss.fu-berlin.de/bizer/bsbm/v01/instances/dataFrom/Product493;http://www4.wiwiss.fu-berlin.de/bizer/bsbm/v01/vocabulary/productFeature;http://www4.wiwiss.fu-berlin.de/bizer/bsbm/v01/instances/ProductFeature28
http://www4.wiwiss.fu-berlin.de/bizer/bsbm/v01/instances/dataFrom/Product493;http://www4.wiwiss.fu-berlin.de/bizer/bsbm/v01/vocabulary/productFeature;http://www4.wiwiss.fu-berlin.de/bizer/bsbm/v01/instances/ProductFeature30
http://www4.wiwiss.fu-berlin.de/bizer/bsbm/v01/instances/dataFrom/Product493;http://www4.wiwiss.fu-berlin.de/bizer/bsbm/v01/vocabulary/productFeature;http://www4.wiwiss.fu-berlin.de/bizer/bsbm/v01/instances/ProductFeature33
http://www4.wiwiss.fu-berlin.de/bizer/bsbm/v01/instances/dataFrom/Product493;http://www4.wiwiss.fu-berlin.de/bizer/bsbm/v01/vocabulary/productFeature;http://www4.wiwiss.fu-berlin.de/bizer/bsbm/v01/instances/ProductFeature37
http://www4.wiwiss.fu-berlin.de/bizer/bsbm/v01/instances/dataFrom/Product493;http://www4.wiwiss.fu-berlin.de/bizer/bsbm/v01/vocabulary/producer;http://www4.wiwiss.fu-berlin.de/bizer/bsbm/v01/instances/dataFromProducer19/Producer19
http://www4.wiwiss.fu-berlin.de/bizer/bsbm/v01/instances/dataFrom/Product493;http://purl.org/dc/elements/1.1/publisher;http://www4.wiwiss.fu-berlin.de/bizer/bsbm/v01/instances/dataFromProducer19/Producer19
http://www4.wiwiss.fu-berlin.de/bizer/bsbm/v01/instances/dataFrom/Product493;http://purl.org/dc/elements/1.1/date;2003-02-14
http://www4.wiwiss.fu-berlin.de/bizer/bsbm/v01/instances/dataFrom/Product786;http://www.w3.org/1999/02/22-rdf-syntax-ns#type;http://www4.wiwiss.fu-berlin.de/bizer/bsbm/v01/vocabulary/Product
http://www4.wiwiss.fu-berlin.de/bizer/bsbm/v01/instances/dataFrom/Product786;http://www.w3.org/1999/02/22-rdf-syntax-ns#type;http://www4.wiwiss.fu-berlin.de/bizer/bsbm/v01/instances/ProductType79
http://www4.wiwiss.fu-berlin.de/bizer/bsbm/v01/instances/dataFrom/Product786;http://www.w3.org/2000/01/rdf-schema#label;valuation vindication
http://www4.wiwiss.fu-berlin.de/bizer/bsbm/v01/instances/dataFrom/Product786;http://www.w3.org/2000/01/rdf-schema#comment;vocational orangiest nances statal perique whinnier shipworms remorses storming tidiest deforesting trothing unslaked merged rooting revenging denuclearize outproduces prevailers obstructiveness badinaging prerecorded henrys bestrides elongates rounds basely splosh plucked fealties emulsifying nonviable cheekiest dugong warders thieved westernized delusionary satiated quiverers bullwhips bowered cruciate twangles shoplifter depravity polymerize slams reverencer smirched enveloped elicits eatings syllogistically discomforts bombs demeaned alders teratological forzandos bookmaking feministic logicize resharpened canvaslike spelt interspersed biotechnological razored clearing dumbwaiters amasser whackier reformated foyers preappearances blackballs cumulates grouped trembling halvahs ophthalmoscopy balkans lido imperilled advertently neckties genocidal reinfects nakedly imputes leukemic cuirassed sealable shocked hearings
http://www4.wiwiss.fu-berlin.de/bizer/bsbm/v01/instances/dataFrom/Product786;http://www4.wiwiss.fu-berlin.de/bizer/bsbm/v01/vocabulary/productPropertyNumeric1;755
http://www4.wiwiss.fu-berlin.de/bizer/bsbm/v01/instances/dataFrom/Product786;http://www4.wiwiss.fu-berlin.de/bizer/bsbm/v01/vocabulary/productPropertyNumeric2;1190
http://www4.wiwiss.fu-berlin.de/bizer/bsbm/v01/instances/dataFrom/Product786;http://www4.wiwiss.fu-berlin.de/bizer/bsbm/v01/vocabulary/productPropertyNumeric3;455
http://www4.wiwiss.fu-berlin.de/bizer/bsbm/v01/instances/dataFrom/Product786;http://www4.wiwiss.fu-berlin.de/bizer/bsbm/v01/vocabulary/productPropertyNumeric4;750
http://www4.wiwiss.fu-berlin.de/bizer/bsbm/v01/instances/dataFrom/Product786;http://www4.wiwiss.fu-berlin.de/bizer/bsbm/v01/vocabulary/productPropertyNumeric5;160
http://www4.wiwiss.fu-berlin.de/bizer/bsbm/v01/instances/dataFrom/Product786;http://www4.wiwiss.fu-berlin.de/bizer/bsbm/v01/vocabulary/productPropertyTextual1;demagogy grueler frettiest rotors hymenopterous phototherapies capelan gastroscopic sympathizing denunciations manifestly prevailingly liquids sexless garrote
http://www4.wiwiss.fu-berlin.de/bizer/bsbm/v01/instances/dataFrom/Product786;http://www4.wiwiss.fu-berlin.de/bizer/bsbm/v01/vocabulary/productPropertyTextual2;tainting socially kales impuissance kris blowsily saltcellar disciplines immemorially mincy oxhearts catamaran scavenger isostatically
http://www4.wiwiss.fu-berlin.de/bizer/bsbm/v01/instances/dataFrom/Product786;http://www4.wiwiss.fu-berlin.de/bizer/bsbm/v01/vocabulary/productPropertyTextual3;titulary payment careered slouching overdiligent
http://www4.wiwiss.fu-berlin.de/bizer/bsbm/v01/instances/dataFrom/Product786;http://www4.wiwiss.fu-berlin.de/bizer/bsbm/v01/vocabulary/productPropertyTextual4;obligator commenced trampolinists suborbital
http://www4.wiwiss.fu-berlin.de/bizer/bsbm/v01/instances/dataFrom/Product786;http://www4.wiwiss.fu-berlin.de/bizer/bsbm/v01/vocabulary/productPropertyTextual5;tollages effortlessness bookplates stirrups retractable leaner
http://www4.wiwiss.fu-berlin.de/bizer/bsbm/v01/instances/dataFrom/Product786;http://www4.wiwiss.fu-berlin.de/bizer/bsbm/v01/vocabulary/productFeature;http://www4.wiwiss.fu-berlin.de/bizer/bsbm/v01/instances/ProductFeature2404
http://www4.wiwiss.fu-berlin.de/bizer/bsbm/v01/instances/dataFrom/Product786;http://www4.wiwiss.fu-berlin.de/bizer/bsbm/v01/vocabulary/productFeature;http://www4.wiwiss.fu-berlin.de/bizer/bsbm/v01/instances/ProductFeature2406
http://www4.wiwiss.fu-berlin.de/bizer/bsbm/v01/instances/dataFrom/Product786;http://www4.wiwiss.fu-berlin.de/bizer/bsbm/v01/vocabulary/productFeature;http://www4.wiwiss.fu-berlin.de/bizer/bsbm/v01/instances/ProductFeature2410
http://www4.wiwiss.fu-berlin.de/bizer/bsbm/v01/instances/dataFrom/Product786;http://www4.wiwiss.fu-berlin.de/bizer/bsbm/v01/vocabulary/productFeature;http://www4.wiwiss.fu-berlin.de/bizer/bsbm/v01/instances/ProductFeature2412
http://www4.wiwiss.fu-berlin.de/bizer/bsbm/v01/instances/dataFrom/Product786;http://www4.wiwiss.fu-berlin.de/bizer/bsbm/v01/vocabulary/productFeature;http://www4.wiwiss.fu-berlin.de/bizer/bsbm/v01/instances/ProductFeature2415
http://www4.wiwiss.fu-berlin.de/bizer/bsbm/v01/instances/dataFrom/Product786;http://www4.wiwiss.fu-berlin.de/bizer/bsbm/v01/vocabulary/productFeature;http://www4.wiwiss.fu-berlin.de/bizer/bsbm/v01/instances/ProductFeature2430
http://www4.wiwiss.fu-berlin.de/bizer/bsbm/v01/instances/dataFrom/Product786;http://www4.wiwiss.fu-berlin.de/bizer/bsbm/v01/vocabulary/productFeature;http://www4.wiwiss.fu-berlin.de/bizer/bsbm/v01/instances/ProductFeature2435
http://www4.wiwiss.fu-berlin.de/bizer/bsbm/v01/instances/dataFrom/Product786;http://www4.wiwiss.fu-berlin.de/bizer/bsbm/v01/vocabulary/productFeature;http://www4.wiwiss.fu-berlin.de/bizer/bsbm/v01/instances/ProductFeature441
http://www4.wiwiss.fu-berlin.de/bizer/bsbm/v01/instances/dataFrom/Product786;http://www4.wiwiss.fu-berlin.de/bizer/bsbm/v01/vocabulary/productFeature;http://www4.wiwiss.fu-berlin.de/bizer/bsbm/v01/instances/ProductFeature442
http://www4.wiwiss.fu-berlin.de/bizer/bsbm/v01/instances/dataFrom/Product786;http://www4.wiwiss.fu-berlin.de/bizer/bsbm/v01/vocabulary/productFeature;http://www4.wiwiss.fu-berlin.de/bizer/bsbm/v01/instances/ProductFeature445
http://www4.wiwiss.fu-berlin.de/bizer/bsbm/v01/instances/dataFrom/Product786;http://www4.wiwiss.fu-berlin.de/bizer/bsbm/v01/vocabulary/productFeature;http://www4.wiwiss.fu-berlin.de/bizer/bsbm/v01/instances/ProductFeature453
http://www4.wiwiss.fu-berlin.de/bizer/bsbm/v01/instances/dataFrom/Product786;http://www4.wiwiss.fu-berlin.de/bizer/bsbm/v01/vocabulary/productFeature;http://www4.wiwiss.fu-berlin.de/bizer/bsbm/v01/instances/ProductFeature457
http://www4.wiwiss.fu-berlin.de/bizer/bsbm/v01/instances/dataFrom/Product786;http://www4.wiwiss.fu-berlin.de/bizer/bsbm/v01/vocabulary/productFeature;http://www4.wiwiss.fu-berlin.de/bizer/bsbm/v01/instances/ProductFeature458
http://www4.wiwiss.fu-berlin.de/bizer/bsbm/v01/instances/dataFrom/Product786;http://www4.wiwiss.fu-berlin.de/bizer/bsbm/v01/vocabulary/productFeature;http://www4.wiwiss.fu-berlin.de/bizer/bsbm/v01/instances/ProductFeature460
http://www4.wiwiss.fu-berlin.de/bizer/bsbm/v01/instances/dataFrom/Product786;http://www4.wiwiss.fu-berlin.de/bizer/bsbm/v01/vocabulary/productFeature;http://www4.wiwiss.fu-berlin.de/bizer/bsbm/v01/instances/ProductFeature469
http://www4.wiwiss.fu-berlin.de/bizer/bsbm/v01/instances/dataFrom/Product786;http://www4.wiwiss.fu-berlin.de/bizer/bsbm/v01/vocabulary/productFeature;http://www4.wiwiss.fu-berlin.de/bizer/bsbm/v01/instances/ProductFeature24
http://www4.wiwiss.fu-berlin.de/bizer/bsbm/v01/instances/dataFrom/Product786;http://www4.wiwiss.fu-berlin.de/bizer/bsbm/v01/vocabulary/productFeature;http://www4.wiwiss.fu-berlin.de/bizer/bsbm/v01/instances/ProductFeature28
http://www4.wiwiss.fu-berlin.de/bizer/bsbm/v01/instances/dataFrom/Product786;http://www4.wiwiss.fu-berlin.de/bizer/bsbm/v01/vocabulary/productFeature;http://www4.wiwiss.fu-berlin.de/bizer/bsbm/v01/instances/ProductFeature30
http://www4.wiwiss.fu-berlin.de/bizer/bsbm/v01/instances/dataFrom/Product786;http://www4.wiwiss.fu-berlin.de/bizer/bsbm/v01/vocabulary/productFeature;http://www4.wiwiss.fu-berlin.de/bizer/bsbm/v01/instances/ProductFeature33
http://www4.wiwiss.fu-berlin.de/bizer/bsbm/v01/instances/dataFrom/Product786;http://www4.wiwiss.fu-berlin.de/bizer/bsbm/v01/vocabulary/productFeature;http://www4.wiwiss.fu-berlin.de/bizer/bsbm/v01/instances/ProductFeature37
http://www4.wiwiss.fu-berlin.de/bizer/bsbm/v01/instances/dataFrom/Product786;http://www4.wiwiss.fu-berlin.de/bizer/bsbm/v01/vocabulary/producer;http://www4.wiwiss.fu-berlin.de/bizer/bsbm/v01/instances/dataFromProducer19/Producer19
http://www4.wiwiss.fu-berlin.de/bizer/bsbm/v01/instances/dataFrom/Product786;http://purl.org/dc/elements/1.1/publisher;http://www4.wiwiss.fu-berlin.de/bizer/bsbm/v01/instances/dataFromProducer19/Producer19
http://www4.wiwiss.fu-berlin.de/bizer/bsbm/v01/instances/dataFrom/Product786;http://purl.org/dc/elements/1.1/date;2003-02-14
http://www4.wiwiss.fu-berlin.de/bizer/bsbm/v01/instances/dataFrom/Product71;http://www.w3.org/1999/02/22-rdf-syntax-ns#type;http://www4.wiwiss.fu-berlin.de/bizer/bsbm/v01/vocabulary/Product
http://www4.wiwiss.fu-berlin.de/bizer/bsbm/v01/instances/dataFrom/Product71;http://www.w3.org/1999/02/22-rdf-syntax-ns#type;http://www4.wiwiss.fu-berlin.de/bizer/bsbm/v01/instances/ProductType79
http://www4.wiwiss.fu-berlin.de/bizer/bsbm/v01/instances/dataFrom/Product71;http://www.w3.org/2000/01/rdf-schema#label;valuation vindication
http://www4.wiwiss.fu-berlin.de/bizer/bsbm/v01/instances/dataFrom/Product71;http://www.w3.org/2000/01/rdf-schema#comment;vocational orangiest nances statal perique whinnier shipworms remorses storming tidiest deforesting trothing unslaked merged rooting revenging denuclearize outproduces prevailers obstructiveness badinaging prerecorded henrys bestrides elongates rounds basely splosh plucked fealties emulsifying nonviable cheekiest dugong warders thieved westernized delusionary satiated quiverers bullwhips bowered cruciate twangles shoplifter depravity polymerize slams reverencer smirched enveloped elicits eatings syllogistically discomforts bombs demeaned alders teratological forzandos bookmaking feministic logicize resharpened canvaslike spelt interspersed biotechnological razored clearing dumbwaiters amasser whackier reformated foyers preappearances blackballs cumulates grouped trembling halvahs ophthalmoscopy balkans lido imperilled advertently neckties genocidal reinfects nakedly imputes leukemic cuirassed sealable shocked hearings
http://www4.wiwiss.fu-berlin.de/bizer/bsbm/v01/instances/dataFrom/Product71;http://www4.wiwiss.fu-berlin.de/bizer/bsbm/v01/vocabulary/productPropertyNumeric1;755
http://www4.wiwiss.fu-berlin.de/bizer/bsbm/v01/instances/dataFrom/Product71;http://www4.wiwiss.fu-berlin.de/bizer/bsbm/v01/vocabulary/productPropertyNumeric2;1190
http://www4.wiwiss.fu-berlin.de/bizer/bsbm/v01/instances/dataFrom/Product71;http://www4.wiwiss.fu-berlin.de/bizer/bsbm/v01/vocabulary/productPropertyNumeric3;455
http://www4.wiwiss.fu-berlin.de/bizer/bsbm/v01/instances/dataFrom/Product71;http://www4.wiwiss.fu-berlin.de/bizer/bsbm/v01/vocabulary/productPropertyNumeric4;750
http://www4.wiwiss.fu-berlin.de/bizer/bsbm/v01/instances/dataFrom/Product71;http://www4.wiwiss.fu-berlin.de/bizer/bsbm/v01/vocabulary/productPropertyNumeric5;160
http://www4.wiwiss.fu-berlin.de/bizer/bsbm/v01/instances/dataFrom/Product71;http://www4.wiwiss.fu-berlin.de/bizer/bsbm/v01/vocabulary/productPropertyTextual1;demagogy grueler frettiest rotors hymenopterous phototherapies capelan gastroscopic sympathizing denunciations manifestly prevailingly liquids sexless garrote
http://www4.wiwiss.fu-berlin.de/bizer/bsbm/v01/instances/dataFrom/Product71;http://www4.wiwiss.fu-berlin.de/bizer/bsbm/v01/vocabulary/productPropertyTextual2;tainting socially kales impuissance kris blowsily saltcellar disciplines immemorially mincy oxhearts catamaran scavenger isostatically
http://www4.wiwiss.fu-berlin.de/bizer/bsbm/v01/instances/dataFrom/Product71;http://www4.wiwiss.fu-berlin.de/bizer/bsbm/v01/vocabulary/productPropertyTextual3;titulary payment careered slouching overdiligent
http://www4.wiwiss.fu-berlin.de/bizer/bsbm/v01/instances/dataFrom/Product71;http://www4.wiwiss.fu-berlin.de/bizer/bsbm/v01/vocabulary/productPropertyTextual4;obligator commenced trampolinists suborbital
http://www4.wiwiss.fu-berlin.de/bizer/bsbm/v01/instances/dataFrom/Product71;http://www4.wiwiss.fu-berlin.de/bizer/bsbm/v01/vocabulary/productPropertyTextual5;tollages effortlessness bookplates stirrups retractable leaner
http://www4.wiwiss.fu-berlin.de/bizer/bsbm/v01/instances/dataFrom/Product71;http://www4.wiwiss.fu-berlin.de/bizer/bsbm/v01/vocabulary/productFeature;http://www4.wiwiss.fu-berlin.de/bizer/bsbm/v01/instances/ProductFeature2404
http://www4.wiwiss.fu-berlin.de/bizer/bsbm/v01/instances/dataFrom/Product71;http://www4.wiwiss.fu-berlin.de/bizer/bsbm/v01/vocabulary/productFeature;http://www4.wiwiss.fu-berlin.de/bizer/bsbm/v01/instances/ProductFeature2406
http://www4.wiwiss.fu-berlin.de/bizer/bsbm/v01/instances/dataFrom/Product71;http://www4.wiwiss.fu-berlin.de/bizer/bsbm/v01/vocabulary/productFeature;http://www4.wiwiss.fu-berlin.de/bizer/bsbm/v01/instances/ProductFeature2410
http://www4.wiwiss.fu-berlin.de/bizer/bsbm/v01/instances/dataFrom/Product71;http://www4.wiwiss.fu-berlin.de/bizer/bsbm/v01/vocabulary/productFeature;http://www4.wiwiss.fu-berlin.de/bizer/bsbm/v01/instances/ProductFeature2412
http://www4.wiwiss.fu-berlin.de/bizer/bsbm/v01/instances/dataFrom/Product71;http://www4.wiwiss.fu-berlin.de/bizer/bsbm/v01/vocabulary/productFeature;http://www4.wiwiss.fu-berlin.de/bizer/bsbm/v01/instances/ProductFeature2415
http://www4.wiwiss.fu-berlin.de/bizer/bsbm/v01/instances/dataFrom/Product71;http://www4.wiwiss.fu-berlin.de/bizer/bsbm/v01/vocabulary/productFeature;http://www4.wiwiss.fu-berlin.de/bizer/bsbm/v01/instances/ProductFeature2430
http://www4.wiwiss.fu-berlin.de/bizer/bsbm/v01/instances/dataFrom/Product71;http://www4.wiwiss.fu-berlin.de/bizer/bsbm/v01/vocabulary/productFeature;http://www4.wiwiss.fu-berlin.de/bizer/bsbm/v01/instances/ProductFeature2435
http://www4.wiwiss.fu-berlin.de/bizer/bsbm/v01/instances/dataFrom/Product71;http://www4.wiwiss.fu-berlin.de/bizer/bsbm/v01/vocabulary/productFeature;http://www4.wiwiss.fu-berlin.de/bizer/bsbm/v01/instances/ProductFeature441
http://www4.wiwiss.fu-berlin.de/bizer/bsbm/v01/instances/dataFrom/Product71;http://www4.wiwiss.fu-berlin.de/bizer/bsbm/v01/vocabulary/productFeature;http://www4.wiwiss.fu-berlin.de/bizer/bsbm/v01/instances/ProductFeature442
http://www4.wiwiss.fu-berlin.de/bizer/bsbm/v01/instances/dataFrom/Product71;http://www4.wiwiss.fu-berlin.de/bizer/bsbm/v01/vocabulary/productFeature;http://www4.wiwiss.fu-berlin.de/bizer/bsbm/v01/instances/ProductFeature445
http://www4.wiwiss.fu-berlin.de/bizer/bsbm/v01/instances/dataFrom/Product71;http://www4.wiwiss.fu-berlin.de/bizer/bsbm/v01/vocabulary/productFeature;http://www4.wiwiss.fu-berlin.de/bizer/bsbm/v01/instances/ProductFeature453
http://www4.wiwiss.fu-berlin.de/bizer/bsbm/v01/instances/dataFrom/Product71;http://www4.wiwiss.fu-berlin.de/bizer/bsbm/v01/vocabulary/productFeature;http://www4.wiwiss.fu-berlin.de/bizer/bsbm/v01/instances/ProductFeature457
http://www4.wiwiss.fu-berlin.de/bizer/bsbm/v01/instances/dataFrom/Product71;http://www4.wiwiss.fu-berlin.de/bizer/bsbm/v01/vocabulary/productFeature;http://www4.wiwiss.fu-berlin.de/bizer/bsbm/v01/instances/ProductFeature458
http://www4.wiwiss.fu-berlin.de/bizer/bsbm/v01/instances/dataFrom/Product71;http://www4.wiwiss.fu-berlin.de/bizer/bsbm/v01/vocabulary/productFeature;http://www4.wiwiss.fu-berlin.de/bizer/bsbm/v01/instances/ProductFeature460
http://www4.wiwiss.fu-berlin.de/bizer/bsbm/v01/instances/dataFrom/Product71;http://www4.wiwiss.fu-berlin.de/bizer/bsbm/v01/vocabulary/productFeature;http://www4.wiwiss.fu-berlin.de/bizer/bsbm/v01/instances/ProductFeature469
http://www4.wiwiss.fu-berlin.de/bizer/bsbm/v01/instances/dataFrom/Product71;http://www4.wiwiss.fu-berlin.de/bizer/bsbm/v01/vocabulary/productFeature;http://www4.wiwiss.fu-berlin.de/bizer/bsbm/v01/instances/ProductFeature24
http://www4.wiwiss.fu-berlin.de/bizer/bsbm/v01/instances/dataFrom/Product71;http://www4.wiwiss.fu-berlin.de/bizer/bsbm/v01/vocabulary/productFeature;http://www4.wiwiss.fu-berlin.de/bizer/bsbm/v01/instances/ProductFeature28
http://www4.wiwiss.fu-berlin.de/bizer/bsbm/v01/instances/dataFrom/Product71;http://www4.wiwiss.fu-berlin.de/bizer/bsbm/v01/vocabulary/productFeature;http://www4.wiwiss.fu-berlin.de/bizer/bsbm/v01/instances/ProductFeature30
http://www4.wiwiss.fu-berlin.de/bizer/bsbm/v01/instances/dataFrom/Product71;http://www4.wiwiss.fu-berlin.de/bizer/bsbm/v01/vocabulary/productFeature;http://www4.wiwiss.fu-berlin.de/bizer/bsbm/v01/instances/ProductFeature33
http://www4.wiwiss.fu-berlin.de/bizer/bsbm/v01/instances/dataFrom/Product71;http://www4.wiwiss.fu-berlin.de/bizer/bsbm/v01/vocabulary/productFeature;http://www4.wiwiss.fu-berlin.de/bizer/bsbm/v01/instances/ProductFeature37
http://www4.wiwiss.fu-berlin.de/bizer/bsbm/v01/instances/dataFrom/Product71;http://www4.wiwiss.fu-berlin.de/bizer/bsbm/v01/vocabulary/producer;http://www4.wiwiss.fu-berlin.de/bizer/bsbm/v01/instances/dataFromProducer19/Producer19
http://www4.wiwiss.fu-berlin.de/bizer/bsbm/v01/instances/dataFrom/Product71;http://purl.org/dc/elements/1.1/publisher;http://www4.wiwiss.fu-berlin.de/bizer/bsbm/v01/instances/dataFromProducer19/Producer19
http://www4.wiwiss.fu-berlin.de/bizer/bsbm/v01/instances/dataFrom/Product71;http://purl.org/dc/elements/1.1/date;2003-02-14
http://www4.wiwiss.fu-berlin.de/bizer/bsbm/v01/instances/dataFrom/Product161;http://www.w3.org/1999/02/22-rdf-syntax-ns#type;http://www4.wiwiss.fu-berlin.de/bizer/bsbm/v01/vocabulary/Product
http://www4.wiwiss.fu-berlin.de/bizer/bsbm/v01/instances/dataFrom/Product161;http://www.w3.org/1999/02/22-rdf-syntax-ns#type;http://www4.wiwiss.fu-berlin.de/bizer/bsbm/v01/instances/ProductType79
http://www4.wiwiss.fu-berlin.de/bizer/bsbm/v01/instances/dataFrom/Product161;http://www.w3.org/2000/01/rdf-schema#label;valuation vindication
http://www4.wiwiss.fu-berlin.de/bizer/bsbm/v01/instances/dataFrom/Product161;http://www.w3.org/2000/01/rdf-schema#comment;vocational orangiest nances statal perique whinnier shipworms remorses storming tidiest deforesting trothing unslaked merged rooting revenging denuclearize outproduces prevailers obstructiveness badinaging prerecorded henrys bestrides elongates rounds basely splosh plucked fealties emulsifying nonviable cheekiest dugong warders thieved westernized delusionary satiated quiverers bullwhips bowered cruciate twangles shoplifter depravity polymerize slams reverencer smirched enveloped elicits eatings syllogistically discomforts bombs demeaned alders teratological forzandos bookmaking feministic logicize resharpened canvaslike spelt interspersed biotechnological razored clearing dumbwaiters amasser whackier reformated foyers preappearances blackballs cumulates grouped trembling halvahs ophthalmoscopy balkans lido imperilled advertently neckties genocidal reinfects nakedly imputes leukemic cuirassed sealable shocked hearings
http://www4.wiwiss.fu-berlin.de/bizer/bsbm/v01/instances/dataFrom/Product161;http://www4.wiwiss.fu-berlin.de/bizer/bsbm/v01/vocabulary/productPropertyNumeric1;755
http://www4.wiwiss.fu-berlin.de/bizer/bsbm/v01/instances/dataFrom/Product161;http://www4.wiwiss.fu-berlin.de/bizer/bsbm/v01/vocabulary/productPropertyNumeric2;1190
http://www4.wiwiss.fu-berlin.de/bizer/bsbm/v01/instances/dataFrom/Product161;http://www4.wiwiss.fu-berlin.de/bizer/bsbm/v01/vocabulary/productPropertyNumeric3;455
http://www4.wiwiss.fu-berlin.de/bizer/bsbm/v01/instances/dataFrom/Product161;http://www4.wiwiss.fu-berlin.de/bizer/bsbm/v01/vocabulary/productPropertyNumeric4;750
http://www4.wiwiss.fu-berlin.de/bizer/bsbm/v01/instances/dataFrom/Product161;http://www4.wiwiss.fu-berlin.de/bizer/bsbm/v01/vocabulary/productPropertyNumeric5;160
http://www4.wiwiss.fu-berlin.de/bizer/bsbm/v01/instances/dataFrom/Product161;http://www4.wiwiss.fu-berlin.de/bizer/bsbm/v01/vocabulary/productPropertyTextual1;demagogy grueler frettiest rotors hymenopterous phototherapies capelan gastroscopic sympathizing denunciations manifestly prevailingly liquids sexless garrote
http://www4.wiwiss.fu-berlin.de/bizer/bsbm/v01/instances/dataFrom/Product161;http://www4.wiwiss.fu-berlin.de/bizer/bsbm/v01/vocabulary/productPropertyTextual2;tainting socially kales impuissance kris blowsily saltcellar disciplines immemorially mincy oxhearts catamaran scavenger isostatically
http://www4.wiwiss.fu-berlin.de/bizer/bsbm/v01/instances/dataFrom/Product161;http://www4.wiwiss.fu-berlin.de/bizer/bsbm/v01/vocabulary/productPropertyTextual3;titulary payment careered slouching overdiligent
http://www4.wiwiss.fu-berlin.de/bizer/bsbm/v01/instances/dataFrom/Product161;http://www4.wiwiss.fu-berlin.de/bizer/bsbm/v01/vocabulary/productPropertyTextual4;obligator commenced trampolinists suborbital
http://www4.wiwiss.fu-berlin.de/bizer/bsbm/v01/instances/dataFrom/Product161;http://www4.wiwiss.fu-berlin.de/bizer/bsbm/v01/vocabulary/productPropertyTextual5;tollages effortlessness bookplates stirrups retractable leaner
http://www4.wiwiss.fu-berlin.de/bizer/bsbm/v01/instances/dataFrom/Product161;http://www4.wiwiss.fu-berlin.de/bizer/bsbm/v01/vocabulary/productFeature;http://www4.wiwiss.fu-berlin.de/bizer/bsbm/v01/instances/ProductFeature2404
http://www4.wiwiss.fu-berlin.de/bizer/bsbm/v01/instances/dataFrom/Product161;http://www4.wiwiss.fu-berlin.de/bizer/bsbm/v01/vocabulary/productFeature;http://www4.wiwiss.fu-berlin.de/bizer/bsbm/v01/instances/ProductFeature2406
http://www4.wiwiss.fu-berlin.de/bizer/bsbm/v01/instances/dataFrom/Product161;http://www4.wiwiss.fu-berlin.de/bizer/bsbm/v01/vocabulary/productFeature;http://www4.wiwiss.fu-berlin.de/bizer/bsbm/v01/instances/ProductFeature2410
http://www4.wiwiss.fu-berlin.de/bizer/bsbm/v01/instances/dataFrom/Product161;http://www4.wiwiss.fu-berlin.de/bizer/bsbm/v01/vocabulary/productFeature;http://www4.wiwiss.fu-berlin.de/bizer/bsbm/v01/instances/ProductFeature2412
http://www4.wiwiss.fu-berlin.de/bizer/bsbm/v01/instances/dataFrom/Product161;http://www4.wiwiss.fu-berlin.de/bizer/bsbm/v01/vocabulary/productFeature;http://www4.wiwiss.fu-berlin.de/bizer/bsbm/v01/instances/ProductFeature2415
http://www4.wiwiss.fu-berlin.de/bizer/bsbm/v01/instances/dataFrom/Product161;http://www4.wiwiss.fu-berlin.de/bizer/bsbm/v01/vocabulary/productFeature;http://www4.wiwiss.fu-berlin.de/bizer/bsbm/v01/instances/ProductFeature2430
http://www4.wiwiss.fu-berlin.de/bizer/bsbm/v01/instances/dataFrom/Product161;http://www4.wiwiss.fu-berlin.de/bizer/bsbm/v01/vocabulary/productFeature;http://www4.wiwiss.fu-berlin.de/bizer/bsbm/v01/instances/ProductFeature2435
http://www4.wiwiss.fu-berlin.de/bizer/bsbm/v01/instances/dataFrom/Product161;http://www4.wiwiss.fu-berlin.de/bizer/bsbm/v01/vocabulary/productFeature;http://www4.wiwiss.fu-berlin.de/bizer/bsbm/v01/instances/ProductFeature441
http://www4.wiwiss.fu-berlin.de/bizer/bsbm/v01/instances/dataFrom/Product161;http://www4.wiwiss.fu-berlin.de/bizer/bsbm/v01/vocabulary/productFeature;http://www4.wiwiss.fu-berlin.de/bizer/bsbm/v01/instances/ProductFeature442
http://www4.wiwiss.fu-berlin.de/bizer/bsbm/v01/instances/dataFrom/Product161;http://www4.wiwiss.fu-berlin.de/bizer/bsbm/v01/vocabulary/productFeature;http://www4.wiwiss.fu-berlin.de/bizer/bsbm/v01/instances/ProductFeature445
http://www4.wiwiss.fu-berlin.de/bizer/bsbm/v01/instances/dataFrom/Product161;http://www4.wiwiss.fu-berlin.de/bizer/bsbm/v01/vocabulary/productFeature;http://www4.wiwiss.fu-berlin.de/bizer/bsbm/v01/instances/ProductFeature453
http://www4.wiwiss.fu-berlin.de/bizer/bsbm/v01/instances/dataFrom/Product161;http://www4.wiwiss.fu-berlin.de/bizer/bsbm/v01/vocabulary/productFeature;http://www4.wiwiss.fu-berlin.de/bizer/bsbm/v01/instances/ProductFeature457
http://www4.wiwiss.fu-berlin.de/bizer/bsbm/v01/instances/dataFrom/Product161;http://www4.wiwiss.fu-berlin.de/bizer/bsbm/v01/vocabulary/productFeature;http://www4.wiwiss.fu-berlin.de/bizer/bsbm/v01/instances/ProductFeature458
http://www4.wiwiss.fu-berlin.de/bizer/bsbm/v01/instances/dataFrom/Product161;http://www4.wiwiss.fu-berlin.de/bizer/bsbm/v01/vocabulary/productFeature;http://www4.wiwiss.fu-berlin.de/bizer/bsbm/v01/instances/ProductFeature460
http://www4.wiwiss.fu-berlin.de/bizer/bsbm/v01/instances/dataFrom/Product161;http://www4.wiwiss.fu-berlin.de/bizer/bsbm/v01/vocabulary/productFeature;http://www4.wiwiss.fu-berlin.de/bizer/bsbm/v01/instances/ProductFeature469
http://www4.wiwiss.fu-berlin.de/bizer/bsbm/v01/instances/dataFrom/Product161;http://www4.wiwiss.fu-berlin.de/bizer/bsbm/v01/vocabulary/productFeature;http://www4.wiwiss.fu-berlin.de/bizer/bsbm/v01/instances/ProductFeature24
http://www4.wiwiss.fu-berlin.de/bizer/bsbm/v01/instances/dataFrom/Product161;http://www4.wiwiss.fu-berlin.de/bizer/bsbm/v01/vocabulary/productFeature;http://www4.wiwiss.fu-berlin.de/bizer/bsbm/v01/instances/ProductFeature28
http://www4.wiwiss.fu-berlin.de/bizer/bsbm/v01/instances/dataFrom/Product161;http://www4.wiwiss.fu-berlin.de/bizer/bsbm/v01/vocabulary/productFeature;http://www4.wiwiss.fu-berlin.de/bizer/bsbm/v01/instances/ProductFeature30
http://www4.wiwiss.fu-berlin.de/bizer/bsbm/v01/instances/dataFrom/Product161;http://www4.wiwiss.fu-berlin.de/bizer/bsbm/v01/vocabulary/productFeature;http://www4.wiwiss.fu-berlin.de/bizer/bsbm/v01/instances/ProductFeature33
http://www4.wiwiss.fu-berlin.de/bizer/bsbm/v01/instances/dataFrom/Product161;http://www4.wiwiss.fu-berlin.de/bizer/bsbm/v01/vocabulary/productFeature;http://www4.wiwiss.fu-berlin.de/bizer/bsbm/v01/instances/ProductFeature37
http://www4.wiwiss.fu-berlin.de/bizer/bsbm/v01/instances/dataFrom/Product161;http://www4.wiwiss.fu-berlin.de/bizer/bsbm/v01/vocabulary/producer;http://www4.wiwiss.fu-berlin.de/bizer/bsbm/v01/instances/dataFromProducer19/Producer19
http://www4.wiwiss.fu-berlin.de/bizer/bsbm/v01/instances/dataFrom/Product161;http://purl.org/dc/elements/1.1/publisher;http://www4.wiwiss.fu-berlin.de/bizer/bsbm/v01/instances/dataFromProducer19/Producer19
http://www4.wiwiss.fu-berlin.de/bizer/bsbm/v01/instances/dataFrom/Product161;http://purl.org/dc/elements/1.1/date;2003-02-14
http://www4.wiwiss.fu-berlin.de/bizer/bsbm/v01/instances/dataFrom/Product370;http://www.w3.org/1999/02/22-rdf-syntax-ns#type;http://www4.wiwiss.fu-berlin.de/bizer/bsbm/v01/vocabulary/Product
http://www4.wiwiss.fu-berlin.de/bizer/bsbm/v01/instances/dataFrom/Product370;http://www.w3.org/1999/02/22-rdf-syntax-ns#type;http://www4.wiwiss.fu-berlin.de/bizer/bsbm/v01/instances/ProductType79
http://www4.wiwiss.fu-berlin.de/bizer/bsbm/v01/instances/dataFrom/Product370;http://www.w3.org/2000/01/rdf-schema#label;valuation vindication
http://www4.wiwiss.fu-berlin.de/bizer/bsbm/v01/instances/dataFrom/Product370;http://www.w3.org/2000/01/rdf-schema#comment;vocational orangiest nances statal perique whinnier shipworms remorses storming tidiest deforesting trothing unslaked merged rooting revenging denuclearize outproduces prevailers obstructiveness badinaging prerecorded henrys bestrides elongates rounds basely splosh plucked fealties emulsifying nonviable cheekiest dugong warders thieved westernized delusionary satiated quiverers bullwhips bowered cruciate twangles shoplifter depravity polymerize slams reverencer smirched enveloped elicits eatings syllogistically discomforts bombs demeaned alders teratological forzandos bookmaking feministic logicize resharpened canvaslike spelt interspersed biotechnological razored clearing dumbwaiters amasser whackier reformated foyers preappearances blackballs cumulates grouped trembling halvahs ophthalmoscopy balkans lido imperilled advertently neckties genocidal reinfects nakedly imputes leukemic cuirassed sealable shocked hearings
http://www4.wiwiss.fu-berlin.de/bizer/bsbm/v01/instances/dataFrom/Product370;http://www4.wiwiss.fu-berlin.de/bizer/bsbm/v01/vocabulary/productPropertyNumeric1;755
http://www4.wiwiss.fu-berlin.de/bizer/bsbm/v01/instances/dataFrom/Product370;http://www4.wiwiss.fu-berlin.de/bizer/bsbm/v01/vocabulary/productPropertyNumeric2;1190
http://www4.wiwiss.fu-berlin.de/bizer/bsbm/v01/instances/dataFrom/Product370;http://www4.wiwiss.fu-berlin.de/bizer/bsbm/v01/vocabulary/productPropertyNumeric3;455
http://www4.wiwiss.fu-berlin.de/bizer/bsbm/v01/instances/dataFrom/Product370;http://www4.wiwiss.fu-berlin.de/bizer/bsbm/v01/vocabulary/productPropertyNumeric4;750
http://www4.wiwiss.fu-berlin.de/bizer/bsbm/v01/instances/dataFrom/Product370;http://www4.wiwiss.fu-berlin.de/bizer/bsbm/v01/vocabulary/productPropertyNumeric5;160
http://www4.wiwiss.fu-berlin.de/bizer/bsbm/v01/instances/dataFrom/Product370;http://www4.wiwiss.fu-berlin.de/bizer/bsbm/v01/vocabulary/productPropertyTextual1;demagogy grueler frettiest rotors hymenopterous phototherapies capelan gastroscopic sympathizing denunciations manifestly prevailingly liquids sexless garrote
http://www4.wiwiss.fu-berlin.de/bizer/bsbm/v01/instances/dataFrom/Product370;http://www4.wiwiss.fu-berlin.de/bizer/bsbm/v01/vocabulary/productPropertyTextual2;tainting socially kales impuissance kris blowsily saltcellar disciplines immemorially mincy oxhearts catamaran scavenger isostatically
http://www4.wiwiss.fu-berlin.de/bizer/bsbm/v01/instances/dataFrom/Product370;http://www4.wiwiss.fu-berlin.de/bizer/bsbm/v01/vocabulary/productPropertyTextual3;titulary payment careered slouching overdiligent
http://www4.wiwiss.fu-berlin.de/bizer/bsbm/v01/instances/dataFrom/Product370;http://www4.wiwiss.fu-berlin.de/bizer/bsbm/v01/vocabulary/productPropertyTextual4;obligator commenced trampolinists suborbital
http://www4.wiwiss.fu-berlin.de/bizer/bsbm/v01/instances/dataFrom/Product370;http://www4.wiwiss.fu-berlin.de/bizer/bsbm/v01/vocabulary/productPropertyTextual5;tollages effortlessness bookplates stirrups retractable leaner
http://www4.wiwiss.fu-berlin.de/bizer/bsbm/v01/instances/dataFrom/Product370;http://www4.wiwiss.fu-berlin.de/bizer/bsbm/v01/vocabulary/productFeature;http://www4.wiwiss.fu-berlin.de/bizer/bsbm/v01/instances/ProductFeature2404
http://www4.wiwiss.fu-berlin.de/bizer/bsbm/v01/instances/dataFrom/Product370;http://www4.wiwiss.fu-berlin.de/bizer/bsbm/v01/vocabulary/productFeature;http://www4.wiwiss.fu-berlin.de/bizer/bsbm/v01/instances/ProductFeature2406
http://www4.wiwiss.fu-berlin.de/bizer/bsbm/v01/instances/dataFrom/Product370;http://www4.wiwiss.fu-berlin.de/bizer/bsbm/v01/vocabulary/productFeature;http://www4.wiwiss.fu-berlin.de/bizer/bsbm/v01/instances/ProductFeature2410
http://www4.wiwiss.fu-berlin.de/bizer/bsbm/v01/instances/dataFrom/Product370;http://www4.wiwiss.fu-berlin.de/bizer/bsbm/v01/vocabulary/productFeature;http://www4.wiwiss.fu-berlin.de/bizer/bsbm/v01/instances/ProductFeature2412
http://www4.wiwiss.fu-berlin.de/bizer/bsbm/v01/instances/dataFrom/Product370;http://www4.wiwiss.fu-berlin.de/bizer/bsbm/v01/vocabulary/productFeature;http://www4.wiwiss.fu-berlin.de/bizer/bsbm/v01/instances/ProductFeature2415
http://www4.wiwiss.fu-berlin.de/bizer/bsbm/v01/instances/dataFrom/Product370;http://www4.wiwiss.fu-berlin.de/bizer/bsbm/v01/vocabulary/productFeature;http://www4.wiwiss.fu-berlin.de/bizer/bsbm/v01/instances/ProductFeature2430
http://www4.wiwiss.fu-berlin.de/bizer/bsbm/v01/instances/dataFrom/Product370;http://www4.wiwiss.fu-berlin.de/bizer/bsbm/v01/vocabulary/productFeature;http://www4.wiwiss.fu-berlin.de/bizer/bsbm/v01/instances/ProductFeature2435
http://www4.wiwiss.fu-berlin.de/bizer/bsbm/v01/instances/dataFrom/Product370;http://www4.wiwiss.fu-berlin.de/bizer/bsbm/v01/vocabulary/productFeature;http://www4.wiwiss.fu-berlin.de/bizer/bsbm/v01/instances/ProductFeature441
http://www4.wiwiss.fu-berlin.de/bizer/bsbm/v01/instances/dataFrom/Product370;http://www4.wiwiss.fu-berlin.de/bizer/bsbm/v01/vocabulary/productFeature;http://www4.wiwiss.fu-berlin.de/bizer/bsbm/v01/instances/ProductFeature442
http://www4.wiwiss.fu-berlin.de/bizer/bsbm/v01/instances/dataFrom/Product370;http://www4.wiwiss.fu-berlin.de/bizer/bsbm/v01/vocabulary/productFeature;http://www4.wiwiss.fu-berlin.de/bizer/bsbm/v01/instances/ProductFeature445
http://www4.wiwiss.fu-berlin.de/bizer/bsbm/v01/instances/dataFrom/Product370;http://www4.wiwiss.fu-berlin.de/bizer/bsbm/v01/vocabulary/productFeature;http://www4.wiwiss.fu-berlin.de/bizer/bsbm/v01/instances/ProductFeature453
http://www4.wiwiss.fu-berlin.de/bizer/bsbm/v01/instances/dataFrom/Product370;http://www4.wiwiss.fu-berlin.de/bizer/bsbm/v01/vocabulary/productFeature;http://www4.wiwiss.fu-berlin.de/bizer/bsbm/v01/instances/ProductFeature457
http://www4.wiwiss.fu-berlin.de/bizer/bsbm/v01/instances/dataFrom/Product370;http://www4.wiwiss.fu-berlin.de/bizer/bsbm/v01/vocabulary/productFeature;http://www4.wiwiss.fu-berlin.de/bizer/bsbm/v01/instances/ProductFeature458
http://www4.wiwiss.fu-berlin.de/bizer/bsbm/v01/instances/dataFrom/Product370;http://www4.wiwiss.fu-berlin.de/bizer/bsbm/v01/vocabulary/productFeature;http://www4.wiwiss.fu-berlin.de/bizer/bsbm/v01/instances/ProductFeature460
http://www4.wiwiss.fu-berlin.de/bizer/bsbm/v01/instances/dataFrom/Product370;http://www4.wiwiss.fu-berlin.de/bizer/bsbm/v01/vocabulary/productFeature;http://www4.wiwiss.fu-berlin.de/bizer/bsbm/v01/instances/ProductFeature469
http://www4.wiwiss.fu-berlin.de/bizer/bsbm/v01/instances/dataFrom/Product370;http://www4.wiwiss.fu-berlin.de/bizer/bsbm/v01/vocabulary/productFeature;http://www4.wiwiss.fu-berlin.de/bizer/bsbm/v01/instances/ProductFeature24
http://www4.wiwiss.fu-berlin.de/bizer/bsbm/v01/instances/dataFrom/Product370;http://www4.wiwiss.fu-berlin.de/bizer/bsbm/v01/vocabulary/productFeature;http://www4.wiwiss.fu-berlin.de/bizer/bsbm/v01/instances/ProductFeature28
http://www4.wiwiss.fu-berlin.de/bizer/bsbm/v01/instances/dataFrom/Product370;http://www4.wiwiss.fu-berlin.de/bizer/bsbm/v01/vocabulary/productFeature;http://www4.wiwiss.fu-berlin.de/bizer/bsbm/v01/instances/ProductFeature30
http://www4.wiwiss.fu-berlin.de/bizer/bsbm/v01/instances/dataFrom/Product370;http://www4.wiwiss.fu-berlin.de/bizer/bsbm/v01/vocabulary/productFeature;http://www4.wiwiss.fu-berlin.de/bizer/bsbm/v01/instances/ProductFeature33
http://www4.wiwiss.fu-berlin.de/bizer/bsbm/v01/instances/dataFrom/Product370;http://www4.wiwiss.fu-berlin.de/bizer/bsbm/v01/vocabulary/productFeature;http://www4.wiwiss.fu-berlin.de/bizer/bsbm/v01/instances/ProductFeature37
http://www4.wiwiss.fu-berlin.de/bizer/bsbm/v01/instances/dataFrom/Product370;http://www4.wiwiss.fu-berlin.de/bizer/bsbm/v01/vocabulary/producer;http://www4.wiwiss.fu-berlin.de/bizer/bsbm/v01/instances/dataFromProducer19/Producer19
http://www4.wiwiss.fu-berlin.de/bizer/bsbm/v01/instances/dataFrom/Product370;http://purl.org/dc/elements/1.1/publisher;http://www4.wiwiss.fu-berlin.de/bizer/bsbm/v01/instances/dataFromProducer19/Producer19
http://www4.wiwiss.fu-berlin.de/bizer/bsbm/v01/instances/dataFrom/Product370;http://purl.org/dc/elements/1.1/date;2003-02-14
http://www4.wiwiss.fu-berlin.de/bizer/bsbm/v01/instances/dataFrom/Product340;http://www.w3.org/1999/02/22-rdf-syntax-ns#type;http://www4.wiwiss.fu-berlin.de/bizer/bsbm/v01/vocabulary/Product
http://www4.wiwiss.fu-berlin.de/bizer/bsbm/v01/instances/dataFrom/Product340;http://www.w3.org/1999/02/22-rdf-syntax-ns#type;http://www4.wiwiss.fu-berlin.de/bizer/bsbm/v01/instances/ProductType79
http://www4.wiwiss.fu-berlin.de/bizer/bsbm/v01/instances/dataFrom/Product340;http://www.w3.org/2000/01/rdf-schema#label;valuation vindication
http://www4.wiwiss.fu-berlin.de/bizer/bsbm/v01/instances/dataFrom/Product340;http://www.w3.org/2000/01/rdf-schema#comment;vocational orangiest nances statal perique whinnier shipworms remorses storming tidiest deforesting trothing unslaked merged rooting revenging denuclearize outproduces prevailers obstructiveness badinaging prerecorded henrys bestrides elongates rounds basely splosh plucked fealties emulsifying nonviable cheekiest dugong warders thieved westernized delusionary satiated quiverers bullwhips bowered cruciate twangles shoplifter depravity polymerize slams reverencer smirched enveloped elicits eatings syllogistically discomforts bombs demeaned alders teratological forzandos bookmaking feministic logicize resharpened canvaslike spelt interspersed biotechnological razored clearing dumbwaiters amasser whackier reformated foyers preappearances blackballs cumulates grouped trembling halvahs ophthalmoscopy balkans lido imperilled advertently neckties genocidal reinfects nakedly imputes leukemic cuirassed sealable shocked hearings
http://www4.wiwiss.fu-berlin.de/bizer/bsbm/v01/instances/dataFrom/Product340;http://www4.wiwiss.fu-berlin.de/bizer/bsbm/v01/vocabulary/productPropertyNumeric1;755
http://www4.wiwiss.fu-berlin.de/bizer/bsbm/v01/instances/dataFrom/Product340;http://www4.wiwiss.fu-berlin.de/bizer/bsbm/v01/vocabulary/productPropertyNumeric2;1190
http://www4.wiwiss.fu-berlin.de/bizer/bsbm/v01/instances/dataFrom/Product340;http://www4.wiwiss.fu-berlin.de/bizer/bsbm/v01/vocabulary/productPropertyNumeric3;455
http://www4.wiwiss.fu-berlin.de/bizer/bsbm/v01/instances/dataFrom/Product340;http://www4.wiwiss.fu-berlin.de/bizer/bsbm/v01/vocabulary/productPropertyNumeric4;750
http://www4.wiwiss.fu-berlin.de/bizer/bsbm/v01/instances/dataFrom/Product340;http://www4.wiwiss.fu-berlin.de/bizer/bsbm/v01/vocabulary/productPropertyNumeric5;160
http://www4.wiwiss.fu-berlin.de/bizer/bsbm/v01/instances/dataFrom/Product340;http://www4.wiwiss.fu-berlin.de/bizer/bsbm/v01/vocabulary/productPropertyTextual1;demagogy grueler frettiest rotors hymenopterous phototherapies capelan gastroscopic sympathizing denunciations manifestly prevailingly liquids sexless garrote
http://www4.wiwiss.fu-berlin.de/bizer/bsbm/v01/instances/dataFrom/Product340;http://www4.wiwiss.fu-berlin.de/bizer/bsbm/v01/vocabulary/productPropertyTextual2;tainting socially kales impuissance kris blowsily saltcellar disciplines immemorially mincy oxhearts catamaran scavenger isostatically
http://www4.wiwiss.fu-berlin.de/bizer/bsbm/v01/instances/dataFrom/Product340;http://www4.wiwiss.fu-berlin.de/bizer/bsbm/v01/vocabulary/productPropertyTextual3;titulary payment careered slouching overdiligent
http://www4.wiwiss.fu-berlin.de/bizer/bsbm/v01/instances/dataFrom/Product340;http://www4.wiwiss.fu-berlin.de/bizer/bsbm/v01/vocabulary/productPropertyTextual4;obligator commenced trampolinists suborbital
http://www4.wiwiss.fu-berlin.de/bizer/bsbm/v01/instances/dataFrom/Product340;http://www4.wiwiss.fu-berlin.de/bizer/bsbm/v01/vocabulary/productPropertyTextual5;tollages effortlessness bookplates stirrups retractable leaner
http://www4.wiwiss.fu-berlin.de/bizer/bsbm/v01/instances/dataFrom/Product340;http://www4.wiwiss.fu-berlin.de/bizer/bsbm/v01/vocabulary/productFeature;http://www4.wiwiss.fu-berlin.de/bizer/bsbm/v01/instances/ProductFeature2404
http://www4.wiwiss.fu-berlin.de/bizer/bsbm/v01/instances/dataFrom/Product340;http://www4.wiwiss.fu-berlin.de/bizer/bsbm/v01/vocabulary/productFeature;http://www4.wiwiss.fu-berlin.de/bizer/bsbm/v01/instances/ProductFeature2406
http://www4.wiwiss.fu-berlin.de/bizer/bsbm/v01/instances/dataFrom/Product340;http://www4.wiwiss.fu-berlin.de/bizer/bsbm/v01/vocabulary/productFeature;http://www4.wiwiss.fu-berlin.de/bizer/bsbm/v01/instances/ProductFeature2410
http://www4.wiwiss.fu-berlin.de/bizer/bsbm/v01/instances/dataFrom/Product340;http://www4.wiwiss.fu-berlin.de/bizer/bsbm/v01/vocabulary/productFeature;http://www4.wiwiss.fu-berlin.de/bizer/bsbm/v01/instances/ProductFeature2412
http://www4.wiwiss.fu-berlin.de/bizer/bsbm/v01/instances/dataFrom/Product340;http://www4.wiwiss.fu-berlin.de/bizer/bsbm/v01/vocabulary/productFeature;http://www4.wiwiss.fu-berlin.de/bizer/bsbm/v01/instances/ProductFeature2415
http://www4.wiwiss.fu-berlin.de/bizer/bsbm/v01/instances/dataFrom/Product340;http://www4.wiwiss.fu-berlin.de/bizer/bsbm/v01/vocabulary/productFeature;http://www4.wiwiss.fu-berlin.de/bizer/bsbm/v01/instances/ProductFeature2430
http://www4.wiwiss.fu-berlin.de/bizer/bsbm/v01/instances/dataFrom/Product340;http://www4.wiwiss.fu-berlin.de/bizer/bsbm/v01/vocabulary/productFeature;http://www4.wiwiss.fu-berlin.de/bizer/bsbm/v01/instances/ProductFeature2435
http://www4.wiwiss.fu-berlin.de/bizer/bsbm/v01/instances/dataFrom/Product340;http://www4.wiwiss.fu-berlin.de/bizer/bsbm/v01/vocabulary/productFeature;http://www4.wiwiss.fu-berlin.de/bizer/bsbm/v01/instances/ProductFeature441
http://www4.wiwiss.fu-berlin.de/bizer/bsbm/v01/instances/dataFrom/Product340;http://www4.wiwiss.fu-berlin.de/bizer/bsbm/v01/vocabulary/productFeature;http://www4.wiwiss.fu-berlin.de/bizer/bsbm/v01/instances/ProductFeature442
http://www4.wiwiss.fu-berlin.de/bizer/bsbm/v01/instances/dataFrom/Product340;http://www4.wiwiss.fu-berlin.de/bizer/bsbm/v01/vocabulary/productFeature;http://www4.wiwiss.fu-berlin.de/bizer/bsbm/v01/instances/ProductFeature445
http://www4.wiwiss.fu-berlin.de/bizer/bsbm/v01/instances/dataFrom/Product340;http://www4.wiwiss.fu-berlin.de/bizer/bsbm/v01/vocabulary/productFeature;http://www4.wiwiss.fu-berlin.de/bizer/bsbm/v01/instances/ProductFeature453
http://www4.wiwiss.fu-berlin.de/bizer/bsbm/v01/instances/dataFrom/Product340;http://www4.wiwiss.fu-berlin.de/bizer/bsbm/v01/vocabulary/productFeature;http://www4.wiwiss.fu-berlin.de/bizer/bsbm/v01/instances/ProductFeature457
http://www4.wiwiss.fu-berlin.de/bizer/bsbm/v01/instances/dataFrom/Product340;http://www4.wiwiss.fu-berlin.de/bizer/bsbm/v01/vocabulary/productFeature;http://www4.wiwiss.fu-berlin.de/bizer/bsbm/v01/instances/ProductFeature458
http://www4.wiwiss.fu-berlin.de/bizer/bsbm/v01/instances/dataFrom/Product340;http://www4.wiwiss.fu-berlin.de/bizer/bsbm/v01/vocabulary/productFeature;http://www4.wiwiss.fu-berlin.de/bizer/bsbm/v01/instances/ProductFeature460
http://www4.wiwiss.fu-berlin.de/bizer/bsbm/v01/instances/dataFrom/Product340;http://www4.wiwiss.fu-berlin.de/bizer/bsbm/v01/vocabulary/productFeature;http://www4.wiwiss.fu-berlin.de/bizer/bsbm/v01/instances/ProductFeature469
http://www4.wiwiss.fu-berlin.de/bizer/bsbm/v01/instances/dataFrom/Product340;http://www4.wiwiss.fu-berlin.de/bizer/bsbm/v01/vocabulary/productFeature;http://www4.wiwiss.fu-berlin.de/bizer/bsbm/v01/instances/ProductFeature24
http://www4.wiwiss.fu-berlin.de/bizer/bsbm/v01/instances/dataFrom/Product340;http://www4.wiwiss.fu-berlin.de/bizer/bsbm/v01/vocabulary/productFeature;http://www4.wiwiss.fu-berlin.de/bizer/bsbm/v01/instances/ProductFeature28
http://www4.wiwiss.fu-berlin.de/bizer/bsbm/v01/instances/dataFrom/Product340;http://www4.wiwiss.fu-berlin.de/bizer/bsbm/v01/vocabulary/productFeature;http://www4.wiwiss.fu-berlin.de/bizer/bsbm/v01/instances/ProductFeature30
http://www4.wiwiss.fu-berlin.de/bizer/bsbm/v01/instances/dataFrom/Product340;http://www4.wiwiss.fu-berlin.de/bizer/bsbm/v01/vocabulary/productFeature;http://www4.wiwiss.fu-berlin.de/bizer/bsbm/v01/instances/ProductFeature33
http://www4.wiwiss.fu-berlin.de/bizer/bsbm/v01/instances/dataFrom/Product340;http://www4.wiwiss.fu-berlin.de/bizer/bsbm/v01/vocabulary/productFeature;http://www4.wiwiss.fu-berlin.de/bizer/bsbm/v01/instances/ProductFeature37
http://www4.wiwiss.fu-berlin.de/bizer/bsbm/v01/instances/dataFrom/Product340;http://www4.wiwiss.fu-berlin.de/bizer/bsbm/v01/vocabulary/producer;http://www4.wiwiss.fu-berlin.de/bizer/bsbm/v01/instances/dataFromProducer19/Producer19
http://www4.wiwiss.fu-berlin.de/bizer/bsbm/v01/instances/dataFrom/Product340;http://purl.org/dc/elements/1.1/publisher;http://www4.wiwiss.fu-berlin.de/bizer/bsbm/v01/instances/dataFromProducer19/Producer19
http://www4.wiwiss.fu-berlin.de/bizer/bsbm/v01/instances/dataFrom/Product340;http://purl.org/dc/elements/1.1/date;2003-02-14
http://www4.wiwiss.fu-berlin.de/bizer/bsbm/v01/instances/dataFrom/Product260;http://www.w3.org/1999/02/22-rdf-syntax-ns#type;http://www4.wiwiss.fu-berlin.de/bizer/bsbm/v01/vocabulary/Product
http://www4.wiwiss.fu-berlin.de/bizer/bsbm/v01/instances/dataFrom/Product260;http://www.w3.org/1999/02/22-rdf-syntax-ns#type;http://www4.wiwiss.fu-berlin.de/bizer/bsbm/v01/instances/ProductType79
http://www4.wiwiss.fu-berlin.de/bizer/bsbm/v01/instances/dataFrom/Product260;http://www.w3.org/2000/01/rdf-schema#label;valuation vindication
http://www4.wiwiss.fu-berlin.de/bizer/bsbm/v01/instances/dataFrom/Product260;http://www.w3.org/2000/01/rdf-schema#comment;vocational orangiest nances statal perique whinnier shipworms remorses storming tidiest deforesting trothing unslaked merged rooting revenging denuclearize outproduces prevailers obstructiveness badinaging prerecorded henrys bestrides elongates rounds basely splosh plucked fealties emulsifying nonviable cheekiest dugong warders thieved westernized delusionary satiated quiverers bullwhips bowered cruciate twangles shoplifter depravity polymerize slams reverencer smirched enveloped elicits eatings syllogistically discomforts bombs demeaned alders teratological forzandos bookmaking feministic logicize resharpened canvaslike spelt interspersed biotechnological razored clearing dumbwaiters amasser whackier reformated foyers preappearances blackballs cumulates grouped trembling halvahs ophthalmoscopy balkans lido imperilled advertently neckties genocidal reinfects nakedly imputes leukemic cuirassed sealable shocked hearings
http://www4.wiwiss.fu-berlin.de/bizer/bsbm/v01/instances/dataFrom/Product260;http://www4.wiwiss.fu-berlin.de/bizer/bsbm/v01/vocabulary/productPropertyNumeric1;755
http://www4.wiwiss.fu-berlin.de/bizer/bsbm/v01/instances/dataFrom/Product260;http://www4.wiwiss.fu-berlin.de/bizer/bsbm/v01/vocabulary/productPropertyNumeric2;1190
http://www4.wiwiss.fu-berlin.de/bizer/bsbm/v01/instances/dataFrom/Product260;http://www4.wiwiss.fu-berlin.de/bizer/bsbm/v01/vocabulary/productPropertyNumeric3;455
http://www4.wiwiss.fu-berlin.de/bizer/bsbm/v01/instances/dataFrom/Product260;http://www4.wiwiss.fu-berlin.de/bizer/bsbm/v01/vocabulary/productPropertyNumeric4;750
http://www4.wiwiss.fu-berlin.de/bizer/bsbm/v01/instances/dataFrom/Product260;http://www4.wiwiss.fu-berlin.de/bizer/bsbm/v01/vocabulary/productPropertyNumeric5;160
http://www4.wiwiss.fu-berlin.de/bizer/bsbm/v01/instances/dataFrom/Product260;http://www4.wiwiss.fu-berlin.de/bizer/bsbm/v01/vocabulary/productPropertyTextual1;demagogy grueler frettiest rotors hymenopterous phototherapies capelan gastroscopic sympathizing denunciations manifestly prevailingly liquids sexless garrote
http://www4.wiwiss.fu-berlin.de/bizer/bsbm/v01/instances/dataFrom/Product260;http://www4.wiwiss.fu-berlin.de/bizer/bsbm/v01/vocabulary/productPropertyTextual2;tainting socially kales impuissance kris blowsily saltcellar disciplines immemorially mincy oxhearts catamaran scavenger isostatically
http://www4.wiwiss.fu-berlin.de/bizer/bsbm/v01/instances/dataFrom/Product260;http://www4.wiwiss.fu-berlin.de/bizer/bsbm/v01/vocabulary/productPropertyTextual3;titulary payment careered slouching overdiligent
http://www4.wiwiss.fu-berlin.de/bizer/bsbm/v01/instances/dataFrom/Product260;http://www4.wiwiss.fu-berlin.de/bizer/bsbm/v01/vocabulary/productPropertyTextual4;obligator commenced trampolinists suborbital
http://www4.wiwiss.fu-berlin.de/bizer/bsbm/v01/instances/dataFrom/Product260;http://www4.wiwiss.fu-berlin.de/bizer/bsbm/v01/vocabulary/productPropertyTextual5;tollages effortlessness bookplates stirrups retractable leaner
http://www4.wiwiss.fu-berlin.de/bizer/bsbm/v01/instances/dataFrom/Product260;http://www4.wiwiss.fu-berlin.de/bizer/bsbm/v01/vocabulary/productFeature;http://www4.wiwiss.fu-berlin.de/bizer/bsbm/v01/instances/ProductFeature2404
http://www4.wiwiss.fu-berlin.de/bizer/bsbm/v01/instances/dataFrom/Product260;http://www4.wiwiss.fu-berlin.de/bizer/bsbm/v01/vocabulary/productFeature;http://www4.wiwiss.fu-berlin.de/bizer/bsbm/v01/instances/ProductFeature2406
http://www4.wiwiss.fu-berlin.de/bizer/bsbm/v01/instances/dataFrom/Product260;http://www4.wiwiss.fu-berlin.de/bizer/bsbm/v01/vocabulary/productFeature;http://www4.wiwiss.fu-berlin.de/bizer/bsbm/v01/instances/ProductFeature2410
http://www4.wiwiss.fu-berlin.de/bizer/bsbm/v01/instances/dataFrom/Product260;http://www4.wiwiss.fu-berlin.de/bizer/bsbm/v01/vocabulary/productFeature;http://www4.wiwiss.fu-berlin.de/bizer/bsbm/v01/instances/ProductFeature2412
http://www4.wiwiss.fu-berlin.de/bizer/bsbm/v01/instances/dataFrom/Product260;http://www4.wiwiss.fu-berlin.de/bizer/bsbm/v01/vocabulary/productFeature;http://www4.wiwiss.fu-berlin.de/bizer/bsbm/v01/instances/ProductFeature2415
http://www4.wiwiss.fu-berlin.de/bizer/bsbm/v01/instances/dataFrom/Product260;http://www4.wiwiss.fu-berlin.de/bizer/bsbm/v01/vocabulary/productFeature;http://www4.wiwiss.fu-berlin.de/bizer/bsbm/v01/instances/ProductFeature2430
http://www4.wiwiss.fu-berlin.de/bizer/bsbm/v01/instances/dataFrom/Product260;http://www4.wiwiss.fu-berlin.de/bizer/bsbm/v01/vocabulary/productFeature;http://www4.wiwiss.fu-berlin.de/bizer/bsbm/v01/instances/ProductFeature2435
http://www4.wiwiss.fu-berlin.de/bizer/bsbm/v01/instances/dataFrom/Product260;http://www4.wiwiss.fu-berlin.de/bizer/bsbm/v01/vocabulary/productFeature;http://www4.wiwiss.fu-berlin.de/bizer/bsbm/v01/instances/ProductFeature441
http://www4.wiwiss.fu-berlin.de/bizer/bsbm/v01/instances/dataFrom/Product260;http://www4.wiwiss.fu-berlin.de/bizer/bsbm/v01/vocabulary/productFeature;http://www4.wiwiss.fu-berlin.de/bizer/bsbm/v01/instances/ProductFeature442
http://www4.wiwiss.fu-berlin.de/bizer/bsbm/v01/instances/dataFrom/Product260;http://www4.wiwiss.fu-berlin.de/bizer/bsbm/v01/vocabulary/productFeature;http://www4.wiwiss.fu-berlin.de/bizer/bsbm/v01/instances/ProductFeature445
http://www4.wiwiss.fu-berlin.de/bizer/bsbm/v01/instances/dataFrom/Product260;http://www4.wiwiss.fu-berlin.de/bizer/bsbm/v01/vocabulary/productFeature;http://www4.wiwiss.fu-berlin.de/bizer/bsbm/v01/instances/ProductFeature453
http://www4.wiwiss.fu-berlin.de/bizer/bsbm/v01/instances/dataFrom/Product260;http://www4.wiwiss.fu-berlin.de/bizer/bsbm/v01/vocabulary/productFeature;http://www4.wiwiss.fu-berlin.de/bizer/bsbm/v01/instances/ProductFeature457
http://www4.wiwiss.fu-berlin.de/bizer/bsbm/v01/instances/dataFrom/Product260;http://www4.wiwiss.fu-berlin.de/bizer/bsbm/v01/vocabulary/productFeature;http://www4.wiwiss.fu-berlin.de/bizer/bsbm/v01/instances/ProductFeature458
http://www4.wiwiss.fu-berlin.de/bizer/bsbm/v01/instances/dataFrom/Product260;http://www4.wiwiss.fu-berlin.de/bizer/bsbm/v01/vocabulary/productFeature;http://www4.wiwiss.fu-berlin.de/bizer/bsbm/v01/instances/ProductFeature460
http://www4.wiwiss.fu-berlin.de/bizer/bsbm/v01/instances/dataFrom/Product260;http://www4.wiwiss.fu-berlin.de/bizer/bsbm/v01/vocabulary/productFeature;http://www4.wiwiss.fu-berlin.de/bizer/bsbm/v01/instances/ProductFeature469
http://www4.wiwiss.fu-berlin.de/bizer/bsbm/v01/instances/dataFrom/Product260;http://www4.wiwiss.fu-berlin.de/bizer/bsbm/v01/vocabulary/productFeature;http://www4.wiwiss.fu-berlin.de/bizer/bsbm/v01/instances/ProductFeature24
http://www4.wiwiss.fu-berlin.de/bizer/bsbm/v01/instances/dataFrom/Product260;http://www4.wiwiss.fu-berlin.de/bizer/bsbm/v01/vocabulary/productFeature;http://www4.wiwiss.fu-berlin.de/bizer/bsbm/v01/instances/ProductFeature28
http://www4.wiwiss.fu-berlin.de/bizer/bsbm/v01/instances/dataFrom/Product260;http://www4.wiwiss.fu-berlin.de/bizer/bsbm/v01/vocabulary/productFeature;http://www4.wiwiss.fu-berlin.de/bizer/bsbm/v01/instances/ProductFeature30
http://www4.wiwiss.fu-berlin.de/bizer/bsbm/v01/instances/dataFrom/Product260;http://www4.wiwiss.fu-berlin.de/bizer/bsbm/v01/vocabulary/productFeature;http://www4.wiwiss.fu-berlin.de/bizer/bsbm/v01/instances/ProductFeature33
http://www4.wiwiss.fu-berlin.de/bizer/bsbm/v01/instances/dataFrom/Product260;http://www4.wiwiss.fu-berlin.de/bizer/bsbm/v01/vocabulary/productFeature;http://www4.wiwiss.fu-berlin.de/bizer/bsbm/v01/instances/ProductFeature37
http://www4.wiwiss.fu-berlin.de/bizer/bsbm/v01/instances/dataFrom/Product260;http://www4.wiwiss.fu-berlin.de/bizer/bsbm/v01/vocabulary/producer;http://www4.wiwiss.fu-berlin.de/bizer/bsbm/v01/instances/dataFromProducer19/Producer19
http://www4.wiwiss.fu-berlin.de/bizer/bsbm/v01/instances/dataFrom/Product260;http://purl.org/dc/elements/1.1/publisher;http://www4.wiwiss.fu-berlin.de/bizer/bsbm/v01/instances/dataFromProducer19/Producer19
http://www4.wiwiss.fu-berlin.de/bizer/bsbm/v01/instances/dataFrom/Product260;http://purl.org/dc/elements/1.1/date;2003-02-14
http://www4.wiwiss.fu-berlin.de/bizer/bsbm/v01/instances/dataFrom/Product641;http://www.w3.org/1999/02/22-rdf-syntax-ns#type;http://www4.wiwiss.fu-berlin.de/bizer/bsbm/v01/vocabulary/Product
http://www4.wiwiss.fu-berlin.de/bizer/bsbm/v01/instances/dataFrom/Product641;http://www.w3.org/1999/02/22-rdf-syntax-ns#type;http://www4.wiwiss.fu-berlin.de/bizer/bsbm/v01/instances/ProductType79
http://www4.wiwiss.fu-berlin.de/bizer/bsbm/v01/instances/dataFrom/Product641;http://www.w3.org/2000/01/rdf-schema#label;valuation vindication
http://www4.wiwiss.fu-berlin.de/bizer/bsbm/v01/instances/dataFrom/Product641;http://www.w3.org/2000/01/rdf-schema#comment;vocational orangiest nances statal perique whinnier shipworms remorses storming tidiest deforesting trothing unslaked merged rooting revenging denuclearize outproduces prevailers obstructiveness badinaging prerecorded henrys bestrides elongates rounds basely splosh plucked fealties emulsifying nonviable cheekiest dugong warders thieved westernized delusionary satiated quiverers bullwhips bowered cruciate twangles shoplifter depravity polymerize slams reverencer smirched enveloped elicits eatings syllogistically discomforts bombs demeaned alders teratological forzandos bookmaking feministic logicize resharpened canvaslike spelt interspersed biotechnological razored clearing dumbwaiters amasser whackier reformated foyers preappearances blackballs cumulates grouped trembling halvahs ophthalmoscopy balkans lido imperilled advertently neckties genocidal reinfects nakedly imputes leukemic cuirassed sealable shocked hearings
http://www4.wiwiss.fu-berlin.de/bizer/bsbm/v01/instances/dataFrom/Product641;http://www4.wiwiss.fu-berlin.de/bizer/bsbm/v01/vocabulary/productPropertyNumeric1;755
http://www4.wiwiss.fu-berlin.de/bizer/bsbm/v01/instances/dataFrom/Product641;http://www4.wiwiss.fu-berlin.de/bizer/bsbm/v01/vocabulary/productPropertyNumeric2;1190
http://www4.wiwiss.fu-berlin.de/bizer/bsbm/v01/instances/dataFrom/Product641;http://www4.wiwiss.fu-berlin.de/bizer/bsbm/v01/vocabulary/productPropertyNumeric3;455
http://www4.wiwiss.fu-berlin.de/bizer/bsbm/v01/instances/dataFrom/Product641;http://www4.wiwiss.fu-berlin.de/bizer/bsbm/v01/vocabulary/productPropertyNumeric4;750
http://www4.wiwiss.fu-berlin.de/bizer/bsbm/v01/instances/dataFrom/Product641;http://www4.wiwiss.fu-berlin.de/bizer/bsbm/v01/vocabulary/productPropertyNumeric5;160
http://www4.wiwiss.fu-berlin.de/bizer/bsbm/v01/instances/dataFrom/Product641;http://www4.wiwiss.fu-berlin.de/bizer/bsbm/v01/vocabulary/productPropertyTextual1;demagogy grueler frettiest rotors hymenopterous phototherapies capelan gastroscopic sympathizing denunciations manifestly prevailingly liquids sexless garrote
http://www4.wiwiss.fu-berlin.de/bizer/bsbm/v01/instances/dataFrom/Product641;http://www4.wiwiss.fu-berlin.de/bizer/bsbm/v01/vocabulary/productPropertyTextual2;tainting socially kales impuissance kris blowsily saltcellar disciplines immemorially mincy oxhearts catamaran scavenger isostatically
http://www4.wiwiss.fu-berlin.de/bizer/bsbm/v01/instances/dataFrom/Product641;http://www4.wiwiss.fu-berlin.de/bizer/bsbm/v01/vocabulary/productPropertyTextual3;titulary payment careered slouching overdiligent
http://www4.wiwiss.fu-berlin.de/bizer/bsbm/v01/instances/dataFrom/Product641;http://www4.wiwiss.fu-berlin.de/bizer/bsbm/v01/vocabulary/productPropertyTextual4;obligator commenced trampolinists suborbital
http://www4.wiwiss.fu-berlin.de/bizer/bsbm/v01/instances/dataFrom/Product641;http://www4.wiwiss.fu-berlin.de/bizer/bsbm/v01/vocabulary/productPropertyTextual5;tollages effortlessness bookplates stirrups retractable leaner
http://www4.wiwiss.fu-berlin.de/bizer/bsbm/v01/instances/dataFrom/Product641;http://www4.wiwiss.fu-berlin.de/bizer/bsbm/v01/vocabulary/productFeature;http://www4.wiwiss.fu-berlin.de/bizer/bsbm/v01/instances/ProductFeature2404
http://www4.wiwiss.fu-berlin.de/bizer/bsbm/v01/instances/dataFrom/Product641;http://www4.wiwiss.fu-berlin.de/bizer/bsbm/v01/vocabulary/productFeature;http://www4.wiwiss.fu-berlin.de/bizer/bsbm/v01/instances/ProductFeature2406
http://www4.wiwiss.fu-berlin.de/bizer/bsbm/v01/instances/dataFrom/Product641;http://www4.wiwiss.fu-berlin.de/bizer/bsbm/v01/vocabulary/productFeature;http://www4.wiwiss.fu-berlin.de/bizer/bsbm/v01/instances/ProductFeature2410
http://www4.wiwiss.fu-berlin.de/bizer/bsbm/v01/instances/dataFrom/Product641;http://www4.wiwiss.fu-berlin.de/bizer/bsbm/v01/vocabulary/productFeature;http://www4.wiwiss.fu-berlin.de/bizer/bsbm/v01/instances/ProductFeature2412
http://www4.wiwiss.fu-berlin.de/bizer/bsbm/v01/instances/dataFrom/Product641;http://www4.wiwiss.fu-berlin.de/bizer/bsbm/v01/vocabulary/productFeature;http://www4.wiwiss.fu-berlin.de/bizer/bsbm/v01/instances/ProductFeature2415
http://www4.wiwiss.fu-berlin.de/bizer/bsbm/v01/instances/dataFrom/Product641;http://www4.wiwiss.fu-berlin.de/bizer/bsbm/v01/vocabulary/productFeature;http://www4.wiwiss.fu-berlin.de/bizer/bsbm/v01/instances/ProductFeature2430
http://www4.wiwiss.fu-berlin.de/bizer/bsbm/v01/instances/dataFrom/Product641;http://www4.wiwiss.fu-berlin.de/bizer/bsbm/v01/vocabulary/productFeature;http://www4.wiwiss.fu-berlin.de/bizer/bsbm/v01/instances/ProductFeature2435
http://www4.wiwiss.fu-berlin.de/bizer/bsbm/v01/instances/dataFrom/Product641;http://www4.wiwiss.fu-berlin.de/bizer/bsbm/v01/vocabulary/productFeature;http://www4.wiwiss.fu-berlin.de/bizer/bsbm/v01/instances/ProductFeature441
http://www4.wiwiss.fu-berlin.de/bizer/bsbm/v01/instances/dataFrom/Product641;http://www4.wiwiss.fu-berlin.de/bizer/bsbm/v01/vocabulary/productFeature;http://www4.wiwiss.fu-berlin.de/bizer/bsbm/v01/instances/ProductFeature442
http://www4.wiwiss.fu-berlin.de/bizer/bsbm/v01/instances/dataFrom/Product641;http://www4.wiwiss.fu-berlin.de/bizer/bsbm/v01/vocabulary/productFeature;http://www4.wiwiss.fu-berlin.de/bizer/bsbm/v01/instances/ProductFeature445
http://www4.wiwiss.fu-berlin.de/bizer/bsbm/v01/instances/dataFrom/Product641;http://www4.wiwiss.fu-berlin.de/bizer/bsbm/v01/vocabulary/productFeature;http://www4.wiwiss.fu-berlin.de/bizer/bsbm/v01/instances/ProductFeature453
http://www4.wiwiss.fu-berlin.de/bizer/bsbm/v01/instances/dataFrom/Product641;http://www4.wiwiss.fu-berlin.de/bizer/bsbm/v01/vocabulary/productFeature;http://www4.wiwiss.fu-berlin.de/bizer/bsbm/v01/instances/ProductFeature457
http://www4.wiwiss.fu-berlin.de/bizer/bsbm/v01/instances/dataFrom/Product641;http://www4.wiwiss.fu-berlin.de/bizer/bsbm/v01/vocabulary/productFeature;http://www4.wiwiss.fu-berlin.de/bizer/bsbm/v01/instances/ProductFeature458
http://www4.wiwiss.fu-berlin.de/bizer/bsbm/v01/instances/dataFrom/Product641;http://www4.wiwiss.fu-berlin.de/bizer/bsbm/v01/vocabulary/productFeature;http://www4.wiwiss.fu-berlin.de/bizer/bsbm/v01/instances/ProductFeature460
http://www4.wiwiss.fu-berlin.de/bizer/bsbm/v01/instances/dataFrom/Product641;http://www4.wiwiss.fu-berlin.de/bizer/bsbm/v01/vocabulary/productFeature;http://www4.wiwiss.fu-berlin.de/bizer/bsbm/v01/instances/ProductFeature469
http://www4.wiwiss.fu-berlin.de/bizer/bsbm/v01/instances/dataFrom/Product641;http://www4.wiwiss.fu-berlin.de/bizer/bsbm/v01/vocabulary/productFeature;http://www4.wiwiss.fu-berlin.de/bizer/bsbm/v01/instances/ProductFeature24
http://www4.wiwiss.fu-berlin.de/bizer/bsbm/v01/instances/dataFrom/Product641;http://www4.wiwiss.fu-berlin.de/bizer/bsbm/v01/vocabulary/productFeature;http://www4.wiwiss.fu-berlin.de/bizer/bsbm/v01/instances/ProductFeature28
http://www4.wiwiss.fu-berlin.de/bizer/bsbm/v01/instances/dataFrom/Product641;http://www4.wiwiss.fu-berlin.de/bizer/bsbm/v01/vocabulary/productFeature;http://www4.wiwiss.fu-berlin.de/bizer/bsbm/v01/instances/ProductFeature30
http://www4.wiwiss.fu-berlin.de/bizer/bsbm/v01/instances/dataFrom/Product641;http://www4.wiwiss.fu-berlin.de/bizer/bsbm/v01/vocabulary/productFeature;http://www4.wiwiss.fu-berlin.de/bizer/bsbm/v01/instances/ProductFeature33
http://www4.wiwiss.fu-berlin.de/bizer/bsbm/v01/instances/dataFrom/Product641;http://www4.wiwiss.fu-berlin.de/bizer/bsbm/v01/vocabulary/productFeature;http://www4.wiwiss.fu-berlin.de/bizer/bsbm/v01/instances/ProductFeature37
http://www4.wiwiss.fu-berlin.de/bizer/bsbm/v01/instances/dataFrom/Product641;http://www4.wiwiss.fu-berlin.de/bizer/bsbm/v01/vocabulary/producer;http://www4.wiwiss.fu-berlin.de/bizer/bsbm/v01/instances/dataFromProducer19/Producer19
http://www4.wiwiss.fu-berlin.de/bizer/bsbm/v01/instances/dataFrom/Product641;http://purl.org/dc/elements/1.1/publisher;http://www4.wiwiss.fu-berlin.de/bizer/bsbm/v01/instances/dataFromProducer19/Producer19
http://www4.wiwiss.fu-berlin.de/bizer/bsbm/v01/instances/dataFrom/Product641;http://purl.org/dc/elements/1.1/date;2003-02-14
http://www4.wiwiss.fu-berlin.de/bizer/bsbm/v01/instances/dataFrom/Product562;http://www.w3.org/1999/02/22-rdf-syntax-ns#type;http://www4.wiwiss.fu-berlin.de/bizer/bsbm/v01/vocabulary/Product
http://www4.wiwiss.fu-berlin.de/bizer/bsbm/v01/instances/dataFrom/Product562;http://www.w3.org/1999/02/22-rdf-syntax-ns#type;http://www4.wiwiss.fu-berlin.de/bizer/bsbm/v01/instances/ProductType79
http://www4.wiwiss.fu-berlin.de/bizer/bsbm/v01/instances/dataFrom/Product562;http://www.w3.org/2000/01/rdf-schema#label;valuation vindication
http://www4.wiwiss.fu-berlin.de/bizer/bsbm/v01/instances/dataFrom/Product562;http://www.w3.org/2000/01/rdf-schema#comment;vocational orangiest nances statal perique whinnier shipworms remorses storming tidiest deforesting trothing unslaked merged rooting revenging denuclearize outproduces prevailers obstructiveness badinaging prerecorded henrys bestrides elongates rounds basely splosh plucked fealties emulsifying nonviable cheekiest dugong warders thieved westernized delusionary satiated quiverers bullwhips bowered cruciate twangles shoplifter depravity polymerize slams reverencer smirched enveloped elicits eatings syllogistically discomforts bombs demeaned alders teratological forzandos bookmaking feministic logicize resharpened canvaslike spelt interspersed biotechnological razored clearing dumbwaiters amasser whackier reformated foyers preappearances blackballs cumulates grouped trembling halvahs ophthalmoscopy balkans lido imperilled advertently neckties genocidal reinfects nakedly imputes leukemic cuirassed sealable shocked hearings
http://www4.wiwiss.fu-berlin.de/bizer/bsbm/v01/instances/dataFrom/Product562;http://www4.wiwiss.fu-berlin.de/bizer/bsbm/v01/vocabulary/productPropertyNumeric1;755
http://www4.wiwiss.fu-berlin.de/bizer/bsbm/v01/instances/dataFrom/Product562;http://www4.wiwiss.fu-berlin.de/bizer/bsbm/v01/vocabulary/productPropertyNumeric2;1190
http://www4.wiwiss.fu-berlin.de/bizer/bsbm/v01/instances/dataFrom/Product562;http://www4.wiwiss.fu-berlin.de/bizer/bsbm/v01/vocabulary/productPropertyNumeric3;455
http://www4.wiwiss.fu-berlin.de/bizer/bsbm/v01/instances/dataFrom/Product562;http://www4.wiwiss.fu-berlin.de/bizer/bsbm/v01/vocabulary/productPropertyNumeric4;750
http://www4.wiwiss.fu-berlin.de/bizer/bsbm/v01/instances/dataFrom/Product562;http://www4.wiwiss.fu-berlin.de/bizer/bsbm/v01/vocabulary/productPropertyNumeric5;160
http://www4.wiwiss.fu-berlin.de/bizer/bsbm/v01/instances/dataFrom/Product562;http://www4.wiwiss.fu-berlin.de/bizer/bsbm/v01/vocabulary/productPropertyTextual1;demagogy grueler frettiest rotors hymenopterous phototherapies capelan gastroscopic sympathizing denunciations manifestly prevailingly liquids sexless garrote
http://www4.wiwiss.fu-berlin.de/bizer/bsbm/v01/instances/dataFrom/Product562;http://www4.wiwiss.fu-berlin.de/bizer/bsbm/v01/vocabulary/productPropertyTextual2;tainting socially kales impuissance kris blowsily saltcellar disciplines immemorially mincy oxhearts catamaran scavenger isostatically
http://www4.wiwiss.fu-berlin.de/bizer/bsbm/v01/instances/dataFrom/Product562;http://www4.wiwiss.fu-berlin.de/bizer/bsbm/v01/vocabulary/productPropertyTextual3;titulary payment careered slouching overdiligent
http://www4.wiwiss.fu-berlin.de/bizer/bsbm/v01/instances/dataFrom/Product562;http://www4.wiwiss.fu-berlin.de/bizer/bsbm/v01/vocabulary/productPropertyTextual4;obligator commenced trampolinists suborbital
http://www4.wiwiss.fu-berlin.de/bizer/bsbm/v01/instances/dataFrom/Product562;http://www4.wiwiss.fu-berlin.de/bizer/bsbm/v01/vocabulary/productPropertyTextual5;tollages effortlessness bookplates stirrups retractable leaner
http://www4.wiwiss.fu-berlin.de/bizer/bsbm/v01/instances/dataFrom/Product562;http://www4.wiwiss.fu-berlin.de/bizer/bsbm/v01/vocabulary/productFeature;http://www4.wiwiss.fu-berlin.de/bizer/bsbm/v01/instances/ProductFeature2404
http://www4.wiwiss.fu-berlin.de/bizer/bsbm/v01/instances/dataFrom/Product562;http://www4.wiwiss.fu-berlin.de/bizer/bsbm/v01/vocabulary/productFeature;http://www4.wiwiss.fu-berlin.de/bizer/bsbm/v01/instances/ProductFeature2406
http://www4.wiwiss.fu-berlin.de/bizer/bsbm/v01/instances/dataFrom/Product562;http://www4.wiwiss.fu-berlin.de/bizer/bsbm/v01/vocabulary/productFeature;http://www4.wiwiss.fu-berlin.de/bizer/bsbm/v01/instances/ProductFeature2410
http://www4.wiwiss.fu-berlin.de/bizer/bsbm/v01/instances/dataFrom/Product562;http://www4.wiwiss.fu-berlin.de/bizer/bsbm/v01/vocabulary/productFeature;http://www4.wiwiss.fu-berlin.de/bizer/bsbm/v01/instances/ProductFeature2412
http://www4.wiwiss.fu-berlin.de/bizer/bsbm/v01/instances/dataFrom/Product562;http://www4.wiwiss.fu-berlin.de/bizer/bsbm/v01/vocabulary/productFeature;http://www4.wiwiss.fu-berlin.de/bizer/bsbm/v01/instances/ProductFeature2415
http://www4.wiwiss.fu-berlin.de/bizer/bsbm/v01/instances/dataFrom/Product562;http://www4.wiwiss.fu-berlin.de/bizer/bsbm/v01/vocabulary/productFeature;http://www4.wiwiss.fu-berlin.de/bizer/bsbm/v01/instances/ProductFeature2430
http://www4.wiwiss.fu-berlin.de/bizer/bsbm/v01/instances/dataFrom/Product562;http://www4.wiwiss.fu-berlin.de/bizer/bsbm/v01/vocabulary/productFeature;http://www4.wiwiss.fu-berlin.de/bizer/bsbm/v01/instances/ProductFeature2435
http://www4.wiwiss.fu-berlin.de/bizer/bsbm/v01/instances/dataFrom/Product562;http://www4.wiwiss.fu-berlin.de/bizer/bsbm/v01/vocabulary/productFeature;http://www4.wiwiss.fu-berlin.de/bizer/bsbm/v01/instances/ProductFeature441
http://www4.wiwiss.fu-berlin.de/bizer/bsbm/v01/instances/dataFrom/Product562;http://www4.wiwiss.fu-berlin.de/bizer/bsbm/v01/vocabulary/productFeature;http://www4.wiwiss.fu-berlin.de/bizer/bsbm/v01/instances/ProductFeature442
http://www4.wiwiss.fu-berlin.de/bizer/bsbm/v01/instances/dataFrom/Product562;http://www4.wiwiss.fu-berlin.de/bizer/bsbm/v01/vocabulary/productFeature;http://www4.wiwiss.fu-berlin.de/bizer/bsbm/v01/instances/ProductFeature445
http://www4.wiwiss.fu-berlin.de/bizer/bsbm/v01/instances/dataFrom/Product562;http://www4.wiwiss.fu-berlin.de/bizer/bsbm/v01/vocabulary/productFeature;http://www4.wiwiss.fu-berlin.de/bizer/bsbm/v01/instances/ProductFeature453
http://www4.wiwiss.fu-berlin.de/bizer/bsbm/v01/instances/dataFrom/Product562;http://www4.wiwiss.fu-berlin.de/bizer/bsbm/v01/vocabulary/productFeature;http://www4.wiwiss.fu-berlin.de/bizer/bsbm/v01/instances/ProductFeature457
http://www4.wiwiss.fu-berlin.de/bizer/bsbm/v01/instances/dataFrom/Product562;http://www4.wiwiss.fu-berlin.de/bizer/bsbm/v01/vocabulary/productFeature;http://www4.wiwiss.fu-berlin.de/bizer/bsbm/v01/instances/ProductFeature458
http://www4.wiwiss.fu-berlin.de/bizer/bsbm/v01/instances/dataFrom/Product562;http://www4.wiwiss.fu-berlin.de/bizer/bsbm/v01/vocabulary/productFeature;http://www4.wiwiss.fu-berlin.de/bizer/bsbm/v01/instances/ProductFeature460
http://www4.wiwiss.fu-berlin.de/bizer/bsbm/v01/instances/dataFrom/Product562;http://www4.wiwiss.fu-berlin.de/bizer/bsbm/v01/vocabulary/productFeature;http://www4.wiwiss.fu-berlin.de/bizer/bsbm/v01/instances/ProductFeature469
http://www4.wiwiss.fu-berlin.de/bizer/bsbm/v01/instances/dataFrom/Product562;http://www4.wiwiss.fu-berlin.de/bizer/bsbm/v01/vocabulary/productFeature;http://www4.wiwiss.fu-berlin.de/bizer/bsbm/v01/instances/ProductFeature24
http://www4.wiwiss.fu-berlin.de/bizer/bsbm/v01/instances/dataFrom/Product562;http://www4.wiwiss.fu-berlin.de/bizer/bsbm/v01/vocabulary/productFeature;http://www4.wiwiss.fu-berlin.de/bizer/bsbm/v01/instances/ProductFeature28
http://www4.wiwiss.fu-berlin.de/bizer/bsbm/v01/instances/dataFrom/Product562;http://www4.wiwiss.fu-berlin.de/bizer/bsbm/v01/vocabulary/productFeature;http://www4.wiwiss.fu-berlin.de/bizer/bsbm/v01/instances/ProductFeature30
http://www4.wiwiss.fu-berlin.de/bizer/bsbm/v01/instances/dataFrom/Product562;http://www4.wiwiss.fu-berlin.de/bizer/bsbm/v01/vocabulary/productFeature;http://www4.wiwiss.fu-berlin.de/bizer/bsbm/v01/instances/ProductFeature33
http://www4.wiwiss.fu-berlin.de/bizer/bsbm/v01/instances/dataFrom/Product562;http://www4.wiwiss.fu-berlin.de/bizer/bsbm/v01/vocabulary/productFeature;http://www4.wiwiss.fu-berlin.de/bizer/bsbm/v01/instances/ProductFeature37
http://www4.wiwiss.fu-berlin.de/bizer/bsbm/v01/instances/dataFrom/Product562;http://www4.wiwiss.fu-berlin.de/bizer/bsbm/v01/vocabulary/producer;http://www4.wiwiss.fu-berlin.de/bizer/bsbm/v01/instances/dataFromProducer19/Producer19
http://www4.wiwiss.fu-berlin.de/bizer/bsbm/v01/instances/dataFrom/Product562;http://purl.org/dc/elements/1.1/publisher;http://www4.wiwiss.fu-berlin.de/bizer/bsbm/v01/instances/dataFromProducer19/Producer19
http://www4.wiwiss.fu-berlin.de/bizer/bsbm/v01/instances/dataFrom/Product562;http://purl.org/dc/elements/1.1/date;2003-02-14
http://www4.wiwiss.fu-berlin.de/bizer/bsbm/v01/instances/dataFrom/Product254;http://www.w3.org/1999/02/22-rdf-syntax-ns#type;http://www4.wiwiss.fu-berlin.de/bizer/bsbm/v01/vocabulary/Product
http://www4.wiwiss.fu-berlin.de/bizer/bsbm/v01/instances/dataFrom/Product254;http://www.w3.org/1999/02/22-rdf-syntax-ns#type;http://www4.wiwiss.fu-berlin.de/bizer/bsbm/v01/instances/ProductType79
http://www4.wiwiss.fu-berlin.de/bizer/bsbm/v01/instances/dataFrom/Product254;http://www.w3.org/2000/01/rdf-schema#label;valuation vindication
http://www4.wiwiss.fu-berlin.de/bizer/bsbm/v01/instances/dataFrom/Product254;http://www.w3.org/2000/01/rdf-schema#comment;vocational orangiest nances statal perique whinnier shipworms remorses storming tidiest deforesting trothing unslaked merged rooting revenging denuclearize outproduces prevailers obstructiveness badinaging prerecorded henrys bestrides elongates rounds basely splosh plucked fealties emulsifying nonviable cheekiest dugong warders thieved westernized delusionary satiated quiverers bullwhips bowered cruciate twangles shoplifter depravity polymerize slams reverencer smirched enveloped elicits eatings syllogistically discomforts bombs demeaned alders teratological forzandos bookmaking feministic logicize resharpened canvaslike spelt interspersed biotechnological razored clearing dumbwaiters amasser whackier reformated foyers preappearances blackballs cumulates grouped trembling halvahs ophthalmoscopy balkans lido imperilled advertently neckties genocidal reinfects nakedly imputes leukemic cuirassed sealable shocked hearings
http://www4.wiwiss.fu-berlin.de/bizer/bsbm/v01/instances/dataFrom/Product254;http://www4.wiwiss.fu-berlin.de/bizer/bsbm/v01/vocabulary/productPropertyNumeric1;755
http://www4.wiwiss.fu-berlin.de/bizer/bsbm/v01/instances/dataFrom/Product254;http://www4.wiwiss.fu-berlin.de/bizer/bsbm/v01/vocabulary/productPropertyNumeric2;1190
http://www4.wiwiss.fu-berlin.de/bizer/bsbm/v01/instances/dataFrom/Product254;http://www4.wiwiss.fu-berlin.de/bizer/bsbm/v01/vocabulary/productPropertyNumeric3;455
http://www4.wiwiss.fu-berlin.de/bizer/bsbm/v01/instances/dataFrom/Product254;http://www4.wiwiss.fu-berlin.de/bizer/bsbm/v01/vocabulary/productPropertyNumeric4;750
http://www4.wiwiss.fu-berlin.de/bizer/bsbm/v01/instances/dataFrom/Product254;http://www4.wiwiss.fu-berlin.de/bizer/bsbm/v01/vocabulary/productPropertyNumeric5;160
http://www4.wiwiss.fu-berlin.de/bizer/bsbm/v01/instances/dataFrom/Product254;http://www4.wiwiss.fu-berlin.de/bizer/bsbm/v01/vocabulary/productPropertyTextual1;demagogy grueler frettiest rotors hymenopterous phototherapies capelan gastroscopic sympathizing denunciations manifestly prevailingly liquids sexless garrote
http://www4.wiwiss.fu-berlin.de/bizer/bsbm/v01/instances/dataFrom/Product254;http://www4.wiwiss.fu-berlin.de/bizer/bsbm/v01/vocabulary/productPropertyTextual2;tainting socially kales impuissance kris blowsily saltcellar disciplines immemorially mincy oxhearts catamaran scavenger isostatically
http://www4.wiwiss.fu-berlin.de/bizer/bsbm/v01/instances/dataFrom/Product254;http://www4.wiwiss.fu-berlin.de/bizer/bsbm/v01/vocabulary/productPropertyTextual3;titulary payment careered slouching overdiligent
http://www4.wiwiss.fu-berlin.de/bizer/bsbm/v01/instances/dataFrom/Product254;http://www4.wiwiss.fu-berlin.de/bizer/bsbm/v01/vocabulary/productPropertyTextual4;obligator commenced trampolinists suborbital
http://www4.wiwiss.fu-berlin.de/bizer/bsbm/v01/instances/dataFrom/Product254;http://www4.wiwiss.fu-berlin.de/bizer/bsbm/v01/vocabulary/productPropertyTextual5;tollages effortlessness bookplates stirrups retractable leaner
http://www4.wiwiss.fu-berlin.de/bizer/bsbm/v01/instances/dataFrom/Product254;http://www4.wiwiss.fu-berlin.de/bizer/bsbm/v01/vocabulary/productFeature;http://www4.wiwiss.fu-berlin.de/bizer/bsbm/v01/instances/ProductFeature2404
http://www4.wiwiss.fu-berlin.de/bizer/bsbm/v01/instances/dataFrom/Product254;http://www4.wiwiss.fu-berlin.de/bizer/bsbm/v01/vocabulary/productFeature;http://www4.wiwiss.fu-berlin.de/bizer/bsbm/v01/instances/ProductFeature2406
http://www4.wiwiss.fu-berlin.de/bizer/bsbm/v01/instances/dataFrom/Product254;http://www4.wiwiss.fu-berlin.de/bizer/bsbm/v01/vocabulary/productFeature;http://www4.wiwiss.fu-berlin.de/bizer/bsbm/v01/instances/ProductFeature2410
http://www4.wiwiss.fu-berlin.de/bizer/bsbm/v01/instances/dataFrom/Product254;http://www4.wiwiss.fu-berlin.de/bizer/bsbm/v01/vocabulary/productFeature;http://www4.wiwiss.fu-berlin.de/bizer/bsbm/v01/instances/ProductFeature2412
http://www4.wiwiss.fu-berlin.de/bizer/bsbm/v01/instances/dataFrom/Product254;http://www4.wiwiss.fu-berlin.de/bizer/bsbm/v01/vocabulary/productFeature;http://www4.wiwiss.fu-berlin.de/bizer/bsbm/v01/instances/ProductFeature2415
http://www4.wiwiss.fu-berlin.de/bizer/bsbm/v01/instances/dataFrom/Product254;http://www4.wiwiss.fu-berlin.de/bizer/bsbm/v01/vocabulary/productFeature;http://www4.wiwiss.fu-berlin.de/bizer/bsbm/v01/instances/ProductFeature2430
http://www4.wiwiss.fu-berlin.de/bizer/bsbm/v01/instances/dataFrom/Product254;http://www4.wiwiss.fu-berlin.de/bizer/bsbm/v01/vocabulary/productFeature;http://www4.wiwiss.fu-berlin.de/bizer/bsbm/v01/instances/ProductFeature2435
http://www4.wiwiss.fu-berlin.de/bizer/bsbm/v01/instances/dataFrom/Product254;http://www4.wiwiss.fu-berlin.de/bizer/bsbm/v01/vocabulary/productFeature;http://www4.wiwiss.fu-berlin.de/bizer/bsbm/v01/instances/ProductFeature441
http://www4.wiwiss.fu-berlin.de/bizer/bsbm/v01/instances/dataFrom/Product254;http://www4.wiwiss.fu-berlin.de/bizer/bsbm/v01/vocabulary/productFeature;http://www4.wiwiss.fu-berlin.de/bizer/bsbm/v01/instances/ProductFeature442
http://www4.wiwiss.fu-berlin.de/bizer/bsbm/v01/instances/dataFrom/Product254;http://www4.wiwiss.fu-berlin.de/bizer/bsbm/v01/vocabulary/productFeature;http://www4.wiwiss.fu-berlin.de/bizer/bsbm/v01/instances/ProductFeature445
http://www4.wiwiss.fu-berlin.de/bizer/bsbm/v01/instances/dataFrom/Product254;http://www4.wiwiss.fu-berlin.de/bizer/bsbm/v01/vocabulary/productFeature;http://www4.wiwiss.fu-berlin.de/bizer/bsbm/v01/instances/ProductFeature453
http://www4.wiwiss.fu-berlin.de/bizer/bsbm/v01/instances/dataFrom/Product254;http://www4.wiwiss.fu-berlin.de/bizer/bsbm/v01/vocabulary/productFeature;http://www4.wiwiss.fu-berlin.de/bizer/bsbm/v01/instances/ProductFeature457
http://www4.wiwiss.fu-berlin.de/bizer/bsbm/v01/instances/dataFrom/Product254;http://www4.wiwiss.fu-berlin.de/bizer/bsbm/v01/vocabulary/productFeature;http://www4.wiwiss.fu-berlin.de/bizer/bsbm/v01/instances/ProductFeature458
http://www4.wiwiss.fu-berlin.de/bizer/bsbm/v01/instances/dataFrom/Product254;http://www4.wiwiss.fu-berlin.de/bizer/bsbm/v01/vocabulary/productFeature;http://www4.wiwiss.fu-berlin.de/bizer/bsbm/v01/instances/ProductFeature460
http://www4.wiwiss.fu-berlin.de/bizer/bsbm/v01/instances/dataFrom/Product254;http://www4.wiwiss.fu-berlin.de/bizer/bsbm/v01/vocabulary/productFeature;http://www4.wiwiss.fu-berlin.de/bizer/bsbm/v01/instances/ProductFeature469
http://www4.wiwiss.fu-berlin.de/bizer/bsbm/v01/instances/dataFrom/Product254;http://www4.wiwiss.fu-berlin.de/bizer/bsbm/v01/vocabulary/productFeature;http://www4.wiwiss.fu-berlin.de/bizer/bsbm/v01/instances/ProductFeature24
http://www4.wiwiss.fu-berlin.de/bizer/bsbm/v01/instances/dataFrom/Product254;http://www4.wiwiss.fu-berlin.de/bizer/bsbm/v01/vocabulary/productFeature;http://www4.wiwiss.fu-berlin.de/bizer/bsbm/v01/instances/ProductFeature28
http://www4.wiwiss.fu-berlin.de/bizer/bsbm/v01/instances/dataFrom/Product254;http://www4.wiwiss.fu-berlin.de/bizer/bsbm/v01/vocabulary/productFeature;http://www4.wiwiss.fu-berlin.de/bizer/bsbm/v01/instances/ProductFeature30
http://www4.wiwiss.fu-berlin.de/bizer/bsbm/v01/instances/dataFrom/Product254;http://www4.wiwiss.fu-berlin.de/bizer/bsbm/v01/vocabulary/productFeature;http://www4.wiwiss.fu-berlin.de/bizer/bsbm/v01/instances/ProductFeature33
http://www4.wiwiss.fu-berlin.de/bizer/bsbm/v01/instances/dataFrom/Product254;http://www4.wiwiss.fu-berlin.de/bizer/bsbm/v01/vocabulary/productFeature;http://www4.wiwiss.fu-berlin.de/bizer/bsbm/v01/instances/ProductFeature37
http://www4.wiwiss.fu-berlin.de/bizer/bsbm/v01/instances/dataFrom/Product254;http://www4.wiwiss.fu-berlin.de/bizer/bsbm/v01/vocabulary/producer;http://www4.wiwiss.fu-berlin.de/bizer/bsbm/v01/instances/dataFromProducer19/Producer19
http://www4.wiwiss.fu-berlin.de/bizer/bsbm/v01/instances/dataFrom/Product254;http://purl.org/dc/elements/1.1/publisher;http://www4.wiwiss.fu-berlin.de/bizer/bsbm/v01/instances/dataFromProducer19/Producer19
http://www4.wiwiss.fu-berlin.de/bizer/bsbm/v01/instances/dataFrom/Product254;http://purl.org/dc/elements/1.1/date;2003-02-14
http://www4.wiwiss.fu-berlin.de/bizer/bsbm/v01/instances/dataFrom/Product640;http://www.w3.org/1999/02/22-rdf-syntax-ns#type;http://www4.wiwiss.fu-berlin.de/bizer/bsbm/v01/vocabulary/Product
http://www4.wiwiss.fu-berlin.de/bizer/bsbm/v01/instances/dataFrom/Product640;http://www.w3.org/1999/02/22-rdf-syntax-ns#type;http://www4.wiwiss.fu-berlin.de/bizer/bsbm/v01/instances/ProductType79
http://www4.wiwiss.fu-berlin.de/bizer/bsbm/v01/instances/dataFrom/Product640;http://www.w3.org/2000/01/rdf-schema#label;valuation vindication
http://www4.wiwiss.fu-berlin.de/bizer/bsbm/v01/instances/dataFrom/Product640;http://www.w3.org/2000/01/rdf-schema#comment;vocational orangiest nances statal perique whinnier shipworms remorses storming tidiest deforesting trothing unslaked merged rooting revenging denuclearize outproduces prevailers obstructiveness badinaging prerecorded henrys bestrides elongates rounds basely splosh plucked fealties emulsifying nonviable cheekiest dugong warders thieved westernized delusionary satiated quiverers bullwhips bowered cruciate twangles shoplifter depravity polymerize slams reverencer smirched enveloped elicits eatings syllogistically discomforts bombs demeaned alders teratological forzandos bookmaking feministic logicize resharpened canvaslike spelt interspersed biotechnological razored clearing dumbwaiters amasser whackier reformated foyers preappearances blackballs cumulates grouped trembling halvahs ophthalmoscopy balkans lido imperilled advertently neckties genocidal reinfects nakedly imputes leukemic cuirassed sealable shocked hearings
http://www4.wiwiss.fu-berlin.de/bizer/bsbm/v01/instances/dataFrom/Product640;http://www4.wiwiss.fu-berlin.de/bizer/bsbm/v01/vocabulary/productPropertyNumeric1;755
http://www4.wiwiss.fu-berlin.de/bizer/bsbm/v01/instances/dataFrom/Product640;http://www4.wiwiss.fu-berlin.de/bizer/bsbm/v01/vocabulary/productPropertyNumeric2;1190
http://www4.wiwiss.fu-berlin.de/bizer/bsbm/v01/instances/dataFrom/Product640;http://www4.wiwiss.fu-berlin.de/bizer/bsbm/v01/vocabulary/productPropertyNumeric3;455
http://www4.wiwiss.fu-berlin.de/bizer/bsbm/v01/instances/dataFrom/Product640;http://www4.wiwiss.fu-berlin.de/bizer/bsbm/v01/vocabulary/productPropertyNumeric4;750
http://www4.wiwiss.fu-berlin.de/bizer/bsbm/v01/instances/dataFrom/Product640;http://www4.wiwiss.fu-berlin.de/bizer/bsbm/v01/vocabulary/productPropertyNumeric5;160
http://www4.wiwiss.fu-berlin.de/bizer/bsbm/v01/instances/dataFrom/Product640;http://www4.wiwiss.fu-berlin.de/bizer/bsbm/v01/vocabulary/productPropertyTextual1;demagogy grueler frettiest rotors hymenopterous phototherapies capelan gastroscopic sympathizing denunciations manifestly prevailingly liquids sexless garrote
http://www4.wiwiss.fu-berlin.de/bizer/bsbm/v01/instances/dataFrom/Product640;http://www4.wiwiss.fu-berlin.de/bizer/bsbm/v01/vocabulary/productPropertyTextual2;tainting socially kales impuissance kris blowsily saltcellar disciplines immemorially mincy oxhearts catamaran scavenger isostatically
http://www4.wiwiss.fu-berlin.de/bizer/bsbm/v01/instances/dataFrom/Product640;http://www4.wiwiss.fu-berlin.de/bizer/bsbm/v01/vocabulary/productPropertyTextual3;titulary payment careered slouching overdiligent
http://www4.wiwiss.fu-berlin.de/bizer/bsbm/v01/instances/dataFrom/Product640;http://www4.wiwiss.fu-berlin.de/bizer/bsbm/v01/vocabulary/productPropertyTextual4;obligator commenced trampolinists suborbital
http://www4.wiwiss.fu-berlin.de/bizer/bsbm/v01/instances/dataFrom/Product640;http://www4.wiwiss.fu-berlin.de/bizer/bsbm/v01/vocabulary/productPropertyTextual5;tollages effortlessness bookplates stirrups retractable leaner
http://www4.wiwiss.fu-berlin.de/bizer/bsbm/v01/instances/dataFrom/Product640;http://www4.wiwiss.fu-berlin.de/bizer/bsbm/v01/vocabulary/productFeature;http://www4.wiwiss.fu-berlin.de/bizer/bsbm/v01/instances/ProductFeature2404
http://www4.wiwiss.fu-berlin.de/bizer/bsbm/v01/instances/dataFrom/Product640;http://www4.wiwiss.fu-berlin.de/bizer/bsbm/v01/vocabulary/productFeature;http://www4.wiwiss.fu-berlin.de/bizer/bsbm/v01/instances/ProductFeature2406
http://www4.wiwiss.fu-berlin.de/bizer/bsbm/v01/instances/dataFrom/Product640;http://www4.wiwiss.fu-berlin.de/bizer/bsbm/v01/vocabulary/productFeature;http://www4.wiwiss.fu-berlin.de/bizer/bsbm/v01/instances/ProductFeature2410
http://www4.wiwiss.fu-berlin.de/bizer/bsbm/v01/instances/dataFrom/Product640;http://www4.wiwiss.fu-berlin.de/bizer/bsbm/v01/vocabulary/productFeature;http://www4.wiwiss.fu-berlin.de/bizer/bsbm/v01/instances/ProductFeature2412
http://www4.wiwiss.fu-berlin.de/bizer/bsbm/v01/instances/dataFrom/Product640;http://www4.wiwiss.fu-berlin.de/bizer/bsbm/v01/vocabulary/productFeature;http://www4.wiwiss.fu-berlin.de/bizer/bsbm/v01/instances/ProductFeature2415
http://www4.wiwiss.fu-berlin.de/bizer/bsbm/v01/instances/dataFrom/Product640;http://www4.wiwiss.fu-berlin.de/bizer/bsbm/v01/vocabulary/productFeature;http://www4.wiwiss.fu-berlin.de/bizer/bsbm/v01/instances/ProductFeature2430
http://www4.wiwiss.fu-berlin.de/bizer/bsbm/v01/instances/dataFrom/Product640;http://www4.wiwiss.fu-berlin.de/bizer/bsbm/v01/vocabulary/productFeature;http://www4.wiwiss.fu-berlin.de/bizer/bsbm/v01/instances/ProductFeature2435
http://www4.wiwiss.fu-berlin.de/bizer/bsbm/v01/instances/dataFrom/Product640;http://www4.wiwiss.fu-berlin.de/bizer/bsbm/v01/vocabulary/productFeature;http://www4.wiwiss.fu-berlin.de/bizer/bsbm/v01/instances/ProductFeature441
http://www4.wiwiss.fu-berlin.de/bizer/bsbm/v01/instances/dataFrom/Product640;http://www4.wiwiss.fu-berlin.de/bizer/bsbm/v01/vocabulary/productFeature;http://www4.wiwiss.fu-berlin.de/bizer/bsbm/v01/instances/ProductFeature442
http://www4.wiwiss.fu-berlin.de/bizer/bsbm/v01/instances/dataFrom/Product640;http://www4.wiwiss.fu-berlin.de/bizer/bsbm/v01/vocabulary/productFeature;http://www4.wiwiss.fu-berlin.de/bizer/bsbm/v01/instances/ProductFeature445
http://www4.wiwiss.fu-berlin.de/bizer/bsbm/v01/instances/dataFrom/Product640;http://www4.wiwiss.fu-berlin.de/bizer/bsbm/v01/vocabulary/productFeature;http://www4.wiwiss.fu-berlin.de/bizer/bsbm/v01/instances/ProductFeature453
http://www4.wiwiss.fu-berlin.de/bizer/bsbm/v01/instances/dataFrom/Product640;http://www4.wiwiss.fu-berlin.de/bizer/bsbm/v01/vocabulary/productFeature;http://www4.wiwiss.fu-berlin.de/bizer/bsbm/v01/instances/ProductFeature457
http://www4.wiwiss.fu-berlin.de/bizer/bsbm/v01/instances/dataFrom/Product640;http://www4.wiwiss.fu-berlin.de/bizer/bsbm/v01/vocabulary/productFeature;http://www4.wiwiss.fu-berlin.de/bizer/bsbm/v01/instances/ProductFeature458
http://www4.wiwiss.fu-berlin.de/bizer/bsbm/v01/instances/dataFrom/Product640;http://www4.wiwiss.fu-berlin.de/bizer/bsbm/v01/vocabulary/productFeature;http://www4.wiwiss.fu-berlin.de/bizer/bsbm/v01/instances/ProductFeature460
http://www4.wiwiss.fu-berlin.de/bizer/bsbm/v01/instances/dataFrom/Product640;http://www4.wiwiss.fu-berlin.de/bizer/bsbm/v01/vocabulary/productFeature;http://www4.wiwiss.fu-berlin.de/bizer/bsbm/v01/instances/ProductFeature469
http://www4.wiwiss.fu-berlin.de/bizer/bsbm/v01/instances/dataFrom/Product640;http://www4.wiwiss.fu-berlin.de/bizer/bsbm/v01/vocabulary/productFeature;http://www4.wiwiss.fu-berlin.de/bizer/bsbm/v01/instances/ProductFeature24
http://www4.wiwiss.fu-berlin.de/bizer/bsbm/v01/instances/dataFrom/Product640;http://www4.wiwiss.fu-berlin.de/bizer/bsbm/v01/vocabulary/productFeature;http://www4.wiwiss.fu-berlin.de/bizer/bsbm/v01/instances/ProductFeature28
http://www4.wiwiss.fu-berlin.de/bizer/bsbm/v01/instances/dataFrom/Product640;http://www4.wiwiss.fu-berlin.de/bizer/bsbm/v01/vocabulary/productFeature;http://www4.wiwiss.fu-berlin.de/bizer/bsbm/v01/instances/ProductFeature30
http://www4.wiwiss.fu-berlin.de/bizer/bsbm/v01/instances/dataFrom/Product640;http://www4.wiwiss.fu-berlin.de/bizer/bsbm/v01/vocabulary/productFeature;http://www4.wiwiss.fu-berlin.de/bizer/bsbm/v01/instances/ProductFeature33
http://www4.wiwiss.fu-berlin.de/bizer/bsbm/v01/instances/dataFrom/Product640;http://www4.wiwiss.fu-berlin.de/bizer/bsbm/v01/vocabulary/productFeature;http://www4.wiwiss.fu-berlin.de/bizer/bsbm/v01/instances/ProductFeature37
http://www4.wiwiss.fu-berlin.de/bizer/bsbm/v01/instances/dataFrom/Product640;http://www4.wiwiss.fu-berlin.de/bizer/bsbm/v01/vocabulary/producer;http://www4.wiwiss.fu-berlin.de/bizer/bsbm/v01/instances/dataFromProducer19/Producer19
http://www4.wiwiss.fu-berlin.de/bizer/bsbm/v01/instances/dataFrom/Product640;http://purl.org/dc/elements/1.1/publisher;http://www4.wiwiss.fu-berlin.de/bizer/bsbm/v01/instances/dataFromProducer19/Producer19
http://www4.wiwiss.fu-berlin.de/bizer/bsbm/v01/instances/dataFrom/Product640;http://purl.org/dc/elements/1.1/date;2003-02-14
http://www4.wiwiss.fu-berlin.de/bizer/bsbm/v01/instances/dataFrom/Product93;http://www.w3.org/1999/02/22-rdf-syntax-ns#type;http://www4.wiwiss.fu-berlin.de/bizer/bsbm/v01/vocabulary/Product
http://www4.wiwiss.fu-berlin.de/bizer/bsbm/v01/instances/dataFrom/Product93;http://www.w3.org/1999/02/22-rdf-syntax-ns#type;http://www4.wiwiss.fu-berlin.de/bizer/bsbm/v01/instances/ProductType79
http://www4.wiwiss.fu-berlin.de/bizer/bsbm/v01/instances/dataFrom/Product93;http://www.w3.org/2000/01/rdf-schema#label;valuation vindication
http://www4.wiwiss.fu-berlin.de/bizer/bsbm/v01/instances/dataFrom/Product93;http://www.w3.org/2000/01/rdf-schema#comment;vocational orangiest nances statal perique whinnier shipworms remorses storming tidiest deforesting trothing unslaked merged rooting revenging denuclearize outproduces prevailers obstructiveness badinaging prerecorded henrys bestrides elongates rounds basely splosh plucked fealties emulsifying nonviable cheekiest dugong warders thieved westernized delusionary satiated quiverers bullwhips bowered cruciate twangles shoplifter depravity polymerize slams reverencer smirched enveloped elicits eatings syllogistically discomforts bombs demeaned alders teratological forzandos bookmaking feministic logicize resharpened canvaslike spelt interspersed biotechnological razored clearing dumbwaiters amasser whackier reformated foyers preappearances blackballs cumulates grouped trembling halvahs ophthalmoscopy balkans lido imperilled advertently neckties genocidal reinfects nakedly imputes leukemic cuirassed sealable shocked hearings
http://www4.wiwiss.fu-berlin.de/bizer/bsbm/v01/instances/dataFrom/Product93;http://www4.wiwiss.fu-berlin.de/bizer/bsbm/v01/vocabulary/productPropertyNumeric1;755
http://www4.wiwiss.fu-berlin.de/bizer/bsbm/v01/instances/dataFrom/Product93;http://www4.wiwiss.fu-berlin.de/bizer/bsbm/v01/vocabulary/productPropertyNumeric2;1190
http://www4.wiwiss.fu-berlin.de/bizer/bsbm/v01/instances/dataFrom/Product93;http://www4.wiwiss.fu-berlin.de/bizer/bsbm/v01/vocabulary/productPropertyNumeric3;455
http://www4.wiwiss.fu-berlin.de/bizer/bsbm/v01/instances/dataFrom/Product93;http://www4.wiwiss.fu-berlin.de/bizer/bsbm/v01/vocabulary/productPropertyNumeric4;750
http://www4.wiwiss.fu-berlin.de/bizer/bsbm/v01/instances/dataFrom/Product93;http://www4.wiwiss.fu-berlin.de/bizer/bsbm/v01/vocabulary/productPropertyNumeric5;160
http://www4.wiwiss.fu-berlin.de/bizer/bsbm/v01/instances/dataFrom/Product93;http://www4.wiwiss.fu-berlin.de/bizer/bsbm/v01/vocabulary/productPropertyTextual1;demagogy grueler frettiest rotors hymenopterous phototherapies capelan gastroscopic sympathizing denunciations manifestly prevailingly liquids sexless garrote
http://www4.wiwiss.fu-berlin.de/bizer/bsbm/v01/instances/dataFrom/Product93;http://www4.wiwiss.fu-berlin.de/bizer/bsbm/v01/vocabulary/productPropertyTextual2;tainting socially kales impuissance kris blowsily saltcellar disciplines immemorially mincy oxhearts catamaran scavenger isostatically
http://www4.wiwiss.fu-berlin.de/bizer/bsbm/v01/instances/dataFrom/Product93;http://www4.wiwiss.fu-berlin.de/bizer/bsbm/v01/vocabulary/productPropertyTextual3;titulary payment careered slouching overdiligent
http://www4.wiwiss.fu-berlin.de/bizer/bsbm/v01/instances/dataFrom/Product93;http://www4.wiwiss.fu-berlin.de/bizer/bsbm/v01/vocabulary/productPropertyTextual4;obligator commenced trampolinists suborbital
http://www4.wiwiss.fu-berlin.de/bizer/bsbm/v01/instances/dataFrom/Product93;http://www4.wiwiss.fu-berlin.de/bizer/bsbm/v01/vocabulary/productPropertyTextual5;tollages effortlessness bookplates stirrups retractable leaner
http://www4.wiwiss.fu-berlin.de/bizer/bsbm/v01/instances/dataFrom/Product93;http://www4.wiwiss.fu-berlin.de/bizer/bsbm/v01/vocabulary/productFeature;http://www4.wiwiss.fu-berlin.de/bizer/bsbm/v01/instances/ProductFeature2404
http://www4.wiwiss.fu-berlin.de/bizer/bsbm/v01/instances/dataFrom/Product93;http://www4.wiwiss.fu-berlin.de/bizer/bsbm/v01/vocabulary/productFeature;http://www4.wiwiss.fu-berlin.de/bizer/bsbm/v01/instances/ProductFeature2406
http://www4.wiwiss.fu-berlin.de/bizer/bsbm/v01/instances/dataFrom/Product93;http://www4.wiwiss.fu-berlin.de/bizer/bsbm/v01/vocabulary/productFeature;http://www4.wiwiss.fu-berlin.de/bizer/bsbm/v01/instances/ProductFeature2410
http://www4.wiwiss.fu-berlin.de/bizer/bsbm/v01/instances/dataFrom/Product93;http://www4.wiwiss.fu-berlin.de/bizer/bsbm/v01/vocabulary/productFeature;http://www4.wiwiss.fu-berlin.de/bizer/bsbm/v01/instances/ProductFeature2412
http://www4.wiwiss.fu-berlin.de/bizer/bsbm/v01/instances/dataFrom/Product93;http://www4.wiwiss.fu-berlin.de/bizer/bsbm/v01/vocabulary/productFeature;http://www4.wiwiss.fu-berlin.de/bizer/bsbm/v01/instances/ProductFeature2415
http://www4.wiwiss.fu-berlin.de/bizer/bsbm/v01/instances/dataFrom/Product93;http://www4.wiwiss.fu-berlin.de/bizer/bsbm/v01/vocabulary/productFeature;http://www4.wiwiss.fu-berlin.de/bizer/bsbm/v01/instances/ProductFeature2430
http://www4.wiwiss.fu-berlin.de/bizer/bsbm/v01/instances/dataFrom/Product93;http://www4.wiwiss.fu-berlin.de/bizer/bsbm/v01/vocabulary/productFeature;http://www4.wiwiss.fu-berlin.de/bizer/bsbm/v01/instances/ProductFeature2435
http://www4.wiwiss.fu-berlin.de/bizer/bsbm/v01/instances/dataFrom/Product93;http://www4.wiwiss.fu-berlin.de/bizer/bsbm/v01/vocabulary/productFeature;http://www4.wiwiss.fu-berlin.de/bizer/bsbm/v01/instances/ProductFeature441
http://www4.wiwiss.fu-berlin.de/bizer/bsbm/v01/instances/dataFrom/Product93;http://www4.wiwiss.fu-berlin.de/bizer/bsbm/v01/vocabulary/productFeature;http://www4.wiwiss.fu-berlin.de/bizer/bsbm/v01/instances/ProductFeature442
http://www4.wiwiss.fu-berlin.de/bizer/bsbm/v01/instances/dataFrom/Product93;http://www4.wiwiss.fu-berlin.de/bizer/bsbm/v01/vocabulary/productFeature;http://www4.wiwiss.fu-berlin.de/bizer/bsbm/v01/instances/ProductFeature445
http://www4.wiwiss.fu-berlin.de/bizer/bsbm/v01/instances/dataFrom/Product93;http://www4.wiwiss.fu-berlin.de/bizer/bsbm/v01/vocabulary/productFeature;http://www4.wiwiss.fu-berlin.de/bizer/bsbm/v01/instances/ProductFeature453
http://www4.wiwiss.fu-berlin.de/bizer/bsbm/v01/instances/dataFrom/Product93;http://www4.wiwiss.fu-berlin.de/bizer/bsbm/v01/vocabulary/productFeature;http://www4.wiwiss.fu-berlin.de/bizer/bsbm/v01/instances/ProductFeature457
http://www4.wiwiss.fu-berlin.de/bizer/bsbm/v01/instances/dataFrom/Product93;http://www4.wiwiss.fu-berlin.de/bizer/bsbm/v01/vocabulary/productFeature;http://www4.wiwiss.fu-berlin.de/bizer/bsbm/v01/instances/ProductFeature458
http://www4.wiwiss.fu-berlin.de/bizer/bsbm/v01/instances/dataFrom/Product93;http://www4.wiwiss.fu-berlin.de/bizer/bsbm/v01/vocabulary/productFeature;http://www4.wiwiss.fu-berlin.de/bizer/bsbm/v01/instances/ProductFeature460
http://www4.wiwiss.fu-berlin.de/bizer/bsbm/v01/instances/dataFrom/Product93;http://www4.wiwiss.fu-berlin.de/bizer/bsbm/v01/vocabulary/productFeature;http://www4.wiwiss.fu-berlin.de/bizer/bsbm/v01/instances/ProductFeature469
http://www4.wiwiss.fu-berlin.de/bizer/bsbm/v01/instances/dataFrom/Product93;http://www4.wiwiss.fu-berlin.de/bizer/bsbm/v01/vocabulary/productFeature;http://www4.wiwiss.fu-berlin.de/bizer/bsbm/v01/instances/ProductFeature24
http://www4.wiwiss.fu-berlin.de/bizer/bsbm/v01/instances/dataFrom/Product93;http://www4.wiwiss.fu-berlin.de/bizer/bsbm/v01/vocabulary/productFeature;http://www4.wiwiss.fu-berlin.de/bizer/bsbm/v01/instances/ProductFeature28
http://www4.wiwiss.fu-berlin.de/bizer/bsbm/v01/instances/dataFrom/Product93;http://www4.wiwiss.fu-berlin.de/bizer/bsbm/v01/vocabulary/productFeature;http://www4.wiwiss.fu-berlin.de/bizer/bsbm/v01/instances/ProductFeature30
http://www4.wiwiss.fu-berlin.de/bizer/bsbm/v01/instances/dataFrom/Product93;http://www4.wiwiss.fu-berlin.de/bizer/bsbm/v01/vocabulary/productFeature;http://www4.wiwiss.fu-berlin.de/bizer/bsbm/v01/instances/ProductFeature33
http://www4.wiwiss.fu-berlin.de/bizer/bsbm/v01/instances/dataFrom/Product93;http://www4.wiwiss.fu-berlin.de/bizer/bsbm/v01/vocabulary/productFeature;http://www4.wiwiss.fu-berlin.de/bizer/bsbm/v01/instances/ProductFeature37
http://www4.wiwiss.fu-berlin.de/bizer/bsbm/v01/instances/dataFrom/Product93;http://www4.wiwiss.fu-berlin.de/bizer/bsbm/v01/vocabulary/producer;http://www4.wiwiss.fu-berlin.de/bizer/bsbm/v01/instances/dataFromProducer19/Producer19
http://www4.wiwiss.fu-berlin.de/bizer/bsbm/v01/instances/dataFrom/Product93;http://purl.org/dc/elements/1.1/publisher;http://www4.wiwiss.fu-berlin.de/bizer/bsbm/v01/instances/dataFromProducer19/Producer19
http://www4.wiwiss.fu-berlin.de/bizer/bsbm/v01/instances/dataFrom/Product93;http://purl.org/dc/elements/1.1/date;2003-02-14
http://www4.wiwiss.fu-berlin.de/bizer/bsbm/v01/instances/dataFrom/Product450;http://www.w3.org/1999/02/22-rdf-syntax-ns#type;http://www4.wiwiss.fu-berlin.de/bizer/bsbm/v01/vocabulary/Product
http://www4.wiwiss.fu-berlin.de/bizer/bsbm/v01/instances/dataFrom/Product450;http://www.w3.org/1999/02/22-rdf-syntax-ns#type;http://www4.wiwiss.fu-berlin.de/bizer/bsbm/v01/instances/ProductType79
http://www4.wiwiss.fu-berlin.de/bizer/bsbm/v01/instances/dataFrom/Product450;http://www.w3.org/2000/01/rdf-schema#label;valuation vindication
http://www4.wiwiss.fu-berlin.de/bizer/bsbm/v01/instances/dataFrom/Product450;http://www.w3.org/2000/01/rdf-schema#comment;vocational orangiest nances statal perique whinnier shipworms remorses storming tidiest deforesting trothing unslaked merged rooting revenging denuclearize outproduces prevailers obstructiveness badinaging prerecorded henrys bestrides elongates rounds basely splosh plucked fealties emulsifying nonviable cheekiest dugong warders thieved westernized delusionary satiated quiverers bullwhips bowered cruciate twangles shoplifter depravity polymerize slams reverencer smirched enveloped elicits eatings syllogistically discomforts bombs demeaned alders teratological forzandos bookmaking feministic logicize resharpened canvaslike spelt interspersed biotechnological razored clearing dumbwaiters amasser whackier reformated foyers preappearances blackballs cumulates grouped trembling halvahs ophthalmoscopy balkans lido imperilled advertently neckties genocidal reinfects nakedly imputes leukemic cuirassed sealable shocked hearings
http://www4.wiwiss.fu-berlin.de/bizer/bsbm/v01/instances/dataFrom/Product450;http://www4.wiwiss.fu-berlin.de/bizer/bsbm/v01/vocabulary/productPropertyNumeric1;755
http://www4.wiwiss.fu-berlin.de/bizer/bsbm/v01/instances/dataFrom/Product450;http://www4.wiwiss.fu-berlin.de/bizer/bsbm/v01/vocabulary/productPropertyNumeric2;1190
http://www4.wiwiss.fu-berlin.de/bizer/bsbm/v01/instances/dataFrom/Product450;http://www4.wiwiss.fu-berlin.de/bizer/bsbm/v01/vocabulary/productPropertyNumeric3;455
http://www4.wiwiss.fu-berlin.de/bizer/bsbm/v01/instances/dataFrom/Product450;http://www4.wiwiss.fu-berlin.de/bizer/bsbm/v01/vocabulary/productPropertyNumeric4;750
http://www4.wiwiss.fu-berlin.de/bizer/bsbm/v01/instances/dataFrom/Product450;http://www4.wiwiss.fu-berlin.de/bizer/bsbm/v01/vocabulary/productPropertyNumeric5;160
http://www4.wiwiss.fu-berlin.de/bizer/bsbm/v01/instances/dataFrom/Product450;http://www4.wiwiss.fu-berlin.de/bizer/bsbm/v01/vocabulary/productPropertyTextual1;demagogy grueler frettiest rotors hymenopterous phototherapies capelan gastroscopic sympathizing denunciations manifestly prevailingly liquids sexless garrote
http://www4.wiwiss.fu-berlin.de/bizer/bsbm/v01/instances/dataFrom/Product450;http://www4.wiwiss.fu-berlin.de/bizer/bsbm/v01/vocabulary/productPropertyTextual2;tainting socially kales impuissance kris blowsily saltcellar disciplines immemorially mincy oxhearts catamaran scavenger isostatically
http://www4.wiwiss.fu-berlin.de/bizer/bsbm/v01/instances/dataFrom/Product450;http://www4.wiwiss.fu-berlin.de/bizer/bsbm/v01/vocabulary/productPropertyTextual3;titulary payment careered slouching overdiligent
http://www4.wiwiss.fu-berlin.de/bizer/bsbm/v01/instances/dataFrom/Product450;http://www4.wiwiss.fu-berlin.de/bizer/bsbm/v01/vocabulary/productPropertyTextual4;obligator commenced trampolinists suborbital
http://www4.wiwiss.fu-berlin.de/bizer/bsbm/v01/instances/dataFrom/Product450;http://www4.wiwiss.fu-berlin.de/bizer/bsbm/v01/vocabulary/productPropertyTextual5;tollages effortlessness bookplates stirrups retractable leaner
http://www4.wiwiss.fu-berlin.de/bizer/bsbm/v01/instances/dataFrom/Product450;http://www4.wiwiss.fu-berlin.de/bizer/bsbm/v01/vocabulary/productFeature;http://www4.wiwiss.fu-berlin.de/bizer/bsbm/v01/instances/ProductFeature2404
http://www4.wiwiss.fu-berlin.de/bizer/bsbm/v01/instances/dataFrom/Product450;http://www4.wiwiss.fu-berlin.de/bizer/bsbm/v01/vocabulary/productFeature;http://www4.wiwiss.fu-berlin.de/bizer/bsbm/v01/instances/ProductFeature2406
http://www4.wiwiss.fu-berlin.de/bizer/bsbm/v01/instances/dataFrom/Product450;http://www4.wiwiss.fu-berlin.de/bizer/bsbm/v01/vocabulary/productFeature;http://www4.wiwiss.fu-berlin.de/bizer/bsbm/v01/instances/ProductFeature2410
http://www4.wiwiss.fu-berlin.de/bizer/bsbm/v01/instances/dataFrom/Product450;http://www4.wiwiss.fu-berlin.de/bizer/bsbm/v01/vocabulary/productFeature;http://www4.wiwiss.fu-berlin.de/bizer/bsbm/v01/instances/ProductFeature2412
http://www4.wiwiss.fu-berlin.de/bizer/bsbm/v01/instances/dataFrom/Product450;http://www4.wiwiss.fu-berlin.de/bizer/bsbm/v01/vocabulary/productFeature;http://www4.wiwiss.fu-berlin.de/bizer/bsbm/v01/instances/ProductFeature2415
http://www4.wiwiss.fu-berlin.de/bizer/bsbm/v01/instances/dataFrom/Product450;http://www4.wiwiss.fu-berlin.de/bizer/bsbm/v01/vocabulary/productFeature;http://www4.wiwiss.fu-berlin.de/bizer/bsbm/v01/instances/ProductFeature2430
http://www4.wiwiss.fu-berlin.de/bizer/bsbm/v01/instances/dataFrom/Product450;http://www4.wiwiss.fu-berlin.de/bizer/bsbm/v01/vocabulary/productFeature;http://www4.wiwiss.fu-berlin.de/bizer/bsbm/v01/instances/ProductFeature2435
http://www4.wiwiss.fu-berlin.de/bizer/bsbm/v01/instances/dataFrom/Product450;http://www4.wiwiss.fu-berlin.de/bizer/bsbm/v01/vocabulary/productFeature;http://www4.wiwiss.fu-berlin.de/bizer/bsbm/v01/instances/ProductFeature441
http://www4.wiwiss.fu-berlin.de/bizer/bsbm/v01/instances/dataFrom/Product450;http://www4.wiwiss.fu-berlin.de/bizer/bsbm/v01/vocabulary/productFeature;http://www4.wiwiss.fu-berlin.de/bizer/bsbm/v01/instances/ProductFeature442
http://www4.wiwiss.fu-berlin.de/bizer/bsbm/v01/instances/dataFrom/Product450;http://www4.wiwiss.fu-berlin.de/bizer/bsbm/v01/vocabulary/productFeature;http://www4.wiwiss.fu-berlin.de/bizer/bsbm/v01/instances/ProductFeature445
http://www4.wiwiss.fu-berlin.de/bizer/bsbm/v01/instances/dataFrom/Product450;http://www4.wiwiss.fu-berlin.de/bizer/bsbm/v01/vocabulary/productFeature;http://www4.wiwiss.fu-berlin.de/bizer/bsbm/v01/instances/ProductFeature453
http://www4.wiwiss.fu-berlin.de/bizer/bsbm/v01/instances/dataFrom/Product450;http://www4.wiwiss.fu-berlin.de/bizer/bsbm/v01/vocabulary/productFeature;http://www4.wiwiss.fu-berlin.de/bizer/bsbm/v01/instances/ProductFeature457
http://www4.wiwiss.fu-berlin.de/bizer/bsbm/v01/instances/dataFrom/Product450;http://www4.wiwiss.fu-berlin.de/bizer/bsbm/v01/vocabulary/productFeature;http://www4.wiwiss.fu-berlin.de/bizer/bsbm/v01/instances/ProductFeature458
http://www4.wiwiss.fu-berlin.de/bizer/bsbm/v01/instances/dataFrom/Product450;http://www4.wiwiss.fu-berlin.de/bizer/bsbm/v01/vocabulary/productFeature;http://www4.wiwiss.fu-berlin.de/bizer/bsbm/v01/instances/ProductFeature460
http://www4.wiwiss.fu-berlin.de/bizer/bsbm/v01/instances/dataFrom/Product450;http://www4.wiwiss.fu-berlin.de/bizer/bsbm/v01/vocabulary/productFeature;http://www4.wiwiss.fu-berlin.de/bizer/bsbm/v01/instances/ProductFeature469
http://www4.wiwiss.fu-berlin.de/bizer/bsbm/v01/instances/dataFrom/Product450;http://www4.wiwiss.fu-berlin.de/bizer/bsbm/v01/vocabulary/productFeature;http://www4.wiwiss.fu-berlin.de/bizer/bsbm/v01/instances/ProductFeature24
http://www4.wiwiss.fu-berlin.de/bizer/bsbm/v01/instances/dataFrom/Product450;http://www4.wiwiss.fu-berlin.de/bizer/bsbm/v01/vocabulary/productFeature;http://www4.wiwiss.fu-berlin.de/bizer/bsbm/v01/instances/ProductFeature28
http://www4.wiwiss.fu-berlin.de/bizer/bsbm/v01/instances/dataFrom/Product450;http://www4.wiwiss.fu-berlin.de/bizer/bsbm/v01/vocabulary/productFeature;http://www4.wiwiss.fu-berlin.de/bizer/bsbm/v01/instances/ProductFeature30
http://www4.wiwiss.fu-berlin.de/bizer/bsbm/v01/instances/dataFrom/Product450;http://www4.wiwiss.fu-berlin.de/bizer/bsbm/v01/vocabulary/productFeature;http://www4.wiwiss.fu-berlin.de/bizer/bsbm/v01/instances/ProductFeature33
http://www4.wiwiss.fu-berlin.de/bizer/bsbm/v01/instances/dataFrom/Product450;http://www4.wiwiss.fu-berlin.de/bizer/bsbm/v01/vocabulary/productFeature;http://www4.wiwiss.fu-berlin.de/bizer/bsbm/v01/instances/ProductFeature37
http://www4.wiwiss.fu-berlin.de/bizer/bsbm/v01/instances/dataFrom/Product450;http://www4.wiwiss.fu-berlin.de/bizer/bsbm/v01/vocabulary/producer;http://www4.wiwiss.fu-berlin.de/bizer/bsbm/v01/instances/dataFromProducer19/Producer19
http://www4.wiwiss.fu-berlin.de/bizer/bsbm/v01/instances/dataFrom/Product450;http://purl.org/dc/elements/1.1/publisher;http://www4.wiwiss.fu-berlin.de/bizer/bsbm/v01/instances/dataFromProducer19/Producer19
http://www4.wiwiss.fu-berlin.de/bizer/bsbm/v01/instances/dataFrom/Product450;http://purl.org/dc/elements/1.1/date;2003-02-14
http://www4.wiwiss.fu-berlin.de/bizer/bsbm/v01/instances/dataFrom/Product717;http://www.w3.org/1999/02/22-rdf-syntax-ns#type;http://www4.wiwiss.fu-berlin.de/bizer/bsbm/v01/vocabulary/Product
http://www4.wiwiss.fu-berlin.de/bizer/bsbm/v01/instances/dataFrom/Product717;http://www.w3.org/1999/02/22-rdf-syntax-ns#type;http://www4.wiwiss.fu-berlin.de/bizer/bsbm/v01/instances/ProductType79
http://www4.wiwiss.fu-berlin.de/bizer/bsbm/v01/instances/dataFrom/Product717;http://www.w3.org/2000/01/rdf-schema#label;valuation vindication
http://www4.wiwiss.fu-berlin.de/bizer/bsbm/v01/instances/dataFrom/Product717;http://www.w3.org/2000/01/rdf-schema#comment;vocational orangiest nances statal perique whinnier shipworms remorses storming tidiest deforesting trothing unslaked merged rooting revenging denuclearize outproduces prevailers obstructiveness badinaging prerecorded henrys bestrides elongates rounds basely splosh plucked fealties emulsifying nonviable cheekiest dugong warders thieved westernized delusionary satiated quiverers bullwhips bowered cruciate twangles shoplifter depravity polymerize slams reverencer smirched enveloped elicits eatings syllogistically discomforts bombs demeaned alders teratological forzandos bookmaking feministic logicize resharpened canvaslike spelt interspersed biotechnological razored clearing dumbwaiters amasser whackier reformated foyers preappearances blackballs cumulates grouped trembling halvahs ophthalmoscopy balkans lido imperilled advertently neckties genocidal reinfects nakedly imputes leukemic cuirassed sealable shocked hearings
http://www4.wiwiss.fu-berlin.de/bizer/bsbm/v01/instances/dataFrom/Product717;http://www4.wiwiss.fu-berlin.de/bizer/bsbm/v01/vocabulary/productPropertyNumeric1;755
http://www4.wiwiss.fu-berlin.de/bizer/bsbm/v01/instances/dataFrom/Product717;http://www4.wiwiss.fu-berlin.de/bizer/bsbm/v01/vocabulary/productPropertyNumeric2;1190
http://www4.wiwiss.fu-berlin.de/bizer/bsbm/v01/instances/dataFrom/Product717;http://www4.wiwiss.fu-berlin.de/bizer/bsbm/v01/vocabulary/productPropertyNumeric3;455
http://www4.wiwiss.fu-berlin.de/bizer/bsbm/v01/instances/dataFrom/Product717;http://www4.wiwiss.fu-berlin.de/bizer/bsbm/v01/vocabulary/productPropertyNumeric4;750
http://www4.wiwiss.fu-berlin.de/bizer/bsbm/v01/instances/dataFrom/Product717;http://www4.wiwiss.fu-berlin.de/bizer/bsbm/v01/vocabulary/productPropertyNumeric5;160
http://www4.wiwiss.fu-berlin.de/bizer/bsbm/v01/instances/dataFrom/Product717;http://www4.wiwiss.fu-berlin.de/bizer/bsbm/v01/vocabulary/productPropertyTextual1;demagogy grueler frettiest rotors hymenopterous phototherapies capelan gastroscopic sympathizing denunciations manifestly prevailingly liquids sexless garrote
http://www4.wiwiss.fu-berlin.de/bizer/bsbm/v01/instances/dataFrom/Product717;http://www4.wiwiss.fu-berlin.de/bizer/bsbm/v01/vocabulary/productPropertyTextual2;tainting socially kales impuissance kris blowsily saltcellar disciplines immemorially mincy oxhearts catamaran scavenger isostatically
http://www4.wiwiss.fu-berlin.de/bizer/bsbm/v01/instances/dataFrom/Product717;http://www4.wiwiss.fu-berlin.de/bizer/bsbm/v01/vocabulary/productPropertyTextual3;titulary payment careered slouching overdiligent
http://www4.wiwiss.fu-berlin.de/bizer/bsbm/v01/instances/dataFrom/Product717;http://www4.wiwiss.fu-berlin.de/bizer/bsbm/v01/vocabulary/productPropertyTextual4;obligator commenced trampolinists suborbital
http://www4.wiwiss.fu-berlin.de/bizer/bsbm/v01/instances/dataFrom/Product717;http://www4.wiwiss.fu-berlin.de/bizer/bsbm/v01/vocabulary/productPropertyTextual5;tollages effortlessness bookplates stirrups retractable leaner
http://www4.wiwiss.fu-berlin.de/bizer/bsbm/v01/instances/dataFrom/Product717;http://www4.wiwiss.fu-berlin.de/bizer/bsbm/v01/vocabulary/productFeature;http://www4.wiwiss.fu-berlin.de/bizer/bsbm/v01/instances/ProductFeature2404
http://www4.wiwiss.fu-berlin.de/bizer/bsbm/v01/instances/dataFrom/Product717;http://www4.wiwiss.fu-berlin.de/bizer/bsbm/v01/vocabulary/productFeature;http://www4.wiwiss.fu-berlin.de/bizer/bsbm/v01/instances/ProductFeature2406
http://www4.wiwiss.fu-berlin.de/bizer/bsbm/v01/instances/dataFrom/Product717;http://www4.wiwiss.fu-berlin.de/bizer/bsbm/v01/vocabulary/productFeature;http://www4.wiwiss.fu-berlin.de/bizer/bsbm/v01/instances/ProductFeature2410
http://www4.wiwiss.fu-berlin.de/bizer/bsbm/v01/instances/dataFrom/Product717;http://www4.wiwiss.fu-berlin.de/bizer/bsbm/v01/vocabulary/productFeature;http://www4.wiwiss.fu-berlin.de/bizer/bsbm/v01/instances/ProductFeature2412
http://www4.wiwiss.fu-berlin.de/bizer/bsbm/v01/instances/dataFrom/Product717;http://www4.wiwiss.fu-berlin.de/bizer/bsbm/v01/vocabulary/productFeature;http://www4.wiwiss.fu-berlin.de/bizer/bsbm/v01/instances/ProductFeature2415
http://www4.wiwiss.fu-berlin.de/bizer/bsbm/v01/instances/dataFrom/Product717;http://www4.wiwiss.fu-berlin.de/bizer/bsbm/v01/vocabulary/productFeature;http://www4.wiwiss.fu-berlin.de/bizer/bsbm/v01/instances/ProductFeature2430
http://www4.wiwiss.fu-berlin.de/bizer/bsbm/v01/instances/dataFrom/Product717;http://www4.wiwiss.fu-berlin.de/bizer/bsbm/v01/vocabulary/productFeature;http://www4.wiwiss.fu-berlin.de/bizer/bsbm/v01/instances/ProductFeature2435
http://www4.wiwiss.fu-berlin.de/bizer/bsbm/v01/instances/dataFrom/Product717;http://www4.wiwiss.fu-berlin.de/bizer/bsbm/v01/vocabulary/productFeature;http://www4.wiwiss.fu-berlin.de/bizer/bsbm/v01/instances/ProductFeature441
http://www4.wiwiss.fu-berlin.de/bizer/bsbm/v01/instances/dataFrom/Product717;http://www4.wiwiss.fu-berlin.de/bizer/bsbm/v01/vocabulary/productFeature;http://www4.wiwiss.fu-berlin.de/bizer/bsbm/v01/instances/ProductFeature442
http://www4.wiwiss.fu-berlin.de/bizer/bsbm/v01/instances/dataFrom/Product717;http://www4.wiwiss.fu-berlin.de/bizer/bsbm/v01/vocabulary/productFeature;http://www4.wiwiss.fu-berlin.de/bizer/bsbm/v01/instances/ProductFeature445
http://www4.wiwiss.fu-berlin.de/bizer/bsbm/v01/instances/dataFrom/Product717;http://www4.wiwiss.fu-berlin.de/bizer/bsbm/v01/vocabulary/productFeature;http://www4.wiwiss.fu-berlin.de/bizer/bsbm/v01/instances/ProductFeature453
http://www4.wiwiss.fu-berlin.de/bizer/bsbm/v01/instances/dataFrom/Product717;http://www4.wiwiss.fu-berlin.de/bizer/bsbm/v01/vocabulary/productFeature;http://www4.wiwiss.fu-berlin.de/bizer/bsbm/v01/instances/ProductFeature457
http://www4.wiwiss.fu-berlin.de/bizer/bsbm/v01/instances/dataFrom/Product717;http://www4.wiwiss.fu-berlin.de/bizer/bsbm/v01/vocabulary/productFeature;http://www4.wiwiss.fu-berlin.de/bizer/bsbm/v01/instances/ProductFeature458
http://www4.wiwiss.fu-berlin.de/bizer/bsbm/v01/instances/dataFrom/Product717;http://www4.wiwiss.fu-berlin.de/bizer/bsbm/v01/vocabulary/productFeature;http://www4.wiwiss.fu-berlin.de/bizer/bsbm/v01/instances/ProductFeature460
http://www4.wiwiss.fu-berlin.de/bizer/bsbm/v01/instances/dataFrom/Product717;http://www4.wiwiss.fu-berlin.de/bizer/bsbm/v01/vocabulary/productFeature;http://www4.wiwiss.fu-berlin.de/bizer/bsbm/v01/instances/ProductFeature469
http://www4.wiwiss.fu-berlin.de/bizer/bsbm/v01/instances/dataFrom/Product717;http://www4.wiwiss.fu-berlin.de/bizer/bsbm/v01/vocabulary/productFeature;http://www4.wiwiss.fu-berlin.de/bizer/bsbm/v01/instances/ProductFeature24
http://www4.wiwiss.fu-berlin.de/bizer/bsbm/v01/instances/dataFrom/Product717;http://www4.wiwiss.fu-berlin.de/bizer/bsbm/v01/vocabulary/productFeature;http://www4.wiwiss.fu-berlin.de/bizer/bsbm/v01/instances/ProductFeature28
http://www4.wiwiss.fu-berlin.de/bizer/bsbm/v01/instances/dataFrom/Product717;http://www4.wiwiss.fu-berlin.de/bizer/bsbm/v01/vocabulary/productFeature;http://www4.wiwiss.fu-berlin.de/bizer/bsbm/v01/instances/ProductFeature30
http://www4.wiwiss.fu-berlin.de/bizer/bsbm/v01/instances/dataFrom/Product717;http://www4.wiwiss.fu-berlin.de/bizer/bsbm/v01/vocabulary/productFeature;http://www4.wiwiss.fu-berlin.de/bizer/bsbm/v01/instances/ProductFeature33
http://www4.wiwiss.fu-berlin.de/bizer/bsbm/v01/instances/dataFrom/Product717;http://www4.wiwiss.fu-berlin.de/bizer/bsbm/v01/vocabulary/productFeature;http://www4.wiwiss.fu-berlin.de/bizer/bsbm/v01/instances/ProductFeature37
http://www4.wiwiss.fu-berlin.de/bizer/bsbm/v01/instances/dataFrom/Product717;http://www4.wiwiss.fu-berlin.de/bizer/bsbm/v01/vocabulary/producer;http://www4.wiwiss.fu-berlin.de/bizer/bsbm/v01/instances/dataFromProducer19/Producer19
http://www4.wiwiss.fu-berlin.de/bizer/bsbm/v01/instances/dataFrom/Product717;http://purl.org/dc/elements/1.1/publisher;http://www4.wiwiss.fu-berlin.de/bizer/bsbm/v01/instances/dataFromProducer19/Producer19
http://www4.wiwiss.fu-berlin.de/bizer/bsbm/v01/instances/dataFrom/Product717;http://purl.org/dc/elements/1.1/date;2003-02-14
http://www4.wiwiss.fu-berlin.de/bizer/bsbm/v01/instances/dataFrom/Product406;http://www.w3.org/1999/02/22-rdf-syntax-ns#type;http://www4.wiwiss.fu-berlin.de/bizer/bsbm/v01/vocabulary/Product
http://www4.wiwiss.fu-berlin.de/bizer/bsbm/v01/instances/dataFrom/Product406;http://www.w3.org/1999/02/22-rdf-syntax-ns#type;http://www4.wiwiss.fu-berlin.de/bizer/bsbm/v01/instances/ProductType79
http://www4.wiwiss.fu-berlin.de/bizer/bsbm/v01/instances/dataFrom/Product406;http://www.w3.org/2000/01/rdf-schema#label;valuation vindication
http://www4.wiwiss.fu-berlin.de/bizer/bsbm/v01/instances/dataFrom/Product406;http://www.w3.org/2000/01/rdf-schema#comment;vocational orangiest nances statal perique whinnier shipworms remorses storming tidiest deforesting trothing unslaked merged rooting revenging denuclearize outproduces prevailers obstructiveness badinaging prerecorded henrys bestrides elongates rounds basely splosh plucked fealties emulsifying nonviable cheekiest dugong warders thieved westernized delusionary satiated quiverers bullwhips bowered cruciate twangles shoplifter depravity polymerize slams reverencer smirched enveloped elicits eatings syllogistically discomforts bombs demeaned alders teratological forzandos bookmaking feministic logicize resharpened canvaslike spelt interspersed biotechnological razored clearing dumbwaiters amasser whackier reformated foyers preappearances blackballs cumulates grouped trembling halvahs ophthalmoscopy balkans lido imperilled advertently neckties genocidal reinfects nakedly imputes leukemic cuirassed sealable shocked hearings
http://www4.wiwiss.fu-berlin.de/bizer/bsbm/v01/instances/dataFrom/Product406;http://www4.wiwiss.fu-berlin.de/bizer/bsbm/v01/vocabulary/productPropertyNumeric1;755
http://www4.wiwiss.fu-berlin.de/bizer/bsbm/v01/instances/dataFrom/Product406;http://www4.wiwiss.fu-berlin.de/bizer/bsbm/v01/vocabulary/productPropertyNumeric2;1190
http://www4.wiwiss.fu-berlin.de/bizer/bsbm/v01/instances/dataFrom/Product406;http://www4.wiwiss.fu-berlin.de/bizer/bsbm/v01/vocabulary/productPropertyNumeric3;455
http://www4.wiwiss.fu-berlin.de/bizer/bsbm/v01/instances/dataFrom/Product406;http://www4.wiwiss.fu-berlin.de/bizer/bsbm/v01/vocabulary/productPropertyNumeric4;750
http://www4.wiwiss.fu-berlin.de/bizer/bsbm/v01/instances/dataFrom/Product406;http://www4.wiwiss.fu-berlin.de/bizer/bsbm/v01/vocabulary/productPropertyNumeric5;160
http://www4.wiwiss.fu-berlin.de/bizer/bsbm/v01/instances/dataFrom/Product406;http://www4.wiwiss.fu-berlin.de/bizer/bsbm/v01/vocabulary/productPropertyTextual1;demagogy grueler frettiest rotors hymenopterous phototherapies capelan gastroscopic sympathizing denunciations manifestly prevailingly liquids sexless garrote
http://www4.wiwiss.fu-berlin.de/bizer/bsbm/v01/instances/dataFrom/Product406;http://www4.wiwiss.fu-berlin.de/bizer/bsbm/v01/vocabulary/productPropertyTextual2;tainting socially kales impuissance kris blowsily saltcellar disciplines immemorially mincy oxhearts catamaran scavenger isostatically
http://www4.wiwiss.fu-berlin.de/bizer/bsbm/v01/instances/dataFrom/Product406;http://www4.wiwiss.fu-berlin.de/bizer/bsbm/v01/vocabulary/productPropertyTextual3;titulary payment careered slouching overdiligent
http://www4.wiwiss.fu-berlin.de/bizer/bsbm/v01/instances/dataFrom/Product406;http://www4.wiwiss.fu-berlin.de/bizer/bsbm/v01/vocabulary/productPropertyTextual4;obligator commenced trampolinists suborbital
http://www4.wiwiss.fu-berlin.de/bizer/bsbm/v01/instances/dataFrom/Product406;http://www4.wiwiss.fu-berlin.de/bizer/bsbm/v01/vocabulary/productPropertyTextual5;tollages effortlessness bookplates stirrups retractable leaner
http://www4.wiwiss.fu-berlin.de/bizer/bsbm/v01/instances/dataFrom/Product406;http://www4.wiwiss.fu-berlin.de/bizer/bsbm/v01/vocabulary/productFeature;http://www4.wiwiss.fu-berlin.de/bizer/bsbm/v01/instances/ProductFeature2404
http://www4.wiwiss.fu-berlin.de/bizer/bsbm/v01/instances/dataFrom/Product406;http://www4.wiwiss.fu-berlin.de/bizer/bsbm/v01/vocabulary/productFeature;http://www4.wiwiss.fu-berlin.de/bizer/bsbm/v01/instances/ProductFeature2406
http://www4.wiwiss.fu-berlin.de/bizer/bsbm/v01/instances/dataFrom/Product406;http://www4.wiwiss.fu-berlin.de/bizer/bsbm/v01/vocabulary/productFeature;http://www4.wiwiss.fu-berlin.de/bizer/bsbm/v01/instances/ProductFeature2410
http://www4.wiwiss.fu-berlin.de/bizer/bsbm/v01/instances/dataFrom/Product406;http://www4.wiwiss.fu-berlin.de/bizer/bsbm/v01/vocabulary/productFeature;http://www4.wiwiss.fu-berlin.de/bizer/bsbm/v01/instances/ProductFeature2412
http://www4.wiwiss.fu-berlin.de/bizer/bsbm/v01/instances/dataFrom/Product406;http://www4.wiwiss.fu-berlin.de/bizer/bsbm/v01/vocabulary/productFeature;http://www4.wiwiss.fu-berlin.de/bizer/bsbm/v01/instances/ProductFeature2415
http://www4.wiwiss.fu-berlin.de/bizer/bsbm/v01/instances/dataFrom/Product406;http://www4.wiwiss.fu-berlin.de/bizer/bsbm/v01/vocabulary/productFeature;http://www4.wiwiss.fu-berlin.de/bizer/bsbm/v01/instances/ProductFeature2430
http://www4.wiwiss.fu-berlin.de/bizer/bsbm/v01/instances/dataFrom/Product406;http://www4.wiwiss.fu-berlin.de/bizer/bsbm/v01/vocabulary/productFeature;http://www4.wiwiss.fu-berlin.de/bizer/bsbm/v01/instances/ProductFeature2435
http://www4.wiwiss.fu-berlin.de/bizer/bsbm/v01/instances/dataFrom/Product406;http://www4.wiwiss.fu-berlin.de/bizer/bsbm/v01/vocabulary/productFeature;http://www4.wiwiss.fu-berlin.de/bizer/bsbm/v01/instances/ProductFeature441
http://www4.wiwiss.fu-berlin.de/bizer/bsbm/v01/instances/dataFrom/Product406;http://www4.wiwiss.fu-berlin.de/bizer/bsbm/v01/vocabulary/productFeature;http://www4.wiwiss.fu-berlin.de/bizer/bsbm/v01/instances/ProductFeature442
http://www4.wiwiss.fu-berlin.de/bizer/bsbm/v01/instances/dataFrom/Product406;http://www4.wiwiss.fu-berlin.de/bizer/bsbm/v01/vocabulary/productFeature;http://www4.wiwiss.fu-berlin.de/bizer/bsbm/v01/instances/ProductFeature445
http://www4.wiwiss.fu-berlin.de/bizer/bsbm/v01/instances/dataFrom/Product406;http://www4.wiwiss.fu-berlin.de/bizer/bsbm/v01/vocabulary/productFeature;http://www4.wiwiss.fu-berlin.de/bizer/bsbm/v01/instances/ProductFeature453
http://www4.wiwiss.fu-berlin.de/bizer/bsbm/v01/instances/dataFrom/Product406;http://www4.wiwiss.fu-berlin.de/bizer/bsbm/v01/vocabulary/productFeature;http://www4.wiwiss.fu-berlin.de/bizer/bsbm/v01/instances/ProductFeature457
http://www4.wiwiss.fu-berlin.de/bizer/bsbm/v01/instances/dataFrom/Product406;http://www4.wiwiss.fu-berlin.de/bizer/bsbm/v01/vocabulary/productFeature;http://www4.wiwiss.fu-berlin.de/bizer/bsbm/v01/instances/ProductFeature458
http://www4.wiwiss.fu-berlin.de/bizer/bsbm/v01/instances/dataFrom/Product406;http://www4.wiwiss.fu-berlin.de/bizer/bsbm/v01/vocabulary/productFeature;http://www4.wiwiss.fu-berlin.de/bizer/bsbm/v01/instances/ProductFeature460
http://www4.wiwiss.fu-berlin.de/bizer/bsbm/v01/instances/dataFrom/Product406;http://www4.wiwiss.fu-berlin.de/bizer/bsbm/v01/vocabulary/productFeature;http://www4.wiwiss.fu-berlin.de/bizer/bsbm/v01/instances/ProductFeature469
http://www4.wiwiss.fu-berlin.de/bizer/bsbm/v01/instances/dataFrom/Product406;http://www4.wiwiss.fu-berlin.de/bizer/bsbm/v01/vocabulary/productFeature;http://www4.wiwiss.fu-berlin.de/bizer/bsbm/v01/instances/ProductFeature24
http://www4.wiwiss.fu-berlin.de/bizer/bsbm/v01/instances/dataFrom/Product406;http://www4.wiwiss.fu-berlin.de/bizer/bsbm/v01/vocabulary/productFeature;http://www4.wiwiss.fu-berlin.de/bizer/bsbm/v01/instances/ProductFeature28
http://www4.wiwiss.fu-berlin.de/bizer/bsbm/v01/instances/dataFrom/Product406;http://www4.wiwiss.fu-berlin.de/bizer/bsbm/v01/vocabulary/productFeature;http://www4.wiwiss.fu-berlin.de/bizer/bsbm/v01/instances/ProductFeature30
http://www4.wiwiss.fu-berlin.de/bizer/bsbm/v01/instances/dataFrom/Product406;http://www4.wiwiss.fu-berlin.de/bizer/bsbm/v01/vocabulary/productFeature;http://www4.wiwiss.fu-berlin.de/bizer/bsbm/v01/instances/ProductFeature33
http://www4.wiwiss.fu-berlin.de/bizer/bsbm/v01/instances/dataFrom/Product406;http://www4.wiwiss.fu-berlin.de/bizer/bsbm/v01/vocabulary/productFeature;http://www4.wiwiss.fu-berlin.de/bizer/bsbm/v01/instances/ProductFeature37
http://www4.wiwiss.fu-berlin.de/bizer/bsbm/v01/instances/dataFrom/Product406;http://www4.wiwiss.fu-berlin.de/bizer/bsbm/v01/vocabulary/producer;http://www4.wiwiss.fu-berlin.de/bizer/bsbm/v01/instances/dataFromProducer19/Producer19
http://www4.wiwiss.fu-berlin.de/bizer/bsbm/v01/instances/dataFrom/Product406;http://purl.org/dc/elements/1.1/publisher;http://www4.wiwiss.fu-berlin.de/bizer/bsbm/v01/instances/dataFromProducer19/Producer19
http://www4.wiwiss.fu-berlin.de/bizer/bsbm/v01/instances/dataFrom/Product406;http://purl.org/dc/elements/1.1/date;2003-02-14
http://www4.wiwiss.fu-berlin.de/bizer/bsbm/v01/instances/dataFrom/Product275;http://www.w3.org/1999/02/22-rdf-syntax-ns#type;http://www4.wiwiss.fu-berlin.de/bizer/bsbm/v01/vocabulary/Product
http://www4.wiwiss.fu-berlin.de/bizer/bsbm/v01/instances/dataFrom/Product275;http://www.w3.org/1999/02/22-rdf-syntax-ns#type;http://www4.wiwiss.fu-berlin.de/bizer/bsbm/v01/instances/ProductType79
http://www4.wiwiss.fu-berlin.de/bizer/bsbm/v01/instances/dataFrom/Product275;http://www.w3.org/2000/01/rdf-schema#label;valuation vindication
http://www4.wiwiss.fu-berlin.de/bizer/bsbm/v01/instances/dataFrom/Product275;http://www.w3.org/2000/01/rdf-schema#comment;vocational orangiest nances statal perique whinnier shipworms remorses storming tidiest deforesting trothing unslaked merged rooting revenging denuclearize outproduces prevailers obstructiveness badinaging prerecorded henrys bestrides elongates rounds basely splosh plucked fealties emulsifying nonviable cheekiest dugong warders thieved westernized delusionary satiated quiverers bullwhips bowered cruciate twangles shoplifter depravity polymerize slams reverencer smirched enveloped elicits eatings syllogistically discomforts bombs demeaned alders teratological forzandos bookmaking feministic logicize resharpened canvaslike spelt interspersed biotechnological razored clearing dumbwaiters amasser whackier reformated foyers preappearances blackballs cumulates grouped trembling halvahs ophthalmoscopy balkans lido imperilled advertently neckties genocidal reinfects nakedly imputes leukemic cuirassed sealable shocked hearings
http://www4.wiwiss.fu-berlin.de/bizer/bsbm/v01/instances/dataFrom/Product275;http://www4.wiwiss.fu-berlin.de/bizer/bsbm/v01/vocabulary/productPropertyNumeric1;755
http://www4.wiwiss.fu-berlin.de/bizer/bsbm/v01/instances/dataFrom/Product275;http://www4.wiwiss.fu-berlin.de/bizer/bsbm/v01/vocabulary/productPropertyNumeric2;1190
http://www4.wiwiss.fu-berlin.de/bizer/bsbm/v01/instances/dataFrom/Product275;http://www4.wiwiss.fu-berlin.de/bizer/bsbm/v01/vocabulary/productPropertyNumeric3;455
http://www4.wiwiss.fu-berlin.de/bizer/bsbm/v01/instances/dataFrom/Product275;http://www4.wiwiss.fu-berlin.de/bizer/bsbm/v01/vocabulary/productPropertyNumeric4;750
http://www4.wiwiss.fu-berlin.de/bizer/bsbm/v01/instances/dataFrom/Product275;http://www4.wiwiss.fu-berlin.de/bizer/bsbm/v01/vocabulary/productPropertyNumeric5;160
http://www4.wiwiss.fu-berlin.de/bizer/bsbm/v01/instances/dataFrom/Product275;http://www4.wiwiss.fu-berlin.de/bizer/bsbm/v01/vocabulary/productPropertyTextual1;demagogy grueler frettiest rotors hymenopterous phototherapies capelan gastroscopic sympathizing denunciations manifestly prevailingly liquids sexless garrote
http://www4.wiwiss.fu-berlin.de/bizer/bsbm/v01/instances/dataFrom/Product275;http://www4.wiwiss.fu-berlin.de/bizer/bsbm/v01/vocabulary/productPropertyTextual2;tainting socially kales impuissance kris blowsily saltcellar disciplines immemorially mincy oxhearts catamaran scavenger isostatically
http://www4.wiwiss.fu-berlin.de/bizer/bsbm/v01/instances/dataFrom/Product275;http://www4.wiwiss.fu-berlin.de/bizer/bsbm/v01/vocabulary/productPropertyTextual3;titulary payment careered slouching overdiligent
http://www4.wiwiss.fu-berlin.de/bizer/bsbm/v01/instances/dataFrom/Product275;http://www4.wiwiss.fu-berlin.de/bizer/bsbm/v01/vocabulary/productPropertyTextual4;obligator commenced trampolinists suborbital
http://www4.wiwiss.fu-berlin.de/bizer/bsbm/v01/instances/dataFrom/Product275;http://www4.wiwiss.fu-berlin.de/bizer/bsbm/v01/vocabulary/productPropertyTextual5;tollages effortlessness bookplates stirrups retractable leaner
http://www4.wiwiss.fu-berlin.de/bizer/bsbm/v01/instances/dataFrom/Product275;http://www4.wiwiss.fu-berlin.de/bizer/bsbm/v01/vocabulary/productFeature;http://www4.wiwiss.fu-berlin.de/bizer/bsbm/v01/instances/ProductFeature2404
http://www4.wiwiss.fu-berlin.de/bizer/bsbm/v01/instances/dataFrom/Product275;http://www4.wiwiss.fu-berlin.de/bizer/bsbm/v01/vocabulary/productFeature;http://www4.wiwiss.fu-berlin.de/bizer/bsbm/v01/instances/ProductFeature2406
http://www4.wiwiss.fu-berlin.de/bizer/bsbm/v01/instances/dataFrom/Product275;http://www4.wiwiss.fu-berlin.de/bizer/bsbm/v01/vocabulary/productFeature;http://www4.wiwiss.fu-berlin.de/bizer/bsbm/v01/instances/ProductFeature2410
http://www4.wiwiss.fu-berlin.de/bizer/bsbm/v01/instances/dataFrom/Product275;http://www4.wiwiss.fu-berlin.de/bizer/bsbm/v01/vocabulary/productFeature;http://www4.wiwiss.fu-berlin.de/bizer/bsbm/v01/instances/ProductFeature2412
http://www4.wiwiss.fu-berlin.de/bizer/bsbm/v01/instances/dataFrom/Product275;http://www4.wiwiss.fu-berlin.de/bizer/bsbm/v01/vocabulary/productFeature;http://www4.wiwiss.fu-berlin.de/bizer/bsbm/v01/instances/ProductFeature2415
http://www4.wiwiss.fu-berlin.de/bizer/bsbm/v01/instances/dataFrom/Product275;http://www4.wiwiss.fu-berlin.de/bizer/bsbm/v01/vocabulary/productFeature;http://www4.wiwiss.fu-berlin.de/bizer/bsbm/v01/instances/ProductFeature2430
http://www4.wiwiss.fu-berlin.de/bizer/bsbm/v01/instances/dataFrom/Product275;http://www4.wiwiss.fu-berlin.de/bizer/bsbm/v01/vocabulary/productFeature;http://www4.wiwiss.fu-berlin.de/bizer/bsbm/v01/instances/ProductFeature2435
http://www4.wiwiss.fu-berlin.de/bizer/bsbm/v01/instances/dataFrom/Product275;http://www4.wiwiss.fu-berlin.de/bizer/bsbm/v01/vocabulary/productFeature;http://www4.wiwiss.fu-berlin.de/bizer/bsbm/v01/instances/ProductFeature441
http://www4.wiwiss.fu-berlin.de/bizer/bsbm/v01/instances/dataFrom/Product275;http://www4.wiwiss.fu-berlin.de/bizer/bsbm/v01/vocabulary/productFeature;http://www4.wiwiss.fu-berlin.de/bizer/bsbm/v01/instances/ProductFeature442
http://www4.wiwiss.fu-berlin.de/bizer/bsbm/v01/instances/dataFrom/Product275;http://www4.wiwiss.fu-berlin.de/bizer/bsbm/v01/vocabulary/productFeature;http://www4.wiwiss.fu-berlin.de/bizer/bsbm/v01/instances/ProductFeature445
http://www4.wiwiss.fu-berlin.de/bizer/bsbm/v01/instances/dataFrom/Product275;http://www4.wiwiss.fu-berlin.de/bizer/bsbm/v01/vocabulary/productFeature;http://www4.wiwiss.fu-berlin.de/bizer/bsbm/v01/instances/ProductFeature453
http://www4.wiwiss.fu-berlin.de/bizer/bsbm/v01/instances/dataFrom/Product275;http://www4.wiwiss.fu-berlin.de/bizer/bsbm/v01/vocabulary/productFeature;http://www4.wiwiss.fu-berlin.de/bizer/bsbm/v01/instances/ProductFeature457
http://www4.wiwiss.fu-berlin.de/bizer/bsbm/v01/instances/dataFrom/Product275;http://www4.wiwiss.fu-berlin.de/bizer/bsbm/v01/vocabulary/productFeature;http://www4.wiwiss.fu-berlin.de/bizer/bsbm/v01/instances/ProductFeature458
http://www4.wiwiss.fu-berlin.de/bizer/bsbm/v01/instances/dataFrom/Product275;http://www4.wiwiss.fu-berlin.de/bizer/bsbm/v01/vocabulary/productFeature;http://www4.wiwiss.fu-berlin.de/bizer/bsbm/v01/instances/ProductFeature460
http://www4.wiwiss.fu-berlin.de/bizer/bsbm/v01/instances/dataFrom/Product275;http://www4.wiwiss.fu-berlin.de/bizer/bsbm/v01/vocabulary/productFeature;http://www4.wiwiss.fu-berlin.de/bizer/bsbm/v01/instances/ProductFeature469
http://www4.wiwiss.fu-berlin.de/bizer/bsbm/v01/instances/dataFrom/Product275;http://www4.wiwiss.fu-berlin.de/bizer/bsbm/v01/vocabulary/productFeature;http://www4.wiwiss.fu-berlin.de/bizer/bsbm/v01/instances/ProductFeature24
http://www4.wiwiss.fu-berlin.de/bizer/bsbm/v01/instances/dataFrom/Product275;http://www4.wiwiss.fu-berlin.de/bizer/bsbm/v01/vocabulary/productFeature;http://www4.wiwiss.fu-berlin.de/bizer/bsbm/v01/instances/ProductFeature28
http://www4.wiwiss.fu-berlin.de/bizer/bsbm/v01/instances/dataFrom/Product275;http://www4.wiwiss.fu-berlin.de/bizer/bsbm/v01/vocabulary/productFeature;http://www4.wiwiss.fu-berlin.de/bizer/bsbm/v01/instances/ProductFeature30
http://www4.wiwiss.fu-berlin.de/bizer/bsbm/v01/instances/dataFrom/Product275;http://www4.wiwiss.fu-berlin.de/bizer/bsbm/v01/vocabulary/productFeature;http://www4.wiwiss.fu-berlin.de/bizer/bsbm/v01/instances/ProductFeature33
http://www4.wiwiss.fu-berlin.de/bizer/bsbm/v01/instances/dataFrom/Product275;http://www4.wiwiss.fu-berlin.de/bizer/bsbm/v01/vocabulary/productFeature;http://www4.wiwiss.fu-berlin.de/bizer/bsbm/v01/instances/ProductFeature37
http://www4.wiwiss.fu-berlin.de/bizer/bsbm/v01/instances/dataFrom/Product275;http://www4.wiwiss.fu-berlin.de/bizer/bsbm/v01/vocabulary/producer;http://www4.wiwiss.fu-berlin.de/bizer/bsbm/v01/instances/dataFromProducer19/Producer19
http://www4.wiwiss.fu-berlin.de/bizer/bsbm/v01/instances/dataFrom/Product275;http://purl.org/dc/elements/1.1/publisher;http://www4.wiwiss.fu-berlin.de/bizer/bsbm/v01/instances/dataFromProducer19/Producer19
http://www4.wiwiss.fu-berlin.de/bizer/bsbm/v01/instances/dataFrom/Product275;http://purl.org/dc/elements/1.1/date;2003-02-14
http://www4.wiwiss.fu-berlin.de/bizer/bsbm/v01/instances/dataFrom/Product910;http://www.w3.org/1999/02/22-rdf-syntax-ns#type;http://www4.wiwiss.fu-berlin.de/bizer/bsbm/v01/vocabulary/Product
http://www4.wiwiss.fu-berlin.de/bizer/bsbm/v01/instances/dataFrom/Product910;http://www.w3.org/1999/02/22-rdf-syntax-ns#type;http://www4.wiwiss.fu-berlin.de/bizer/bsbm/v01/instances/ProductType79
http://www4.wiwiss.fu-berlin.de/bizer/bsbm/v01/instances/dataFrom/Product910;http://www.w3.org/2000/01/rdf-schema#label;valuation vindication
http://www4.wiwiss.fu-berlin.de/bizer/bsbm/v01/instances/dataFrom/Product910;http://www.w3.org/2000/01/rdf-schema#comment;vocational orangiest nances statal perique whinnier shipworms remorses storming tidiest deforesting trothing unslaked merged rooting revenging denuclearize outproduces prevailers obstructiveness badinaging prerecorded henrys bestrides elongates rounds basely splosh plucked fealties emulsifying nonviable cheekiest dugong warders thieved westernized delusionary satiated quiverers bullwhips bowered cruciate twangles shoplifter depravity polymerize slams reverencer smirched enveloped elicits eatings syllogistically discomforts bombs demeaned alders teratological forzandos bookmaking feministic logicize resharpened canvaslike spelt interspersed biotechnological razored clearing dumbwaiters amasser whackier reformated foyers preappearances blackballs cumulates grouped trembling halvahs ophthalmoscopy balkans lido imperilled advertently neckties genocidal reinfects nakedly imputes leukemic cuirassed sealable shocked hearings
http://www4.wiwiss.fu-berlin.de/bizer/bsbm/v01/instances/dataFrom/Product910;http://www4.wiwiss.fu-berlin.de/bizer/bsbm/v01/vocabulary/productPropertyNumeric1;755
http://www4.wiwiss.fu-berlin.de/bizer/bsbm/v01/instances/dataFrom/Product910;http://www4.wiwiss.fu-berlin.de/bizer/bsbm/v01/vocabulary/productPropertyNumeric2;1190
http://www4.wiwiss.fu-berlin.de/bizer/bsbm/v01/instances/dataFrom/Product910;http://www4.wiwiss.fu-berlin.de/bizer/bsbm/v01/vocabulary/productPropertyNumeric3;455
http://www4.wiwiss.fu-berlin.de/bizer/bsbm/v01/instances/dataFrom/Product910;http://www4.wiwiss.fu-berlin.de/bizer/bsbm/v01/vocabulary/productPropertyNumeric4;750
http://www4.wiwiss.fu-berlin.de/bizer/bsbm/v01/instances/dataFrom/Product910;http://www4.wiwiss.fu-berlin.de/bizer/bsbm/v01/vocabulary/productPropertyNumeric5;160
http://www4.wiwiss.fu-berlin.de/bizer/bsbm/v01/instances/dataFrom/Product910;http://www4.wiwiss.fu-berlin.de/bizer/bsbm/v01/vocabulary/productPropertyTextual1;demagogy grueler frettiest rotors hymenopterous phototherapies capelan gastroscopic sympathizing denunciations manifestly prevailingly liquids sexless garrote
http://www4.wiwiss.fu-berlin.de/bizer/bsbm/v01/instances/dataFrom/Product910;http://www4.wiwiss.fu-berlin.de/bizer/bsbm/v01/vocabulary/productPropertyTextual2;tainting socially kales impuissance kris blowsily saltcellar disciplines immemorially mincy oxhearts catamaran scavenger isostatically
http://www4.wiwiss.fu-berlin.de/bizer/bsbm/v01/instances/dataFrom/Product910;http://www4.wiwiss.fu-berlin.de/bizer/bsbm/v01/vocabulary/productPropertyTextual3;titulary payment careered slouching overdiligent
http://www4.wiwiss.fu-berlin.de/bizer/bsbm/v01/instances/dataFrom/Product910;http://www4.wiwiss.fu-berlin.de/bizer/bsbm/v01/vocabulary/productPropertyTextual4;obligator commenced trampolinists suborbital
http://www4.wiwiss.fu-berlin.de/bizer/bsbm/v01/instances/dataFrom/Product910;http://www4.wiwiss.fu-berlin.de/bizer/bsbm/v01/vocabulary/productPropertyTextual5;tollages effortlessness bookplates stirrups retractable leaner
http://www4.wiwiss.fu-berlin.de/bizer/bsbm/v01/instances/dataFrom/Product910;http://www4.wiwiss.fu-berlin.de/bizer/bsbm/v01/vocabulary/productFeature;http://www4.wiwiss.fu-berlin.de/bizer/bsbm/v01/instances/ProductFeature2404
http://www4.wiwiss.fu-berlin.de/bizer/bsbm/v01/instances/dataFrom/Product910;http://www4.wiwiss.fu-berlin.de/bizer/bsbm/v01/vocabulary/productFeature;http://www4.wiwiss.fu-berlin.de/bizer/bsbm/v01/instances/ProductFeature2406
http://www4.wiwiss.fu-berlin.de/bizer/bsbm/v01/instances/dataFrom/Product910;http://www4.wiwiss.fu-berlin.de/bizer/bsbm/v01/vocabulary/productFeature;http://www4.wiwiss.fu-berlin.de/bizer/bsbm/v01/instances/ProductFeature2410
http://www4.wiwiss.fu-berlin.de/bizer/bsbm/v01/instances/dataFrom/Product910;http://www4.wiwiss.fu-berlin.de/bizer/bsbm/v01/vocabulary/productFeature;http://www4.wiwiss.fu-berlin.de/bizer/bsbm/v01/instances/ProductFeature2412
http://www4.wiwiss.fu-berlin.de/bizer/bsbm/v01/instances/dataFrom/Product910;http://www4.wiwiss.fu-berlin.de/bizer/bsbm/v01/vocabulary/productFeature;http://www4.wiwiss.fu-berlin.de/bizer/bsbm/v01/instances/ProductFeature2415
http://www4.wiwiss.fu-berlin.de/bizer/bsbm/v01/instances/dataFrom/Product910;http://www4.wiwiss.fu-berlin.de/bizer/bsbm/v01/vocabulary/productFeature;http://www4.wiwiss.fu-berlin.de/bizer/bsbm/v01/instances/ProductFeature2430
http://www4.wiwiss.fu-berlin.de/bizer/bsbm/v01/instances/dataFrom/Product910;http://www4.wiwiss.fu-berlin.de/bizer/bsbm/v01/vocabulary/productFeature;http://www4.wiwiss.fu-berlin.de/bizer/bsbm/v01/instances/ProductFeature2435
http://www4.wiwiss.fu-berlin.de/bizer/bsbm/v01/instances/dataFrom/Product910;http://www4.wiwiss.fu-berlin.de/bizer/bsbm/v01/vocabulary/productFeature;http://www4.wiwiss.fu-berlin.de/bizer/bsbm/v01/instances/ProductFeature441
http://www4.wiwiss.fu-berlin.de/bizer/bsbm/v01/instances/dataFrom/Product910;http://www4.wiwiss.fu-berlin.de/bizer/bsbm/v01/vocabulary/productFeature;http://www4.wiwiss.fu-berlin.de/bizer/bsbm/v01/instances/ProductFeature442
http://www4.wiwiss.fu-berlin.de/bizer/bsbm/v01/instances/dataFrom/Product910;http://www4.wiwiss.fu-berlin.de/bizer/bsbm/v01/vocabulary/productFeature;http://www4.wiwiss.fu-berlin.de/bizer/bsbm/v01/instances/ProductFeature445
http://www4.wiwiss.fu-berlin.de/bizer/bsbm/v01/instances/dataFrom/Product910;http://www4.wiwiss.fu-berlin.de/bizer/bsbm/v01/vocabulary/productFeature;http://www4.wiwiss.fu-berlin.de/bizer/bsbm/v01/instances/ProductFeature453
http://www4.wiwiss.fu-berlin.de/bizer/bsbm/v01/instances/dataFrom/Product910;http://www4.wiwiss.fu-berlin.de/bizer/bsbm/v01/vocabulary/productFeature;http://www4.wiwiss.fu-berlin.de/bizer/bsbm/v01/instances/ProductFeature457
http://www4.wiwiss.fu-berlin.de/bizer/bsbm/v01/instances/dataFrom/Product910;http://www4.wiwiss.fu-berlin.de/bizer/bsbm/v01/vocabulary/productFeature;http://www4.wiwiss.fu-berlin.de/bizer/bsbm/v01/instances/ProductFeature458
http://www4.wiwiss.fu-berlin.de/bizer/bsbm/v01/instances/dataFrom/Product910;http://www4.wiwiss.fu-berlin.de/bizer/bsbm/v01/vocabulary/productFeature;http://www4.wiwiss.fu-berlin.de/bizer/bsbm/v01/instances/ProductFeature460
http://www4.wiwiss.fu-berlin.de/bizer/bsbm/v01/instances/dataFrom/Product910;http://www4.wiwiss.fu-berlin.de/bizer/bsbm/v01/vocabulary/productFeature;http://www4.wiwiss.fu-berlin.de/bizer/bsbm/v01/instances/ProductFeature469
http://www4.wiwiss.fu-berlin.de/bizer/bsbm/v01/instances/dataFrom/Product910;http://www4.wiwiss.fu-berlin.de/bizer/bsbm/v01/vocabulary/productFeature;http://www4.wiwiss.fu-berlin.de/bizer/bsbm/v01/instances/ProductFeature24
http://www4.wiwiss.fu-berlin.de/bizer/bsbm/v01/instances/dataFrom/Product910;http://www4.wiwiss.fu-berlin.de/bizer/bsbm/v01/vocabulary/productFeature;http://www4.wiwiss.fu-berlin.de/bizer/bsbm/v01/instances/ProductFeature28
http://www4.wiwiss.fu-berlin.de/bizer/bsbm/v01/instances/dataFrom/Product910;http://www4.wiwiss.fu-berlin.de/bizer/bsbm/v01/vocabulary/productFeature;http://www4.wiwiss.fu-berlin.de/bizer/bsbm/v01/instances/ProductFeature30
http://www4.wiwiss.fu-berlin.de/bizer/bsbm/v01/instances/dataFrom/Product910;http://www4.wiwiss.fu-berlin.de/bizer/bsbm/v01/vocabulary/productFeature;http://www4.wiwiss.fu-berlin.de/bizer/bsbm/v01/instances/ProductFeature33
http://www4.wiwiss.fu-berlin.de/bizer/bsbm/v01/instances/dataFrom/Product910;http://www4.wiwiss.fu-berlin.de/bizer/bsbm/v01/vocabulary/productFeature;http://www4.wiwiss.fu-berlin.de/bizer/bsbm/v01/instances/ProductFeature37
http://www4.wiwiss.fu-berlin.de/bizer/bsbm/v01/instances/dataFrom/Product910;http://www4.wiwiss.fu-berlin.de/bizer/bsbm/v01/vocabulary/producer;http://www4.wiwiss.fu-berlin.de/bizer/bsbm/v01/instances/dataFromProducer19/Producer19
http://www4.wiwiss.fu-berlin.de/bizer/bsbm/v01/instances/dataFrom/Product910;http://purl.org/dc/elements/1.1/publisher;http://www4.wiwiss.fu-berlin.de/bizer/bsbm/v01/instances/dataFromProducer19/Producer19
http://www4.wiwiss.fu-berlin.de/bizer/bsbm/v01/instances/dataFrom/Product910;http://purl.org/dc/elements/1.1/date;2003-02-14
http://www4.wiwiss.fu-berlin.de/bizer/bsbm/v01/instances/dataFrom/Product133;http://www.w3.org/1999/02/22-rdf-syntax-ns#type;http://www4.wiwiss.fu-berlin.de/bizer/bsbm/v01/vocabulary/Product
http://www4.wiwiss.fu-berlin.de/bizer/bsbm/v01/instances/dataFrom/Product133;http://www.w3.org/1999/02/22-rdf-syntax-ns#type;http://www4.wiwiss.fu-berlin.de/bizer/bsbm/v01/instances/ProductType79
http://www4.wiwiss.fu-berlin.de/bizer/bsbm/v01/instances/dataFrom/Product133;http://www.w3.org/2000/01/rdf-schema#label;valuation vindication
http://www4.wiwiss.fu-berlin.de/bizer/bsbm/v01/instances/dataFrom/Product133;http://www.w3.org/2000/01/rdf-schema#comment;vocational orangiest nances statal perique whinnier shipworms remorses storming tidiest deforesting trothing unslaked merged rooting revenging denuclearize outproduces prevailers obstructiveness badinaging prerecorded henrys bestrides elongates rounds basely splosh plucked fealties emulsifying nonviable cheekiest dugong warders thieved westernized delusionary satiated quiverers bullwhips bowered cruciate twangles shoplifter depravity polymerize slams reverencer smirched enveloped elicits eatings syllogistically discomforts bombs demeaned alders teratological forzandos bookmaking feministic logicize resharpened canvaslike spelt interspersed biotechnological razored clearing dumbwaiters amasser whackier reformated foyers preappearances blackballs cumulates grouped trembling halvahs ophthalmoscopy balkans lido imperilled advertently neckties genocidal reinfects nakedly imputes leukemic cuirassed sealable shocked hearings
http://www4.wiwiss.fu-berlin.de/bizer/bsbm/v01/instances/dataFrom/Product133;http://www4.wiwiss.fu-berlin.de/bizer/bsbm/v01/vocabulary/productPropertyNumeric1;755
http://www4.wiwiss.fu-berlin.de/bizer/bsbm/v01/instances/dataFrom/Product133;http://www4.wiwiss.fu-berlin.de/bizer/bsbm/v01/vocabulary/productPropertyNumeric2;1190
http://www4.wiwiss.fu-berlin.de/bizer/bsbm/v01/instances/dataFrom/Product133;http://www4.wiwiss.fu-berlin.de/bizer/bsbm/v01/vocabulary/productPropertyNumeric3;455
http://www4.wiwiss.fu-berlin.de/bizer/bsbm/v01/instances/dataFrom/Product133;http://www4.wiwiss.fu-berlin.de/bizer/bsbm/v01/vocabulary/productPropertyNumeric4;750
http://www4.wiwiss.fu-berlin.de/bizer/bsbm/v01/instances/dataFrom/Product133;http://www4.wiwiss.fu-berlin.de/bizer/bsbm/v01/vocabulary/productPropertyNumeric5;160
http://www4.wiwiss.fu-berlin.de/bizer/bsbm/v01/instances/dataFrom/Product133;http://www4.wiwiss.fu-berlin.de/bizer/bsbm/v01/vocabulary/productPropertyTextual1;demagogy grueler frettiest rotors hymenopterous phototherapies capelan gastroscopic sympathizing denunciations manifestly prevailingly liquids sexless garrote
http://www4.wiwiss.fu-berlin.de/bizer/bsbm/v01/instances/dataFrom/Product133;http://www4.wiwiss.fu-berlin.de/bizer/bsbm/v01/vocabulary/productPropertyTextual2;tainting socially kales impuissance kris blowsily saltcellar disciplines immemorially mincy oxhearts catamaran scavenger isostatically
http://www4.wiwiss.fu-berlin.de/bizer/bsbm/v01/instances/dataFrom/Product133;http://www4.wiwiss.fu-berlin.de/bizer/bsbm/v01/vocabulary/productPropertyTextual3;titulary payment careered slouching overdiligent
http://www4.wiwiss.fu-berlin.de/bizer/bsbm/v01/instances/dataFrom/Product133;http://www4.wiwiss.fu-berlin.de/bizer/bsbm/v01/vocabulary/productPropertyTextual4;obligator commenced trampolinists suborbital
http://www4.wiwiss.fu-berlin.de/bizer/bsbm/v01/instances/dataFrom/Product133;http://www4.wiwiss.fu-berlin.de/bizer/bsbm/v01/vocabulary/productPropertyTextual5;tollages effortlessness bookplates stirrups retractable leaner
http://www4.wiwiss.fu-berlin.de/bizer/bsbm/v01/instances/dataFrom/Product133;http://www4.wiwiss.fu-berlin.de/bizer/bsbm/v01/vocabulary/productFeature;http://www4.wiwiss.fu-berlin.de/bizer/bsbm/v01/instances/ProductFeature2404
http://www4.wiwiss.fu-berlin.de/bizer/bsbm/v01/instances/dataFrom/Product133;http://www4.wiwiss.fu-berlin.de/bizer/bsbm/v01/vocabulary/productFeature;http://www4.wiwiss.fu-berlin.de/bizer/bsbm/v01/instances/ProductFeature2406
http://www4.wiwiss.fu-berlin.de/bizer/bsbm/v01/instances/dataFrom/Product133;http://www4.wiwiss.fu-berlin.de/bizer/bsbm/v01/vocabulary/productFeature;http://www4.wiwiss.fu-berlin.de/bizer/bsbm/v01/instances/ProductFeature2410
http://www4.wiwiss.fu-berlin.de/bizer/bsbm/v01/instances/dataFrom/Product133;http://www4.wiwiss.fu-berlin.de/bizer/bsbm/v01/vocabulary/productFeature;http://www4.wiwiss.fu-berlin.de/bizer/bsbm/v01/instances/ProductFeature2412
http://www4.wiwiss.fu-berlin.de/bizer/bsbm/v01/instances/dataFrom/Product133;http://www4.wiwiss.fu-berlin.de/bizer/bsbm/v01/vocabulary/productFeature;http://www4.wiwiss.fu-berlin.de/bizer/bsbm/v01/instances/ProductFeature2415
http://www4.wiwiss.fu-berlin.de/bizer/bsbm/v01/instances/dataFrom/Product133;http://www4.wiwiss.fu-berlin.de/bizer/bsbm/v01/vocabulary/productFeature;http://www4.wiwiss.fu-berlin.de/bizer/bsbm/v01/instances/ProductFeature2430
http://www4.wiwiss.fu-berlin.de/bizer/bsbm/v01/instances/dataFrom/Product133;http://www4.wiwiss.fu-berlin.de/bizer/bsbm/v01/vocabulary/productFeature;http://www4.wiwiss.fu-berlin.de/bizer/bsbm/v01/instances/ProductFeature2435
http://www4.wiwiss.fu-berlin.de/bizer/bsbm/v01/instances/dataFrom/Product133;http://www4.wiwiss.fu-berlin.de/bizer/bsbm/v01/vocabulary/productFeature;http://www4.wiwiss.fu-berlin.de/bizer/bsbm/v01/instances/ProductFeature441
http://www4.wiwiss.fu-berlin.de/bizer/bsbm/v01/instances/dataFrom/Product133;http://www4.wiwiss.fu-berlin.de/bizer/bsbm/v01/vocabulary/productFeature;http://www4.wiwiss.fu-berlin.de/bizer/bsbm/v01/instances/ProductFeature442
http://www4.wiwiss.fu-berlin.de/bizer/bsbm/v01/instances/dataFrom/Product133;http://www4.wiwiss.fu-berlin.de/bizer/bsbm/v01/vocabulary/productFeature;http://www4.wiwiss.fu-berlin.de/bizer/bsbm/v01/instances/ProductFeature445
http://www4.wiwiss.fu-berlin.de/bizer/bsbm/v01/instances/dataFrom/Product133;http://www4.wiwiss.fu-berlin.de/bizer/bsbm/v01/vocabulary/productFeature;http://www4.wiwiss.fu-berlin.de/bizer/bsbm/v01/instances/ProductFeature453
http://www4.wiwiss.fu-berlin.de/bizer/bsbm/v01/instances/dataFrom/Product133;http://www4.wiwiss.fu-berlin.de/bizer/bsbm/v01/vocabulary/productFeature;http://www4.wiwiss.fu-berlin.de/bizer/bsbm/v01/instances/ProductFeature457
http://www4.wiwiss.fu-berlin.de/bizer/bsbm/v01/instances/dataFrom/Product133;http://www4.wiwiss.fu-berlin.de/bizer/bsbm/v01/vocabulary/productFeature;http://www4.wiwiss.fu-berlin.de/bizer/bsbm/v01/instances/ProductFeature458
http://www4.wiwiss.fu-berlin.de/bizer/bsbm/v01/instances/dataFrom/Product133;http://www4.wiwiss.fu-berlin.de/bizer/bsbm/v01/vocabulary/productFeature;http://www4.wiwiss.fu-berlin.de/bizer/bsbm/v01/instances/ProductFeature460
http://www4.wiwiss.fu-berlin.de/bizer/bsbm/v01/instances/dataFrom/Product133;http://www4.wiwiss.fu-berlin.de/bizer/bsbm/v01/vocabulary/productFeature;http://www4.wiwiss.fu-berlin.de/bizer/bsbm/v01/instances/ProductFeature469
http://www4.wiwiss.fu-berlin.de/bizer/bsbm/v01/instances/dataFrom/Product133;http://www4.wiwiss.fu-berlin.de/bizer/bsbm/v01/vocabulary/productFeature;http://www4.wiwiss.fu-berlin.de/bizer/bsbm/v01/instances/ProductFeature24
http://www4.wiwiss.fu-berlin.de/bizer/bsbm/v01/instances/dataFrom/Product133;http://www4.wiwiss.fu-berlin.de/bizer/bsbm/v01/vocabulary/productFeature;http://www4.wiwiss.fu-berlin.de/bizer/bsbm/v01/instances/ProductFeature28
http://www4.wiwiss.fu-berlin.de/bizer/bsbm/v01/instances/dataFrom/Product133;http://www4.wiwiss.fu-berlin.de/bizer/bsbm/v01/vocabulary/productFeature;http://www4.wiwiss.fu-berlin.de/bizer/bsbm/v01/instances/ProductFeature30
http://www4.wiwiss.fu-berlin.de/bizer/bsbm/v01/instances/dataFrom/Product133;http://www4.wiwiss.fu-berlin.de/bizer/bsbm/v01/vocabulary/productFeature;http://www4.wiwiss.fu-berlin.de/bizer/bsbm/v01/instances/ProductFeature33
http://www4.wiwiss.fu-berlin.de/bizer/bsbm/v01/instances/dataFrom/Product133;http://www4.wiwiss.fu-berlin.de/bizer/bsbm/v01/vocabulary/productFeature;http://www4.wiwiss.fu-berlin.de/bizer/bsbm/v01/instances/ProductFeature37
http://www4.wiwiss.fu-berlin.de/bizer/bsbm/v01/instances/dataFrom/Product133;http://www4.wiwiss.fu-berlin.de/bizer/bsbm/v01/vocabulary/producer;http://www4.wiwiss.fu-berlin.de/bizer/bsbm/v01/instances/dataFromProducer19/Producer19
http://www4.wiwiss.fu-berlin.de/bizer/bsbm/v01/instances/dataFrom/Product133;http://purl.org/dc/elements/1.1/publisher;http://www4.wiwiss.fu-berlin.de/bizer/bsbm/v01/instances/dataFromProducer19/Producer19
http://www4.wiwiss.fu-berlin.de/bizer/bsbm/v01/instances/dataFrom/Product133;http://purl.org/dc/elements/1.1/date;2003-02-14
http://www4.wiwiss.fu-berlin.de/bizer/bsbm/v01/instances/dataFrom/Product251;http://www.w3.org/1999/02/22-rdf-syntax-ns#type;http://www4.wiwiss.fu-berlin.de/bizer/bsbm/v01/vocabulary/Product
http://www4.wiwiss.fu-berlin.de/bizer/bsbm/v01/instances/dataFrom/Product251;http://www.w3.org/1999/02/22-rdf-syntax-ns#type;http://www4.wiwiss.fu-berlin.de/bizer/bsbm/v01/instances/ProductType79
http://www4.wiwiss.fu-berlin.de/bizer/bsbm/v01/instances/dataFrom/Product251;http://www.w3.org/2000/01/rdf-schema#label;valuation vindication
http://www4.wiwiss.fu-berlin.de/bizer/bsbm/v01/instances/dataFrom/Product251;http://www.w3.org/2000/01/rdf-schema#comment;vocational orangiest nances statal perique whinnier shipworms remorses storming tidiest deforesting trothing unslaked merged rooting revenging denuclearize outproduces prevailers obstructiveness badinaging prerecorded henrys bestrides elongates rounds basely splosh plucked fealties emulsifying nonviable cheekiest dugong warders thieved westernized delusionary satiated quiverers bullwhips bowered cruciate twangles shoplifter depravity polymerize slams reverencer smirched enveloped elicits eatings syllogistically discomforts bombs demeaned alders teratological forzandos bookmaking feministic logicize resharpened canvaslike spelt interspersed biotechnological razored clearing dumbwaiters amasser whackier reformated foyers preappearances blackballs cumulates grouped trembling halvahs ophthalmoscopy balkans lido imperilled advertently neckties genocidal reinfects nakedly imputes leukemic cuirassed sealable shocked hearings
http://www4.wiwiss.fu-berlin.de/bizer/bsbm/v01/instances/dataFrom/Product251;http://www4.wiwiss.fu-berlin.de/bizer/bsbm/v01/vocabulary/productPropertyNumeric1;755
http://www4.wiwiss.fu-berlin.de/bizer/bsbm/v01/instances/dataFrom/Product251;http://www4.wiwiss.fu-berlin.de/bizer/bsbm/v01/vocabulary/productPropertyNumeric2;1190
http://www4.wiwiss.fu-berlin.de/bizer/bsbm/v01/instances/dataFrom/Product251;http://www4.wiwiss.fu-berlin.de/bizer/bsbm/v01/vocabulary/productPropertyNumeric3;455
http://www4.wiwiss.fu-berlin.de/bizer/bsbm/v01/instances/dataFrom/Product251;http://www4.wiwiss.fu-berlin.de/bizer/bsbm/v01/vocabulary/productPropertyNumeric4;750
http://www4.wiwiss.fu-berlin.de/bizer/bsbm/v01/instances/dataFrom/Product251;http://www4.wiwiss.fu-berlin.de/bizer/bsbm/v01/vocabulary/productPropertyNumeric5;160
http://www4.wiwiss.fu-berlin.de/bizer/bsbm/v01/instances/dataFrom/Product251;http://www4.wiwiss.fu-berlin.de/bizer/bsbm/v01/vocabulary/productPropertyTextual1;demagogy grueler frettiest rotors hymenopterous phototherapies capelan gastroscopic sympathizing denunciations manifestly prevailingly liquids sexless garrote
http://www4.wiwiss.fu-berlin.de/bizer/bsbm/v01/instances/dataFrom/Product251;http://www4.wiwiss.fu-berlin.de/bizer/bsbm/v01/vocabulary/productPropertyTextual2;tainting socially kales impuissance kris blowsily saltcellar disciplines immemorially mincy oxhearts catamaran scavenger isostatically
http://www4.wiwiss.fu-berlin.de/bizer/bsbm/v01/instances/dataFrom/Product251;http://www4.wiwiss.fu-berlin.de/bizer/bsbm/v01/vocabulary/productPropertyTextual3;titulary payment careered slouching overdiligent
http://www4.wiwiss.fu-berlin.de/bizer/bsbm/v01/instances/dataFrom/Product251;http://www4.wiwiss.fu-berlin.de/bizer/bsbm/v01/vocabulary/productPropertyTextual4;obligator commenced trampolinists suborbital
http://www4.wiwiss.fu-berlin.de/bizer/bsbm/v01/instances/dataFrom/Product251;http://www4.wiwiss.fu-berlin.de/bizer/bsbm/v01/vocabulary/productPropertyTextual5;tollages effortlessness bookplates stirrups retractable leaner
http://www4.wiwiss.fu-berlin.de/bizer/bsbm/v01/instances/dataFrom/Product251;http://www4.wiwiss.fu-berlin.de/bizer/bsbm/v01/vocabulary/productFeature;http://www4.wiwiss.fu-berlin.de/bizer/bsbm/v01/instances/ProductFeature2404
http://www4.wiwiss.fu-berlin.de/bizer/bsbm/v01/instances/dataFrom/Product251;http://www4.wiwiss.fu-berlin.de/bizer/bsbm/v01/vocabulary/productFeature;http://www4.wiwiss.fu-berlin.de/bizer/bsbm/v01/instances/ProductFeature2406
http://www4.wiwiss.fu-berlin.de/bizer/bsbm/v01/instances/dataFrom/Product251;http://www4.wiwiss.fu-berlin.de/bizer/bsbm/v01/vocabulary/productFeature;http://www4.wiwiss.fu-berlin.de/bizer/bsbm/v01/instances/ProductFeature2410
http://www4.wiwiss.fu-berlin.de/bizer/bsbm/v01/instances/dataFrom/Product251;http://www4.wiwiss.fu-berlin.de/bizer/bsbm/v01/vocabulary/productFeature;http://www4.wiwiss.fu-berlin.de/bizer/bsbm/v01/instances/ProductFeature2412
http://www4.wiwiss.fu-berlin.de/bizer/bsbm/v01/instances/dataFrom/Product251;http://www4.wiwiss.fu-berlin.de/bizer/bsbm/v01/vocabulary/productFeature;http://www4.wiwiss.fu-berlin.de/bizer/bsbm/v01/instances/ProductFeature2415
http://www4.wiwiss.fu-berlin.de/bizer/bsbm/v01/instances/dataFrom/Product251;http://www4.wiwiss.fu-berlin.de/bizer/bsbm/v01/vocabulary/productFeature;http://www4.wiwiss.fu-berlin.de/bizer/bsbm/v01/instances/ProductFeature2430
http://www4.wiwiss.fu-berlin.de/bizer/bsbm/v01/instances/dataFrom/Product251;http://www4.wiwiss.fu-berlin.de/bizer/bsbm/v01/vocabulary/productFeature;http://www4.wiwiss.fu-berlin.de/bizer/bsbm/v01/instances/ProductFeature2435
http://www4.wiwiss.fu-berlin.de/bizer/bsbm/v01/instances/dataFrom/Product251;http://www4.wiwiss.fu-berlin.de/bizer/bsbm/v01/vocabulary/productFeature;http://www4.wiwiss.fu-berlin.de/bizer/bsbm/v01/instances/ProductFeature441
http://www4.wiwiss.fu-berlin.de/bizer/bsbm/v01/instances/dataFrom/Product251;http://www4.wiwiss.fu-berlin.de/bizer/bsbm/v01/vocabulary/productFeature;http://www4.wiwiss.fu-berlin.de/bizer/bsbm/v01/instances/ProductFeature442
http://www4.wiwiss.fu-berlin.de/bizer/bsbm/v01/instances/dataFrom/Product251;http://www4.wiwiss.fu-berlin.de/bizer/bsbm/v01/vocabulary/productFeature;http://www4.wiwiss.fu-berlin.de/bizer/bsbm/v01/instances/ProductFeature445
http://www4.wiwiss.fu-berlin.de/bizer/bsbm/v01/instances/dataFrom/Product251;http://www4.wiwiss.fu-berlin.de/bizer/bsbm/v01/vocabulary/productFeature;http://www4.wiwiss.fu-berlin.de/bizer/bsbm/v01/instances/ProductFeature453
http://www4.wiwiss.fu-berlin.de/bizer/bsbm/v01/instances/dataFrom/Product251;http://www4.wiwiss.fu-berlin.de/bizer/bsbm/v01/vocabulary/productFeature;http://www4.wiwiss.fu-berlin.de/bizer/bsbm/v01/instances/ProductFeature457
http://www4.wiwiss.fu-berlin.de/bizer/bsbm/v01/instances/dataFrom/Product251;http://www4.wiwiss.fu-berlin.de/bizer/bsbm/v01/vocabulary/productFeature;http://www4.wiwiss.fu-berlin.de/bizer/bsbm/v01/instances/ProductFeature458
http://www4.wiwiss.fu-berlin.de/bizer/bsbm/v01/instances/dataFrom/Product251;http://www4.wiwiss.fu-berlin.de/bizer/bsbm/v01/vocabulary/productFeature;http://www4.wiwiss.fu-berlin.de/bizer/bsbm/v01/instances/ProductFeature460
http://www4.wiwiss.fu-berlin.de/bizer/bsbm/v01/instances/dataFrom/Product251;http://www4.wiwiss.fu-berlin.de/bizer/bsbm/v01/vocabulary/productFeature;http://www4.wiwiss.fu-berlin.de/bizer/bsbm/v01/instances/ProductFeature469
http://www4.wiwiss.fu-berlin.de/bizer/bsbm/v01/instances/dataFrom/Product251;http://www4.wiwiss.fu-berlin.de/bizer/bsbm/v01/vocabulary/productFeature;http://www4.wiwiss.fu-berlin.de/bizer/bsbm/v01/instances/ProductFeature24
http://www4.wiwiss.fu-berlin.de/bizer/bsbm/v01/instances/dataFrom/Product251;http://www4.wiwiss.fu-berlin.de/bizer/bsbm/v01/vocabulary/productFeature;http://www4.wiwiss.fu-berlin.de/bizer/bsbm/v01/instances/ProductFeature28
http://www4.wiwiss.fu-berlin.de/bizer/bsbm/v01/instances/dataFrom/Product251;http://www4.wiwiss.fu-berlin.de/bizer/bsbm/v01/vocabulary/productFeature;http://www4.wiwiss.fu-berlin.de/bizer/bsbm/v01/instances/ProductFeature30
http://www4.wiwiss.fu-berlin.de/bizer/bsbm/v01/instances/dataFrom/Product251;http://www4.wiwiss.fu-berlin.de/bizer/bsbm/v01/vocabulary/productFeature;http://www4.wiwiss.fu-berlin.de/bizer/bsbm/v01/instances/ProductFeature33
http://www4.wiwiss.fu-berlin.de/bizer/bsbm/v01/instances/dataFrom/Product251;http://www4.wiwiss.fu-berlin.de/bizer/bsbm/v01/vocabulary/productFeature;http://www4.wiwiss.fu-berlin.de/bizer/bsbm/v01/instances/ProductFeature37
http://www4.wiwiss.fu-berlin.de/bizer/bsbm/v01/instances/dataFrom/Product251;http://www4.wiwiss.fu-berlin.de/bizer/bsbm/v01/vocabulary/producer;http://www4.wiwiss.fu-berlin.de/bizer/bsbm/v01/instances/dataFromProducer19/Producer19
http://www4.wiwiss.fu-berlin.de/bizer/bsbm/v01/instances/dataFrom/Product251;http://purl.org/dc/elements/1.1/publisher;http://www4.wiwiss.fu-berlin.de/bizer/bsbm/v01/instances/dataFromProducer19/Producer19
http://www4.wiwiss.fu-berlin.de/bizer/bsbm/v01/instances/dataFrom/Product251;http://purl.org/dc/elements/1.1/date;2003-02-14
http://www4.wiwiss.fu-berlin.de/bizer/bsbm/v01/instances/dataFrom/Product127;http://www.w3.org/1999/02/22-rdf-syntax-ns#type;http://www4.wiwiss.fu-berlin.de/bizer/bsbm/v01/vocabulary/Product
http://www4.wiwiss.fu-berlin.de/bizer/bsbm/v01/instances/dataFrom/Product127;http://www.w3.org/1999/02/22-rdf-syntax-ns#type;http://www4.wiwiss.fu-berlin.de/bizer/bsbm/v01/instances/ProductType79
http://www4.wiwiss.fu-berlin.de/bizer/bsbm/v01/instances/dataFrom/Product127;http://www.w3.org/2000/01/rdf-schema#label;valuation vindication
http://www4.wiwiss.fu-berlin.de/bizer/bsbm/v01/instances/dataFrom/Product127;http://www.w3.org/2000/01/rdf-schema#comment;vocational orangiest nances statal perique whinnier shipworms remorses storming tidiest deforesting trothing unslaked merged rooting revenging denuclearize outproduces prevailers obstructiveness badinaging prerecorded henrys bestrides elongates rounds basely splosh plucked fealties emulsifying nonviable cheekiest dugong warders thieved westernized delusionary satiated quiverers bullwhips bowered cruciate twangles shoplifter depravity polymerize slams reverencer smirched enveloped elicits eatings syllogistically discomforts bombs demeaned alders teratological forzandos bookmaking feministic logicize resharpened canvaslike spelt interspersed biotechnological razored clearing dumbwaiters amasser whackier reformated foyers preappearances blackballs cumulates grouped trembling halvahs ophthalmoscopy balkans lido imperilled advertently neckties genocidal reinfects nakedly imputes leukemic cuirassed sealable shocked hearings
http://www4.wiwiss.fu-berlin.de/bizer/bsbm/v01/instances/dataFrom/Product127;http://www4.wiwiss.fu-berlin.de/bizer/bsbm/v01/vocabulary/productPropertyNumeric1;755
http://www4.wiwiss.fu-berlin.de/bizer/bsbm/v01/instances/dataFrom/Product127;http://www4.wiwiss.fu-berlin.de/bizer/bsbm/v01/vocabulary/productPropertyNumeric2;1190
http://www4.wiwiss.fu-berlin.de/bizer/bsbm/v01/instances/dataFrom/Product127;http://www4.wiwiss.fu-berlin.de/bizer/bsbm/v01/vocabulary/productPropertyNumeric3;455
http://www4.wiwiss.fu-berlin.de/bizer/bsbm/v01/instances/dataFrom/Product127;http://www4.wiwiss.fu-berlin.de/bizer/bsbm/v01/vocabulary/productPropertyNumeric4;750
http://www4.wiwiss.fu-berlin.de/bizer/bsbm/v01/instances/dataFrom/Product127;http://www4.wiwiss.fu-berlin.de/bizer/bsbm/v01/vocabulary/productPropertyNumeric5;160
http://www4.wiwiss.fu-berlin.de/bizer/bsbm/v01/instances/dataFrom/Product127;http://www4.wiwiss.fu-berlin.de/bizer/bsbm/v01/vocabulary/productPropertyTextual1;demagogy grueler frettiest rotors hymenopterous phototherapies capelan gastroscopic sympathizing denunciations manifestly prevailingly liquids sexless garrote
http://www4.wiwiss.fu-berlin.de/bizer/bsbm/v01/instances/dataFrom/Product127;http://www4.wiwiss.fu-berlin.de/bizer/bsbm/v01/vocabulary/productPropertyTextual2;tainting socially kales impuissance kris blowsily saltcellar disciplines immemorially mincy oxhearts catamaran scavenger isostatically
http://www4.wiwiss.fu-berlin.de/bizer/bsbm/v01/instances/dataFrom/Product127;http://www4.wiwiss.fu-berlin.de/bizer/bsbm/v01/vocabulary/productPropertyTextual3;titulary payment careered slouching overdiligent
http://www4.wiwiss.fu-berlin.de/bizer/bsbm/v01/instances/dataFrom/Product127;http://www4.wiwiss.fu-berlin.de/bizer/bsbm/v01/vocabulary/productPropertyTextual4;obligator commenced trampolinists suborbital
http://www4.wiwiss.fu-berlin.de/bizer/bsbm/v01/instances/dataFrom/Product127;http://www4.wiwiss.fu-berlin.de/bizer/bsbm/v01/vocabulary/productPropertyTextual5;tollages effortlessness bookplates stirrups retractable leaner
http://www4.wiwiss.fu-berlin.de/bizer/bsbm/v01/instances/dataFrom/Product127;http://www4.wiwiss.fu-berlin.de/bizer/bsbm/v01/vocabulary/productFeature;http://www4.wiwiss.fu-berlin.de/bizer/bsbm/v01/instances/ProductFeature2404
http://www4.wiwiss.fu-berlin.de/bizer/bsbm/v01/instances/dataFrom/Product127;http://www4.wiwiss.fu-berlin.de/bizer/bsbm/v01/vocabulary/productFeature;http://www4.wiwiss.fu-berlin.de/bizer/bsbm/v01/instances/ProductFeature2406
http://www4.wiwiss.fu-berlin.de/bizer/bsbm/v01/instances/dataFrom/Product127;http://www4.wiwiss.fu-berlin.de/bizer/bsbm/v01/vocabulary/productFeature;http://www4.wiwiss.fu-berlin.de/bizer/bsbm/v01/instances/ProductFeature2410
http://www4.wiwiss.fu-berlin.de/bizer/bsbm/v01/instances/dataFrom/Product127;http://www4.wiwiss.fu-berlin.de/bizer/bsbm/v01/vocabulary/productFeature;http://www4.wiwiss.fu-berlin.de/bizer/bsbm/v01/instances/ProductFeature2412
http://www4.wiwiss.fu-berlin.de/bizer/bsbm/v01/instances/dataFrom/Product127;http://www4.wiwiss.fu-berlin.de/bizer/bsbm/v01/vocabulary/productFeature;http://www4.wiwiss.fu-berlin.de/bizer/bsbm/v01/instances/ProductFeature2415
http://www4.wiwiss.fu-berlin.de/bizer/bsbm/v01/instances/dataFrom/Product127;http://www4.wiwiss.fu-berlin.de/bizer/bsbm/v01/vocabulary/productFeature;http://www4.wiwiss.fu-berlin.de/bizer/bsbm/v01/instances/ProductFeature2430
http://www4.wiwiss.fu-berlin.de/bizer/bsbm/v01/instances/dataFrom/Product127;http://www4.wiwiss.fu-berlin.de/bizer/bsbm/v01/vocabulary/productFeature;http://www4.wiwiss.fu-berlin.de/bizer/bsbm/v01/instances/ProductFeature2435
http://www4.wiwiss.fu-berlin.de/bizer/bsbm/v01/instances/dataFrom/Product127;http://www4.wiwiss.fu-berlin.de/bizer/bsbm/v01/vocabulary/productFeature;http://www4.wiwiss.fu-berlin.de/bizer/bsbm/v01/instances/ProductFeature441
http://www4.wiwiss.fu-berlin.de/bizer/bsbm/v01/instances/dataFrom/Product127;http://www4.wiwiss.fu-berlin.de/bizer/bsbm/v01/vocabulary/productFeature;http://www4.wiwiss.fu-berlin.de/bizer/bsbm/v01/instances/ProductFeature442
http://www4.wiwiss.fu-berlin.de/bizer/bsbm/v01/instances/dataFrom/Product127;http://www4.wiwiss.fu-berlin.de/bizer/bsbm/v01/vocabulary/productFeature;http://www4.wiwiss.fu-berlin.de/bizer/bsbm/v01/instances/ProductFeature445
http://www4.wiwiss.fu-berlin.de/bizer/bsbm/v01/instances/dataFrom/Product127;http://www4.wiwiss.fu-berlin.de/bizer/bsbm/v01/vocabulary/productFeature;http://www4.wiwiss.fu-berlin.de/bizer/bsbm/v01/instances/ProductFeature453
http://www4.wiwiss.fu-berlin.de/bizer/bsbm/v01/instances/dataFrom/Product127;http://www4.wiwiss.fu-berlin.de/bizer/bsbm/v01/vocabulary/productFeature;http://www4.wiwiss.fu-berlin.de/bizer/bsbm/v01/instances/ProductFeature457
http://www4.wiwiss.fu-berlin.de/bizer/bsbm/v01/instances/dataFrom/Product127;http://www4.wiwiss.fu-berlin.de/bizer/bsbm/v01/vocabulary/productFeature;http://www4.wiwiss.fu-berlin.de/bizer/bsbm/v01/instances/ProductFeature458
http://www4.wiwiss.fu-berlin.de/bizer/bsbm/v01/instances/dataFrom/Product127;http://www4.wiwiss.fu-berlin.de/bizer/bsbm/v01/vocabulary/productFeature;http://www4.wiwiss.fu-berlin.de/bizer/bsbm/v01/instances/ProductFeature460
http://www4.wiwiss.fu-berlin.de/bizer/bsbm/v01/instances/dataFrom/Product127;http://www4.wiwiss.fu-berlin.de/bizer/bsbm/v01/vocabulary/productFeature;http://www4.wiwiss.fu-berlin.de/bizer/bsbm/v01/instances/ProductFeature469
http://www4.wiwiss.fu-berlin.de/bizer/bsbm/v01/instances/dataFrom/Product127;http://www4.wiwiss.fu-berlin.de/bizer/bsbm/v01/vocabulary/productFeature;http://www4.wiwiss.fu-berlin.de/bizer/bsbm/v01/instances/ProductFeature24
http://www4.wiwiss.fu-berlin.de/bizer/bsbm/v01/instances/dataFrom/Product127;http://www4.wiwiss.fu-berlin.de/bizer/bsbm/v01/vocabulary/productFeature;http://www4.wiwiss.fu-berlin.de/bizer/bsbm/v01/instances/ProductFeature28
http://www4.wiwiss.fu-berlin.de/bizer/bsbm/v01/instances/dataFrom/Product127;http://www4.wiwiss.fu-berlin.de/bizer/bsbm/v01/vocabulary/productFeature;http://www4.wiwiss.fu-berlin.de/bizer/bsbm/v01/instances/ProductFeature30
http://www4.wiwiss.fu-berlin.de/bizer/bsbm/v01/instances/dataFrom/Product127;http://www4.wiwiss.fu-berlin.de/bizer/bsbm/v01/vocabulary/productFeature;http://www4.wiwiss.fu-berlin.de/bizer/bsbm/v01/instances/ProductFeature33
http://www4.wiwiss.fu-berlin.de/bizer/bsbm/v01/instances/dataFrom/Product127;http://www4.wiwiss.fu-berlin.de/bizer/bsbm/v01/vocabulary/productFeature;http://www4.wiwiss.fu-berlin.de/bizer/bsbm/v01/instances/ProductFeature37
http://www4.wiwiss.fu-berlin.de/bizer/bsbm/v01/instances/dataFrom/Product127;http://www4.wiwiss.fu-berlin.de/bizer/bsbm/v01/vocabulary/producer;http://www4.wiwiss.fu-berlin.de/bizer/bsbm/v01/instances/dataFromProducer19/Producer19
http://www4.wiwiss.fu-berlin.de/bizer/bsbm/v01/instances/dataFrom/Product127;http://purl.org/dc/elements/1.1/publisher;http://www4.wiwiss.fu-berlin.de/bizer/bsbm/v01/instances/dataFromProducer19/Producer19
http://www4.wiwiss.fu-berlin.de/bizer/bsbm/v01/instances/dataFrom/Product127;http://purl.org/dc/elements/1.1/date;2003-02-14
http://www4.wiwiss.fu-berlin.de/bizer/bsbm/v01/instances/dataFrom/Product815;http://www.w3.org/1999/02/22-rdf-syntax-ns#type;http://www4.wiwiss.fu-berlin.de/bizer/bsbm/v01/vocabulary/Product
http://www4.wiwiss.fu-berlin.de/bizer/bsbm/v01/instances/dataFrom/Product815;http://www.w3.org/1999/02/22-rdf-syntax-ns#type;http://www4.wiwiss.fu-berlin.de/bizer/bsbm/v01/instances/ProductType79
http://www4.wiwiss.fu-berlin.de/bizer/bsbm/v01/instances/dataFrom/Product815;http://www.w3.org/2000/01/rdf-schema#label;valuation vindication
http://www4.wiwiss.fu-berlin.de/bizer/bsbm/v01/instances/dataFrom/Product815;http://www.w3.org/2000/01/rdf-schema#comment;vocational orangiest nances statal perique whinnier shipworms remorses storming tidiest deforesting trothing unslaked merged rooting revenging denuclearize outproduces prevailers obstructiveness badinaging prerecorded henrys bestrides elongates rounds basely splosh plucked fealties emulsifying nonviable cheekiest dugong warders thieved westernized delusionary satiated quiverers bullwhips bowered cruciate twangles shoplifter depravity polymerize slams reverencer smirched enveloped elicits eatings syllogistically discomforts bombs demeaned alders teratological forzandos bookmaking feministic logicize resharpened canvaslike spelt interspersed biotechnological razored clearing dumbwaiters amasser whackier reformated foyers preappearances blackballs cumulates grouped trembling halvahs ophthalmoscopy balkans lido imperilled advertently neckties genocidal reinfects nakedly imputes leukemic cuirassed sealable shocked hearings
http://www4.wiwiss.fu-berlin.de/bizer/bsbm/v01/instances/dataFrom/Product815;http://www4.wiwiss.fu-berlin.de/bizer/bsbm/v01/vocabulary/productPropertyNumeric1;755
http://www4.wiwiss.fu-berlin.de/bizer/bsbm/v01/instances/dataFrom/Product815;http://www4.wiwiss.fu-berlin.de/bizer/bsbm/v01/vocabulary/productPropertyNumeric2;1190
http://www4.wiwiss.fu-berlin.de/bizer/bsbm/v01/instances/dataFrom/Product815;http://www4.wiwiss.fu-berlin.de/bizer/bsbm/v01/vocabulary/productPropertyNumeric3;455
http://www4.wiwiss.fu-berlin.de/bizer/bsbm/v01/instances/dataFrom/Product815;http://www4.wiwiss.fu-berlin.de/bizer/bsbm/v01/vocabulary/productPropertyNumeric4;750
http://www4.wiwiss.fu-berlin.de/bizer/bsbm/v01/instances/dataFrom/Product815;http://www4.wiwiss.fu-berlin.de/bizer/bsbm/v01/vocabulary/productPropertyNumeric5;160
http://www4.wiwiss.fu-berlin.de/bizer/bsbm/v01/instances/dataFrom/Product815;http://www4.wiwiss.fu-berlin.de/bizer/bsbm/v01/vocabulary/productPropertyTextual1;demagogy grueler frettiest rotors hymenopterous phototherapies capelan gastroscopic sympathizing denunciations manifestly prevailingly liquids sexless garrote
http://www4.wiwiss.fu-berlin.de/bizer/bsbm/v01/instances/dataFrom/Product815;http://www4.wiwiss.fu-berlin.de/bizer/bsbm/v01/vocabulary/productPropertyTextual2;tainting socially kales impuissance kris blowsily saltcellar disciplines immemorially mincy oxhearts catamaran scavenger isostatically
http://www4.wiwiss.fu-berlin.de/bizer/bsbm/v01/instances/dataFrom/Product815;http://www4.wiwiss.fu-berlin.de/bizer/bsbm/v01/vocabulary/productPropertyTextual3;titulary payment careered slouching overdiligent
http://www4.wiwiss.fu-berlin.de/bizer/bsbm/v01/instances/dataFrom/Product815;http://www4.wiwiss.fu-berlin.de/bizer/bsbm/v01/vocabulary/productPropertyTextual4;obligator commenced trampolinists suborbital
http://www4.wiwiss.fu-berlin.de/bizer/bsbm/v01/instances/dataFrom/Product815;http://www4.wiwiss.fu-berlin.de/bizer/bsbm/v01/vocabulary/productPropertyTextual5;tollages effortlessness bookplates stirrups retractable leaner
http://www4.wiwiss.fu-berlin.de/bizer/bsbm/v01/instances/dataFrom/Product815;http://www4.wiwiss.fu-berlin.de/bizer/bsbm/v01/vocabulary/productFeature;http://www4.wiwiss.fu-berlin.de/bizer/bsbm/v01/instances/ProductFeature2404
http://www4.wiwiss.fu-berlin.de/bizer/bsbm/v01/instances/dataFrom/Product815;http://www4.wiwiss.fu-berlin.de/bizer/bsbm/v01/vocabulary/productFeature;http://www4.wiwiss.fu-berlin.de/bizer/bsbm/v01/instances/ProductFeature2406
http://www4.wiwiss.fu-berlin.de/bizer/bsbm/v01/instances/dataFrom/Product815;http://www4.wiwiss.fu-berlin.de/bizer/bsbm/v01/vocabulary/productFeature;http://www4.wiwiss.fu-berlin.de/bizer/bsbm/v01/instances/ProductFeature2410
http://www4.wiwiss.fu-berlin.de/bizer/bsbm/v01/instances/dataFrom/Product815;http://www4.wiwiss.fu-berlin.de/bizer/bsbm/v01/vocabulary/productFeature;http://www4.wiwiss.fu-berlin.de/bizer/bsbm/v01/instances/ProductFeature2412
http://www4.wiwiss.fu-berlin.de/bizer/bsbm/v01/instances/dataFrom/Product815;http://www4.wiwiss.fu-berlin.de/bizer/bsbm/v01/vocabulary/productFeature;http://www4.wiwiss.fu-berlin.de/bizer/bsbm/v01/instances/ProductFeature2415
http://www4.wiwiss.fu-berlin.de/bizer/bsbm/v01/instances/dataFrom/Product815;http://www4.wiwiss.fu-berlin.de/bizer/bsbm/v01/vocabulary/productFeature;http://www4.wiwiss.fu-berlin.de/bizer/bsbm/v01/instances/ProductFeature2430
http://www4.wiwiss.fu-berlin.de/bizer/bsbm/v01/instances/dataFrom/Product815;http://www4.wiwiss.fu-berlin.de/bizer/bsbm/v01/vocabulary/productFeature;http://www4.wiwiss.fu-berlin.de/bizer/bsbm/v01/instances/ProductFeature2435
http://www4.wiwiss.fu-berlin.de/bizer/bsbm/v01/instances/dataFrom/Product815;http://www4.wiwiss.fu-berlin.de/bizer/bsbm/v01/vocabulary/productFeature;http://www4.wiwiss.fu-berlin.de/bizer/bsbm/v01/instances/ProductFeature441
http://www4.wiwiss.fu-berlin.de/bizer/bsbm/v01/instances/dataFrom/Product815;http://www4.wiwiss.fu-berlin.de/bizer/bsbm/v01/vocabulary/productFeature;http://www4.wiwiss.fu-berlin.de/bizer/bsbm/v01/instances/ProductFeature442
http://www4.wiwiss.fu-berlin.de/bizer/bsbm/v01/instances/dataFrom/Product815;http://www4.wiwiss.fu-berlin.de/bizer/bsbm/v01/vocabulary/productFeature;http://www4.wiwiss.fu-berlin.de/bizer/bsbm/v01/instances/ProductFeature445
http://www4.wiwiss.fu-berlin.de/bizer/bsbm/v01/instances/dataFrom/Product815;http://www4.wiwiss.fu-berlin.de/bizer/bsbm/v01/vocabulary/productFeature;http://www4.wiwiss.fu-berlin.de/bizer/bsbm/v01/instances/ProductFeature453
http://www4.wiwiss.fu-berlin.de/bizer/bsbm/v01/instances/dataFrom/Product815;http://www4.wiwiss.fu-berlin.de/bizer/bsbm/v01/vocabulary/productFeature;http://www4.wiwiss.fu-berlin.de/bizer/bsbm/v01/instances/ProductFeature457
http://www4.wiwiss.fu-berlin.de/bizer/bsbm/v01/instances/dataFrom/Product815;http://www4.wiwiss.fu-berlin.de/bizer/bsbm/v01/vocabulary/productFeature;http://www4.wiwiss.fu-berlin.de/bizer/bsbm/v01/instances/ProductFeature458
http://www4.wiwiss.fu-berlin.de/bizer/bsbm/v01/instances/dataFrom/Product815;http://www4.wiwiss.fu-berlin.de/bizer/bsbm/v01/vocabulary/productFeature;http://www4.wiwiss.fu-berlin.de/bizer/bsbm/v01/instances/ProductFeature460
http://www4.wiwiss.fu-berlin.de/bizer/bsbm/v01/instances/dataFrom/Product815;http://www4.wiwiss.fu-berlin.de/bizer/bsbm/v01/vocabulary/productFeature;http://www4.wiwiss.fu-berlin.de/bizer/bsbm/v01/instances/ProductFeature469
http://www4.wiwiss.fu-berlin.de/bizer/bsbm/v01/instances/dataFrom/Product815;http://www4.wiwiss.fu-berlin.de/bizer/bsbm/v01/vocabulary/productFeature;http://www4.wiwiss.fu-berlin.de/bizer/bsbm/v01/instances/ProductFeature24
http://www4.wiwiss.fu-berlin.de/bizer/bsbm/v01/instances/dataFrom/Product815;http://www4.wiwiss.fu-berlin.de/bizer/bsbm/v01/vocabulary/productFeature;http://www4.wiwiss.fu-berlin.de/bizer/bsbm/v01/instances/ProductFeature28
http://www4.wiwiss.fu-berlin.de/bizer/bsbm/v01/instances/dataFrom/Product815;http://www4.wiwiss.fu-berlin.de/bizer/bsbm/v01/vocabulary/productFeature;http://www4.wiwiss.fu-berlin.de/bizer/bsbm/v01/instances/ProductFeature30
http://www4.wiwiss.fu-berlin.de/bizer/bsbm/v01/instances/dataFrom/Product815;http://www4.wiwiss.fu-berlin.de/bizer/bsbm/v01/vocabulary/productFeature;http://www4.wiwiss.fu-berlin.de/bizer/bsbm/v01/instances/ProductFeature33
http://www4.wiwiss.fu-berlin.de/bizer/bsbm/v01/instances/dataFrom/Product815;http://www4.wiwiss.fu-berlin.de/bizer/bsbm/v01/vocabulary/productFeature;http://www4.wiwiss.fu-berlin.de/bizer/bsbm/v01/instances/ProductFeature37
http://www4.wiwiss.fu-berlin.de/bizer/bsbm/v01/instances/dataFrom/Product815;http://www4.wiwiss.fu-berlin.de/bizer/bsbm/v01/vocabulary/producer;http://www4.wiwiss.fu-berlin.de/bizer/bsbm/v01/instances/dataFromProducer19/Producer19
http://www4.wiwiss.fu-berlin.de/bizer/bsbm/v01/instances/dataFrom/Product815;http://purl.org/dc/elements/1.1/publisher;http://www4.wiwiss.fu-berlin.de/bizer/bsbm/v01/instances/dataFromProducer19/Producer19
http://www4.wiwiss.fu-berlin.de/bizer/bsbm/v01/instances/dataFrom/Product815;http://purl.org/dc/elements/1.1/date;2003-02-14
http://www4.wiwiss.fu-berlin.de/bizer/bsbm/v01/instances/dataFrom/Product705;http://www.w3.org/1999/02/22-rdf-syntax-ns#type;http://www4.wiwiss.fu-berlin.de/bizer/bsbm/v01/vocabulary/Product
http://www4.wiwiss.fu-berlin.de/bizer/bsbm/v01/instances/dataFrom/Product705;http://www.w3.org/1999/02/22-rdf-syntax-ns#type;http://www4.wiwiss.fu-berlin.de/bizer/bsbm/v01/instances/ProductType79
http://www4.wiwiss.fu-berlin.de/bizer/bsbm/v01/instances/dataFrom/Product705;http://www.w3.org/2000/01/rdf-schema#label;valuation vindication
http://www4.wiwiss.fu-berlin.de/bizer/bsbm/v01/instances/dataFrom/Product705;http://www.w3.org/2000/01/rdf-schema#comment;vocational orangiest nances statal perique whinnier shipworms remorses storming tidiest deforesting trothing unslaked merged rooting revenging denuclearize outproduces prevailers obstructiveness badinaging prerecorded henrys bestrides elongates rounds basely splosh plucked fealties emulsifying nonviable cheekiest dugong warders thieved westernized delusionary satiated quiverers bullwhips bowered cruciate twangles shoplifter depravity polymerize slams reverencer smirched enveloped elicits eatings syllogistically discomforts bombs demeaned alders teratological forzandos bookmaking feministic logicize resharpened canvaslike spelt interspersed biotechnological razored clearing dumbwaiters amasser whackier reformated foyers preappearances blackballs cumulates grouped trembling halvahs ophthalmoscopy balkans lido imperilled advertently neckties genocidal reinfects nakedly imputes leukemic cuirassed sealable shocked hearings
http://www4.wiwiss.fu-berlin.de/bizer/bsbm/v01/instances/dataFrom/Product705;http://www4.wiwiss.fu-berlin.de/bizer/bsbm/v01/vocabulary/productPropertyNumeric1;755
http://www4.wiwiss.fu-berlin.de/bizer/bsbm/v01/instances/dataFrom/Product705;http://www4.wiwiss.fu-berlin.de/bizer/bsbm/v01/vocabulary/productPropertyNumeric2;1190
http://www4.wiwiss.fu-berlin.de/bizer/bsbm/v01/instances/dataFrom/Product705;http://www4.wiwiss.fu-berlin.de/bizer/bsbm/v01/vocabulary/productPropertyNumeric3;455
http://www4.wiwiss.fu-berlin.de/bizer/bsbm/v01/instances/dataFrom/Product705;http://www4.wiwiss.fu-berlin.de/bizer/bsbm/v01/vocabulary/productPropertyNumeric4;750
http://www4.wiwiss.fu-berlin.de/bizer/bsbm/v01/instances/dataFrom/Product705;http://www4.wiwiss.fu-berlin.de/bizer/bsbm/v01/vocabulary/productPropertyNumeric5;160
http://www4.wiwiss.fu-berlin.de/bizer/bsbm/v01/instances/dataFrom/Product705;http://www4.wiwiss.fu-berlin.de/bizer/bsbm/v01/vocabulary/productPropertyTextual1;demagogy grueler frettiest rotors hymenopterous phototherapies capelan gastroscopic sympathizing denunciations manifestly prevailingly liquids sexless garrote
http://www4.wiwiss.fu-berlin.de/bizer/bsbm/v01/instances/dataFrom/Product705;http://www4.wiwiss.fu-berlin.de/bizer/bsbm/v01/vocabulary/productPropertyTextual2;tainting socially kales impuissance kris blowsily saltcellar disciplines immemorially mincy oxhearts catamaran scavenger isostatically
http://www4.wiwiss.fu-berlin.de/bizer/bsbm/v01/instances/dataFrom/Product705;http://www4.wiwiss.fu-berlin.de/bizer/bsbm/v01/vocabulary/productPropertyTextual3;titulary payment careered slouching overdiligent
http://www4.wiwiss.fu-berlin.de/bizer/bsbm/v01/instances/dataFrom/Product705;http://www4.wiwiss.fu-berlin.de/bizer/bsbm/v01/vocabulary/productPropertyTextual4;obligator commenced trampolinists suborbital
http://www4.wiwiss.fu-berlin.de/bizer/bsbm/v01/instances/dataFrom/Product705;http://www4.wiwiss.fu-berlin.de/bizer/bsbm/v01/vocabulary/productPropertyTextual5;tollages effortlessness bookplates stirrups retractable leaner
http://www4.wiwiss.fu-berlin.de/bizer/bsbm/v01/instances/dataFrom/Product705;http://www4.wiwiss.fu-berlin.de/bizer/bsbm/v01/vocabulary/productFeature;http://www4.wiwiss.fu-berlin.de/bizer/bsbm/v01/instances/ProductFeature2404
http://www4.wiwiss.fu-berlin.de/bizer/bsbm/v01/instances/dataFrom/Product705;http://www4.wiwiss.fu-berlin.de/bizer/bsbm/v01/vocabulary/productFeature;http://www4.wiwiss.fu-berlin.de/bizer/bsbm/v01/instances/ProductFeature2406
http://www4.wiwiss.fu-berlin.de/bizer/bsbm/v01/instances/dataFrom/Product705;http://www4.wiwiss.fu-berlin.de/bizer/bsbm/v01/vocabulary/productFeature;http://www4.wiwiss.fu-berlin.de/bizer/bsbm/v01/instances/ProductFeature2410
http://www4.wiwiss.fu-berlin.de/bizer/bsbm/v01/instances/dataFrom/Product705;http://www4.wiwiss.fu-berlin.de/bizer/bsbm/v01/vocabulary/productFeature;http://www4.wiwiss.fu-berlin.de/bizer/bsbm/v01/instances/ProductFeature2412
http://www4.wiwiss.fu-berlin.de/bizer/bsbm/v01/instances/dataFrom/Product705;http://www4.wiwiss.fu-berlin.de/bizer/bsbm/v01/vocabulary/productFeature;http://www4.wiwiss.fu-berlin.de/bizer/bsbm/v01/instances/ProductFeature2415
http://www4.wiwiss.fu-berlin.de/bizer/bsbm/v01/instances/dataFrom/Product705;http://www4.wiwiss.fu-berlin.de/bizer/bsbm/v01/vocabulary/productFeature;http://www4.wiwiss.fu-berlin.de/bizer/bsbm/v01/instances/ProductFeature2430
http://www4.wiwiss.fu-berlin.de/bizer/bsbm/v01/instances/dataFrom/Product705;http://www4.wiwiss.fu-berlin.de/bizer/bsbm/v01/vocabulary/productFeature;http://www4.wiwiss.fu-berlin.de/bizer/bsbm/v01/instances/ProductFeature2435
http://www4.wiwiss.fu-berlin.de/bizer/bsbm/v01/instances/dataFrom/Product705;http://www4.wiwiss.fu-berlin.de/bizer/bsbm/v01/vocabulary/productFeature;http://www4.wiwiss.fu-berlin.de/bizer/bsbm/v01/instances/ProductFeature441
http://www4.wiwiss.fu-berlin.de/bizer/bsbm/v01/instances/dataFrom/Product705;http://www4.wiwiss.fu-berlin.de/bizer/bsbm/v01/vocabulary/productFeature;http://www4.wiwiss.fu-berlin.de/bizer/bsbm/v01/instances/ProductFeature442
http://www4.wiwiss.fu-berlin.de/bizer/bsbm/v01/instances/dataFrom/Product705;http://www4.wiwiss.fu-berlin.de/bizer/bsbm/v01/vocabulary/productFeature;http://www4.wiwiss.fu-berlin.de/bizer/bsbm/v01/instances/ProductFeature445
http://www4.wiwiss.fu-berlin.de/bizer/bsbm/v01/instances/dataFrom/Product705;http://www4.wiwiss.fu-berlin.de/bizer/bsbm/v01/vocabulary/productFeature;http://www4.wiwiss.fu-berlin.de/bizer/bsbm/v01/instances/ProductFeature453
http://www4.wiwiss.fu-berlin.de/bizer/bsbm/v01/instances/dataFrom/Product705;http://www4.wiwiss.fu-berlin.de/bizer/bsbm/v01/vocabulary/productFeature;http://www4.wiwiss.fu-berlin.de/bizer/bsbm/v01/instances/ProductFeature457
http://www4.wiwiss.fu-berlin.de/bizer/bsbm/v01/instances/dataFrom/Product705;http://www4.wiwiss.fu-berlin.de/bizer/bsbm/v01/vocabulary/productFeature;http://www4.wiwiss.fu-berlin.de/bizer/bsbm/v01/instances/ProductFeature458
http://www4.wiwiss.fu-berlin.de/bizer/bsbm/v01/instances/dataFrom/Product705;http://www4.wiwiss.fu-berlin.de/bizer/bsbm/v01/vocabulary/productFeature;http://www4.wiwiss.fu-berlin.de/bizer/bsbm/v01/instances/ProductFeature460
http://www4.wiwiss.fu-berlin.de/bizer/bsbm/v01/instances/dataFrom/Product705;http://www4.wiwiss.fu-berlin.de/bizer/bsbm/v01/vocabulary/productFeature;http://www4.wiwiss.fu-berlin.de/bizer/bsbm/v01/instances/ProductFeature469
http://www4.wiwiss.fu-berlin.de/bizer/bsbm/v01/instances/dataFrom/Product705;http://www4.wiwiss.fu-berlin.de/bizer/bsbm/v01/vocabulary/productFeature;http://www4.wiwiss.fu-berlin.de/bizer/bsbm/v01/instances/ProductFeature24
http://www4.wiwiss.fu-berlin.de/bizer/bsbm/v01/instances/dataFrom/Product705;http://www4.wiwiss.fu-berlin.de/bizer/bsbm/v01/vocabulary/productFeature;http://www4.wiwiss.fu-berlin.de/bizer/bsbm/v01/instances/ProductFeature28
http://www4.wiwiss.fu-berlin.de/bizer/bsbm/v01/instances/dataFrom/Product705;http://www4.wiwiss.fu-berlin.de/bizer/bsbm/v01/vocabulary/productFeature;http://www4.wiwiss.fu-berlin.de/bizer/bsbm/v01/instances/ProductFeature30
http://www4.wiwiss.fu-berlin.de/bizer/bsbm/v01/instances/dataFrom/Product705;http://www4.wiwiss.fu-berlin.de/bizer/bsbm/v01/vocabulary/productFeature;http://www4.wiwiss.fu-berlin.de/bizer/bsbm/v01/instances/ProductFeature33
http://www4.wiwiss.fu-berlin.de/bizer/bsbm/v01/instances/dataFrom/Product705;http://www4.wiwiss.fu-berlin.de/bizer/bsbm/v01/vocabulary/productFeature;http://www4.wiwiss.fu-berlin.de/bizer/bsbm/v01/instances/ProductFeature37
http://www4.wiwiss.fu-berlin.de/bizer/bsbm/v01/instances/dataFrom/Product705;http://www4.wiwiss.fu-berlin.de/bizer/bsbm/v01/vocabulary/producer;http://www4.wiwiss.fu-berlin.de/bizer/bsbm/v01/instances/dataFromProducer19/Producer19
http://www4.wiwiss.fu-berlin.de/bizer/bsbm/v01/instances/dataFrom/Product705;http://purl.org/dc/elements/1.1/publisher;http://www4.wiwiss.fu-berlin.de/bizer/bsbm/v01/instances/dataFromProducer19/Producer19
http://www4.wiwiss.fu-berlin.de/bizer/bsbm/v01/instances/dataFrom/Product705;http://purl.org/dc/elements/1.1/date;2003-02-14
http://www4.wiwiss.fu-berlin.de/bizer/bsbm/v01/instances/dataFrom/Product950;http://www.w3.org/1999/02/22-rdf-syntax-ns#type;http://www4.wiwiss.fu-berlin.de/bizer/bsbm/v01/vocabulary/Product
http://www4.wiwiss.fu-berlin.de/bizer/bsbm/v01/instances/dataFrom/Product950;http://www.w3.org/1999/02/22-rdf-syntax-ns#type;http://www4.wiwiss.fu-berlin.de/bizer/bsbm/v01/instances/ProductType79
http://www4.wiwiss.fu-berlin.de/bizer/bsbm/v01/instances/dataFrom/Product950;http://www.w3.org/2000/01/rdf-schema#label;valuation vindication
http://www4.wiwiss.fu-berlin.de/bizer/bsbm/v01/instances/dataFrom/Product950;http://www.w3.org/2000/01/rdf-schema#comment;vocational orangiest nances statal perique whinnier shipworms remorses storming tidiest deforesting trothing unslaked merged rooting revenging denuclearize outproduces prevailers obstructiveness badinaging prerecorded henrys bestrides elongates rounds basely splosh plucked fealties emulsifying nonviable cheekiest dugong warders thieved westernized delusionary satiated quiverers bullwhips bowered cruciate twangles shoplifter depravity polymerize slams reverencer smirched enveloped elicits eatings syllogistically discomforts bombs demeaned alders teratological forzandos bookmaking feministic logicize resharpened canvaslike spelt interspersed biotechnological razored clearing dumbwaiters amasser whackier reformated foyers preappearances blackballs cumulates grouped trembling halvahs ophthalmoscopy balkans lido imperilled advertently neckties genocidal reinfects nakedly imputes leukemic cuirassed sealable shocked hearings
http://www4.wiwiss.fu-berlin.de/bizer/bsbm/v01/instances/dataFrom/Product950;http://www4.wiwiss.fu-berlin.de/bizer/bsbm/v01/vocabulary/productPropertyNumeric1;755
http://www4.wiwiss.fu-berlin.de/bizer/bsbm/v01/instances/dataFrom/Product950;http://www4.wiwiss.fu-berlin.de/bizer/bsbm/v01/vocabulary/productPropertyNumeric2;1190
http://www4.wiwiss.fu-berlin.de/bizer/bsbm/v01/instances/dataFrom/Product950;http://www4.wiwiss.fu-berlin.de/bizer/bsbm/v01/vocabulary/productPropertyNumeric3;455
http://www4.wiwiss.fu-berlin.de/bizer/bsbm/v01/instances/dataFrom/Product950;http://www4.wiwiss.fu-berlin.de/bizer/bsbm/v01/vocabulary/productPropertyNumeric4;750
http://www4.wiwiss.fu-berlin.de/bizer/bsbm/v01/instances/dataFrom/Product950;http://www4.wiwiss.fu-berlin.de/bizer/bsbm/v01/vocabulary/productPropertyNumeric5;160
http://www4.wiwiss.fu-berlin.de/bizer/bsbm/v01/instances/dataFrom/Product950;http://www4.wiwiss.fu-berlin.de/bizer/bsbm/v01/vocabulary/productPropertyTextual1;demagogy grueler frettiest rotors hymenopterous phototherapies capelan gastroscopic sympathizing denunciations manifestly prevailingly liquids sexless garrote
http://www4.wiwiss.fu-berlin.de/bizer/bsbm/v01/instances/dataFrom/Product950;http://www4.wiwiss.fu-berlin.de/bizer/bsbm/v01/vocabulary/productPropertyTextual2;tainting socially kales impuissance kris blowsily saltcellar disciplines immemorially mincy oxhearts catamaran scavenger isostatically
http://www4.wiwiss.fu-berlin.de/bizer/bsbm/v01/instances/dataFrom/Product950;http://www4.wiwiss.fu-berlin.de/bizer/bsbm/v01/vocabulary/productPropertyTextual3;titulary payment careered slouching overdiligent
http://www4.wiwiss.fu-berlin.de/bizer/bsbm/v01/instances/dataFrom/Product950;http://www4.wiwiss.fu-berlin.de/bizer/bsbm/v01/vocabulary/productPropertyTextual4;obligator commenced trampolinists suborbital
http://www4.wiwiss.fu-berlin.de/bizer/bsbm/v01/instances/dataFrom/Product950;http://www4.wiwiss.fu-berlin.de/bizer/bsbm/v01/vocabulary/productPropertyTextual5;tollages effortlessness bookplates stirrups retractable leaner
http://www4.wiwiss.fu-berlin.de/bizer/bsbm/v01/instances/dataFrom/Product950;http://www4.wiwiss.fu-berlin.de/bizer/bsbm/v01/vocabulary/productFeature;http://www4.wiwiss.fu-berlin.de/bizer/bsbm/v01/instances/ProductFeature2404
http://www4.wiwiss.fu-berlin.de/bizer/bsbm/v01/instances/dataFrom/Product950;http://www4.wiwiss.fu-berlin.de/bizer/bsbm/v01/vocabulary/productFeature;http://www4.wiwiss.fu-berlin.de/bizer/bsbm/v01/instances/ProductFeature2406
http://www4.wiwiss.fu-berlin.de/bizer/bsbm/v01/instances/dataFrom/Product950;http://www4.wiwiss.fu-berlin.de/bizer/bsbm/v01/vocabulary/productFeature;http://www4.wiwiss.fu-berlin.de/bizer/bsbm/v01/instances/ProductFeature2410
http://www4.wiwiss.fu-berlin.de/bizer/bsbm/v01/instances/dataFrom/Product950;http://www4.wiwiss.fu-berlin.de/bizer/bsbm/v01/vocabulary/productFeature;http://www4.wiwiss.fu-berlin.de/bizer/bsbm/v01/instances/ProductFeature2412
http://www4.wiwiss.fu-berlin.de/bizer/bsbm/v01/instances/dataFrom/Product950;http://www4.wiwiss.fu-berlin.de/bizer/bsbm/v01/vocabulary/productFeature;http://www4.wiwiss.fu-berlin.de/bizer/bsbm/v01/instances/ProductFeature2415
http://www4.wiwiss.fu-berlin.de/bizer/bsbm/v01/instances/dataFrom/Product950;http://www4.wiwiss.fu-berlin.de/bizer/bsbm/v01/vocabulary/productFeature;http://www4.wiwiss.fu-berlin.de/bizer/bsbm/v01/instances/ProductFeature2430
http://www4.wiwiss.fu-berlin.de/bizer/bsbm/v01/instances/dataFrom/Product950;http://www4.wiwiss.fu-berlin.de/bizer/bsbm/v01/vocabulary/productFeature;http://www4.wiwiss.fu-berlin.de/bizer/bsbm/v01/instances/ProductFeature2435
http://www4.wiwiss.fu-berlin.de/bizer/bsbm/v01/instances/dataFrom/Product950;http://www4.wiwiss.fu-berlin.de/bizer/bsbm/v01/vocabulary/productFeature;http://www4.wiwiss.fu-berlin.de/bizer/bsbm/v01/instances/ProductFeature441
http://www4.wiwiss.fu-berlin.de/bizer/bsbm/v01/instances/dataFrom/Product950;http://www4.wiwiss.fu-berlin.de/bizer/bsbm/v01/vocabulary/productFeature;http://www4.wiwiss.fu-berlin.de/bizer/bsbm/v01/instances/ProductFeature442
http://www4.wiwiss.fu-berlin.de/bizer/bsbm/v01/instances/dataFrom/Product950;http://www4.wiwiss.fu-berlin.de/bizer/bsbm/v01/vocabulary/productFeature;http://www4.wiwiss.fu-berlin.de/bizer/bsbm/v01/instances/ProductFeature445
http://www4.wiwiss.fu-berlin.de/bizer/bsbm/v01/instances/dataFrom/Product950;http://www4.wiwiss.fu-berlin.de/bizer/bsbm/v01/vocabulary/productFeature;http://www4.wiwiss.fu-berlin.de/bizer/bsbm/v01/instances/ProductFeature453
http://www4.wiwiss.fu-berlin.de/bizer/bsbm/v01/instances/dataFrom/Product950;http://www4.wiwiss.fu-berlin.de/bizer/bsbm/v01/vocabulary/productFeature;http://www4.wiwiss.fu-berlin.de/bizer/bsbm/v01/instances/ProductFeature457
http://www4.wiwiss.fu-berlin.de/bizer/bsbm/v01/instances/dataFrom/Product950;http://www4.wiwiss.fu-berlin.de/bizer/bsbm/v01/vocabulary/productFeature;http://www4.wiwiss.fu-berlin.de/bizer/bsbm/v01/instances/ProductFeature458
http://www4.wiwiss.fu-berlin.de/bizer/bsbm/v01/instances/dataFrom/Product950;http://www4.wiwiss.fu-berlin.de/bizer/bsbm/v01/vocabulary/productFeature;http://www4.wiwiss.fu-berlin.de/bizer/bsbm/v01/instances/ProductFeature460
http://www4.wiwiss.fu-berlin.de/bizer/bsbm/v01/instances/dataFrom/Product950;http://www4.wiwiss.fu-berlin.de/bizer/bsbm/v01/vocabulary/productFeature;http://www4.wiwiss.fu-berlin.de/bizer/bsbm/v01/instances/ProductFeature469
http://www4.wiwiss.fu-berlin.de/bizer/bsbm/v01/instances/dataFrom/Product950;http://www4.wiwiss.fu-berlin.de/bizer/bsbm/v01/vocabulary/productFeature;http://www4.wiwiss.fu-berlin.de/bizer/bsbm/v01/instances/ProductFeature24
http://www4.wiwiss.fu-berlin.de/bizer/bsbm/v01/instances/dataFrom/Product950;http://www4.wiwiss.fu-berlin.de/bizer/bsbm/v01/vocabulary/productFeature;http://www4.wiwiss.fu-berlin.de/bizer/bsbm/v01/instances/ProductFeature28
http://www4.wiwiss.fu-berlin.de/bizer/bsbm/v01/instances/dataFrom/Product950;http://www4.wiwiss.fu-berlin.de/bizer/bsbm/v01/vocabulary/productFeature;http://www4.wiwiss.fu-berlin.de/bizer/bsbm/v01/instances/ProductFeature30
http://www4.wiwiss.fu-berlin.de/bizer/bsbm/v01/instances/dataFrom/Product950;http://www4.wiwiss.fu-berlin.de/bizer/bsbm/v01/vocabulary/productFeature;http://www4.wiwiss.fu-berlin.de/bizer/bsbm/v01/instances/ProductFeature33
http://www4.wiwiss.fu-berlin.de/bizer/bsbm/v01/instances/dataFrom/Product950;http://www4.wiwiss.fu-berlin.de/bizer/bsbm/v01/vocabulary/productFeature;http://www4.wiwiss.fu-berlin.de/bizer/bsbm/v01/instances/ProductFeature37
http://www4.wiwiss.fu-berlin.de/bizer/bsbm/v01/instances/dataFrom/Product950;http://www4.wiwiss.fu-berlin.de/bizer/bsbm/v01/vocabulary/producer;http://www4.wiwiss.fu-berlin.de/bizer/bsbm/v01/instances/dataFromProducer19/Producer19
http://www4.wiwiss.fu-berlin.de/bizer/bsbm/v01/instances/dataFrom/Product950;http://purl.org/dc/elements/1.1/publisher;http://www4.wiwiss.fu-berlin.de/bizer/bsbm/v01/instances/dataFromProducer19/Producer19
http://www4.wiwiss.fu-berlin.de/bizer/bsbm/v01/instances/dataFrom/Product950;http://purl.org/dc/elements/1.1/date;2003-02-14
http://www4.wiwiss.fu-berlin.de/bizer/bsbm/v01/instances/dataFrom/Product40;http://www.w3.org/1999/02/22-rdf-syntax-ns#type;http://www4.wiwiss.fu-berlin.de/bizer/bsbm/v01/vocabulary/Product
http://www4.wiwiss.fu-berlin.de/bizer/bsbm/v01/instances/dataFrom/Product40;http://www.w3.org/1999/02/22-rdf-syntax-ns#type;http://www4.wiwiss.fu-berlin.de/bizer/bsbm/v01/instances/ProductType79
http://www4.wiwiss.fu-berlin.de/bizer/bsbm/v01/instances/dataFrom/Product40;http://www.w3.org/2000/01/rdf-schema#label;valuation vindication
http://www4.wiwiss.fu-berlin.de/bizer/bsbm/v01/instances/dataFrom/Product40;http://www.w3.org/2000/01/rdf-schema#comment;vocational orangiest nances statal perique whinnier shipworms remorses storming tidiest deforesting trothing unslaked merged rooting revenging denuclearize outproduces prevailers obstructiveness badinaging prerecorded henrys bestrides elongates rounds basely splosh plucked fealties emulsifying nonviable cheekiest dugong warders thieved westernized delusionary satiated quiverers bullwhips bowered cruciate twangles shoplifter depravity polymerize slams reverencer smirched enveloped elicits eatings syllogistically discomforts bombs demeaned alders teratological forzandos bookmaking feministic logicize resharpened canvaslike spelt interspersed biotechnological razored clearing dumbwaiters amasser whackier reformated foyers preappearances blackballs cumulates grouped trembling halvahs ophthalmoscopy balkans lido imperilled advertently neckties genocidal reinfects nakedly imputes leukemic cuirassed sealable shocked hearings
http://www4.wiwiss.fu-berlin.de/bizer/bsbm/v01/instances/dataFrom/Product40;http://www4.wiwiss.fu-berlin.de/bizer/bsbm/v01/vocabulary/productPropertyNumeric1;755
http://www4.wiwiss.fu-berlin.de/bizer/bsbm/v01/instances/dataFrom/Product40;http://www4.wiwiss.fu-berlin.de/bizer/bsbm/v01/vocabulary/productPropertyNumeric2;1190
http://www4.wiwiss.fu-berlin.de/bizer/bsbm/v01/instances/dataFrom/Product40;http://www4.wiwiss.fu-berlin.de/bizer/bsbm/v01/vocabulary/productPropertyNumeric3;455
http://www4.wiwiss.fu-berlin.de/bizer/bsbm/v01/instances/dataFrom/Product40;http://www4.wiwiss.fu-berlin.de/bizer/bsbm/v01/vocabulary/productPropertyNumeric4;750
http://www4.wiwiss.fu-berlin.de/bizer/bsbm/v01/instances/dataFrom/Product40;http://www4.wiwiss.fu-berlin.de/bizer/bsbm/v01/vocabulary/productPropertyNumeric5;160
http://www4.wiwiss.fu-berlin.de/bizer/bsbm/v01/instances/dataFrom/Product40;http://www4.wiwiss.fu-berlin.de/bizer/bsbm/v01/vocabulary/productPropertyTextual1;demagogy grueler frettiest rotors hymenopterous phototherapies capelan gastroscopic sympathizing denunciations manifestly prevailingly liquids sexless garrote
http://www4.wiwiss.fu-berlin.de/bizer/bsbm/v01/instances/dataFrom/Product40;http://www4.wiwiss.fu-berlin.de/bizer/bsbm/v01/vocabulary/productPropertyTextual2;tainting socially kales impuissance kris blowsily saltcellar disciplines immemorially mincy oxhearts catamaran scavenger isostatically
http://www4.wiwiss.fu-berlin.de/bizer/bsbm/v01/instances/dataFrom/Product40;http://www4.wiwiss.fu-berlin.de/bizer/bsbm/v01/vocabulary/productPropertyTextual3;titulary payment careered slouching overdiligent
http://www4.wiwiss.fu-berlin.de/bizer/bsbm/v01/instances/dataFrom/Product40;http://www4.wiwiss.fu-berlin.de/bizer/bsbm/v01/vocabulary/productPropertyTextual4;obligator commenced trampolinists suborbital
http://www4.wiwiss.fu-berlin.de/bizer/bsbm/v01/instances/dataFrom/Product40;http://www4.wiwiss.fu-berlin.de/bizer/bsbm/v01/vocabulary/productPropertyTextual5;tollages effortlessness bookplates stirrups retractable leaner
http://www4.wiwiss.fu-berlin.de/bizer/bsbm/v01/instances/dataFrom/Product40;http://www4.wiwiss.fu-berlin.de/bizer/bsbm/v01/vocabulary/productFeature;http://www4.wiwiss.fu-berlin.de/bizer/bsbm/v01/instances/ProductFeature2404
http://www4.wiwiss.fu-berlin.de/bizer/bsbm/v01/instances/dataFrom/Product40;http://www4.wiwiss.fu-berlin.de/bizer/bsbm/v01/vocabulary/productFeature;http://www4.wiwiss.fu-berlin.de/bizer/bsbm/v01/instances/ProductFeature2406
http://www4.wiwiss.fu-berlin.de/bizer/bsbm/v01/instances/dataFrom/Product40;http://www4.wiwiss.fu-berlin.de/bizer/bsbm/v01/vocabulary/productFeature;http://www4.wiwiss.fu-berlin.de/bizer/bsbm/v01/instances/ProductFeature2410
http://www4.wiwiss.fu-berlin.de/bizer/bsbm/v01/instances/dataFrom/Product40;http://www4.wiwiss.fu-berlin.de/bizer/bsbm/v01/vocabulary/productFeature;http://www4.wiwiss.fu-berlin.de/bizer/bsbm/v01/instances/ProductFeature2412
http://www4.wiwiss.fu-berlin.de/bizer/bsbm/v01/instances/dataFrom/Product40;http://www4.wiwiss.fu-berlin.de/bizer/bsbm/v01/vocabulary/productFeature;http://www4.wiwiss.fu-berlin.de/bizer/bsbm/v01/instances/ProductFeature2415
http://www4.wiwiss.fu-berlin.de/bizer/bsbm/v01/instances/dataFrom/Product40;http://www4.wiwiss.fu-berlin.de/bizer/bsbm/v01/vocabulary/productFeature;http://www4.wiwiss.fu-berlin.de/bizer/bsbm/v01/instances/ProductFeature2430
http://www4.wiwiss.fu-berlin.de/bizer/bsbm/v01/instances/dataFrom/Product40;http://www4.wiwiss.fu-berlin.de/bizer/bsbm/v01/vocabulary/productFeature;http://www4.wiwiss.fu-berlin.de/bizer/bsbm/v01/instances/ProductFeature2435
http://www4.wiwiss.fu-berlin.de/bizer/bsbm/v01/instances/dataFrom/Product40;http://www4.wiwiss.fu-berlin.de/bizer/bsbm/v01/vocabulary/productFeature;http://www4.wiwiss.fu-berlin.de/bizer/bsbm/v01/instances/ProductFeature441
http://www4.wiwiss.fu-berlin.de/bizer/bsbm/v01/instances/dataFrom/Product40;http://www4.wiwiss.fu-berlin.de/bizer/bsbm/v01/vocabulary/productFeature;http://www4.wiwiss.fu-berlin.de/bizer/bsbm/v01/instances/ProductFeature442
http://www4.wiwiss.fu-berlin.de/bizer/bsbm/v01/instances/dataFrom/Product40;http://www4.wiwiss.fu-berlin.de/bizer/bsbm/v01/vocabulary/productFeature;http://www4.wiwiss.fu-berlin.de/bizer/bsbm/v01/instances/ProductFeature445
http://www4.wiwiss.fu-berlin.de/bizer/bsbm/v01/instances/dataFrom/Product40;http://www4.wiwiss.fu-berlin.de/bizer/bsbm/v01/vocabulary/productFeature;http://www4.wiwiss.fu-berlin.de/bizer/bsbm/v01/instances/ProductFeature453
http://www4.wiwiss.fu-berlin.de/bizer/bsbm/v01/instances/dataFrom/Product40;http://www4.wiwiss.fu-berlin.de/bizer/bsbm/v01/vocabulary/productFeature;http://www4.wiwiss.fu-berlin.de/bizer/bsbm/v01/instances/ProductFeature457
http://www4.wiwiss.fu-berlin.de/bizer/bsbm/v01/instances/dataFrom/Product40;http://www4.wiwiss.fu-berlin.de/bizer/bsbm/v01/vocabulary/productFeature;http://www4.wiwiss.fu-berlin.de/bizer/bsbm/v01/instances/ProductFeature458
http://www4.wiwiss.fu-berlin.de/bizer/bsbm/v01/instances/dataFrom/Product40;http://www4.wiwiss.fu-berlin.de/bizer/bsbm/v01/vocabulary/productFeature;http://www4.wiwiss.fu-berlin.de/bizer/bsbm/v01/instances/ProductFeature460
http://www4.wiwiss.fu-berlin.de/bizer/bsbm/v01/instances/dataFrom/Product40;http://www4.wiwiss.fu-berlin.de/bizer/bsbm/v01/vocabulary/productFeature;http://www4.wiwiss.fu-berlin.de/bizer/bsbm/v01/instances/ProductFeature469
http://www4.wiwiss.fu-berlin.de/bizer/bsbm/v01/instances/dataFrom/Product40;http://www4.wiwiss.fu-berlin.de/bizer/bsbm/v01/vocabulary/productFeature;http://www4.wiwiss.fu-berlin.de/bizer/bsbm/v01/instances/ProductFeature24
http://www4.wiwiss.fu-berlin.de/bizer/bsbm/v01/instances/dataFrom/Product40;http://www4.wiwiss.fu-berlin.de/bizer/bsbm/v01/vocabulary/productFeature;http://www4.wiwiss.fu-berlin.de/bizer/bsbm/v01/instances/ProductFeature28
http://www4.wiwiss.fu-berlin.de/bizer/bsbm/v01/instances/dataFrom/Product40;http://www4.wiwiss.fu-berlin.de/bizer/bsbm/v01/vocabulary/productFeature;http://www4.wiwiss.fu-berlin.de/bizer/bsbm/v01/instances/ProductFeature30
http://www4.wiwiss.fu-berlin.de/bizer/bsbm/v01/instances/dataFrom/Product40;http://www4.wiwiss.fu-berlin.de/bizer/bsbm/v01/vocabulary/productFeature;http://www4.wiwiss.fu-berlin.de/bizer/bsbm/v01/instances/ProductFeature33
http://www4.wiwiss.fu-berlin.de/bizer/bsbm/v01/instances/dataFrom/Product40;http://www4.wiwiss.fu-berlin.de/bizer/bsbm/v01/vocabulary/productFeature;http://www4.wiwiss.fu-berlin.de/bizer/bsbm/v01/instances/ProductFeature37
http://www4.wiwiss.fu-berlin.de/bizer/bsbm/v01/instances/dataFrom/Product40;http://www4.wiwiss.fu-berlin.de/bizer/bsbm/v01/vocabulary/producer;http://www4.wiwiss.fu-berlin.de/bizer/bsbm/v01/instances/dataFromProducer19/Producer19
http://www4.wiwiss.fu-berlin.de/bizer/bsbm/v01/instances/dataFrom/Product40;http://purl.org/dc/elements/1.1/publisher;http://www4.wiwiss.fu-berlin.de/bizer/bsbm/v01/instances/dataFromProducer19/Producer19
http://www4.wiwiss.fu-berlin.de/bizer/bsbm/v01/instances/dataFrom/Product40;http://purl.org/dc/elements/1.1/date;2003-02-14
http://www4.wiwiss.fu-berlin.de/bizer/bsbm/v01/instances/dataFrom/Product799;http://www.w3.org/1999/02/22-rdf-syntax-ns#type;http://www4.wiwiss.fu-berlin.de/bizer/bsbm/v01/vocabulary/Product
http://www4.wiwiss.fu-berlin.de/bizer/bsbm/v01/instances/dataFrom/Product799;http://www.w3.org/1999/02/22-rdf-syntax-ns#type;http://www4.wiwiss.fu-berlin.de/bizer/bsbm/v01/instances/ProductType79
http://www4.wiwiss.fu-berlin.de/bizer/bsbm/v01/instances/dataFrom/Product799;http://www.w3.org/2000/01/rdf-schema#label;valuation vindication
http://www4.wiwiss.fu-berlin.de/bizer/bsbm/v01/instances/dataFrom/Product799;http://www.w3.org/2000/01/rdf-schema#comment;vocational orangiest nances statal perique whinnier shipworms remorses storming tidiest deforesting trothing unslaked merged rooting revenging denuclearize outproduces prevailers obstructiveness badinaging prerecorded henrys bestrides elongates rounds basely splosh plucked fealties emulsifying nonviable cheekiest dugong warders thieved westernized delusionary satiated quiverers bullwhips bowered cruciate twangles shoplifter depravity polymerize slams reverencer smirched enveloped elicits eatings syllogistically discomforts bombs demeaned alders teratological forzandos bookmaking feministic logicize resharpened canvaslike spelt interspersed biotechnological razored clearing dumbwaiters amasser whackier reformated foyers preappearances blackballs cumulates grouped trembling halvahs ophthalmoscopy balkans lido imperilled advertently neckties genocidal reinfects nakedly imputes leukemic cuirassed sealable shocked hearings
http://www4.wiwiss.fu-berlin.de/bizer/bsbm/v01/instances/dataFrom/Product799;http://www4.wiwiss.fu-berlin.de/bizer/bsbm/v01/vocabulary/productPropertyNumeric1;755
http://www4.wiwiss.fu-berlin.de/bizer/bsbm/v01/instances/dataFrom/Product799;http://www4.wiwiss.fu-berlin.de/bizer/bsbm/v01/vocabulary/productPropertyNumeric2;1190
http://www4.wiwiss.fu-berlin.de/bizer/bsbm/v01/instances/dataFrom/Product799;http://www4.wiwiss.fu-berlin.de/bizer/bsbm/v01/vocabulary/productPropertyNumeric3;455
http://www4.wiwiss.fu-berlin.de/bizer/bsbm/v01/instances/dataFrom/Product799;http://www4.wiwiss.fu-berlin.de/bizer/bsbm/v01/vocabulary/productPropertyNumeric4;750
http://www4.wiwiss.fu-berlin.de/bizer/bsbm/v01/instances/dataFrom/Product799;http://www4.wiwiss.fu-berlin.de/bizer/bsbm/v01/vocabulary/productPropertyNumeric5;160
http://www4.wiwiss.fu-berlin.de/bizer/bsbm/v01/instances/dataFrom/Product799;http://www4.wiwiss.fu-berlin.de/bizer/bsbm/v01/vocabulary/productPropertyTextual1;demagogy grueler frettiest rotors hymenopterous phototherapies capelan gastroscopic sympathizing denunciations manifestly prevailingly liquids sexless garrote
http://www4.wiwiss.fu-berlin.de/bizer/bsbm/v01/instances/dataFrom/Product799;http://www4.wiwiss.fu-berlin.de/bizer/bsbm/v01/vocabulary/productPropertyTextual2;tainting socially kales impuissance kris blowsily saltcellar disciplines immemorially mincy oxhearts catamaran scavenger isostatically
http://www4.wiwiss.fu-berlin.de/bizer/bsbm/v01/instances/dataFrom/Product799;http://www4.wiwiss.fu-berlin.de/bizer/bsbm/v01/vocabulary/productPropertyTextual3;titulary payment careered slouching overdiligent
http://www4.wiwiss.fu-berlin.de/bizer/bsbm/v01/instances/dataFrom/Product799;http://www4.wiwiss.fu-berlin.de/bizer/bsbm/v01/vocabulary/productPropertyTextual4;obligator commenced trampolinists suborbital
http://www4.wiwiss.fu-berlin.de/bizer/bsbm/v01/instances/dataFrom/Product799;http://www4.wiwiss.fu-berlin.de/bizer/bsbm/v01/vocabulary/productPropertyTextual5;tollages effortlessness bookplates stirrups retractable leaner
http://www4.wiwiss.fu-berlin.de/bizer/bsbm/v01/instances/dataFrom/Product799;http://www4.wiwiss.fu-berlin.de/bizer/bsbm/v01/vocabulary/productFeature;http://www4.wiwiss.fu-berlin.de/bizer/bsbm/v01/instances/ProductFeature2404
http://www4.wiwiss.fu-berlin.de/bizer/bsbm/v01/instances/dataFrom/Product799;http://www4.wiwiss.fu-berlin.de/bizer/bsbm/v01/vocabulary/productFeature;http://www4.wiwiss.fu-berlin.de/bizer/bsbm/v01/instances/ProductFeature2406
http://www4.wiwiss.fu-berlin.de/bizer/bsbm/v01/instances/dataFrom/Product799;http://www4.wiwiss.fu-berlin.de/bizer/bsbm/v01/vocabulary/productFeature;http://www4.wiwiss.fu-berlin.de/bizer/bsbm/v01/instances/ProductFeature2410
http://www4.wiwiss.fu-berlin.de/bizer/bsbm/v01/instances/dataFrom/Product799;http://www4.wiwiss.fu-berlin.de/bizer/bsbm/v01/vocabulary/productFeature;http://www4.wiwiss.fu-berlin.de/bizer/bsbm/v01/instances/ProductFeature2412
http://www4.wiwiss.fu-berlin.de/bizer/bsbm/v01/instances/dataFrom/Product799;http://www4.wiwiss.fu-berlin.de/bizer/bsbm/v01/vocabulary/productFeature;http://www4.wiwiss.fu-berlin.de/bizer/bsbm/v01/instances/ProductFeature2415
http://www4.wiwiss.fu-berlin.de/bizer/bsbm/v01/instances/dataFrom/Product799;http://www4.wiwiss.fu-berlin.de/bizer/bsbm/v01/vocabulary/productFeature;http://www4.wiwiss.fu-berlin.de/bizer/bsbm/v01/instances/ProductFeature2430
http://www4.wiwiss.fu-berlin.de/bizer/bsbm/v01/instances/dataFrom/Product799;http://www4.wiwiss.fu-berlin.de/bizer/bsbm/v01/vocabulary/productFeature;http://www4.wiwiss.fu-berlin.de/bizer/bsbm/v01/instances/ProductFeature2435
http://www4.wiwiss.fu-berlin.de/bizer/bsbm/v01/instances/dataFrom/Product799;http://www4.wiwiss.fu-berlin.de/bizer/bsbm/v01/vocabulary/productFeature;http://www4.wiwiss.fu-berlin.de/bizer/bsbm/v01/instances/ProductFeature441
http://www4.wiwiss.fu-berlin.de/bizer/bsbm/v01/instances/dataFrom/Product799;http://www4.wiwiss.fu-berlin.de/bizer/bsbm/v01/vocabulary/productFeature;http://www4.wiwiss.fu-berlin.de/bizer/bsbm/v01/instances/ProductFeature442
http://www4.wiwiss.fu-berlin.de/bizer/bsbm/v01/instances/dataFrom/Product799;http://www4.wiwiss.fu-berlin.de/bizer/bsbm/v01/vocabulary/productFeature;http://www4.wiwiss.fu-berlin.de/bizer/bsbm/v01/instances/ProductFeature445
http://www4.wiwiss.fu-berlin.de/bizer/bsbm/v01/instances/dataFrom/Product799;http://www4.wiwiss.fu-berlin.de/bizer/bsbm/v01/vocabulary/productFeature;http://www4.wiwiss.fu-berlin.de/bizer/bsbm/v01/instances/ProductFeature453
http://www4.wiwiss.fu-berlin.de/bizer/bsbm/v01/instances/dataFrom/Product799;http://www4.wiwiss.fu-berlin.de/bizer/bsbm/v01/vocabulary/productFeature;http://www4.wiwiss.fu-berlin.de/bizer/bsbm/v01/instances/ProductFeature457
http://www4.wiwiss.fu-berlin.de/bizer/bsbm/v01/instances/dataFrom/Product799;http://www4.wiwiss.fu-berlin.de/bizer/bsbm/v01/vocabulary/productFeature;http://www4.wiwiss.fu-berlin.de/bizer/bsbm/v01/instances/ProductFeature458
http://www4.wiwiss.fu-berlin.de/bizer/bsbm/v01/instances/dataFrom/Product799;http://www4.wiwiss.fu-berlin.de/bizer/bsbm/v01/vocabulary/productFeature;http://www4.wiwiss.fu-berlin.de/bizer/bsbm/v01/instances/ProductFeature460
http://www4.wiwiss.fu-berlin.de/bizer/bsbm/v01/instances/dataFrom/Product799;http://www4.wiwiss.fu-berlin.de/bizer/bsbm/v01/vocabulary/productFeature;http://www4.wiwiss.fu-berlin.de/bizer/bsbm/v01/instances/ProductFeature469
http://www4.wiwiss.fu-berlin.de/bizer/bsbm/v01/instances/dataFrom/Product799;http://www4.wiwiss.fu-berlin.de/bizer/bsbm/v01/vocabulary/productFeature;http://www4.wiwiss.fu-berlin.de/bizer/bsbm/v01/instances/ProductFeature24
http://www4.wiwiss.fu-berlin.de/bizer/bsbm/v01/instances/dataFrom/Product799;http://www4.wiwiss.fu-berlin.de/bizer/bsbm/v01/vocabulary/productFeature;http://www4.wiwiss.fu-berlin.de/bizer/bsbm/v01/instances/ProductFeature28
http://www4.wiwiss.fu-berlin.de/bizer/bsbm/v01/instances/dataFrom/Product799;http://www4.wiwiss.fu-berlin.de/bizer/bsbm/v01/vocabulary/productFeature;http://www4.wiwiss.fu-berlin.de/bizer/bsbm/v01/instances/ProductFeature30
http://www4.wiwiss.fu-berlin.de/bizer/bsbm/v01/instances/dataFrom/Product799;http://www4.wiwiss.fu-berlin.de/bizer/bsbm/v01/vocabulary/productFeature;http://www4.wiwiss.fu-berlin.de/bizer/bsbm/v01/instances/ProductFeature33
http://www4.wiwiss.fu-berlin.de/bizer/bsbm/v01/instances/dataFrom/Product799;http://www4.wiwiss.fu-berlin.de/bizer/bsbm/v01/vocabulary/productFeature;http://www4.wiwiss.fu-berlin.de/bizer/bsbm/v01/instances/ProductFeature37
http://www4.wiwiss.fu-berlin.de/bizer/bsbm/v01/instances/dataFrom/Product799;http://www4.wiwiss.fu-berlin.de/bizer/bsbm/v01/vocabulary/producer;http://www4.wiwiss.fu-berlin.de/bizer/bsbm/v01/instances/dataFromProducer19/Producer19
http://www4.wiwiss.fu-berlin.de/bizer/bsbm/v01/instances/dataFrom/Product799;http://purl.org/dc/elements/1.1/publisher;http://www4.wiwiss.fu-berlin.de/bizer/bsbm/v01/instances/dataFromProducer19/Producer19
http://www4.wiwiss.fu-berlin.de/bizer/bsbm/v01/instances/dataFrom/Product799;http://purl.org/dc/elements/1.1/date;2003-02-14
http://www4.wiwiss.fu-berlin.de/bizer/bsbm/v01/instances/dataFrom/Product454;http://www.w3.org/1999/02/22-rdf-syntax-ns#type;http://www4.wiwiss.fu-berlin.de/bizer/bsbm/v01/vocabulary/Product
http://www4.wiwiss.fu-berlin.de/bizer/bsbm/v01/instances/dataFrom/Product454;http://www.w3.org/1999/02/22-rdf-syntax-ns#type;http://www4.wiwiss.fu-berlin.de/bizer/bsbm/v01/instances/ProductType79
http://www4.wiwiss.fu-berlin.de/bizer/bsbm/v01/instances/dataFrom/Product454;http://www.w3.org/2000/01/rdf-schema#label;valuation vindication
http://www4.wiwiss.fu-berlin.de/bizer/bsbm/v01/instances/dataFrom/Product454;http://www.w3.org/2000/01/rdf-schema#comment;vocational orangiest nances statal perique whinnier shipworms remorses storming tidiest deforesting trothing unslaked merged rooting revenging denuclearize outproduces prevailers obstructiveness badinaging prerecorded henrys bestrides elongates rounds basely splosh plucked fealties emulsifying nonviable cheekiest dugong warders thieved westernized delusionary satiated quiverers bullwhips bowered cruciate twangles shoplifter depravity polymerize slams reverencer smirched enveloped elicits eatings syllogistically discomforts bombs demeaned alders teratological forzandos bookmaking feministic logicize resharpened canvaslike spelt interspersed biotechnological razored clearing dumbwaiters amasser whackier reformated foyers preappearances blackballs cumulates grouped trembling halvahs ophthalmoscopy balkans lido imperilled advertently neckties genocidal reinfects nakedly imputes leukemic cuirassed sealable shocked hearings
http://www4.wiwiss.fu-berlin.de/bizer/bsbm/v01/instances/dataFrom/Product454;http://www4.wiwiss.fu-berlin.de/bizer/bsbm/v01/vocabulary/productPropertyNumeric1;755
http://www4.wiwiss.fu-berlin.de/bizer/bsbm/v01/instances/dataFrom/Product454;http://www4.wiwiss.fu-berlin.de/bizer/bsbm/v01/vocabulary/productPropertyNumeric2;1190
http://www4.wiwiss.fu-berlin.de/bizer/bsbm/v01/instances/dataFrom/Product454;http://www4.wiwiss.fu-berlin.de/bizer/bsbm/v01/vocabulary/productPropertyNumeric3;455
http://www4.wiwiss.fu-berlin.de/bizer/bsbm/v01/instances/dataFrom/Product454;http://www4.wiwiss.fu-berlin.de/bizer/bsbm/v01/vocabulary/productPropertyNumeric4;750
http://www4.wiwiss.fu-berlin.de/bizer/bsbm/v01/instances/dataFrom/Product454;http://www4.wiwiss.fu-berlin.de/bizer/bsbm/v01/vocabulary/productPropertyNumeric5;160
http://www4.wiwiss.fu-berlin.de/bizer/bsbm/v01/instances/dataFrom/Product454;http://www4.wiwiss.fu-berlin.de/bizer/bsbm/v01/vocabulary/productPropertyTextual1;demagogy grueler frettiest rotors hymenopterous phototherapies capelan gastroscopic sympathizing denunciations manifestly prevailingly liquids sexless garrote
http://www4.wiwiss.fu-berlin.de/bizer/bsbm/v01/instances/dataFrom/Product454;http://www4.wiwiss.fu-berlin.de/bizer/bsbm/v01/vocabulary/productPropertyTextual2;tainting socially kales impuissance kris blowsily saltcellar disciplines immemorially mincy oxhearts catamaran scavenger isostatically
http://www4.wiwiss.fu-berlin.de/bizer/bsbm/v01/instances/dataFrom/Product454;http://www4.wiwiss.fu-berlin.de/bizer/bsbm/v01/vocabulary/productPropertyTextual3;titulary payment careered slouching overdiligent
http://www4.wiwiss.fu-berlin.de/bizer/bsbm/v01/instances/dataFrom/Product454;http://www4.wiwiss.fu-berlin.de/bizer/bsbm/v01/vocabulary/productPropertyTextual4;obligator commenced trampolinists suborbital
http://www4.wiwiss.fu-berlin.de/bizer/bsbm/v01/instances/dataFrom/Product454;http://www4.wiwiss.fu-berlin.de/bizer/bsbm/v01/vocabulary/productPropertyTextual5;tollages effortlessness bookplates stirrups retractable leaner
http://www4.wiwiss.fu-berlin.de/bizer/bsbm/v01/instances/dataFrom/Product454;http://www4.wiwiss.fu-berlin.de/bizer/bsbm/v01/vocabulary/productFeature;http://www4.wiwiss.fu-berlin.de/bizer/bsbm/v01/instances/ProductFeature2404
http://www4.wiwiss.fu-berlin.de/bizer/bsbm/v01/instances/dataFrom/Product454;http://www4.wiwiss.fu-berlin.de/bizer/bsbm/v01/vocabulary/productFeature;http://www4.wiwiss.fu-berlin.de/bizer/bsbm/v01/instances/ProductFeature2406
http://www4.wiwiss.fu-berlin.de/bizer/bsbm/v01/instances/dataFrom/Product454;http://www4.wiwiss.fu-berlin.de/bizer/bsbm/v01/vocabulary/productFeature;http://www4.wiwiss.fu-berlin.de/bizer/bsbm/v01/instances/ProductFeature2410
http://www4.wiwiss.fu-berlin.de/bizer/bsbm/v01/instances/dataFrom/Product454;http://www4.wiwiss.fu-berlin.de/bizer/bsbm/v01/vocabulary/productFeature;http://www4.wiwiss.fu-berlin.de/bizer/bsbm/v01/instances/ProductFeature2412
http://www4.wiwiss.fu-berlin.de/bizer/bsbm/v01/instances/dataFrom/Product454;http://www4.wiwiss.fu-berlin.de/bizer/bsbm/v01/vocabulary/productFeature;http://www4.wiwiss.fu-berlin.de/bizer/bsbm/v01/instances/ProductFeature2415
http://www4.wiwiss.fu-berlin.de/bizer/bsbm/v01/instances/dataFrom/Product454;http://www4.wiwiss.fu-berlin.de/bizer/bsbm/v01/vocabulary/productFeature;http://www4.wiwiss.fu-berlin.de/bizer/bsbm/v01/instances/ProductFeature2430
http://www4.wiwiss.fu-berlin.de/bizer/bsbm/v01/instances/dataFrom/Product454;http://www4.wiwiss.fu-berlin.de/bizer/bsbm/v01/vocabulary/productFeature;http://www4.wiwiss.fu-berlin.de/bizer/bsbm/v01/instances/ProductFeature2435
http://www4.wiwiss.fu-berlin.de/bizer/bsbm/v01/instances/dataFrom/Product454;http://www4.wiwiss.fu-berlin.de/bizer/bsbm/v01/vocabulary/productFeature;http://www4.wiwiss.fu-berlin.de/bizer/bsbm/v01/instances/ProductFeature441
http://www4.wiwiss.fu-berlin.de/bizer/bsbm/v01/instances/dataFrom/Product454;http://www4.wiwiss.fu-berlin.de/bizer/bsbm/v01/vocabulary/productFeature;http://www4.wiwiss.fu-berlin.de/bizer/bsbm/v01/instances/ProductFeature442
http://www4.wiwiss.fu-berlin.de/bizer/bsbm/v01/instances/dataFrom/Product454;http://www4.wiwiss.fu-berlin.de/bizer/bsbm/v01/vocabulary/productFeature;http://www4.wiwiss.fu-berlin.de/bizer/bsbm/v01/instances/ProductFeature445
http://www4.wiwiss.fu-berlin.de/bizer/bsbm/v01/instances/dataFrom/Product454;http://www4.wiwiss.fu-berlin.de/bizer/bsbm/v01/vocabulary/productFeature;http://www4.wiwiss.fu-berlin.de/bizer/bsbm/v01/instances/ProductFeature453
http://www4.wiwiss.fu-berlin.de/bizer/bsbm/v01/instances/dataFrom/Product454;http://www4.wiwiss.fu-berlin.de/bizer/bsbm/v01/vocabulary/productFeature;http://www4.wiwiss.fu-berlin.de/bizer/bsbm/v01/instances/ProductFeature457
http://www4.wiwiss.fu-berlin.de/bizer/bsbm/v01/instances/dataFrom/Product454;http://www4.wiwiss.fu-berlin.de/bizer/bsbm/v01/vocabulary/productFeature;http://www4.wiwiss.fu-berlin.de/bizer/bsbm/v01/instances/ProductFeature458
http://www4.wiwiss.fu-berlin.de/bizer/bsbm/v01/instances/dataFrom/Product454;http://www4.wiwiss.fu-berlin.de/bizer/bsbm/v01/vocabulary/productFeature;http://www4.wiwiss.fu-berlin.de/bizer/bsbm/v01/instances/ProductFeature460
http://www4.wiwiss.fu-berlin.de/bizer/bsbm/v01/instances/dataFrom/Product454;http://www4.wiwiss.fu-berlin.de/bizer/bsbm/v01/vocabulary/productFeature;http://www4.wiwiss.fu-berlin.de/bizer/bsbm/v01/instances/ProductFeature469
http://www4.wiwiss.fu-berlin.de/bizer/bsbm/v01/instances/dataFrom/Product454;http://www4.wiwiss.fu-berlin.de/bizer/bsbm/v01/vocabulary/productFeature;http://www4.wiwiss.fu-berlin.de/bizer/bsbm/v01/instances/ProductFeature24
http://www4.wiwiss.fu-berlin.de/bizer/bsbm/v01/instances/dataFrom/Product454;http://www4.wiwiss.fu-berlin.de/bizer/bsbm/v01/vocabulary/productFeature;http://www4.wiwiss.fu-berlin.de/bizer/bsbm/v01/instances/ProductFeature28
http://www4.wiwiss.fu-berlin.de/bizer/bsbm/v01/instances/dataFrom/Product454;http://www4.wiwiss.fu-berlin.de/bizer/bsbm/v01/vocabulary/productFeature;http://www4.wiwiss.fu-berlin.de/bizer/bsbm/v01/instances/ProductFeature30
http://www4.wiwiss.fu-berlin.de/bizer/bsbm/v01/instances/dataFrom/Product454;http://www4.wiwiss.fu-berlin.de/bizer/bsbm/v01/vocabulary/productFeature;http://www4.wiwiss.fu-berlin.de/bizer/bsbm/v01/instances/ProductFeature33
http://www4.wiwiss.fu-berlin.de/bizer/bsbm/v01/instances/dataFrom/Product454;http://www4.wiwiss.fu-berlin.de/bizer/bsbm/v01/vocabulary/productFeature;http://www4.wiwiss.fu-berlin.de/bizer/bsbm/v01/instances/ProductFeature37
http://www4.wiwiss.fu-berlin.de/bizer/bsbm/v01/instances/dataFrom/Product454;http://www4.wiwiss.fu-berlin.de/bizer/bsbm/v01/vocabulary/producer;http://www4.wiwiss.fu-berlin.de/bizer/bsbm/v01/instances/dataFromProducer19/Producer19
http://www4.wiwiss.fu-berlin.de/bizer/bsbm/v01/instances/dataFrom/Product454;http://purl.org/dc/elements/1.1/publisher;http://www4.wiwiss.fu-berlin.de/bizer/bsbm/v01/instances/dataFromProducer19/Producer19
http://www4.wiwiss.fu-berlin.de/bizer/bsbm/v01/instances/dataFrom/Product454;http://purl.org/dc/elements/1.1/date;2003-02-14
http://www4.wiwiss.fu-berlin.de/bizer/bsbm/v01/instances/dataFrom/Product327;http://www.w3.org/1999/02/22-rdf-syntax-ns#type;http://www4.wiwiss.fu-berlin.de/bizer/bsbm/v01/vocabulary/Product
http://www4.wiwiss.fu-berlin.de/bizer/bsbm/v01/instances/dataFrom/Product327;http://www.w3.org/1999/02/22-rdf-syntax-ns#type;http://www4.wiwiss.fu-berlin.de/bizer/bsbm/v01/instances/ProductType79
http://www4.wiwiss.fu-berlin.de/bizer/bsbm/v01/instances/dataFrom/Product327;http://www.w3.org/2000/01/rdf-schema#label;valuation vindication
http://www4.wiwiss.fu-berlin.de/bizer/bsbm/v01/instances/dataFrom/Product327;http://www.w3.org/2000/01/rdf-schema#comment;vocational orangiest nances statal perique whinnier shipworms remorses storming tidiest deforesting trothing unslaked merged rooting revenging denuclearize outproduces prevailers obstructiveness badinaging prerecorded henrys bestrides elongates rounds basely splosh plucked fealties emulsifying nonviable cheekiest dugong warders thieved westernized delusionary satiated quiverers bullwhips bowered cruciate twangles shoplifter depravity polymerize slams reverencer smirched enveloped elicits eatings syllogistically discomforts bombs demeaned alders teratological forzandos bookmaking feministic logicize resharpened canvaslike spelt interspersed biotechnological razored clearing dumbwaiters amasser whackier reformated foyers preappearances blackballs cumulates grouped trembling halvahs ophthalmoscopy balkans lido imperilled advertently neckties genocidal reinfects nakedly imputes leukemic cuirassed sealable shocked hearings
http://www4.wiwiss.fu-berlin.de/bizer/bsbm/v01/instances/dataFrom/Product327;http://www4.wiwiss.fu-berlin.de/bizer/bsbm/v01/vocabulary/productPropertyNumeric1;755
http://www4.wiwiss.fu-berlin.de/bizer/bsbm/v01/instances/dataFrom/Product327;http://www4.wiwiss.fu-berlin.de/bizer/bsbm/v01/vocabulary/productPropertyNumeric2;1190
http://www4.wiwiss.fu-berlin.de/bizer/bsbm/v01/instances/dataFrom/Product327;http://www4.wiwiss.fu-berlin.de/bizer/bsbm/v01/vocabulary/productPropertyNumeric3;455
http://www4.wiwiss.fu-berlin.de/bizer/bsbm/v01/instances/dataFrom/Product327;http://www4.wiwiss.fu-berlin.de/bizer/bsbm/v01/vocabulary/productPropertyNumeric4;750
http://www4.wiwiss.fu-berlin.de/bizer/bsbm/v01/instances/dataFrom/Product327;http://www4.wiwiss.fu-berlin.de/bizer/bsbm/v01/vocabulary/productPropertyNumeric5;160
http://www4.wiwiss.fu-berlin.de/bizer/bsbm/v01/instances/dataFrom/Product327;http://www4.wiwiss.fu-berlin.de/bizer/bsbm/v01/vocabulary/productPropertyTextual1;demagogy grueler frettiest rotors hymenopterous phototherapies capelan gastroscopic sympathizing denunciations manifestly prevailingly liquids sexless garrote
http://www4.wiwiss.fu-berlin.de/bizer/bsbm/v01/instances/dataFrom/Product327;http://www4.wiwiss.fu-berlin.de/bizer/bsbm/v01/vocabulary/productPropertyTextual2;tainting socially kales impuissance kris blowsily saltcellar disciplines immemorially mincy oxhearts catamaran scavenger isostatically
http://www4.wiwiss.fu-berlin.de/bizer/bsbm/v01/instances/dataFrom/Product327;http://www4.wiwiss.fu-berlin.de/bizer/bsbm/v01/vocabulary/productPropertyTextual3;titulary payment careered slouching overdiligent
http://www4.wiwiss.fu-berlin.de/bizer/bsbm/v01/instances/dataFrom/Product327;http://www4.wiwiss.fu-berlin.de/bizer/bsbm/v01/vocabulary/productPropertyTextual4;obligator commenced trampolinists suborbital
http://www4.wiwiss.fu-berlin.de/bizer/bsbm/v01/instances/dataFrom/Product327;http://www4.wiwiss.fu-berlin.de/bizer/bsbm/v01/vocabulary/productPropertyTextual5;tollages effortlessness bookplates stirrups retractable leaner
http://www4.wiwiss.fu-berlin.de/bizer/bsbm/v01/instances/dataFrom/Product327;http://www4.wiwiss.fu-berlin.de/bizer/bsbm/v01/vocabulary/productFeature;http://www4.wiwiss.fu-berlin.de/bizer/bsbm/v01/instances/ProductFeature2404
http://www4.wiwiss.fu-berlin.de/bizer/bsbm/v01/instances/dataFrom/Product327;http://www4.wiwiss.fu-berlin.de/bizer/bsbm/v01/vocabulary/productFeature;http://www4.wiwiss.fu-berlin.de/bizer/bsbm/v01/instances/ProductFeature2406
http://www4.wiwiss.fu-berlin.de/bizer/bsbm/v01/instances/dataFrom/Product327;http://www4.wiwiss.fu-berlin.de/bizer/bsbm/v01/vocabulary/productFeature;http://www4.wiwiss.fu-berlin.de/bizer/bsbm/v01/instances/ProductFeature2410
http://www4.wiwiss.fu-berlin.de/bizer/bsbm/v01/instances/dataFrom/Product327;http://www4.wiwiss.fu-berlin.de/bizer/bsbm/v01/vocabulary/productFeature;http://www4.wiwiss.fu-berlin.de/bizer/bsbm/v01/instances/ProductFeature2412
http://www4.wiwiss.fu-berlin.de/bizer/bsbm/v01/instances/dataFrom/Product327;http://www4.wiwiss.fu-berlin.de/bizer/bsbm/v01/vocabulary/productFeature;http://www4.wiwiss.fu-berlin.de/bizer/bsbm/v01/instances/ProductFeature2415
http://www4.wiwiss.fu-berlin.de/bizer/bsbm/v01/instances/dataFrom/Product327;http://www4.wiwiss.fu-berlin.de/bizer/bsbm/v01/vocabulary/productFeature;http://www4.wiwiss.fu-berlin.de/bizer/bsbm/v01/instances/ProductFeature2430
http://www4.wiwiss.fu-berlin.de/bizer/bsbm/v01/instances/dataFrom/Product327;http://www4.wiwiss.fu-berlin.de/bizer/bsbm/v01/vocabulary/productFeature;http://www4.wiwiss.fu-berlin.de/bizer/bsbm/v01/instances/ProductFeature2435
http://www4.wiwiss.fu-berlin.de/bizer/bsbm/v01/instances/dataFrom/Product327;http://www4.wiwiss.fu-berlin.de/bizer/bsbm/v01/vocabulary/productFeature;http://www4.wiwiss.fu-berlin.de/bizer/bsbm/v01/instances/ProductFeature441
http://www4.wiwiss.fu-berlin.de/bizer/bsbm/v01/instances/dataFrom/Product327;http://www4.wiwiss.fu-berlin.de/bizer/bsbm/v01/vocabulary/productFeature;http://www4.wiwiss.fu-berlin.de/bizer/bsbm/v01/instances/ProductFeature442
http://www4.wiwiss.fu-berlin.de/bizer/bsbm/v01/instances/dataFrom/Product327;http://www4.wiwiss.fu-berlin.de/bizer/bsbm/v01/vocabulary/productFeature;http://www4.wiwiss.fu-berlin.de/bizer/bsbm/v01/instances/ProductFeature445
http://www4.wiwiss.fu-berlin.de/bizer/bsbm/v01/instances/dataFrom/Product327;http://www4.wiwiss.fu-berlin.de/bizer/bsbm/v01/vocabulary/productFeature;http://www4.wiwiss.fu-berlin.de/bizer/bsbm/v01/instances/ProductFeature453
http://www4.wiwiss.fu-berlin.de/bizer/bsbm/v01/instances/dataFrom/Product327;http://www4.wiwiss.fu-berlin.de/bizer/bsbm/v01/vocabulary/productFeature;http://www4.wiwiss.fu-berlin.de/bizer/bsbm/v01/instances/ProductFeature457
http://www4.wiwiss.fu-berlin.de/bizer/bsbm/v01/instances/dataFrom/Product327;http://www4.wiwiss.fu-berlin.de/bizer/bsbm/v01/vocabulary/productFeature;http://www4.wiwiss.fu-berlin.de/bizer/bsbm/v01/instances/ProductFeature458
http://www4.wiwiss.fu-berlin.de/bizer/bsbm/v01/instances/dataFrom/Product327;http://www4.wiwiss.fu-berlin.de/bizer/bsbm/v01/vocabulary/productFeature;http://www4.wiwiss.fu-berlin.de/bizer/bsbm/v01/instances/ProductFeature460
http://www4.wiwiss.fu-berlin.de/bizer/bsbm/v01/instances/dataFrom/Product327;http://www4.wiwiss.fu-berlin.de/bizer/bsbm/v01/vocabulary/productFeature;http://www4.wiwiss.fu-berlin.de/bizer/bsbm/v01/instances/ProductFeature469
http://www4.wiwiss.fu-berlin.de/bizer/bsbm/v01/instances/dataFrom/Product327;http://www4.wiwiss.fu-berlin.de/bizer/bsbm/v01/vocabulary/productFeature;http://www4.wiwiss.fu-berlin.de/bizer/bsbm/v01/instances/ProductFeature24
http://www4.wiwiss.fu-berlin.de/bizer/bsbm/v01/instances/dataFrom/Product327;http://www4.wiwiss.fu-berlin.de/bizer/bsbm/v01/vocabulary/productFeature;http://www4.wiwiss.fu-berlin.de/bizer/bsbm/v01/instances/ProductFeature28
http://www4.wiwiss.fu-berlin.de/bizer/bsbm/v01/instances/dataFrom/Product327;http://www4.wiwiss.fu-berlin.de/bizer/bsbm/v01/vocabulary/productFeature;http://www4.wiwiss.fu-berlin.de/bizer/bsbm/v01/instances/ProductFeature30
http://www4.wiwiss.fu-berlin.de/bizer/bsbm/v01/instances/dataFrom/Product327;http://www4.wiwiss.fu-berlin.de/bizer/bsbm/v01/vocabulary/productFeature;http://www4.wiwiss.fu-berlin.de/bizer/bsbm/v01/instances/ProductFeature33
http://www4.wiwiss.fu-berlin.de/bizer/bsbm/v01/instances/dataFrom/Product327;http://www4.wiwiss.fu-berlin.de/bizer/bsbm/v01/vocabulary/productFeature;http://www4.wiwiss.fu-berlin.de/bizer/bsbm/v01/instances/ProductFeature37
http://www4.wiwiss.fu-berlin.de/bizer/bsbm/v01/instances/dataFrom/Product327;http://www4.wiwiss.fu-berlin.de/bizer/bsbm/v01/vocabulary/producer;http://www4.wiwiss.fu-berlin.de/bizer/bsbm/v01/instances/dataFromProducer19/Producer19
http://www4.wiwiss.fu-berlin.de/bizer/bsbm/v01/instances/dataFrom/Product327;http://purl.org/dc/elements/1.1/publisher;http://www4.wiwiss.fu-berlin.de/bizer/bsbm/v01/instances/dataFromProducer19/Producer19
http://www4.wiwiss.fu-berlin.de/bizer/bsbm/v01/instances/dataFrom/Product327;http://purl.org/dc/elements/1.1/date;2003-02-14
http://www4.wiwiss.fu-berlin.de/bizer/bsbm/v01/instances/dataFrom/Product321;http://www.w3.org/1999/02/22-rdf-syntax-ns#type;http://www4.wiwiss.fu-berlin.de/bizer/bsbm/v01/vocabulary/Product
http://www4.wiwiss.fu-berlin.de/bizer/bsbm/v01/instances/dataFrom/Product321;http://www.w3.org/1999/02/22-rdf-syntax-ns#type;http://www4.wiwiss.fu-berlin.de/bizer/bsbm/v01/instances/ProductType79
http://www4.wiwiss.fu-berlin.de/bizer/bsbm/v01/instances/dataFrom/Product321;http://www.w3.org/2000/01/rdf-schema#label;valuation vindication
http://www4.wiwiss.fu-berlin.de/bizer/bsbm/v01/instances/dataFrom/Product321;http://www.w3.org/2000/01/rdf-schema#comment;vocational orangiest nances statal perique whinnier shipworms remorses storming tidiest deforesting trothing unslaked merged rooting revenging denuclearize outproduces prevailers obstructiveness badinaging prerecorded henrys bestrides elongates rounds basely splosh plucked fealties emulsifying nonviable cheekiest dugong warders thieved westernized delusionary satiated quiverers bullwhips bowered cruciate twangles shoplifter depravity polymerize slams reverencer smirched enveloped elicits eatings syllogistically discomforts bombs demeaned alders teratological forzandos bookmaking feministic logicize resharpened canvaslike spelt interspersed biotechnological razored clearing dumbwaiters amasser whackier reformated foyers preappearances blackballs cumulates grouped trembling halvahs ophthalmoscopy balkans lido imperilled advertently neckties genocidal reinfects nakedly imputes leukemic cuirassed sealable shocked hearings
http://www4.wiwiss.fu-berlin.de/bizer/bsbm/v01/instances/dataFrom/Product321;http://www4.wiwiss.fu-berlin.de/bizer/bsbm/v01/vocabulary/productPropertyNumeric1;755
http://www4.wiwiss.fu-berlin.de/bizer/bsbm/v01/instances/dataFrom/Product321;http://www4.wiwiss.fu-berlin.de/bizer/bsbm/v01/vocabulary/productPropertyNumeric2;1190
http://www4.wiwiss.fu-berlin.de/bizer/bsbm/v01/instances/dataFrom/Product321;http://www4.wiwiss.fu-berlin.de/bizer/bsbm/v01/vocabulary/productPropertyNumeric3;455
http://www4.wiwiss.fu-berlin.de/bizer/bsbm/v01/instances/dataFrom/Product321;http://www4.wiwiss.fu-berlin.de/bizer/bsbm/v01/vocabulary/productPropertyNumeric4;750
http://www4.wiwiss.fu-berlin.de/bizer/bsbm/v01/instances/dataFrom/Product321;http://www4.wiwiss.fu-berlin.de/bizer/bsbm/v01/vocabulary/productPropertyNumeric5;160
http://www4.wiwiss.fu-berlin.de/bizer/bsbm/v01/instances/dataFrom/Product321;http://www4.wiwiss.fu-berlin.de/bizer/bsbm/v01/vocabulary/productPropertyTextual1;demagogy grueler frettiest rotors hymenopterous phototherapies capelan gastroscopic sympathizing denunciations manifestly prevailingly liquids sexless garrote
http://www4.wiwiss.fu-berlin.de/bizer/bsbm/v01/instances/dataFrom/Product321;http://www4.wiwiss.fu-berlin.de/bizer/bsbm/v01/vocabulary/productPropertyTextual2;tainting socially kales impuissance kris blowsily saltcellar disciplines immemorially mincy oxhearts catamaran scavenger isostatically
http://www4.wiwiss.fu-berlin.de/bizer/bsbm/v01/instances/dataFrom/Product321;http://www4.wiwiss.fu-berlin.de/bizer/bsbm/v01/vocabulary/productPropertyTextual3;titulary payment careered slouching overdiligent
http://www4.wiwiss.fu-berlin.de/bizer/bsbm/v01/instances/dataFrom/Product321;http://www4.wiwiss.fu-berlin.de/bizer/bsbm/v01/vocabulary/productPropertyTextual4;obligator commenced trampolinists suborbital
http://www4.wiwiss.fu-berlin.de/bizer/bsbm/v01/instances/dataFrom/Product321;http://www4.wiwiss.fu-berlin.de/bizer/bsbm/v01/vocabulary/productPropertyTextual5;tollages effortlessness bookplates stirrups retractable leaner
http://www4.wiwiss.fu-berlin.de/bizer/bsbm/v01/instances/dataFrom/Product321;http://www4.wiwiss.fu-berlin.de/bizer/bsbm/v01/vocabulary/productFeature;http://www4.wiwiss.fu-berlin.de/bizer/bsbm/v01/instances/ProductFeature2404
http://www4.wiwiss.fu-berlin.de/bizer/bsbm/v01/instances/dataFrom/Product321;http://www4.wiwiss.fu-berlin.de/bizer/bsbm/v01/vocabulary/productFeature;http://www4.wiwiss.fu-berlin.de/bizer/bsbm/v01/instances/ProductFeature2406
http://www4.wiwiss.fu-berlin.de/bizer/bsbm/v01/instances/dataFrom/Product321;http://www4.wiwiss.fu-berlin.de/bizer/bsbm/v01/vocabulary/productFeature;http://www4.wiwiss.fu-berlin.de/bizer/bsbm/v01/instances/ProductFeature2410
http://www4.wiwiss.fu-berlin.de/bizer/bsbm/v01/instances/dataFrom/Product321;http://www4.wiwiss.fu-berlin.de/bizer/bsbm/v01/vocabulary/productFeature;http://www4.wiwiss.fu-berlin.de/bizer/bsbm/v01/instances/ProductFeature2412
http://www4.wiwiss.fu-berlin.de/bizer/bsbm/v01/instances/dataFrom/Product321;http://www4.wiwiss.fu-berlin.de/bizer/bsbm/v01/vocabulary/productFeature;http://www4.wiwiss.fu-berlin.de/bizer/bsbm/v01/instances/ProductFeature2415
http://www4.wiwiss.fu-berlin.de/bizer/bsbm/v01/instances/dataFrom/Product321;http://www4.wiwiss.fu-berlin.de/bizer/bsbm/v01/vocabulary/productFeature;http://www4.wiwiss.fu-berlin.de/bizer/bsbm/v01/instances/ProductFeature2430
http://www4.wiwiss.fu-berlin.de/bizer/bsbm/v01/instances/dataFrom/Product321;http://www4.wiwiss.fu-berlin.de/bizer/bsbm/v01/vocabulary/productFeature;http://www4.wiwiss.fu-berlin.de/bizer/bsbm/v01/instances/ProductFeature2435
http://www4.wiwiss.fu-berlin.de/bizer/bsbm/v01/instances/dataFrom/Product321;http://www4.wiwiss.fu-berlin.de/bizer/bsbm/v01/vocabulary/productFeature;http://www4.wiwiss.fu-berlin.de/bizer/bsbm/v01/instances/ProductFeature441
http://www4.wiwiss.fu-berlin.de/bizer/bsbm/v01/instances/dataFrom/Product321;http://www4.wiwiss.fu-berlin.de/bizer/bsbm/v01/vocabulary/productFeature;http://www4.wiwiss.fu-berlin.de/bizer/bsbm/v01/instances/ProductFeature442
http://www4.wiwiss.fu-berlin.de/bizer/bsbm/v01/instances/dataFrom/Product321;http://www4.wiwiss.fu-berlin.de/bizer/bsbm/v01/vocabulary/productFeature;http://www4.wiwiss.fu-berlin.de/bizer/bsbm/v01/instances/ProductFeature445
http://www4.wiwiss.fu-berlin.de/bizer/bsbm/v01/instances/dataFrom/Product321;http://www4.wiwiss.fu-berlin.de/bizer/bsbm/v01/vocabulary/productFeature;http://www4.wiwiss.fu-berlin.de/bizer/bsbm/v01/instances/ProductFeature453
http://www4.wiwiss.fu-berlin.de/bizer/bsbm/v01/instances/dataFrom/Product321;http://www4.wiwiss.fu-berlin.de/bizer/bsbm/v01/vocabulary/productFeature;http://www4.wiwiss.fu-berlin.de/bizer/bsbm/v01/instances/ProductFeature457
http://www4.wiwiss.fu-berlin.de/bizer/bsbm/v01/instances/dataFrom/Product321;http://www4.wiwiss.fu-berlin.de/bizer/bsbm/v01/vocabulary/productFeature;http://www4.wiwiss.fu-berlin.de/bizer/bsbm/v01/instances/ProductFeature458
http://www4.wiwiss.fu-berlin.de/bizer/bsbm/v01/instances/dataFrom/Product321;http://www4.wiwiss.fu-berlin.de/bizer/bsbm/v01/vocabulary/productFeature;http://www4.wiwiss.fu-berlin.de/bizer/bsbm/v01/instances/ProductFeature460
http://www4.wiwiss.fu-berlin.de/bizer/bsbm/v01/instances/dataFrom/Product321;http://www4.wiwiss.fu-berlin.de/bizer/bsbm/v01/vocabulary/productFeature;http://www4.wiwiss.fu-berlin.de/bizer/bsbm/v01/instances/ProductFeature469
http://www4.wiwiss.fu-berlin.de/bizer/bsbm/v01/instances/dataFrom/Product321;http://www4.wiwiss.fu-berlin.de/bizer/bsbm/v01/vocabulary/productFeature;http://www4.wiwiss.fu-berlin.de/bizer/bsbm/v01/instances/ProductFeature24
http://www4.wiwiss.fu-berlin.de/bizer/bsbm/v01/instances/dataFrom/Product321;http://www4.wiwiss.fu-berlin.de/bizer/bsbm/v01/vocabulary/productFeature;http://www4.wiwiss.fu-berlin.de/bizer/bsbm/v01/instances/ProductFeature28
http://www4.wiwiss.fu-berlin.de/bizer/bsbm/v01/instances/dataFrom/Product321;http://www4.wiwiss.fu-berlin.de/bizer/bsbm/v01/vocabulary/productFeature;http://www4.wiwiss.fu-berlin.de/bizer/bsbm/v01/instances/ProductFeature30
http://www4.wiwiss.fu-berlin.de/bizer/bsbm/v01/instances/dataFrom/Product321;http://www4.wiwiss.fu-berlin.de/bizer/bsbm/v01/vocabulary/productFeature;http://www4.wiwiss.fu-berlin.de/bizer/bsbm/v01/instances/ProductFeature33
http://www4.wiwiss.fu-berlin.de/bizer/bsbm/v01/instances/dataFrom/Product321;http://www4.wiwiss.fu-berlin.de/bizer/bsbm/v01/vocabulary/productFeature;http://www4.wiwiss.fu-berlin.de/bizer/bsbm/v01/instances/ProductFeature37
http://www4.wiwiss.fu-berlin.de/bizer/bsbm/v01/instances/dataFrom/Product321;http://www4.wiwiss.fu-berlin.de/bizer/bsbm/v01/vocabulary/producer;http://www4.wiwiss.fu-berlin.de/bizer/bsbm/v01/instances/dataFromProducer19/Producer19
http://www4.wiwiss.fu-berlin.de/bizer/bsbm/v01/instances/dataFrom/Product321;http://purl.org/dc/elements/1.1/publisher;http://www4.wiwiss.fu-berlin.de/bizer/bsbm/v01/instances/dataFromProducer19/Producer19
http://www4.wiwiss.fu-berlin.de/bizer/bsbm/v01/instances/dataFrom/Product321;http://purl.org/dc/elements/1.1/date;2003-02-14
http://www4.wiwiss.fu-berlin.de/bizer/bsbm/v01/instances/dataFrom/Product652;http://www.w3.org/1999/02/22-rdf-syntax-ns#type;http://www4.wiwiss.fu-berlin.de/bizer/bsbm/v01/vocabulary/Product
http://www4.wiwiss.fu-berlin.de/bizer/bsbm/v01/instances/dataFrom/Product652;http://www.w3.org/1999/02/22-rdf-syntax-ns#type;http://www4.wiwiss.fu-berlin.de/bizer/bsbm/v01/instances/ProductType79
http://www4.wiwiss.fu-berlin.de/bizer/bsbm/v01/instances/dataFrom/Product652;http://www.w3.org/2000/01/rdf-schema#label;valuation vindication
http://www4.wiwiss.fu-berlin.de/bizer/bsbm/v01/instances/dataFrom/Product652;http://www.w3.org/2000/01/rdf-schema#comment;vocational orangiest nances statal perique whinnier shipworms remorses storming tidiest deforesting trothing unslaked merged rooting revenging denuclearize outproduces prevailers obstructiveness badinaging prerecorded henrys bestrides elongates rounds basely splosh plucked fealties emulsifying nonviable cheekiest dugong warders thieved westernized delusionary satiated quiverers bullwhips bowered cruciate twangles shoplifter depravity polymerize slams reverencer smirched enveloped elicits eatings syllogistically discomforts bombs demeaned alders teratological forzandos bookmaking feministic logicize resharpened canvaslike spelt interspersed biotechnological razored clearing dumbwaiters amasser whackier reformated foyers preappearances blackballs cumulates grouped trembling halvahs ophthalmoscopy balkans lido imperilled advertently neckties genocidal reinfects nakedly imputes leukemic cuirassed sealable shocked hearings
http://www4.wiwiss.fu-berlin.de/bizer/bsbm/v01/instances/dataFrom/Product652;http://www4.wiwiss.fu-berlin.de/bizer/bsbm/v01/vocabulary/productPropertyNumeric1;755
http://www4.wiwiss.fu-berlin.de/bizer/bsbm/v01/instances/dataFrom/Product652;http://www4.wiwiss.fu-berlin.de/bizer/bsbm/v01/vocabulary/productPropertyNumeric2;1190
http://www4.wiwiss.fu-berlin.de/bizer/bsbm/v01/instances/dataFrom/Product652;http://www4.wiwiss.fu-berlin.de/bizer/bsbm/v01/vocabulary/productPropertyNumeric3;455
http://www4.wiwiss.fu-berlin.de/bizer/bsbm/v01/instances/dataFrom/Product652;http://www4.wiwiss.fu-berlin.de/bizer/bsbm/v01/vocabulary/productPropertyNumeric4;750
http://www4.wiwiss.fu-berlin.de/bizer/bsbm/v01/instances/dataFrom/Product652;http://www4.wiwiss.fu-berlin.de/bizer/bsbm/v01/vocabulary/productPropertyNumeric5;160
http://www4.wiwiss.fu-berlin.de/bizer/bsbm/v01/instances/dataFrom/Product652;http://www4.wiwiss.fu-berlin.de/bizer/bsbm/v01/vocabulary/productPropertyTextual1;demagogy grueler frettiest rotors hymenopterous phototherapies capelan gastroscopic sympathizing denunciations manifestly prevailingly liquids sexless garrote
http://www4.wiwiss.fu-berlin.de/bizer/bsbm/v01/instances/dataFrom/Product652;http://www4.wiwiss.fu-berlin.de/bizer/bsbm/v01/vocabulary/productPropertyTextual2;tainting socially kales impuissance kris blowsily saltcellar disciplines immemorially mincy oxhearts catamaran scavenger isostatically
http://www4.wiwiss.fu-berlin.de/bizer/bsbm/v01/instances/dataFrom/Product652;http://www4.wiwiss.fu-berlin.de/bizer/bsbm/v01/vocabulary/productPropertyTextual3;titulary payment careered slouching overdiligent
http://www4.wiwiss.fu-berlin.de/bizer/bsbm/v01/instances/dataFrom/Product652;http://www4.wiwiss.fu-berlin.de/bizer/bsbm/v01/vocabulary/productPropertyTextual4;obligator commenced trampolinists suborbital
http://www4.wiwiss.fu-berlin.de/bizer/bsbm/v01/instances/dataFrom/Product652;http://www4.wiwiss.fu-berlin.de/bizer/bsbm/v01/vocabulary/productPropertyTextual5;tollages effortlessness bookplates stirrups retractable leaner
http://www4.wiwiss.fu-berlin.de/bizer/bsbm/v01/instances/dataFrom/Product652;http://www4.wiwiss.fu-berlin.de/bizer/bsbm/v01/vocabulary/productFeature;http://www4.wiwiss.fu-berlin.de/bizer/bsbm/v01/instances/ProductFeature2404
http://www4.wiwiss.fu-berlin.de/bizer/bsbm/v01/instances/dataFrom/Product652;http://www4.wiwiss.fu-berlin.de/bizer/bsbm/v01/vocabulary/productFeature;http://www4.wiwiss.fu-berlin.de/bizer/bsbm/v01/instances/ProductFeature2406
http://www4.wiwiss.fu-berlin.de/bizer/bsbm/v01/instances/dataFrom/Product652;http://www4.wiwiss.fu-berlin.de/bizer/bsbm/v01/vocabulary/productFeature;http://www4.wiwiss.fu-berlin.de/bizer/bsbm/v01/instances/ProductFeature2410
http://www4.wiwiss.fu-berlin.de/bizer/bsbm/v01/instances/dataFrom/Product652;http://www4.wiwiss.fu-berlin.de/bizer/bsbm/v01/vocabulary/productFeature;http://www4.wiwiss.fu-berlin.de/bizer/bsbm/v01/instances/ProductFeature2412
http://www4.wiwiss.fu-berlin.de/bizer/bsbm/v01/instances/dataFrom/Product652;http://www4.wiwiss.fu-berlin.de/bizer/bsbm/v01/vocabulary/productFeature;http://www4.wiwiss.fu-berlin.de/bizer/bsbm/v01/instances/ProductFeature2415
http://www4.wiwiss.fu-berlin.de/bizer/bsbm/v01/instances/dataFrom/Product652;http://www4.wiwiss.fu-berlin.de/bizer/bsbm/v01/vocabulary/productFeature;http://www4.wiwiss.fu-berlin.de/bizer/bsbm/v01/instances/ProductFeature2430
http://www4.wiwiss.fu-berlin.de/bizer/bsbm/v01/instances/dataFrom/Product652;http://www4.wiwiss.fu-berlin.de/bizer/bsbm/v01/vocabulary/productFeature;http://www4.wiwiss.fu-berlin.de/bizer/bsbm/v01/instances/ProductFeature2435
http://www4.wiwiss.fu-berlin.de/bizer/bsbm/v01/instances/dataFrom/Product652;http://www4.wiwiss.fu-berlin.de/bizer/bsbm/v01/vocabulary/productFeature;http://www4.wiwiss.fu-berlin.de/bizer/bsbm/v01/instances/ProductFeature441
http://www4.wiwiss.fu-berlin.de/bizer/bsbm/v01/instances/dataFrom/Product652;http://www4.wiwiss.fu-berlin.de/bizer/bsbm/v01/vocabulary/productFeature;http://www4.wiwiss.fu-berlin.de/bizer/bsbm/v01/instances/ProductFeature442
http://www4.wiwiss.fu-berlin.de/bizer/bsbm/v01/instances/dataFrom/Product652;http://www4.wiwiss.fu-berlin.de/bizer/bsbm/v01/vocabulary/productFeature;http://www4.wiwiss.fu-berlin.de/bizer/bsbm/v01/instances/ProductFeature445
http://www4.wiwiss.fu-berlin.de/bizer/bsbm/v01/instances/dataFrom/Product652;http://www4.wiwiss.fu-berlin.de/bizer/bsbm/v01/vocabulary/productFeature;http://www4.wiwiss.fu-berlin.de/bizer/bsbm/v01/instances/ProductFeature453
http://www4.wiwiss.fu-berlin.de/bizer/bsbm/v01/instances/dataFrom/Product652;http://www4.wiwiss.fu-berlin.de/bizer/bsbm/v01/vocabulary/productFeature;http://www4.wiwiss.fu-berlin.de/bizer/bsbm/v01/instances/ProductFeature457
http://www4.wiwiss.fu-berlin.de/bizer/bsbm/v01/instances/dataFrom/Product652;http://www4.wiwiss.fu-berlin.de/bizer/bsbm/v01/vocabulary/productFeature;http://www4.wiwiss.fu-berlin.de/bizer/bsbm/v01/instances/ProductFeature458
http://www4.wiwiss.fu-berlin.de/bizer/bsbm/v01/instances/dataFrom/Product652;http://www4.wiwiss.fu-berlin.de/bizer/bsbm/v01/vocabulary/productFeature;http://www4.wiwiss.fu-berlin.de/bizer/bsbm/v01/instances/ProductFeature460
http://www4.wiwiss.fu-berlin.de/bizer/bsbm/v01/instances/dataFrom/Product652;http://www4.wiwiss.fu-berlin.de/bizer/bsbm/v01/vocabulary/productFeature;http://www4.wiwiss.fu-berlin.de/bizer/bsbm/v01/instances/ProductFeature469
http://www4.wiwiss.fu-berlin.de/bizer/bsbm/v01/instances/dataFrom/Product652;http://www4.wiwiss.fu-berlin.de/bizer/bsbm/v01/vocabulary/productFeature;http://www4.wiwiss.fu-berlin.de/bizer/bsbm/v01/instances/ProductFeature24
http://www4.wiwiss.fu-berlin.de/bizer/bsbm/v01/instances/dataFrom/Product652;http://www4.wiwiss.fu-berlin.de/bizer/bsbm/v01/vocabulary/productFeature;http://www4.wiwiss.fu-berlin.de/bizer/bsbm/v01/instances/ProductFeature28
http://www4.wiwiss.fu-berlin.de/bizer/bsbm/v01/instances/dataFrom/Product652;http://www4.wiwiss.fu-berlin.de/bizer/bsbm/v01/vocabulary/productFeature;http://www4.wiwiss.fu-berlin.de/bizer/bsbm/v01/instances/ProductFeature30
http://www4.wiwiss.fu-berlin.de/bizer/bsbm/v01/instances/dataFrom/Product652;http://www4.wiwiss.fu-berlin.de/bizer/bsbm/v01/vocabulary/productFeature;http://www4.wiwiss.fu-berlin.de/bizer/bsbm/v01/instances/ProductFeature33
http://www4.wiwiss.fu-berlin.de/bizer/bsbm/v01/instances/dataFrom/Product652;http://www4.wiwiss.fu-berlin.de/bizer/bsbm/v01/vocabulary/productFeature;http://www4.wiwiss.fu-berlin.de/bizer/bsbm/v01/instances/ProductFeature37
http://www4.wiwiss.fu-berlin.de/bizer/bsbm/v01/instances/dataFrom/Product652;http://www4.wiwiss.fu-berlin.de/bizer/bsbm/v01/vocabulary/producer;http://www4.wiwiss.fu-berlin.de/bizer/bsbm/v01/instances/dataFromProducer19/Producer19
http://www4.wiwiss.fu-berlin.de/bizer/bsbm/v01/instances/dataFrom/Product652;http://purl.org/dc/elements/1.1/publisher;http://www4.wiwiss.fu-berlin.de/bizer/bsbm/v01/instances/dataFromProducer19/Producer19
http://www4.wiwiss.fu-berlin.de/bizer/bsbm/v01/instances/dataFrom/Product652;http://purl.org/dc/elements/1.1/date;2003-02-14
http://www4.wiwiss.fu-berlin.de/bizer/bsbm/v01/instances/dataFrom/Product863;http://www.w3.org/1999/02/22-rdf-syntax-ns#type;http://www4.wiwiss.fu-berlin.de/bizer/bsbm/v01/vocabulary/Product
http://www4.wiwiss.fu-berlin.de/bizer/bsbm/v01/instances/dataFrom/Product863;http://www.w3.org/1999/02/22-rdf-syntax-ns#type;http://www4.wiwiss.fu-berlin.de/bizer/bsbm/v01/instances/ProductType79
http://www4.wiwiss.fu-berlin.de/bizer/bsbm/v01/instances/dataFrom/Product863;http://www.w3.org/2000/01/rdf-schema#label;valuation vindication
http://www4.wiwiss.fu-berlin.de/bizer/bsbm/v01/instances/dataFrom/Product863;http://www.w3.org/2000/01/rdf-schema#comment;vocational orangiest nances statal perique whinnier shipworms remorses storming tidiest deforesting trothing unslaked merged rooting revenging denuclearize outproduces prevailers obstructiveness badinaging prerecorded henrys bestrides elongates rounds basely splosh plucked fealties emulsifying nonviable cheekiest dugong warders thieved westernized delusionary satiated quiverers bullwhips bowered cruciate twangles shoplifter depravity polymerize slams reverencer smirched enveloped elicits eatings syllogistically discomforts bombs demeaned alders teratological forzandos bookmaking feministic logicize resharpened canvaslike spelt interspersed biotechnological razored clearing dumbwaiters amasser whackier reformated foyers preappearances blackballs cumulates grouped trembling halvahs ophthalmoscopy balkans lido imperilled advertently neckties genocidal reinfects nakedly imputes leukemic cuirassed sealable shocked hearings
http://www4.wiwiss.fu-berlin.de/bizer/bsbm/v01/instances/dataFrom/Product863;http://www4.wiwiss.fu-berlin.de/bizer/bsbm/v01/vocabulary/productPropertyNumeric1;755
http://www4.wiwiss.fu-berlin.de/bizer/bsbm/v01/instances/dataFrom/Product863;http://www4.wiwiss.fu-berlin.de/bizer/bsbm/v01/vocabulary/productPropertyNumeric2;1190
http://www4.wiwiss.fu-berlin.de/bizer/bsbm/v01/instances/dataFrom/Product863;http://www4.wiwiss.fu-berlin.de/bizer/bsbm/v01/vocabulary/productPropertyNumeric3;455
http://www4.wiwiss.fu-berlin.de/bizer/bsbm/v01/instances/dataFrom/Product863;http://www4.wiwiss.fu-berlin.de/bizer/bsbm/v01/vocabulary/productPropertyNumeric4;750
http://www4.wiwiss.fu-berlin.de/bizer/bsbm/v01/instances/dataFrom/Product863;http://www4.wiwiss.fu-berlin.de/bizer/bsbm/v01/vocabulary/productPropertyNumeric5;160
http://www4.wiwiss.fu-berlin.de/bizer/bsbm/v01/instances/dataFrom/Product863;http://www4.wiwiss.fu-berlin.de/bizer/bsbm/v01/vocabulary/productPropertyTextual1;demagogy grueler frettiest rotors hymenopterous phototherapies capelan gastroscopic sympathizing denunciations manifestly prevailingly liquids sexless garrote
http://www4.wiwiss.fu-berlin.de/bizer/bsbm/v01/instances/dataFrom/Product863;http://www4.wiwiss.fu-berlin.de/bizer/bsbm/v01/vocabulary/productPropertyTextual2;tainting socially kales impuissance kris blowsily saltcellar disciplines immemorially mincy oxhearts catamaran scavenger isostatically
http://www4.wiwiss.fu-berlin.de/bizer/bsbm/v01/instances/dataFrom/Product863;http://www4.wiwiss.fu-berlin.de/bizer/bsbm/v01/vocabulary/productPropertyTextual3;titulary payment careered slouching overdiligent
http://www4.wiwiss.fu-berlin.de/bizer/bsbm/v01/instances/dataFrom/Product863;http://www4.wiwiss.fu-berlin.de/bizer/bsbm/v01/vocabulary/productPropertyTextual4;obligator commenced trampolinists suborbital
http://www4.wiwiss.fu-berlin.de/bizer/bsbm/v01/instances/dataFrom/Product863;http://www4.wiwiss.fu-berlin.de/bizer/bsbm/v01/vocabulary/productPropertyTextual5;tollages effortlessness bookplates stirrups retractable leaner
http://www4.wiwiss.fu-berlin.de/bizer/bsbm/v01/instances/dataFrom/Product863;http://www4.wiwiss.fu-berlin.de/bizer/bsbm/v01/vocabulary/productFeature;http://www4.wiwiss.fu-berlin.de/bizer/bsbm/v01/instances/ProductFeature2404
http://www4.wiwiss.fu-berlin.de/bizer/bsbm/v01/instances/dataFrom/Product863;http://www4.wiwiss.fu-berlin.de/bizer/bsbm/v01/vocabulary/productFeature;http://www4.wiwiss.fu-berlin.de/bizer/bsbm/v01/instances/ProductFeature2406
http://www4.wiwiss.fu-berlin.de/bizer/bsbm/v01/instances/dataFrom/Product863;http://www4.wiwiss.fu-berlin.de/bizer/bsbm/v01/vocabulary/productFeature;http://www4.wiwiss.fu-berlin.de/bizer/bsbm/v01/instances/ProductFeature2410
http://www4.wiwiss.fu-berlin.de/bizer/bsbm/v01/instances/dataFrom/Product863;http://www4.wiwiss.fu-berlin.de/bizer/bsbm/v01/vocabulary/productFeature;http://www4.wiwiss.fu-berlin.de/bizer/bsbm/v01/instances/ProductFeature2412
http://www4.wiwiss.fu-berlin.de/bizer/bsbm/v01/instances/dataFrom/Product863;http://www4.wiwiss.fu-berlin.de/bizer/bsbm/v01/vocabulary/productFeature;http://www4.wiwiss.fu-berlin.de/bizer/bsbm/v01/instances/ProductFeature2415
http://www4.wiwiss.fu-berlin.de/bizer/bsbm/v01/instances/dataFrom/Product863;http://www4.wiwiss.fu-berlin.de/bizer/bsbm/v01/vocabulary/productFeature;http://www4.wiwiss.fu-berlin.de/bizer/bsbm/v01/instances/ProductFeature2430
http://www4.wiwiss.fu-berlin.de/bizer/bsbm/v01/instances/dataFrom/Product863;http://www4.wiwiss.fu-berlin.de/bizer/bsbm/v01/vocabulary/productFeature;http://www4.wiwiss.fu-berlin.de/bizer/bsbm/v01/instances/ProductFeature2435
http://www4.wiwiss.fu-berlin.de/bizer/bsbm/v01/instances/dataFrom/Product863;http://www4.wiwiss.fu-berlin.de/bizer/bsbm/v01/vocabulary/productFeature;http://www4.wiwiss.fu-berlin.de/bizer/bsbm/v01/instances/ProductFeature441
http://www4.wiwiss.fu-berlin.de/bizer/bsbm/v01/instances/dataFrom/Product863;http://www4.wiwiss.fu-berlin.de/bizer/bsbm/v01/vocabulary/productFeature;http://www4.wiwiss.fu-berlin.de/bizer/bsbm/v01/instances/ProductFeature442
http://www4.wiwiss.fu-berlin.de/bizer/bsbm/v01/instances/dataFrom/Product863;http://www4.wiwiss.fu-berlin.de/bizer/bsbm/v01/vocabulary/productFeature;http://www4.wiwiss.fu-berlin.de/bizer/bsbm/v01/instances/ProductFeature445
http://www4.wiwiss.fu-berlin.de/bizer/bsbm/v01/instances/dataFrom/Product863;http://www4.wiwiss.fu-berlin.de/bizer/bsbm/v01/vocabulary/productFeature;http://www4.wiwiss.fu-berlin.de/bizer/bsbm/v01/instances/ProductFeature453
http://www4.wiwiss.fu-berlin.de/bizer/bsbm/v01/instances/dataFrom/Product863;http://www4.wiwiss.fu-berlin.de/bizer/bsbm/v01/vocabulary/productFeature;http://www4.wiwiss.fu-berlin.de/bizer/bsbm/v01/instances/ProductFeature457
http://www4.wiwiss.fu-berlin.de/bizer/bsbm/v01/instances/dataFrom/Product863;http://www4.wiwiss.fu-berlin.de/bizer/bsbm/v01/vocabulary/productFeature;http://www4.wiwiss.fu-berlin.de/bizer/bsbm/v01/instances/ProductFeature458
http://www4.wiwiss.fu-berlin.de/bizer/bsbm/v01/instances/dataFrom/Product863;http://www4.wiwiss.fu-berlin.de/bizer/bsbm/v01/vocabulary/productFeature;http://www4.wiwiss.fu-berlin.de/bizer/bsbm/v01/instances/ProductFeature460
http://www4.wiwiss.fu-berlin.de/bizer/bsbm/v01/instances/dataFrom/Product863;http://www4.wiwiss.fu-berlin.de/bizer/bsbm/v01/vocabulary/productFeature;http://www4.wiwiss.fu-berlin.de/bizer/bsbm/v01/instances/ProductFeature469
http://www4.wiwiss.fu-berlin.de/bizer/bsbm/v01/instances/dataFrom/Product863;http://www4.wiwiss.fu-berlin.de/bizer/bsbm/v01/vocabulary/productFeature;http://www4.wiwiss.fu-berlin.de/bizer/bsbm/v01/instances/ProductFeature24
http://www4.wiwiss.fu-berlin.de/bizer/bsbm/v01/instances/dataFrom/Product863;http://www4.wiwiss.fu-berlin.de/bizer/bsbm/v01/vocabulary/productFeature;http://www4.wiwiss.fu-berlin.de/bizer/bsbm/v01/instances/ProductFeature28
http://www4.wiwiss.fu-berlin.de/bizer/bsbm/v01/instances/dataFrom/Product863;http://www4.wiwiss.fu-berlin.de/bizer/bsbm/v01/vocabulary/productFeature;http://www4.wiwiss.fu-berlin.de/bizer/bsbm/v01/instances/ProductFeature30
http://www4.wiwiss.fu-berlin.de/bizer/bsbm/v01/instances/dataFrom/Product863;http://www4.wiwiss.fu-berlin.de/bizer/bsbm/v01/vocabulary/productFeature;http://www4.wiwiss.fu-berlin.de/bizer/bsbm/v01/instances/ProductFeature33
http://www4.wiwiss.fu-berlin.de/bizer/bsbm/v01/instances/dataFrom/Product863;http://www4.wiwiss.fu-berlin.de/bizer/bsbm/v01/vocabulary/productFeature;http://www4.wiwiss.fu-berlin.de/bizer/bsbm/v01/instances/ProductFeature37
http://www4.wiwiss.fu-berlin.de/bizer/bsbm/v01/instances/dataFrom/Product863;http://www4.wiwiss.fu-berlin.de/bizer/bsbm/v01/vocabulary/producer;http://www4.wiwiss.fu-berlin.de/bizer/bsbm/v01/instances/dataFromProducer19/Producer19
http://www4.wiwiss.fu-berlin.de/bizer/bsbm/v01/instances/dataFrom/Product863;http://purl.org/dc/elements/1.1/publisher;http://www4.wiwiss.fu-berlin.de/bizer/bsbm/v01/instances/dataFromProducer19/Producer19
http://www4.wiwiss.fu-berlin.de/bizer/bsbm/v01/instances/dataFrom/Product863;http://purl.org/dc/elements/1.1/date;2003-02-14
http://www4.wiwiss.fu-berlin.de/bizer/bsbm/v01/instances/dataFrom/Product320;http://www.w3.org/1999/02/22-rdf-syntax-ns#type;http://www4.wiwiss.fu-berlin.de/bizer/bsbm/v01/vocabulary/Product
http://www4.wiwiss.fu-berlin.de/bizer/bsbm/v01/instances/dataFrom/Product320;http://www.w3.org/1999/02/22-rdf-syntax-ns#type;http://www4.wiwiss.fu-berlin.de/bizer/bsbm/v01/instances/ProductType79
http://www4.wiwiss.fu-berlin.de/bizer/bsbm/v01/instances/dataFrom/Product320;http://www.w3.org/2000/01/rdf-schema#label;valuation vindication
http://www4.wiwiss.fu-berlin.de/bizer/bsbm/v01/instances/dataFrom/Product320;http://www.w3.org/2000/01/rdf-schema#comment;vocational orangiest nances statal perique whinnier shipworms remorses storming tidiest deforesting trothing unslaked merged rooting revenging denuclearize outproduces prevailers obstructiveness badinaging prerecorded henrys bestrides elongates rounds basely splosh plucked fealties emulsifying nonviable cheekiest dugong warders thieved westernized delusionary satiated quiverers bullwhips bowered cruciate twangles shoplifter depravity polymerize slams reverencer smirched enveloped elicits eatings syllogistically discomforts bombs demeaned alders teratological forzandos bookmaking feministic logicize resharpened canvaslike spelt interspersed biotechnological razored clearing dumbwaiters amasser whackier reformated foyers preappearances blackballs cumulates grouped trembling halvahs ophthalmoscopy balkans lido imperilled advertently neckties genocidal reinfects nakedly imputes leukemic cuirassed sealable shocked hearings
http://www4.wiwiss.fu-berlin.de/bizer/bsbm/v01/instances/dataFrom/Product320;http://www4.wiwiss.fu-berlin.de/bizer/bsbm/v01/vocabulary/productPropertyNumeric1;755
http://www4.wiwiss.fu-berlin.de/bizer/bsbm/v01/instances/dataFrom/Product320;http://www4.wiwiss.fu-berlin.de/bizer/bsbm/v01/vocabulary/productPropertyNumeric2;1190
http://www4.wiwiss.fu-berlin.de/bizer/bsbm/v01/instances/dataFrom/Product320;http://www4.wiwiss.fu-berlin.de/bizer/bsbm/v01/vocabulary/productPropertyNumeric3;455
http://www4.wiwiss.fu-berlin.de/bizer/bsbm/v01/instances/dataFrom/Product320;http://www4.wiwiss.fu-berlin.de/bizer/bsbm/v01/vocabulary/productPropertyNumeric4;750
http://www4.wiwiss.fu-berlin.de/bizer/bsbm/v01/instances/dataFrom/Product320;http://www4.wiwiss.fu-berlin.de/bizer/bsbm/v01/vocabulary/productPropertyNumeric5;160
http://www4.wiwiss.fu-berlin.de/bizer/bsbm/v01/instances/dataFrom/Product320;http://www4.wiwiss.fu-berlin.de/bizer/bsbm/v01/vocabulary/productPropertyTextual1;demagogy grueler frettiest rotors hymenopterous phototherapies capelan gastroscopic sympathizing denunciations manifestly prevailingly liquids sexless garrote
http://www4.wiwiss.fu-berlin.de/bizer/bsbm/v01/instances/dataFrom/Product320;http://www4.wiwiss.fu-berlin.de/bizer/bsbm/v01/vocabulary/productPropertyTextual2;tainting socially kales impuissance kris blowsily saltcellar disciplines immemorially mincy oxhearts catamaran scavenger isostatically
http://www4.wiwiss.fu-berlin.de/bizer/bsbm/v01/instances/dataFrom/Product320;http://www4.wiwiss.fu-berlin.de/bizer/bsbm/v01/vocabulary/productPropertyTextual3;titulary payment careered slouching overdiligent
http://www4.wiwiss.fu-berlin.de/bizer/bsbm/v01/instances/dataFrom/Product320;http://www4.wiwiss.fu-berlin.de/bizer/bsbm/v01/vocabulary/productPropertyTextual4;obligator commenced trampolinists suborbital
http://www4.wiwiss.fu-berlin.de/bizer/bsbm/v01/instances/dataFrom/Product320;http://www4.wiwiss.fu-berlin.de/bizer/bsbm/v01/vocabulary/productPropertyTextual5;tollages effortlessness bookplates stirrups retractable leaner
http://www4.wiwiss.fu-berlin.de/bizer/bsbm/v01/instances/dataFrom/Product320;http://www4.wiwiss.fu-berlin.de/bizer/bsbm/v01/vocabulary/productFeature;http://www4.wiwiss.fu-berlin.de/bizer/bsbm/v01/instances/ProductFeature2404
http://www4.wiwiss.fu-berlin.de/bizer/bsbm/v01/instances/dataFrom/Product320;http://www4.wiwiss.fu-berlin.de/bizer/bsbm/v01/vocabulary/productFeature;http://www4.wiwiss.fu-berlin.de/bizer/bsbm/v01/instances/ProductFeature2406
http://www4.wiwiss.fu-berlin.de/bizer/bsbm/v01/instances/dataFrom/Product320;http://www4.wiwiss.fu-berlin.de/bizer/bsbm/v01/vocabulary/productFeature;http://www4.wiwiss.fu-berlin.de/bizer/bsbm/v01/instances/ProductFeature2410
http://www4.wiwiss.fu-berlin.de/bizer/bsbm/v01/instances/dataFrom/Product320;http://www4.wiwiss.fu-berlin.de/bizer/bsbm/v01/vocabulary/productFeature;http://www4.wiwiss.fu-berlin.de/bizer/bsbm/v01/instances/ProductFeature2412
http://www4.wiwiss.fu-berlin.de/bizer/bsbm/v01/instances/dataFrom/Product320;http://www4.wiwiss.fu-berlin.de/bizer/bsbm/v01/vocabulary/productFeature;http://www4.wiwiss.fu-berlin.de/bizer/bsbm/v01/instances/ProductFeature2415
http://www4.wiwiss.fu-berlin.de/bizer/bsbm/v01/instances/dataFrom/Product320;http://www4.wiwiss.fu-berlin.de/bizer/bsbm/v01/vocabulary/productFeature;http://www4.wiwiss.fu-berlin.de/bizer/bsbm/v01/instances/ProductFeature2430
http://www4.wiwiss.fu-berlin.de/bizer/bsbm/v01/instances/dataFrom/Product320;http://www4.wiwiss.fu-berlin.de/bizer/bsbm/v01/vocabulary/productFeature;http://www4.wiwiss.fu-berlin.de/bizer/bsbm/v01/instances/ProductFeature2435
http://www4.wiwiss.fu-berlin.de/bizer/bsbm/v01/instances/dataFrom/Product320;http://www4.wiwiss.fu-berlin.de/bizer/bsbm/v01/vocabulary/productFeature;http://www4.wiwiss.fu-berlin.de/bizer/bsbm/v01/instances/ProductFeature441
http://www4.wiwiss.fu-berlin.de/bizer/bsbm/v01/instances/dataFrom/Product320;http://www4.wiwiss.fu-berlin.de/bizer/bsbm/v01/vocabulary/productFeature;http://www4.wiwiss.fu-berlin.de/bizer/bsbm/v01/instances/ProductFeature442
http://www4.wiwiss.fu-berlin.de/bizer/bsbm/v01/instances/dataFrom/Product320;http://www4.wiwiss.fu-berlin.de/bizer/bsbm/v01/vocabulary/productFeature;http://www4.wiwiss.fu-berlin.de/bizer/bsbm/v01/instances/ProductFeature445
http://www4.wiwiss.fu-berlin.de/bizer/bsbm/v01/instances/dataFrom/Product320;http://www4.wiwiss.fu-berlin.de/bizer/bsbm/v01/vocabulary/productFeature;http://www4.wiwiss.fu-berlin.de/bizer/bsbm/v01/instances/ProductFeature453
http://www4.wiwiss.fu-berlin.de/bizer/bsbm/v01/instances/dataFrom/Product320;http://www4.wiwiss.fu-berlin.de/bizer/bsbm/v01/vocabulary/productFeature;http://www4.wiwiss.fu-berlin.de/bizer/bsbm/v01/instances/ProductFeature457
http://www4.wiwiss.fu-berlin.de/bizer/bsbm/v01/instances/dataFrom/Product320;http://www4.wiwiss.fu-berlin.de/bizer/bsbm/v01/vocabulary/productFeature;http://www4.wiwiss.fu-berlin.de/bizer/bsbm/v01/instances/ProductFeature458
http://www4.wiwiss.fu-berlin.de/bizer/bsbm/v01/instances/dataFrom/Product320;http://www4.wiwiss.fu-berlin.de/bizer/bsbm/v01/vocabulary/productFeature;http://www4.wiwiss.fu-berlin.de/bizer/bsbm/v01/instances/ProductFeature460
http://www4.wiwiss.fu-berlin.de/bizer/bsbm/v01/instances/dataFrom/Product320;http://www4.wiwiss.fu-berlin.de/bizer/bsbm/v01/vocabulary/productFeature;http://www4.wiwiss.fu-berlin.de/bizer/bsbm/v01/instances/ProductFeature469
http://www4.wiwiss.fu-berlin.de/bizer/bsbm/v01/instances/dataFrom/Product320;http://www4.wiwiss.fu-berlin.de/bizer/bsbm/v01/vocabulary/productFeature;http://www4.wiwiss.fu-berlin.de/bizer/bsbm/v01/instances/ProductFeature24
http://www4.wiwiss.fu-berlin.de/bizer/bsbm/v01/instances/dataFrom/Product320;http://www4.wiwiss.fu-berlin.de/bizer/bsbm/v01/vocabulary/productFeature;http://www4.wiwiss.fu-berlin.de/bizer/bsbm/v01/instances/ProductFeature28
http://www4.wiwiss.fu-berlin.de/bizer/bsbm/v01/instances/dataFrom/Product320;http://www4.wiwiss.fu-berlin.de/bizer/bsbm/v01/vocabulary/productFeature;http://www4.wiwiss.fu-berlin.de/bizer/bsbm/v01/instances/ProductFeature30
http://www4.wiwiss.fu-berlin.de/bizer/bsbm/v01/instances/dataFrom/Product320;http://www4.wiwiss.fu-berlin.de/bizer/bsbm/v01/vocabulary/productFeature;http://www4.wiwiss.fu-berlin.de/bizer/bsbm/v01/instances/ProductFeature33
http://www4.wiwiss.fu-berlin.de/bizer/bsbm/v01/instances/dataFrom/Product320;http://www4.wiwiss.fu-berlin.de/bizer/bsbm/v01/vocabulary/productFeature;http://www4.wiwiss.fu-berlin.de/bizer/bsbm/v01/instances/ProductFeature37
http://www4.wiwiss.fu-berlin.de/bizer/bsbm/v01/instances/dataFrom/Product320;http://www4.wiwiss.fu-berlin.de/bizer/bsbm/v01/vocabulary/producer;http://www4.wiwiss.fu-berlin.de/bizer/bsbm/v01/instances/dataFromProducer19/Producer19
http://www4.wiwiss.fu-berlin.de/bizer/bsbm/v01/instances/dataFrom/Product320;http://purl.org/dc/elements/1.1/publisher;http://www4.wiwiss.fu-berlin.de/bizer/bsbm/v01/instances/dataFromProducer19/Producer19
http://www4.wiwiss.fu-berlin.de/bizer/bsbm/v01/instances/dataFrom/Product320;http://purl.org/dc/elements/1.1/date;2003-02-14
http://www4.wiwiss.fu-berlin.de/bizer/bsbm/v01/instances/dataFrom/Product728;http://www.w3.org/1999/02/22-rdf-syntax-ns#type;http://www4.wiwiss.fu-berlin.de/bizer/bsbm/v01/vocabulary/Product
http://www4.wiwiss.fu-berlin.de/bizer/bsbm/v01/instances/dataFrom/Product728;http://www.w3.org/1999/02/22-rdf-syntax-ns#type;http://www4.wiwiss.fu-berlin.de/bizer/bsbm/v01/instances/ProductType79
http://www4.wiwiss.fu-berlin.de/bizer/bsbm/v01/instances/dataFrom/Product728;http://www.w3.org/2000/01/rdf-schema#label;valuation vindication
http://www4.wiwiss.fu-berlin.de/bizer/bsbm/v01/instances/dataFrom/Product728;http://www.w3.org/2000/01/rdf-schema#comment;vocational orangiest nances statal perique whinnier shipworms remorses storming tidiest deforesting trothing unslaked merged rooting revenging denuclearize outproduces prevailers obstructiveness badinaging prerecorded henrys bestrides elongates rounds basely splosh plucked fealties emulsifying nonviable cheekiest dugong warders thieved westernized delusionary satiated quiverers bullwhips bowered cruciate twangles shoplifter depravity polymerize slams reverencer smirched enveloped elicits eatings syllogistically discomforts bombs demeaned alders teratological forzandos bookmaking feministic logicize resharpened canvaslike spelt interspersed biotechnological razored clearing dumbwaiters amasser whackier reformated foyers preappearances blackballs cumulates grouped trembling halvahs ophthalmoscopy balkans lido imperilled advertently neckties genocidal reinfects nakedly imputes leukemic cuirassed sealable shocked hearings
http://www4.wiwiss.fu-berlin.de/bizer/bsbm/v01/instances/dataFrom/Product728;http://www4.wiwiss.fu-berlin.de/bizer/bsbm/v01/vocabulary/productPropertyNumeric1;755
http://www4.wiwiss.fu-berlin.de/bizer/bsbm/v01/instances/dataFrom/Product728;http://www4.wiwiss.fu-berlin.de/bizer/bsbm/v01/vocabulary/productPropertyNumeric2;1190
http://www4.wiwiss.fu-berlin.de/bizer/bsbm/v01/instances/dataFrom/Product728;http://www4.wiwiss.fu-berlin.de/bizer/bsbm/v01/vocabulary/productPropertyNumeric3;455
http://www4.wiwiss.fu-berlin.de/bizer/bsbm/v01/instances/dataFrom/Product728;http://www4.wiwiss.fu-berlin.de/bizer/bsbm/v01/vocabulary/productPropertyNumeric4;750
http://www4.wiwiss.fu-berlin.de/bizer/bsbm/v01/instances/dataFrom/Product728;http://www4.wiwiss.fu-berlin.de/bizer/bsbm/v01/vocabulary/productPropertyNumeric5;160
http://www4.wiwiss.fu-berlin.de/bizer/bsbm/v01/instances/dataFrom/Product728;http://www4.wiwiss.fu-berlin.de/bizer/bsbm/v01/vocabulary/productPropertyTextual1;demagogy grueler frettiest rotors hymenopterous phototherapies capelan gastroscopic sympathizing denunciations manifestly prevailingly liquids sexless garrote
http://www4.wiwiss.fu-berlin.de/bizer/bsbm/v01/instances/dataFrom/Product728;http://www4.wiwiss.fu-berlin.de/bizer/bsbm/v01/vocabulary/productPropertyTextual2;tainting socially kales impuissance kris blowsily saltcellar disciplines immemorially mincy oxhearts catamaran scavenger isostatically
http://www4.wiwiss.fu-berlin.de/bizer/bsbm/v01/instances/dataFrom/Product728;http://www4.wiwiss.fu-berlin.de/bizer/bsbm/v01/vocabulary/productPropertyTextual3;titulary payment careered slouching overdiligent
http://www4.wiwiss.fu-berlin.de/bizer/bsbm/v01/instances/dataFrom/Product728;http://www4.wiwiss.fu-berlin.de/bizer/bsbm/v01/vocabulary/productPropertyTextual4;obligator commenced trampolinists suborbital
http://www4.wiwiss.fu-berlin.de/bizer/bsbm/v01/instances/dataFrom/Product728;http://www4.wiwiss.fu-berlin.de/bizer/bsbm/v01/vocabulary/productPropertyTextual5;tollages effortlessness bookplates stirrups retractable leaner
http://www4.wiwiss.fu-berlin.de/bizer/bsbm/v01/instances/dataFrom/Product728;http://www4.wiwiss.fu-berlin.de/bizer/bsbm/v01/vocabulary/productFeature;http://www4.wiwiss.fu-berlin.de/bizer/bsbm/v01/instances/ProductFeature2404
http://www4.wiwiss.fu-berlin.de/bizer/bsbm/v01/instances/dataFrom/Product728;http://www4.wiwiss.fu-berlin.de/bizer/bsbm/v01/vocabulary/productFeature;http://www4.wiwiss.fu-berlin.de/bizer/bsbm/v01/instances/ProductFeature2406
http://www4.wiwiss.fu-berlin.de/bizer/bsbm/v01/instances/dataFrom/Product728;http://www4.wiwiss.fu-berlin.de/bizer/bsbm/v01/vocabulary/productFeature;http://www4.wiwiss.fu-berlin.de/bizer/bsbm/v01/instances/ProductFeature2410
http://www4.wiwiss.fu-berlin.de/bizer/bsbm/v01/instances/dataFrom/Product728;http://www4.wiwiss.fu-berlin.de/bizer/bsbm/v01/vocabulary/productFeature;http://www4.wiwiss.fu-berlin.de/bizer/bsbm/v01/instances/ProductFeature2412
http://www4.wiwiss.fu-berlin.de/bizer/bsbm/v01/instances/dataFrom/Product728;http://www4.wiwiss.fu-berlin.de/bizer/bsbm/v01/vocabulary/productFeature;http://www4.wiwiss.fu-berlin.de/bizer/bsbm/v01/instances/ProductFeature2415
http://www4.wiwiss.fu-berlin.de/bizer/bsbm/v01/instances/dataFrom/Product728;http://www4.wiwiss.fu-berlin.de/bizer/bsbm/v01/vocabulary/productFeature;http://www4.wiwiss.fu-berlin.de/bizer/bsbm/v01/instances/ProductFeature2430
http://www4.wiwiss.fu-berlin.de/bizer/bsbm/v01/instances/dataFrom/Product728;http://www4.wiwiss.fu-berlin.de/bizer/bsbm/v01/vocabulary/productFeature;http://www4.wiwiss.fu-berlin.de/bizer/bsbm/v01/instances/ProductFeature2435
http://www4.wiwiss.fu-berlin.de/bizer/bsbm/v01/instances/dataFrom/Product728;http://www4.wiwiss.fu-berlin.de/bizer/bsbm/v01/vocabulary/productFeature;http://www4.wiwiss.fu-berlin.de/bizer/bsbm/v01/instances/ProductFeature441
http://www4.wiwiss.fu-berlin.de/bizer/bsbm/v01/instances/dataFrom/Product728;http://www4.wiwiss.fu-berlin.de/bizer/bsbm/v01/vocabulary/productFeature;http://www4.wiwiss.fu-berlin.de/bizer/bsbm/v01/instances/ProductFeature442
http://www4.wiwiss.fu-berlin.de/bizer/bsbm/v01/instances/dataFrom/Product728;http://www4.wiwiss.fu-berlin.de/bizer/bsbm/v01/vocabulary/productFeature;http://www4.wiwiss.fu-berlin.de/bizer/bsbm/v01/instances/ProductFeature445
http://www4.wiwiss.fu-berlin.de/bizer/bsbm/v01/instances/dataFrom/Product728;http://www4.wiwiss.fu-berlin.de/bizer/bsbm/v01/vocabulary/productFeature;http://www4.wiwiss.fu-berlin.de/bizer/bsbm/v01/instances/ProductFeature453
http://www4.wiwiss.fu-berlin.de/bizer/bsbm/v01/instances/dataFrom/Product728;http://www4.wiwiss.fu-berlin.de/bizer/bsbm/v01/vocabulary/productFeature;http://www4.wiwiss.fu-berlin.de/bizer/bsbm/v01/instances/ProductFeature457
http://www4.wiwiss.fu-berlin.de/bizer/bsbm/v01/instances/dataFrom/Product728;http://www4.wiwiss.fu-berlin.de/bizer/bsbm/v01/vocabulary/productFeature;http://www4.wiwiss.fu-berlin.de/bizer/bsbm/v01/instances/ProductFeature458
http://www4.wiwiss.fu-berlin.de/bizer/bsbm/v01/instances/dataFrom/Product728;http://www4.wiwiss.fu-berlin.de/bizer/bsbm/v01/vocabulary/productFeature;http://www4.wiwiss.fu-berlin.de/bizer/bsbm/v01/instances/ProductFeature460
http://www4.wiwiss.fu-berlin.de/bizer/bsbm/v01/instances/dataFrom/Product728;http://www4.wiwiss.fu-berlin.de/bizer/bsbm/v01/vocabulary/productFeature;http://www4.wiwiss.fu-berlin.de/bizer/bsbm/v01/instances/ProductFeature469
http://www4.wiwiss.fu-berlin.de/bizer/bsbm/v01/instances/dataFrom/Product728;http://www4.wiwiss.fu-berlin.de/bizer/bsbm/v01/vocabulary/productFeature;http://www4.wiwiss.fu-berlin.de/bizer/bsbm/v01/instances/ProductFeature24
http://www4.wiwiss.fu-berlin.de/bizer/bsbm/v01/instances/dataFrom/Product728;http://www4.wiwiss.fu-berlin.de/bizer/bsbm/v01/vocabulary/productFeature;http://www4.wiwiss.fu-berlin.de/bizer/bsbm/v01/instances/ProductFeature28
http://www4.wiwiss.fu-berlin.de/bizer/bsbm/v01/instances/dataFrom/Product728;http://www4.wiwiss.fu-berlin.de/bizer/bsbm/v01/vocabulary/productFeature;http://www4.wiwiss.fu-berlin.de/bizer/bsbm/v01/instances/ProductFeature30
http://www4.wiwiss.fu-berlin.de/bizer/bsbm/v01/instances/dataFrom/Product728;http://www4.wiwiss.fu-berlin.de/bizer/bsbm/v01/vocabulary/productFeature;http://www4.wiwiss.fu-berlin.de/bizer/bsbm/v01/instances/ProductFeature33
http://www4.wiwiss.fu-berlin.de/bizer/bsbm/v01/instances/dataFrom/Product728;http://www4.wiwiss.fu-berlin.de/bizer/bsbm/v01/vocabulary/productFeature;http://www4.wiwiss.fu-berlin.de/bizer/bsbm/v01/instances/ProductFeature37
http://www4.wiwiss.fu-berlin.de/bizer/bsbm/v01/instances/dataFrom/Product728;http://www4.wiwiss.fu-berlin.de/bizer/bsbm/v01/vocabulary/producer;http://www4.wiwiss.fu-berlin.de/bizer/bsbm/v01/instances/dataFromProducer19/Producer19
http://www4.wiwiss.fu-berlin.de/bizer/bsbm/v01/instances/dataFrom/Product728;http://purl.org/dc/elements/1.1/publisher;http://www4.wiwiss.fu-berlin.de/bizer/bsbm/v01/instances/dataFromProducer19/Producer19
http://www4.wiwiss.fu-berlin.de/bizer/bsbm/v01/instances/dataFrom/Product728;http://purl.org/dc/elements/1.1/date;2003-02-14
http://www4.wiwiss.fu-berlin.de/bizer/bsbm/v01/instances/dataFrom/Product718;http://www.w3.org/1999/02/22-rdf-syntax-ns#type;http://www4.wiwiss.fu-berlin.de/bizer/bsbm/v01/vocabulary/Product
http://www4.wiwiss.fu-berlin.de/bizer/bsbm/v01/instances/dataFrom/Product718;http://www.w3.org/1999/02/22-rdf-syntax-ns#type;http://www4.wiwiss.fu-berlin.de/bizer/bsbm/v01/instances/ProductType79
http://www4.wiwiss.fu-berlin.de/bizer/bsbm/v01/instances/dataFrom/Product718;http://www.w3.org/2000/01/rdf-schema#label;valuation vindication
http://www4.wiwiss.fu-berlin.de/bizer/bsbm/v01/instances/dataFrom/Product718;http://www.w3.org/2000/01/rdf-schema#comment;vocational orangiest nances statal perique whinnier shipworms remorses storming tidiest deforesting trothing unslaked merged rooting revenging denuclearize outproduces prevailers obstructiveness badinaging prerecorded henrys bestrides elongates rounds basely splosh plucked fealties emulsifying nonviable cheekiest dugong warders thieved westernized delusionary satiated quiverers bullwhips bowered cruciate twangles shoplifter depravity polymerize slams reverencer smirched enveloped elicits eatings syllogistically discomforts bombs demeaned alders teratological forzandos bookmaking feministic logicize resharpened canvaslike spelt interspersed biotechnological razored clearing dumbwaiters amasser whackier reformated foyers preappearances blackballs cumulates grouped trembling halvahs ophthalmoscopy balkans lido imperilled advertently neckties genocidal reinfects nakedly imputes leukemic cuirassed sealable shocked hearings
http://www4.wiwiss.fu-berlin.de/bizer/bsbm/v01/instances/dataFrom/Product718;http://www4.wiwiss.fu-berlin.de/bizer/bsbm/v01/vocabulary/productPropertyNumeric1;755
http://www4.wiwiss.fu-berlin.de/bizer/bsbm/v01/instances/dataFrom/Product718;http://www4.wiwiss.fu-berlin.de/bizer/bsbm/v01/vocabulary/productPropertyNumeric2;1190
http://www4.wiwiss.fu-berlin.de/bizer/bsbm/v01/instances/dataFrom/Product718;http://www4.wiwiss.fu-berlin.de/bizer/bsbm/v01/vocabulary/productPropertyNumeric3;455
http://www4.wiwiss.fu-berlin.de/bizer/bsbm/v01/instances/dataFrom/Product718;http://www4.wiwiss.fu-berlin.de/bizer/bsbm/v01/vocabulary/productPropertyNumeric4;750
http://www4.wiwiss.fu-berlin.de/bizer/bsbm/v01/instances/dataFrom/Product718;http://www4.wiwiss.fu-berlin.de/bizer/bsbm/v01/vocabulary/productPropertyNumeric5;160
http://www4.wiwiss.fu-berlin.de/bizer/bsbm/v01/instances/dataFrom/Product718;http://www4.wiwiss.fu-berlin.de/bizer/bsbm/v01/vocabulary/productPropertyTextual1;demagogy grueler frettiest rotors hymenopterous phototherapies capelan gastroscopic sympathizing denunciations manifestly prevailingly liquids sexless garrote
http://www4.wiwiss.fu-berlin.de/bizer/bsbm/v01/instances/dataFrom/Product718;http://www4.wiwiss.fu-berlin.de/bizer/bsbm/v01/vocabulary/productPropertyTextual2;tainting socially kales impuissance kris blowsily saltcellar disciplines immemorially mincy oxhearts catamaran scavenger isostatically
http://www4.wiwiss.fu-berlin.de/bizer/bsbm/v01/instances/dataFrom/Product718;http://www4.wiwiss.fu-berlin.de/bizer/bsbm/v01/vocabulary/productPropertyTextual3;titulary payment careered slouching overdiligent
http://www4.wiwiss.fu-berlin.de/bizer/bsbm/v01/instances/dataFrom/Product718;http://www4.wiwiss.fu-berlin.de/bizer/bsbm/v01/vocabulary/productPropertyTextual4;obligator commenced trampolinists suborbital
http://www4.wiwiss.fu-berlin.de/bizer/bsbm/v01/instances/dataFrom/Product718;http://www4.wiwiss.fu-berlin.de/bizer/bsbm/v01/vocabulary/productPropertyTextual5;tollages effortlessness bookplates stirrups retractable leaner
http://www4.wiwiss.fu-berlin.de/bizer/bsbm/v01/instances/dataFrom/Product718;http://www4.wiwiss.fu-berlin.de/bizer/bsbm/v01/vocabulary/productFeature;http://www4.wiwiss.fu-berlin.de/bizer/bsbm/v01/instances/ProductFeature2404
http://www4.wiwiss.fu-berlin.de/bizer/bsbm/v01/instances/dataFrom/Product718;http://www4.wiwiss.fu-berlin.de/bizer/bsbm/v01/vocabulary/productFeature;http://www4.wiwiss.fu-berlin.de/bizer/bsbm/v01/instances/ProductFeature2406
http://www4.wiwiss.fu-berlin.de/bizer/bsbm/v01/instances/dataFrom/Product718;http://www4.wiwiss.fu-berlin.de/bizer/bsbm/v01/vocabulary/productFeature;http://www4.wiwiss.fu-berlin.de/bizer/bsbm/v01/instances/ProductFeature2410
http://www4.wiwiss.fu-berlin.de/bizer/bsbm/v01/instances/dataFrom/Product718;http://www4.wiwiss.fu-berlin.de/bizer/bsbm/v01/vocabulary/productFeature;http://www4.wiwiss.fu-berlin.de/bizer/bsbm/v01/instances/ProductFeature2412
http://www4.wiwiss.fu-berlin.de/bizer/bsbm/v01/instances/dataFrom/Product718;http://www4.wiwiss.fu-berlin.de/bizer/bsbm/v01/vocabulary/productFeature;http://www4.wiwiss.fu-berlin.de/bizer/bsbm/v01/instances/ProductFeature2415
http://www4.wiwiss.fu-berlin.de/bizer/bsbm/v01/instances/dataFrom/Product718;http://www4.wiwiss.fu-berlin.de/bizer/bsbm/v01/vocabulary/productFeature;http://www4.wiwiss.fu-berlin.de/bizer/bsbm/v01/instances/ProductFeature2430
http://www4.wiwiss.fu-berlin.de/bizer/bsbm/v01/instances/dataFrom/Product718;http://www4.wiwiss.fu-berlin.de/bizer/bsbm/v01/vocabulary/productFeature;http://www4.wiwiss.fu-berlin.de/bizer/bsbm/v01/instances/ProductFeature2435
http://www4.wiwiss.fu-berlin.de/bizer/bsbm/v01/instances/dataFrom/Product718;http://www4.wiwiss.fu-berlin.de/bizer/bsbm/v01/vocabulary/productFeature;http://www4.wiwiss.fu-berlin.de/bizer/bsbm/v01/instances/ProductFeature441
http://www4.wiwiss.fu-berlin.de/bizer/bsbm/v01/instances/dataFrom/Product718;http://www4.wiwiss.fu-berlin.de/bizer/bsbm/v01/vocabulary/productFeature;http://www4.wiwiss.fu-berlin.de/bizer/bsbm/v01/instances/ProductFeature442
http://www4.wiwiss.fu-berlin.de/bizer/bsbm/v01/instances/dataFrom/Product718;http://www4.wiwiss.fu-berlin.de/bizer/bsbm/v01/vocabulary/productFeature;http://www4.wiwiss.fu-berlin.de/bizer/bsbm/v01/instances/ProductFeature445
http://www4.wiwiss.fu-berlin.de/bizer/bsbm/v01/instances/dataFrom/Product718;http://www4.wiwiss.fu-berlin.de/bizer/bsbm/v01/vocabulary/productFeature;http://www4.wiwiss.fu-berlin.de/bizer/bsbm/v01/instances/ProductFeature453
http://www4.wiwiss.fu-berlin.de/bizer/bsbm/v01/instances/dataFrom/Product718;http://www4.wiwiss.fu-berlin.de/bizer/bsbm/v01/vocabulary/productFeature;http://www4.wiwiss.fu-berlin.de/bizer/bsbm/v01/instances/ProductFeature457
http://www4.wiwiss.fu-berlin.de/bizer/bsbm/v01/instances/dataFrom/Product718;http://www4.wiwiss.fu-berlin.de/bizer/bsbm/v01/vocabulary/productFeature;http://www4.wiwiss.fu-berlin.de/bizer/bsbm/v01/instances/ProductFeature458
http://www4.wiwiss.fu-berlin.de/bizer/bsbm/v01/instances/dataFrom/Product718;http://www4.wiwiss.fu-berlin.de/bizer/bsbm/v01/vocabulary/productFeature;http://www4.wiwiss.fu-berlin.de/bizer/bsbm/v01/instances/ProductFeature460
http://www4.wiwiss.fu-berlin.de/bizer/bsbm/v01/instances/dataFrom/Product718;http://www4.wiwiss.fu-berlin.de/bizer/bsbm/v01/vocabulary/productFeature;http://www4.wiwiss.fu-berlin.de/bizer/bsbm/v01/instances/ProductFeature469
http://www4.wiwiss.fu-berlin.de/bizer/bsbm/v01/instances/dataFrom/Product718;http://www4.wiwiss.fu-berlin.de/bizer/bsbm/v01/vocabulary/productFeature;http://www4.wiwiss.fu-berlin.de/bizer/bsbm/v01/instances/ProductFeature24
http://www4.wiwiss.fu-berlin.de/bizer/bsbm/v01/instances/dataFrom/Product718;http://www4.wiwiss.fu-berlin.de/bizer/bsbm/v01/vocabulary/productFeature;http://www4.wiwiss.fu-berlin.de/bizer/bsbm/v01/instances/ProductFeature28
http://www4.wiwiss.fu-berlin.de/bizer/bsbm/v01/instances/dataFrom/Product718;http://www4.wiwiss.fu-berlin.de/bizer/bsbm/v01/vocabulary/productFeature;http://www4.wiwiss.fu-berlin.de/bizer/bsbm/v01/instances/ProductFeature30
http://www4.wiwiss.fu-berlin.de/bizer/bsbm/v01/instances/dataFrom/Product718;http://www4.wiwiss.fu-berlin.de/bizer/bsbm/v01/vocabulary/productFeature;http://www4.wiwiss.fu-berlin.de/bizer/bsbm/v01/instances/ProductFeature33
http://www4.wiwiss.fu-berlin.de/bizer/bsbm/v01/instances/dataFrom/Product718;http://www4.wiwiss.fu-berlin.de/bizer/bsbm/v01/vocabulary/productFeature;http://www4.wiwiss.fu-berlin.de/bizer/bsbm/v01/instances/ProductFeature37
http://www4.wiwiss.fu-berlin.de/bizer/bsbm/v01/instances/dataFrom/Product718;http://www4.wiwiss.fu-berlin.de/bizer/bsbm/v01/vocabulary/producer;http://www4.wiwiss.fu-berlin.de/bizer/bsbm/v01/instances/dataFromProducer19/Producer19
http://www4.wiwiss.fu-berlin.de/bizer/bsbm/v01/instances/dataFrom/Product718;http://purl.org/dc/elements/1.1/publisher;http://www4.wiwiss.fu-berlin.de/bizer/bsbm/v01/instances/dataFromProducer19/Producer19
http://www4.wiwiss.fu-berlin.de/bizer/bsbm/v01/instances/dataFrom/Product718;http://purl.org/dc/elements/1.1/date;2003-02-14
http://www4.wiwiss.fu-berlin.de/bizer/bsbm/v01/instances/dataFrom/Product921;http://www.w3.org/1999/02/22-rdf-syntax-ns#type;http://www4.wiwiss.fu-berlin.de/bizer/bsbm/v01/vocabulary/Product
http://www4.wiwiss.fu-berlin.de/bizer/bsbm/v01/instances/dataFrom/Product921;http://www.w3.org/1999/02/22-rdf-syntax-ns#type;http://www4.wiwiss.fu-berlin.de/bizer/bsbm/v01/instances/ProductType79
http://www4.wiwiss.fu-berlin.de/bizer/bsbm/v01/instances/dataFrom/Product921;http://www.w3.org/2000/01/rdf-schema#label;valuation vindication
http://www4.wiwiss.fu-berlin.de/bizer/bsbm/v01/instances/dataFrom/Product921;http://www.w3.org/2000/01/rdf-schema#comment;vocational orangiest nances statal perique whinnier shipworms remorses storming tidiest deforesting trothing unslaked merged rooting revenging denuclearize outproduces prevailers obstructiveness badinaging prerecorded henrys bestrides elongates rounds basely splosh plucked fealties emulsifying nonviable cheekiest dugong warders thieved westernized delusionary satiated quiverers bullwhips bowered cruciate twangles shoplifter depravity polymerize slams reverencer smirched enveloped elicits eatings syllogistically discomforts bombs demeaned alders teratological forzandos bookmaking feministic logicize resharpened canvaslike spelt interspersed biotechnological razored clearing dumbwaiters amasser whackier reformated foyers preappearances blackballs cumulates grouped trembling halvahs ophthalmoscopy balkans lido imperilled advertently neckties genocidal reinfects nakedly imputes leukemic cuirassed sealable shocked hearings
http://www4.wiwiss.fu-berlin.de/bizer/bsbm/v01/instances/dataFrom/Product921;http://www4.wiwiss.fu-berlin.de/bizer/bsbm/v01/vocabulary/productPropertyNumeric1;755
http://www4.wiwiss.fu-berlin.de/bizer/bsbm/v01/instances/dataFrom/Product921;http://www4.wiwiss.fu-berlin.de/bizer/bsbm/v01/vocabulary/productPropertyNumeric2;1190
http://www4.wiwiss.fu-berlin.de/bizer/bsbm/v01/instances/dataFrom/Product921;http://www4.wiwiss.fu-berlin.de/bizer/bsbm/v01/vocabulary/productPropertyNumeric3;455
http://www4.wiwiss.fu-berlin.de/bizer/bsbm/v01/instances/dataFrom/Product921;http://www4.wiwiss.fu-berlin.de/bizer/bsbm/v01/vocabulary/productPropertyNumeric4;750
http://www4.wiwiss.fu-berlin.de/bizer/bsbm/v01/instances/dataFrom/Product921;http://www4.wiwiss.fu-berlin.de/bizer/bsbm/v01/vocabulary/productPropertyNumeric5;160
http://www4.wiwiss.fu-berlin.de/bizer/bsbm/v01/instances/dataFrom/Product921;http://www4.wiwiss.fu-berlin.de/bizer/bsbm/v01/vocabulary/productPropertyTextual1;demagogy grueler frettiest rotors hymenopterous phototherapies capelan gastroscopic sympathizing denunciations manifestly prevailingly liquids sexless garrote
http://www4.wiwiss.fu-berlin.de/bizer/bsbm/v01/instances/dataFrom/Product921;http://www4.wiwiss.fu-berlin.de/bizer/bsbm/v01/vocabulary/productPropertyTextual2;tainting socially kales impuissance kris blowsily saltcellar disciplines immemorially mincy oxhearts catamaran scavenger isostatically
http://www4.wiwiss.fu-berlin.de/bizer/bsbm/v01/instances/dataFrom/Product921;http://www4.wiwiss.fu-berlin.de/bizer/bsbm/v01/vocabulary/productPropertyTextual3;titulary payment careered slouching overdiligent
http://www4.wiwiss.fu-berlin.de/bizer/bsbm/v01/instances/dataFrom/Product921;http://www4.wiwiss.fu-berlin.de/bizer/bsbm/v01/vocabulary/productPropertyTextual4;obligator commenced trampolinists suborbital
http://www4.wiwiss.fu-berlin.de/bizer/bsbm/v01/instances/dataFrom/Product921;http://www4.wiwiss.fu-berlin.de/bizer/bsbm/v01/vocabulary/productPropertyTextual5;tollages effortlessness bookplates stirrups retractable leaner
http://www4.wiwiss.fu-berlin.de/bizer/bsbm/v01/instances/dataFrom/Product921;http://www4.wiwiss.fu-berlin.de/bizer/bsbm/v01/vocabulary/productFeature;http://www4.wiwiss.fu-berlin.de/bizer/bsbm/v01/instances/ProductFeature2404
http://www4.wiwiss.fu-berlin.de/bizer/bsbm/v01/instances/dataFrom/Product921;http://www4.wiwiss.fu-berlin.de/bizer/bsbm/v01/vocabulary/productFeature;http://www4.wiwiss.fu-berlin.de/bizer/bsbm/v01/instances/ProductFeature2406
http://www4.wiwiss.fu-berlin.de/bizer/bsbm/v01/instances/dataFrom/Product921;http://www4.wiwiss.fu-berlin.de/bizer/bsbm/v01/vocabulary/productFeature;http://www4.wiwiss.fu-berlin.de/bizer/bsbm/v01/instances/ProductFeature2410
http://www4.wiwiss.fu-berlin.de/bizer/bsbm/v01/instances/dataFrom/Product921;http://www4.wiwiss.fu-berlin.de/bizer/bsbm/v01/vocabulary/productFeature;http://www4.wiwiss.fu-berlin.de/bizer/bsbm/v01/instances/ProductFeature2412
http://www4.wiwiss.fu-berlin.de/bizer/bsbm/v01/instances/dataFrom/Product921;http://www4.wiwiss.fu-berlin.de/bizer/bsbm/v01/vocabulary/productFeature;http://www4.wiwiss.fu-berlin.de/bizer/bsbm/v01/instances/ProductFeature2415
http://www4.wiwiss.fu-berlin.de/bizer/bsbm/v01/instances/dataFrom/Product921;http://www4.wiwiss.fu-berlin.de/bizer/bsbm/v01/vocabulary/productFeature;http://www4.wiwiss.fu-berlin.de/bizer/bsbm/v01/instances/ProductFeature2430
http://www4.wiwiss.fu-berlin.de/bizer/bsbm/v01/instances/dataFrom/Product921;http://www4.wiwiss.fu-berlin.de/bizer/bsbm/v01/vocabulary/productFeature;http://www4.wiwiss.fu-berlin.de/bizer/bsbm/v01/instances/ProductFeature2435
http://www4.wiwiss.fu-berlin.de/bizer/bsbm/v01/instances/dataFrom/Product921;http://www4.wiwiss.fu-berlin.de/bizer/bsbm/v01/vocabulary/productFeature;http://www4.wiwiss.fu-berlin.de/bizer/bsbm/v01/instances/ProductFeature441
http://www4.wiwiss.fu-berlin.de/bizer/bsbm/v01/instances/dataFrom/Product921;http://www4.wiwiss.fu-berlin.de/bizer/bsbm/v01/vocabulary/productFeature;http://www4.wiwiss.fu-berlin.de/bizer/bsbm/v01/instances/ProductFeature442
http://www4.wiwiss.fu-berlin.de/bizer/bsbm/v01/instances/dataFrom/Product921;http://www4.wiwiss.fu-berlin.de/bizer/bsbm/v01/vocabulary/productFeature;http://www4.wiwiss.fu-berlin.de/bizer/bsbm/v01/instances/ProductFeature445
http://www4.wiwiss.fu-berlin.de/bizer/bsbm/v01/instances/dataFrom/Product921;http://www4.wiwiss.fu-berlin.de/bizer/bsbm/v01/vocabulary/productFeature;http://www4.wiwiss.fu-berlin.de/bizer/bsbm/v01/instances/ProductFeature453
http://www4.wiwiss.fu-berlin.de/bizer/bsbm/v01/instances/dataFrom/Product921;http://www4.wiwiss.fu-berlin.de/bizer/bsbm/v01/vocabulary/productFeature;http://www4.wiwiss.fu-berlin.de/bizer/bsbm/v01/instances/ProductFeature457
http://www4.wiwiss.fu-berlin.de/bizer/bsbm/v01/instances/dataFrom/Product921;http://www4.wiwiss.fu-berlin.de/bizer/bsbm/v01/vocabulary/productFeature;http://www4.wiwiss.fu-berlin.de/bizer/bsbm/v01/instances/ProductFeature458
http://www4.wiwiss.fu-berlin.de/bizer/bsbm/v01/instances/dataFrom/Product921;http://www4.wiwiss.fu-berlin.de/bizer/bsbm/v01/vocabulary/productFeature;http://www4.wiwiss.fu-berlin.de/bizer/bsbm/v01/instances/ProductFeature460
http://www4.wiwiss.fu-berlin.de/bizer/bsbm/v01/instances/dataFrom/Product921;http://www4.wiwiss.fu-berlin.de/bizer/bsbm/v01/vocabulary/productFeature;http://www4.wiwiss.fu-berlin.de/bizer/bsbm/v01/instances/ProductFeature469
http://www4.wiwiss.fu-berlin.de/bizer/bsbm/v01/instances/dataFrom/Product921;http://www4.wiwiss.fu-berlin.de/bizer/bsbm/v01/vocabulary/productFeature;http://www4.wiwiss.fu-berlin.de/bizer/bsbm/v01/instances/ProductFeature24
http://www4.wiwiss.fu-berlin.de/bizer/bsbm/v01/instances/dataFrom/Product921;http://www4.wiwiss.fu-berlin.de/bizer/bsbm/v01/vocabulary/productFeature;http://www4.wiwiss.fu-berlin.de/bizer/bsbm/v01/instances/ProductFeature28
http://www4.wiwiss.fu-berlin.de/bizer/bsbm/v01/instances/dataFrom/Product921;http://www4.wiwiss.fu-berlin.de/bizer/bsbm/v01/vocabulary/productFeature;http://www4.wiwiss.fu-berlin.de/bizer/bsbm/v01/instances/ProductFeature30
http://www4.wiwiss.fu-berlin.de/bizer/bsbm/v01/instances/dataFrom/Product921;http://www4.wiwiss.fu-berlin.de/bizer/bsbm/v01/vocabulary/productFeature;http://www4.wiwiss.fu-berlin.de/bizer/bsbm/v01/instances/ProductFeature33
http://www4.wiwiss.fu-berlin.de/bizer/bsbm/v01/instances/dataFrom/Product921;http://www4.wiwiss.fu-berlin.de/bizer/bsbm/v01/vocabulary/productFeature;http://www4.wiwiss.fu-berlin.de/bizer/bsbm/v01/instances/ProductFeature37
http://www4.wiwiss.fu-berlin.de/bizer/bsbm/v01/instances/dataFrom/Product921;http://www4.wiwiss.fu-berlin.de/bizer/bsbm/v01/vocabulary/producer;http://www4.wiwiss.fu-berlin.de/bizer/bsbm/v01/instances/dataFromProducer19/Producer19
http://www4.wiwiss.fu-berlin.de/bizer/bsbm/v01/instances/dataFrom/Product921;http://purl.org/dc/elements/1.1/publisher;http://www4.wiwiss.fu-berlin.de/bizer/bsbm/v01/instances/dataFromProducer19/Producer19
http://www4.wiwiss.fu-berlin.de/bizer/bsbm/v01/instances/dataFrom/Product921;http://purl.org/dc/elements/1.1/date;2003-02-14
http://www4.wiwiss.fu-berlin.de/bizer/bsbm/v01/instances/dataFrom/Product577;http://www.w3.org/1999/02/22-rdf-syntax-ns#type;http://www4.wiwiss.fu-berlin.de/bizer/bsbm/v01/vocabulary/Product
http://www4.wiwiss.fu-berlin.de/bizer/bsbm/v01/instances/dataFrom/Product577;http://www.w3.org/1999/02/22-rdf-syntax-ns#type;http://www4.wiwiss.fu-berlin.de/bizer/bsbm/v01/instances/ProductType79
http://www4.wiwiss.fu-berlin.de/bizer/bsbm/v01/instances/dataFrom/Product577;http://www.w3.org/2000/01/rdf-schema#label;valuation vindication
http://www4.wiwiss.fu-berlin.de/bizer/bsbm/v01/instances/dataFrom/Product577;http://www.w3.org/2000/01/rdf-schema#comment;vocational orangiest nances statal perique whinnier shipworms remorses storming tidiest deforesting trothing unslaked merged rooting revenging denuclearize outproduces prevailers obstructiveness badinaging prerecorded henrys bestrides elongates rounds basely splosh plucked fealties emulsifying nonviable cheekiest dugong warders thieved westernized delusionary satiated quiverers bullwhips bowered cruciate twangles shoplifter depravity polymerize slams reverencer smirched enveloped elicits eatings syllogistically discomforts bombs demeaned alders teratological forzandos bookmaking feministic logicize resharpened canvaslike spelt interspersed biotechnological razored clearing dumbwaiters amasser whackier reformated foyers preappearances blackballs cumulates grouped trembling halvahs ophthalmoscopy balkans lido imperilled advertently neckties genocidal reinfects nakedly imputes leukemic cuirassed sealable shocked hearings
http://www4.wiwiss.fu-berlin.de/bizer/bsbm/v01/instances/dataFrom/Product577;http://www4.wiwiss.fu-berlin.de/bizer/bsbm/v01/vocabulary/productPropertyNumeric1;755
http://www4.wiwiss.fu-berlin.de/bizer/bsbm/v01/instances/dataFrom/Product577;http://www4.wiwiss.fu-berlin.de/bizer/bsbm/v01/vocabulary/productPropertyNumeric2;1190
http://www4.wiwiss.fu-berlin.de/bizer/bsbm/v01/instances/dataFrom/Product577;http://www4.wiwiss.fu-berlin.de/bizer/bsbm/v01/vocabulary/productPropertyNumeric3;455
http://www4.wiwiss.fu-berlin.de/bizer/bsbm/v01/instances/dataFrom/Product577;http://www4.wiwiss.fu-berlin.de/bizer/bsbm/v01/vocabulary/productPropertyNumeric4;750
http://www4.wiwiss.fu-berlin.de/bizer/bsbm/v01/instances/dataFrom/Product577;http://www4.wiwiss.fu-berlin.de/bizer/bsbm/v01/vocabulary/productPropertyNumeric5;160
http://www4.wiwiss.fu-berlin.de/bizer/bsbm/v01/instances/dataFrom/Product577;http://www4.wiwiss.fu-berlin.de/bizer/bsbm/v01/vocabulary/productPropertyTextual1;demagogy grueler frettiest rotors hymenopterous phototherapies capelan gastroscopic sympathizing denunciations manifestly prevailingly liquids sexless garrote
http://www4.wiwiss.fu-berlin.de/bizer/bsbm/v01/instances/dataFrom/Product577;http://www4.wiwiss.fu-berlin.de/bizer/bsbm/v01/vocabulary/productPropertyTextual2;tainting socially kales impuissance kris blowsily saltcellar disciplines immemorially mincy oxhearts catamaran scavenger isostatically
http://www4.wiwiss.fu-berlin.de/bizer/bsbm/v01/instances/dataFrom/Product577;http://www4.wiwiss.fu-berlin.de/bizer/bsbm/v01/vocabulary/productPropertyTextual3;titulary payment careered slouching overdiligent
http://www4.wiwiss.fu-berlin.de/bizer/bsbm/v01/instances/dataFrom/Product577;http://www4.wiwiss.fu-berlin.de/bizer/bsbm/v01/vocabulary/productPropertyTextual4;obligator commenced trampolinists suborbital
http://www4.wiwiss.fu-berlin.de/bizer/bsbm/v01/instances/dataFrom/Product577;http://www4.wiwiss.fu-berlin.de/bizer/bsbm/v01/vocabulary/productPropertyTextual5;tollages effortlessness bookplates stirrups retractable leaner
http://www4.wiwiss.fu-berlin.de/bizer/bsbm/v01/instances/dataFrom/Product577;http://www4.wiwiss.fu-berlin.de/bizer/bsbm/v01/vocabulary/productFeature;http://www4.wiwiss.fu-berlin.de/bizer/bsbm/v01/instances/ProductFeature2404
http://www4.wiwiss.fu-berlin.de/bizer/bsbm/v01/instances/dataFrom/Product577;http://www4.wiwiss.fu-berlin.de/bizer/bsbm/v01/vocabulary/productFeature;http://www4.wiwiss.fu-berlin.de/bizer/bsbm/v01/instances/ProductFeature2406
http://www4.wiwiss.fu-berlin.de/bizer/bsbm/v01/instances/dataFrom/Product577;http://www4.wiwiss.fu-berlin.de/bizer/bsbm/v01/vocabulary/productFeature;http://www4.wiwiss.fu-berlin.de/bizer/bsbm/v01/instances/ProductFeature2410
http://www4.wiwiss.fu-berlin.de/bizer/bsbm/v01/instances/dataFrom/Product577;http://www4.wiwiss.fu-berlin.de/bizer/bsbm/v01/vocabulary/productFeature;http://www4.wiwiss.fu-berlin.de/bizer/bsbm/v01/instances/ProductFeature2412
http://www4.wiwiss.fu-berlin.de/bizer/bsbm/v01/instances/dataFrom/Product577;http://www4.wiwiss.fu-berlin.de/bizer/bsbm/v01/vocabulary/productFeature;http://www4.wiwiss.fu-berlin.de/bizer/bsbm/v01/instances/ProductFeature2415
http://www4.wiwiss.fu-berlin.de/bizer/bsbm/v01/instances/dataFrom/Product577;http://www4.wiwiss.fu-berlin.de/bizer/bsbm/v01/vocabulary/productFeature;http://www4.wiwiss.fu-berlin.de/bizer/bsbm/v01/instances/ProductFeature2430
http://www4.wiwiss.fu-berlin.de/bizer/bsbm/v01/instances/dataFrom/Product577;http://www4.wiwiss.fu-berlin.de/bizer/bsbm/v01/vocabulary/productFeature;http://www4.wiwiss.fu-berlin.de/bizer/bsbm/v01/instances/ProductFeature2435
http://www4.wiwiss.fu-berlin.de/bizer/bsbm/v01/instances/dataFrom/Product577;http://www4.wiwiss.fu-berlin.de/bizer/bsbm/v01/vocabulary/productFeature;http://www4.wiwiss.fu-berlin.de/bizer/bsbm/v01/instances/ProductFeature441
http://www4.wiwiss.fu-berlin.de/bizer/bsbm/v01/instances/dataFrom/Product577;http://www4.wiwiss.fu-berlin.de/bizer/bsbm/v01/vocabulary/productFeature;http://www4.wiwiss.fu-berlin.de/bizer/bsbm/v01/instances/ProductFeature442
http://www4.wiwiss.fu-berlin.de/bizer/bsbm/v01/instances/dataFrom/Product577;http://www4.wiwiss.fu-berlin.de/bizer/bsbm/v01/vocabulary/productFeature;http://www4.wiwiss.fu-berlin.de/bizer/bsbm/v01/instances/ProductFeature445
http://www4.wiwiss.fu-berlin.de/bizer/bsbm/v01/instances/dataFrom/Product577;http://www4.wiwiss.fu-berlin.de/bizer/bsbm/v01/vocabulary/productFeature;http://www4.wiwiss.fu-berlin.de/bizer/bsbm/v01/instances/ProductFeature453
http://www4.wiwiss.fu-berlin.de/bizer/bsbm/v01/instances/dataFrom/Product577;http://www4.wiwiss.fu-berlin.de/bizer/bsbm/v01/vocabulary/productFeature;http://www4.wiwiss.fu-berlin.de/bizer/bsbm/v01/instances/ProductFeature457
http://www4.wiwiss.fu-berlin.de/bizer/bsbm/v01/instances/dataFrom/Product577;http://www4.wiwiss.fu-berlin.de/bizer/bsbm/v01/vocabulary/productFeature;http://www4.wiwiss.fu-berlin.de/bizer/bsbm/v01/instances/ProductFeature458
http://www4.wiwiss.fu-berlin.de/bizer/bsbm/v01/instances/dataFrom/Product577;http://www4.wiwiss.fu-berlin.de/bizer/bsbm/v01/vocabulary/productFeature;http://www4.wiwiss.fu-berlin.de/bizer/bsbm/v01/instances/ProductFeature460
http://www4.wiwiss.fu-berlin.de/bizer/bsbm/v01/instances/dataFrom/Product577;http://www4.wiwiss.fu-berlin.de/bizer/bsbm/v01/vocabulary/productFeature;http://www4.wiwiss.fu-berlin.de/bizer/bsbm/v01/instances/ProductFeature469
http://www4.wiwiss.fu-berlin.de/bizer/bsbm/v01/instances/dataFrom/Product577;http://www4.wiwiss.fu-berlin.de/bizer/bsbm/v01/vocabulary/productFeature;http://www4.wiwiss.fu-berlin.de/bizer/bsbm/v01/instances/ProductFeature24
http://www4.wiwiss.fu-berlin.de/bizer/bsbm/v01/instances/dataFrom/Product577;http://www4.wiwiss.fu-berlin.de/bizer/bsbm/v01/vocabulary/productFeature;http://www4.wiwiss.fu-berlin.de/bizer/bsbm/v01/instances/ProductFeature28
http://www4.wiwiss.fu-berlin.de/bizer/bsbm/v01/instances/dataFrom/Product577;http://www4.wiwiss.fu-berlin.de/bizer/bsbm/v01/vocabulary/productFeature;http://www4.wiwiss.fu-berlin.de/bizer/bsbm/v01/instances/ProductFeature30
http://www4.wiwiss.fu-berlin.de/bizer/bsbm/v01/instances/dataFrom/Product577;http://www4.wiwiss.fu-berlin.de/bizer/bsbm/v01/vocabulary/productFeature;http://www4.wiwiss.fu-berlin.de/bizer/bsbm/v01/instances/ProductFeature33
http://www4.wiwiss.fu-berlin.de/bizer/bsbm/v01/instances/dataFrom/Product577;http://www4.wiwiss.fu-berlin.de/bizer/bsbm/v01/vocabulary/productFeature;http://www4.wiwiss.fu-berlin.de/bizer/bsbm/v01/instances/ProductFeature37
http://www4.wiwiss.fu-berlin.de/bizer/bsbm/v01/instances/dataFrom/Product577;http://www4.wiwiss.fu-berlin.de/bizer/bsbm/v01/vocabulary/producer;http://www4.wiwiss.fu-berlin.de/bizer/bsbm/v01/instances/dataFromProducer19/Producer19
http://www4.wiwiss.fu-berlin.de/bizer/bsbm/v01/instances/dataFrom/Product577;http://purl.org/dc/elements/1.1/publisher;http://www4.wiwiss.fu-berlin.de/bizer/bsbm/v01/instances/dataFromProducer19/Producer19
http://www4.wiwiss.fu-berlin.de/bizer/bsbm/v01/instances/dataFrom/Product577;http://purl.org/dc/elements/1.1/date;2003-02-14
http://www4.wiwiss.fu-berlin.de/bizer/bsbm/v01/instances/dataFrom/Product765;http://www.w3.org/1999/02/22-rdf-syntax-ns#type;http://www4.wiwiss.fu-berlin.de/bizer/bsbm/v01/vocabulary/Product
http://www4.wiwiss.fu-berlin.de/bizer/bsbm/v01/instances/dataFrom/Product765;http://www.w3.org/1999/02/22-rdf-syntax-ns#type;http://www4.wiwiss.fu-berlin.de/bizer/bsbm/v01/instances/ProductType79
http://www4.wiwiss.fu-berlin.de/bizer/bsbm/v01/instances/dataFrom/Product765;http://www.w3.org/2000/01/rdf-schema#label;valuation vindication
http://www4.wiwiss.fu-berlin.de/bizer/bsbm/v01/instances/dataFrom/Product765;http://www.w3.org/2000/01/rdf-schema#comment;vocational orangiest nances statal perique whinnier shipworms remorses storming tidiest deforesting trothing unslaked merged rooting revenging denuclearize outproduces prevailers obstructiveness badinaging prerecorded henrys bestrides elongates rounds basely splosh plucked fealties emulsifying nonviable cheekiest dugong warders thieved westernized delusionary satiated quiverers bullwhips bowered cruciate twangles shoplifter depravity polymerize slams reverencer smirched enveloped elicits eatings syllogistically discomforts bombs demeaned alders teratological forzandos bookmaking feministic logicize resharpened canvaslike spelt interspersed biotechnological razored clearing dumbwaiters amasser whackier reformated foyers preappearances blackballs cumulates grouped trembling halvahs ophthalmoscopy balkans lido imperilled advertently neckties genocidal reinfects nakedly imputes leukemic cuirassed sealable shocked hearings
http://www4.wiwiss.fu-berlin.de/bizer/bsbm/v01/instances/dataFrom/Product765;http://www4.wiwiss.fu-berlin.de/bizer/bsbm/v01/vocabulary/productPropertyNumeric1;755
http://www4.wiwiss.fu-berlin.de/bizer/bsbm/v01/instances/dataFrom/Product765;http://www4.wiwiss.fu-berlin.de/bizer/bsbm/v01/vocabulary/productPropertyNumeric2;1190
http://www4.wiwiss.fu-berlin.de/bizer/bsbm/v01/instances/dataFrom/Product765;http://www4.wiwiss.fu-berlin.de/bizer/bsbm/v01/vocabulary/productPropertyNumeric3;455
http://www4.wiwiss.fu-berlin.de/bizer/bsbm/v01/instances/dataFrom/Product765;http://www4.wiwiss.fu-berlin.de/bizer/bsbm/v01/vocabulary/productPropertyNumeric4;750
http://www4.wiwiss.fu-berlin.de/bizer/bsbm/v01/instances/dataFrom/Product765;http://www4.wiwiss.fu-berlin.de/bizer/bsbm/v01/vocabulary/productPropertyNumeric5;160
http://www4.wiwiss.fu-berlin.de/bizer/bsbm/v01/instances/dataFrom/Product765;http://www4.wiwiss.fu-berlin.de/bizer/bsbm/v01/vocabulary/productPropertyTextual1;demagogy grueler frettiest rotors hymenopterous phototherapies capelan gastroscopic sympathizing denunciations manifestly prevailingly liquids sexless garrote
http://www4.wiwiss.fu-berlin.de/bizer/bsbm/v01/instances/dataFrom/Product765;http://www4.wiwiss.fu-berlin.de/bizer/bsbm/v01/vocabulary/productPropertyTextual2;tainting socially kales impuissance kris blowsily saltcellar disciplines immemorially mincy oxhearts catamaran scavenger isostatically
http://www4.wiwiss.fu-berlin.de/bizer/bsbm/v01/instances/dataFrom/Product765;http://www4.wiwiss.fu-berlin.de/bizer/bsbm/v01/vocabulary/productPropertyTextual3;titulary payment careered slouching overdiligent
http://www4.wiwiss.fu-berlin.de/bizer/bsbm/v01/instances/dataFrom/Product765;http://www4.wiwiss.fu-berlin.de/bizer/bsbm/v01/vocabulary/productPropertyTextual4;obligator commenced trampolinists suborbital
http://www4.wiwiss.fu-berlin.de/bizer/bsbm/v01/instances/dataFrom/Product765;http://www4.wiwiss.fu-berlin.de/bizer/bsbm/v01/vocabulary/productPropertyTextual5;tollages effortlessness bookplates stirrups retractable leaner
http://www4.wiwiss.fu-berlin.de/bizer/bsbm/v01/instances/dataFrom/Product765;http://www4.wiwiss.fu-berlin.de/bizer/bsbm/v01/vocabulary/productFeature;http://www4.wiwiss.fu-berlin.de/bizer/bsbm/v01/instances/ProductFeature2404
http://www4.wiwiss.fu-berlin.de/bizer/bsbm/v01/instances/dataFrom/Product765;http://www4.wiwiss.fu-berlin.de/bizer/bsbm/v01/vocabulary/productFeature;http://www4.wiwiss.fu-berlin.de/bizer/bsbm/v01/instances/ProductFeature2406
http://www4.wiwiss.fu-berlin.de/bizer/bsbm/v01/instances/dataFrom/Product765;http://www4.wiwiss.fu-berlin.de/bizer/bsbm/v01/vocabulary/productFeature;http://www4.wiwiss.fu-berlin.de/bizer/bsbm/v01/instances/ProductFeature2410
http://www4.wiwiss.fu-berlin.de/bizer/bsbm/v01/instances/dataFrom/Product765;http://www4.wiwiss.fu-berlin.de/bizer/bsbm/v01/vocabulary/productFeature;http://www4.wiwiss.fu-berlin.de/bizer/bsbm/v01/instances/ProductFeature2412
http://www4.wiwiss.fu-berlin.de/bizer/bsbm/v01/instances/dataFrom/Product765;http://www4.wiwiss.fu-berlin.de/bizer/bsbm/v01/vocabulary/productFeature;http://www4.wiwiss.fu-berlin.de/bizer/bsbm/v01/instances/ProductFeature2415
http://www4.wiwiss.fu-berlin.de/bizer/bsbm/v01/instances/dataFrom/Product765;http://www4.wiwiss.fu-berlin.de/bizer/bsbm/v01/vocabulary/productFeature;http://www4.wiwiss.fu-berlin.de/bizer/bsbm/v01/instances/ProductFeature2430
http://www4.wiwiss.fu-berlin.de/bizer/bsbm/v01/instances/dataFrom/Product765;http://www4.wiwiss.fu-berlin.de/bizer/bsbm/v01/vocabulary/productFeature;http://www4.wiwiss.fu-berlin.de/bizer/bsbm/v01/instances/ProductFeature2435
http://www4.wiwiss.fu-berlin.de/bizer/bsbm/v01/instances/dataFrom/Product765;http://www4.wiwiss.fu-berlin.de/bizer/bsbm/v01/vocabulary/productFeature;http://www4.wiwiss.fu-berlin.de/bizer/bsbm/v01/instances/ProductFeature441
http://www4.wiwiss.fu-berlin.de/bizer/bsbm/v01/instances/dataFrom/Product765;http://www4.wiwiss.fu-berlin.de/bizer/bsbm/v01/vocabulary/productFeature;http://www4.wiwiss.fu-berlin.de/bizer/bsbm/v01/instances/ProductFeature442
http://www4.wiwiss.fu-berlin.de/bizer/bsbm/v01/instances/dataFrom/Product765;http://www4.wiwiss.fu-berlin.de/bizer/bsbm/v01/vocabulary/productFeature;http://www4.wiwiss.fu-berlin.de/bizer/bsbm/v01/instances/ProductFeature445
http://www4.wiwiss.fu-berlin.de/bizer/bsbm/v01/instances/dataFrom/Product765;http://www4.wiwiss.fu-berlin.de/bizer/bsbm/v01/vocabulary/productFeature;http://www4.wiwiss.fu-berlin.de/bizer/bsbm/v01/instances/ProductFeature453
http://www4.wiwiss.fu-berlin.de/bizer/bsbm/v01/instances/dataFrom/Product765;http://www4.wiwiss.fu-berlin.de/bizer/bsbm/v01/vocabulary/productFeature;http://www4.wiwiss.fu-berlin.de/bizer/bsbm/v01/instances/ProductFeature457
http://www4.wiwiss.fu-berlin.de/bizer/bsbm/v01/instances/dataFrom/Product765;http://www4.wiwiss.fu-berlin.de/bizer/bsbm/v01/vocabulary/productFeature;http://www4.wiwiss.fu-berlin.de/bizer/bsbm/v01/instances/ProductFeature458
http://www4.wiwiss.fu-berlin.de/bizer/bsbm/v01/instances/dataFrom/Product765;http://www4.wiwiss.fu-berlin.de/bizer/bsbm/v01/vocabulary/productFeature;http://www4.wiwiss.fu-berlin.de/bizer/bsbm/v01/instances/ProductFeature460
http://www4.wiwiss.fu-berlin.de/bizer/bsbm/v01/instances/dataFrom/Product765;http://www4.wiwiss.fu-berlin.de/bizer/bsbm/v01/vocabulary/productFeature;http://www4.wiwiss.fu-berlin.de/bizer/bsbm/v01/instances/ProductFeature469
http://www4.wiwiss.fu-berlin.de/bizer/bsbm/v01/instances/dataFrom/Product765;http://www4.wiwiss.fu-berlin.de/bizer/bsbm/v01/vocabulary/productFeature;http://www4.wiwiss.fu-berlin.de/bizer/bsbm/v01/instances/ProductFeature24
http://www4.wiwiss.fu-berlin.de/bizer/bsbm/v01/instances/dataFrom/Product765;http://www4.wiwiss.fu-berlin.de/bizer/bsbm/v01/vocabulary/productFeature;http://www4.wiwiss.fu-berlin.de/bizer/bsbm/v01/instances/ProductFeature28
http://www4.wiwiss.fu-berlin.de/bizer/bsbm/v01/instances/dataFrom/Product765;http://www4.wiwiss.fu-berlin.de/bizer/bsbm/v01/vocabulary/productFeature;http://www4.wiwiss.fu-berlin.de/bizer/bsbm/v01/instances/ProductFeature30
http://www4.wiwiss.fu-berlin.de/bizer/bsbm/v01/instances/dataFrom/Product765;http://www4.wiwiss.fu-berlin.de/bizer/bsbm/v01/vocabulary/productFeature;http://www4.wiwiss.fu-berlin.de/bizer/bsbm/v01/instances/ProductFeature33
http://www4.wiwiss.fu-berlin.de/bizer/bsbm/v01/instances/dataFrom/Product765;http://www4.wiwiss.fu-berlin.de/bizer/bsbm/v01/vocabulary/productFeature;http://www4.wiwiss.fu-berlin.de/bizer/bsbm/v01/instances/ProductFeature37
http://www4.wiwiss.fu-berlin.de/bizer/bsbm/v01/instances/dataFrom/Product765;http://www4.wiwiss.fu-berlin.de/bizer/bsbm/v01/vocabulary/producer;http://www4.wiwiss.fu-berlin.de/bizer/bsbm/v01/instances/dataFromProducer19/Producer19
http://www4.wiwiss.fu-berlin.de/bizer/bsbm/v01/instances/dataFrom/Product765;http://purl.org/dc/elements/1.1/publisher;http://www4.wiwiss.fu-berlin.de/bizer/bsbm/v01/instances/dataFromProducer19/Producer19
http://www4.wiwiss.fu-berlin.de/bizer/bsbm/v01/instances/dataFrom/Product765;http://purl.org/dc/elements/1.1/date;2003-02-14
http://www4.wiwiss.fu-berlin.de/bizer/bsbm/v01/instances/dataFrom/Product497;http://www.w3.org/1999/02/22-rdf-syntax-ns#type;http://www4.wiwiss.fu-berlin.de/bizer/bsbm/v01/vocabulary/Product
http://www4.wiwiss.fu-berlin.de/bizer/bsbm/v01/instances/dataFrom/Product497;http://www.w3.org/1999/02/22-rdf-syntax-ns#type;http://www4.wiwiss.fu-berlin.de/bizer/bsbm/v01/instances/ProductType79
http://www4.wiwiss.fu-berlin.de/bizer/bsbm/v01/instances/dataFrom/Product497;http://www.w3.org/2000/01/rdf-schema#label;valuation vindication
http://www4.wiwiss.fu-berlin.de/bizer/bsbm/v01/instances/dataFrom/Product497;http://www.w3.org/2000/01/rdf-schema#comment;vocational orangiest nances statal perique whinnier shipworms remorses storming tidiest deforesting trothing unslaked merged rooting revenging denuclearize outproduces prevailers obstructiveness badinaging prerecorded henrys bestrides elongates rounds basely splosh plucked fealties emulsifying nonviable cheekiest dugong warders thieved westernized delusionary satiated quiverers bullwhips bowered cruciate twangles shoplifter depravity polymerize slams reverencer smirched enveloped elicits eatings syllogistically discomforts bombs demeaned alders teratological forzandos bookmaking feministic logicize resharpened canvaslike spelt interspersed biotechnological razored clearing dumbwaiters amasser whackier reformated foyers preappearances blackballs cumulates grouped trembling halvahs ophthalmoscopy balkans lido imperilled advertently neckties genocidal reinfects nakedly imputes leukemic cuirassed sealable shocked hearings
http://www4.wiwiss.fu-berlin.de/bizer/bsbm/v01/instances/dataFrom/Product497;http://www4.wiwiss.fu-berlin.de/bizer/bsbm/v01/vocabulary/productPropertyNumeric1;755
http://www4.wiwiss.fu-berlin.de/bizer/bsbm/v01/instances/dataFrom/Product497;http://www4.wiwiss.fu-berlin.de/bizer/bsbm/v01/vocabulary/productPropertyNumeric2;1190
http://www4.wiwiss.fu-berlin.de/bizer/bsbm/v01/instances/dataFrom/Product497;http://www4.wiwiss.fu-berlin.de/bizer/bsbm/v01/vocabulary/productPropertyNumeric3;455
http://www4.wiwiss.fu-berlin.de/bizer/bsbm/v01/instances/dataFrom/Product497;http://www4.wiwiss.fu-berlin.de/bizer/bsbm/v01/vocabulary/productPropertyNumeric4;750
http://www4.wiwiss.fu-berlin.de/bizer/bsbm/v01/instances/dataFrom/Product497;http://www4.wiwiss.fu-berlin.de/bizer/bsbm/v01/vocabulary/productPropertyNumeric5;160
http://www4.wiwiss.fu-berlin.de/bizer/bsbm/v01/instances/dataFrom/Product497;http://www4.wiwiss.fu-berlin.de/bizer/bsbm/v01/vocabulary/productPropertyTextual1;demagogy grueler frettiest rotors hymenopterous phototherapies capelan gastroscopic sympathizing denunciations manifestly prevailingly liquids sexless garrote
http://www4.wiwiss.fu-berlin.de/bizer/bsbm/v01/instances/dataFrom/Product497;http://www4.wiwiss.fu-berlin.de/bizer/bsbm/v01/vocabulary/productPropertyTextual2;tainting socially kales impuissance kris blowsily saltcellar disciplines immemorially mincy oxhearts catamaran scavenger isostatically
http://www4.wiwiss.fu-berlin.de/bizer/bsbm/v01/instances/dataFrom/Product497;http://www4.wiwiss.fu-berlin.de/bizer/bsbm/v01/vocabulary/productPropertyTextual3;titulary payment careered slouching overdiligent
http://www4.wiwiss.fu-berlin.de/bizer/bsbm/v01/instances/dataFrom/Product497;http://www4.wiwiss.fu-berlin.de/bizer/bsbm/v01/vocabulary/productPropertyTextual4;obligator commenced trampolinists suborbital
http://www4.wiwiss.fu-berlin.de/bizer/bsbm/v01/instances/dataFrom/Product497;http://www4.wiwiss.fu-berlin.de/bizer/bsbm/v01/vocabulary/productPropertyTextual5;tollages effortlessness bookplates stirrups retractable leaner
http://www4.wiwiss.fu-berlin.de/bizer/bsbm/v01/instances/dataFrom/Product497;http://www4.wiwiss.fu-berlin.de/bizer/bsbm/v01/vocabulary/productFeature;http://www4.wiwiss.fu-berlin.de/bizer/bsbm/v01/instances/ProductFeature2404
http://www4.wiwiss.fu-berlin.de/bizer/bsbm/v01/instances/dataFrom/Product497;http://www4.wiwiss.fu-berlin.de/bizer/bsbm/v01/vocabulary/productFeature;http://www4.wiwiss.fu-berlin.de/bizer/bsbm/v01/instances/ProductFeature2406
http://www4.wiwiss.fu-berlin.de/bizer/bsbm/v01/instances/dataFrom/Product497;http://www4.wiwiss.fu-berlin.de/bizer/bsbm/v01/vocabulary/productFeature;http://www4.wiwiss.fu-berlin.de/bizer/bsbm/v01/instances/ProductFeature2410
http://www4.wiwiss.fu-berlin.de/bizer/bsbm/v01/instances/dataFrom/Product497;http://www4.wiwiss.fu-berlin.de/bizer/bsbm/v01/vocabulary/productFeature;http://www4.wiwiss.fu-berlin.de/bizer/bsbm/v01/instances/ProductFeature2412
http://www4.wiwiss.fu-berlin.de/bizer/bsbm/v01/instances/dataFrom/Product497;http://www4.wiwiss.fu-berlin.de/bizer/bsbm/v01/vocabulary/productFeature;http://www4.wiwiss.fu-berlin.de/bizer/bsbm/v01/instances/ProductFeature2415
http://www4.wiwiss.fu-berlin.de/bizer/bsbm/v01/instances/dataFrom/Product497;http://www4.wiwiss.fu-berlin.de/bizer/bsbm/v01/vocabulary/productFeature;http://www4.wiwiss.fu-berlin.de/bizer/bsbm/v01/instances/ProductFeature2430
http://www4.wiwiss.fu-berlin.de/bizer/bsbm/v01/instances/dataFrom/Product497;http://www4.wiwiss.fu-berlin.de/bizer/bsbm/v01/vocabulary/productFeature;http://www4.wiwiss.fu-berlin.de/bizer/bsbm/v01/instances/ProductFeature2435
http://www4.wiwiss.fu-berlin.de/bizer/bsbm/v01/instances/dataFrom/Product497;http://www4.wiwiss.fu-berlin.de/bizer/bsbm/v01/vocabulary/productFeature;http://www4.wiwiss.fu-berlin.de/bizer/bsbm/v01/instances/ProductFeature441
http://www4.wiwiss.fu-berlin.de/bizer/bsbm/v01/instances/dataFrom/Product497;http://www4.wiwiss.fu-berlin.de/bizer/bsbm/v01/vocabulary/productFeature;http://www4.wiwiss.fu-berlin.de/bizer/bsbm/v01/instances/ProductFeature442
http://www4.wiwiss.fu-berlin.de/bizer/bsbm/v01/instances/dataFrom/Product497;http://www4.wiwiss.fu-berlin.de/bizer/bsbm/v01/vocabulary/productFeature;http://www4.wiwiss.fu-berlin.de/bizer/bsbm/v01/instances/ProductFeature445
http://www4.wiwiss.fu-berlin.de/bizer/bsbm/v01/instances/dataFrom/Product497;http://www4.wiwiss.fu-berlin.de/bizer/bsbm/v01/vocabulary/productFeature;http://www4.wiwiss.fu-berlin.de/bizer/bsbm/v01/instances/ProductFeature453
http://www4.wiwiss.fu-berlin.de/bizer/bsbm/v01/instances/dataFrom/Product497;http://www4.wiwiss.fu-berlin.de/bizer/bsbm/v01/vocabulary/productFeature;http://www4.wiwiss.fu-berlin.de/bizer/bsbm/v01/instances/ProductFeature457
http://www4.wiwiss.fu-berlin.de/bizer/bsbm/v01/instances/dataFrom/Product497;http://www4.wiwiss.fu-berlin.de/bizer/bsbm/v01/vocabulary/productFeature;http://www4.wiwiss.fu-berlin.de/bizer/bsbm/v01/instances/ProductFeature458
http://www4.wiwiss.fu-berlin.de/bizer/bsbm/v01/instances/dataFrom/Product497;http://www4.wiwiss.fu-berlin.de/bizer/bsbm/v01/vocabulary/productFeature;http://www4.wiwiss.fu-berlin.de/bizer/bsbm/v01/instances/ProductFeature460
http://www4.wiwiss.fu-berlin.de/bizer/bsbm/v01/instances/dataFrom/Product497;http://www4.wiwiss.fu-berlin.de/bizer/bsbm/v01/vocabulary/productFeature;http://www4.wiwiss.fu-berlin.de/bizer/bsbm/v01/instances/ProductFeature469
http://www4.wiwiss.fu-berlin.de/bizer/bsbm/v01/instances/dataFrom/Product497;http://www4.wiwiss.fu-berlin.de/bizer/bsbm/v01/vocabulary/productFeature;http://www4.wiwiss.fu-berlin.de/bizer/bsbm/v01/instances/ProductFeature24
http://www4.wiwiss.fu-berlin.de/bizer/bsbm/v01/instances/dataFrom/Product497;http://www4.wiwiss.fu-berlin.de/bizer/bsbm/v01/vocabulary/productFeature;http://www4.wiwiss.fu-berlin.de/bizer/bsbm/v01/instances/ProductFeature28
http://www4.wiwiss.fu-berlin.de/bizer/bsbm/v01/instances/dataFrom/Product497;http://www4.wiwiss.fu-berlin.de/bizer/bsbm/v01/vocabulary/productFeature;http://www4.wiwiss.fu-berlin.de/bizer/bsbm/v01/instances/ProductFeature30
http://www4.wiwiss.fu-berlin.de/bizer/bsbm/v01/instances/dataFrom/Product497;http://www4.wiwiss.fu-berlin.de/bizer/bsbm/v01/vocabulary/productFeature;http://www4.wiwiss.fu-berlin.de/bizer/bsbm/v01/instances/ProductFeature33
http://www4.wiwiss.fu-berlin.de/bizer/bsbm/v01/instances/dataFrom/Product497;http://www4.wiwiss.fu-berlin.de/bizer/bsbm/v01/vocabulary/productFeature;http://www4.wiwiss.fu-berlin.de/bizer/bsbm/v01/instances/ProductFeature37
http://www4.wiwiss.fu-berlin.de/bizer/bsbm/v01/instances/dataFrom/Product497;http://www4.wiwiss.fu-berlin.de/bizer/bsbm/v01/vocabulary/producer;http://www4.wiwiss.fu-berlin.de/bizer/bsbm/v01/instances/dataFromProducer19/Producer19
http://www4.wiwiss.fu-berlin.de/bizer/bsbm/v01/instances/dataFrom/Product497;http://purl.org/dc/elements/1.1/publisher;http://www4.wiwiss.fu-berlin.de/bizer/bsbm/v01/instances/dataFromProducer19/Producer19
http://www4.wiwiss.fu-berlin.de/bizer/bsbm/v01/instances/dataFrom/Product497;http://purl.org/dc/elements/1.1/date;2003-02-14
http://www4.wiwiss.fu-berlin.de/bizer/bsbm/v01/instances/dataFrom/Product597;http://www.w3.org/1999/02/22-rdf-syntax-ns#type;http://www4.wiwiss.fu-berlin.de/bizer/bsbm/v01/vocabulary/Product
http://www4.wiwiss.fu-berlin.de/bizer/bsbm/v01/instances/dataFrom/Product597;http://www.w3.org/1999/02/22-rdf-syntax-ns#type;http://www4.wiwiss.fu-berlin.de/bizer/bsbm/v01/instances/ProductType79
http://www4.wiwiss.fu-berlin.de/bizer/bsbm/v01/instances/dataFrom/Product597;http://www.w3.org/2000/01/rdf-schema#label;valuation vindication
http://www4.wiwiss.fu-berlin.de/bizer/bsbm/v01/instances/dataFrom/Product597;http://www.w3.org/2000/01/rdf-schema#comment;vocational orangiest nances statal perique whinnier shipworms remorses storming tidiest deforesting trothing unslaked merged rooting revenging denuclearize outproduces prevailers obstructiveness badinaging prerecorded henrys bestrides elongates rounds basely splosh plucked fealties emulsifying nonviable cheekiest dugong warders thieved westernized delusionary satiated quiverers bullwhips bowered cruciate twangles shoplifter depravity polymerize slams reverencer smirched enveloped elicits eatings syllogistically discomforts bombs demeaned alders teratological forzandos bookmaking feministic logicize resharpened canvaslike spelt interspersed biotechnological razored clearing dumbwaiters amasser whackier reformated foyers preappearances blackballs cumulates grouped trembling halvahs ophthalmoscopy balkans lido imperilled advertently neckties genocidal reinfects nakedly imputes leukemic cuirassed sealable shocked hearings
http://www4.wiwiss.fu-berlin.de/bizer/bsbm/v01/instances/dataFrom/Product597;http://www4.wiwiss.fu-berlin.de/bizer/bsbm/v01/vocabulary/productPropertyNumeric1;755
http://www4.wiwiss.fu-berlin.de/bizer/bsbm/v01/instances/dataFrom/Product597;http://www4.wiwiss.fu-berlin.de/bizer/bsbm/v01/vocabulary/productPropertyNumeric2;1190
http://www4.wiwiss.fu-berlin.de/bizer/bsbm/v01/instances/dataFrom/Product597;http://www4.wiwiss.fu-berlin.de/bizer/bsbm/v01/vocabulary/productPropertyNumeric3;455
http://www4.wiwiss.fu-berlin.de/bizer/bsbm/v01/instances/dataFrom/Product597;http://www4.wiwiss.fu-berlin.de/bizer/bsbm/v01/vocabulary/productPropertyNumeric4;750
http://www4.wiwiss.fu-berlin.de/bizer/bsbm/v01/instances/dataFrom/Product597;http://www4.wiwiss.fu-berlin.de/bizer/bsbm/v01/vocabulary/productPropertyNumeric5;160
http://www4.wiwiss.fu-berlin.de/bizer/bsbm/v01/instances/dataFrom/Product597;http://www4.wiwiss.fu-berlin.de/bizer/bsbm/v01/vocabulary/productPropertyTextual1;demagogy grueler frettiest rotors hymenopterous phototherapies capelan gastroscopic sympathizing denunciations manifestly prevailingly liquids sexless garrote
http://www4.wiwiss.fu-berlin.de/bizer/bsbm/v01/instances/dataFrom/Product597;http://www4.wiwiss.fu-berlin.de/bizer/bsbm/v01/vocabulary/productPropertyTextual2;tainting socially kales impuissance kris blowsily saltcellar disciplines immemorially mincy oxhearts catamaran scavenger isostatically
http://www4.wiwiss.fu-berlin.de/bizer/bsbm/v01/instances/dataFrom/Product597;http://www4.wiwiss.fu-berlin.de/bizer/bsbm/v01/vocabulary/productPropertyTextual3;titulary payment careered slouching overdiligent
http://www4.wiwiss.fu-berlin.de/bizer/bsbm/v01/instances/dataFrom/Product597;http://www4.wiwiss.fu-berlin.de/bizer/bsbm/v01/vocabulary/productPropertyTextual4;obligator commenced trampolinists suborbital
http://www4.wiwiss.fu-berlin.de/bizer/bsbm/v01/instances/dataFrom/Product597;http://www4.wiwiss.fu-berlin.de/bizer/bsbm/v01/vocabulary/productPropertyTextual5;tollages effortlessness bookplates stirrups retractable leaner
http://www4.wiwiss.fu-berlin.de/bizer/bsbm/v01/instances/dataFrom/Product597;http://www4.wiwiss.fu-berlin.de/bizer/bsbm/v01/vocabulary/productFeature;http://www4.wiwiss.fu-berlin.de/bizer/bsbm/v01/instances/ProductFeature2404
http://www4.wiwiss.fu-berlin.de/bizer/bsbm/v01/instances/dataFrom/Product597;http://www4.wiwiss.fu-berlin.de/bizer/bsbm/v01/vocabulary/productFeature;http://www4.wiwiss.fu-berlin.de/bizer/bsbm/v01/instances/ProductFeature2406
http://www4.wiwiss.fu-berlin.de/bizer/bsbm/v01/instances/dataFrom/Product597;http://www4.wiwiss.fu-berlin.de/bizer/bsbm/v01/vocabulary/productFeature;http://www4.wiwiss.fu-berlin.de/bizer/bsbm/v01/instances/ProductFeature2410
http://www4.wiwiss.fu-berlin.de/bizer/bsbm/v01/instances/dataFrom/Product597;http://www4.wiwiss.fu-berlin.de/bizer/bsbm/v01/vocabulary/productFeature;http://www4.wiwiss.fu-berlin.de/bizer/bsbm/v01/instances/ProductFeature2412
http://www4.wiwiss.fu-berlin.de/bizer/bsbm/v01/instances/dataFrom/Product597;http://www4.wiwiss.fu-berlin.de/bizer/bsbm/v01/vocabulary/productFeature;http://www4.wiwiss.fu-berlin.de/bizer/bsbm/v01/instances/ProductFeature2415
http://www4.wiwiss.fu-berlin.de/bizer/bsbm/v01/instances/dataFrom/Product597;http://www4.wiwiss.fu-berlin.de/bizer/bsbm/v01/vocabulary/productFeature;http://www4.wiwiss.fu-berlin.de/bizer/bsbm/v01/instances/ProductFeature2430
http://www4.wiwiss.fu-berlin.de/bizer/bsbm/v01/instances/dataFrom/Product597;http://www4.wiwiss.fu-berlin.de/bizer/bsbm/v01/vocabulary/productFeature;http://www4.wiwiss.fu-berlin.de/bizer/bsbm/v01/instances/ProductFeature2435
http://www4.wiwiss.fu-berlin.de/bizer/bsbm/v01/instances/dataFrom/Product597;http://www4.wiwiss.fu-berlin.de/bizer/bsbm/v01/vocabulary/productFeature;http://www4.wiwiss.fu-berlin.de/bizer/bsbm/v01/instances/ProductFeature441
http://www4.wiwiss.fu-berlin.de/bizer/bsbm/v01/instances/dataFrom/Product597;http://www4.wiwiss.fu-berlin.de/bizer/bsbm/v01/vocabulary/productFeature;http://www4.wiwiss.fu-berlin.de/bizer/bsbm/v01/instances/ProductFeature442
http://www4.wiwiss.fu-berlin.de/bizer/bsbm/v01/instances/dataFrom/Product597;http://www4.wiwiss.fu-berlin.de/bizer/bsbm/v01/vocabulary/productFeature;http://www4.wiwiss.fu-berlin.de/bizer/bsbm/v01/instances/ProductFeature445
http://www4.wiwiss.fu-berlin.de/bizer/bsbm/v01/instances/dataFrom/Product597;http://www4.wiwiss.fu-berlin.de/bizer/bsbm/v01/vocabulary/productFeature;http://www4.wiwiss.fu-berlin.de/bizer/bsbm/v01/instances/ProductFeature453
http://www4.wiwiss.fu-berlin.de/bizer/bsbm/v01/instances/dataFrom/Product597;http://www4.wiwiss.fu-berlin.de/bizer/bsbm/v01/vocabulary/productFeature;http://www4.wiwiss.fu-berlin.de/bizer/bsbm/v01/instances/ProductFeature457
http://www4.wiwiss.fu-berlin.de/bizer/bsbm/v01/instances/dataFrom/Product597;http://www4.wiwiss.fu-berlin.de/bizer/bsbm/v01/vocabulary/productFeature;http://www4.wiwiss.fu-berlin.de/bizer/bsbm/v01/instances/ProductFeature458
http://www4.wiwiss.fu-berlin.de/bizer/bsbm/v01/instances/dataFrom/Product597;http://www4.wiwiss.fu-berlin.de/bizer/bsbm/v01/vocabulary/productFeature;http://www4.wiwiss.fu-berlin.de/bizer/bsbm/v01/instances/ProductFeature460
http://www4.wiwiss.fu-berlin.de/bizer/bsbm/v01/instances/dataFrom/Product597;http://www4.wiwiss.fu-berlin.de/bizer/bsbm/v01/vocabulary/productFeature;http://www4.wiwiss.fu-berlin.de/bizer/bsbm/v01/instances/ProductFeature469
http://www4.wiwiss.fu-berlin.de/bizer/bsbm/v01/instances/dataFrom/Product597;http://www4.wiwiss.fu-berlin.de/bizer/bsbm/v01/vocabulary/productFeature;http://www4.wiwiss.fu-berlin.de/bizer/bsbm/v01/instances/ProductFeature24
http://www4.wiwiss.fu-berlin.de/bizer/bsbm/v01/instances/dataFrom/Product597;http://www4.wiwiss.fu-berlin.de/bizer/bsbm/v01/vocabulary/productFeature;http://www4.wiwiss.fu-berlin.de/bizer/bsbm/v01/instances/ProductFeature28
http://www4.wiwiss.fu-berlin.de/bizer/bsbm/v01/instances/dataFrom/Product597;http://www4.wiwiss.fu-berlin.de/bizer/bsbm/v01/vocabulary/productFeature;http://www4.wiwiss.fu-berlin.de/bizer/bsbm/v01/instances/ProductFeature30
http://www4.wiwiss.fu-berlin.de/bizer/bsbm/v01/instances/dataFrom/Product597;http://www4.wiwiss.fu-berlin.de/bizer/bsbm/v01/vocabulary/productFeature;http://www4.wiwiss.fu-berlin.de/bizer/bsbm/v01/instances/ProductFeature33
http://www4.wiwiss.fu-berlin.de/bizer/bsbm/v01/instances/dataFrom/Product597;http://www4.wiwiss.fu-berlin.de/bizer/bsbm/v01/vocabulary/productFeature;http://www4.wiwiss.fu-berlin.de/bizer/bsbm/v01/instances/ProductFeature37
http://www4.wiwiss.fu-berlin.de/bizer/bsbm/v01/instances/dataFrom/Product597;http://www4.wiwiss.fu-berlin.de/bizer/bsbm/v01/vocabulary/producer;http://www4.wiwiss.fu-berlin.de/bizer/bsbm/v01/instances/dataFromProducer19/Producer19
http://www4.wiwiss.fu-berlin.de/bizer/bsbm/v01/instances/dataFrom/Product597;http://purl.org/dc/elements/1.1/publisher;http://www4.wiwiss.fu-berlin.de/bizer/bsbm/v01/instances/dataFromProducer19/Producer19
http://www4.wiwiss.fu-berlin.de/bizer/bsbm/v01/instances/dataFrom/Product597;http://purl.org/dc/elements/1.1/date;2003-02-14
http://www4.wiwiss.fu-berlin.de/bizer/bsbm/v01/instances/dataFrom/Product958;http://www.w3.org/1999/02/22-rdf-syntax-ns#type;http://www4.wiwiss.fu-berlin.de/bizer/bsbm/v01/vocabulary/Product
http://www4.wiwiss.fu-berlin.de/bizer/bsbm/v01/instances/dataFrom/Product958;http://www.w3.org/1999/02/22-rdf-syntax-ns#type;http://www4.wiwiss.fu-berlin.de/bizer/bsbm/v01/instances/ProductType79
http://www4.wiwiss.fu-berlin.de/bizer/bsbm/v01/instances/dataFrom/Product958;http://www.w3.org/2000/01/rdf-schema#label;valuation vindication
http://www4.wiwiss.fu-berlin.de/bizer/bsbm/v01/instances/dataFrom/Product958;http://www.w3.org/2000/01/rdf-schema#comment;vocational orangiest nances statal perique whinnier shipworms remorses storming tidiest deforesting trothing unslaked merged rooting revenging denuclearize outproduces prevailers obstructiveness badinaging prerecorded henrys bestrides elongates rounds basely splosh plucked fealties emulsifying nonviable cheekiest dugong warders thieved westernized delusionary satiated quiverers bullwhips bowered cruciate twangles shoplifter depravity polymerize slams reverencer smirched enveloped elicits eatings syllogistically discomforts bombs demeaned alders teratological forzandos bookmaking feministic logicize resharpened canvaslike spelt interspersed biotechnological razored clearing dumbwaiters amasser whackier reformated foyers preappearances blackballs cumulates grouped trembling halvahs ophthalmoscopy balkans lido imperilled advertently neckties genocidal reinfects nakedly imputes leukemic cuirassed sealable shocked hearings
http://www4.wiwiss.fu-berlin.de/bizer/bsbm/v01/instances/dataFrom/Product958;http://www4.wiwiss.fu-berlin.de/bizer/bsbm/v01/vocabulary/productPropertyNumeric1;755
http://www4.wiwiss.fu-berlin.de/bizer/bsbm/v01/instances/dataFrom/Product958;http://www4.wiwiss.fu-berlin.de/bizer/bsbm/v01/vocabulary/productPropertyNumeric2;1190
http://www4.wiwiss.fu-berlin.de/bizer/bsbm/v01/instances/dataFrom/Product958;http://www4.wiwiss.fu-berlin.de/bizer/bsbm/v01/vocabulary/productPropertyNumeric3;455
http://www4.wiwiss.fu-berlin.de/bizer/bsbm/v01/instances/dataFrom/Product958;http://www4.wiwiss.fu-berlin.de/bizer/bsbm/v01/vocabulary/productPropertyNumeric4;750
http://www4.wiwiss.fu-berlin.de/bizer/bsbm/v01/instances/dataFrom/Product958;http://www4.wiwiss.fu-berlin.de/bizer/bsbm/v01/vocabulary/productPropertyNumeric5;160
http://www4.wiwiss.fu-berlin.de/bizer/bsbm/v01/instances/dataFrom/Product958;http://www4.wiwiss.fu-berlin.de/bizer/bsbm/v01/vocabulary/productPropertyTextual1;demagogy grueler frettiest rotors hymenopterous phototherapies capelan gastroscopic sympathizing denunciations manifestly prevailingly liquids sexless garrote
http://www4.wiwiss.fu-berlin.de/bizer/bsbm/v01/instances/dataFrom/Product958;http://www4.wiwiss.fu-berlin.de/bizer/bsbm/v01/vocabulary/productPropertyTextual2;tainting socially kales impuissance kris blowsily saltcellar disciplines immemorially mincy oxhearts catamaran scavenger isostatically
http://www4.wiwiss.fu-berlin.de/bizer/bsbm/v01/instances/dataFrom/Product958;http://www4.wiwiss.fu-berlin.de/bizer/bsbm/v01/vocabulary/productPropertyTextual3;titulary payment careered slouching overdiligent
http://www4.wiwiss.fu-berlin.de/bizer/bsbm/v01/instances/dataFrom/Product958;http://www4.wiwiss.fu-berlin.de/bizer/bsbm/v01/vocabulary/productPropertyTextual4;obligator commenced trampolinists suborbital
http://www4.wiwiss.fu-berlin.de/bizer/bsbm/v01/instances/dataFrom/Product958;http://www4.wiwiss.fu-berlin.de/bizer/bsbm/v01/vocabulary/productPropertyTextual5;tollages effortlessness bookplates stirrups retractable leaner
http://www4.wiwiss.fu-berlin.de/bizer/bsbm/v01/instances/dataFrom/Product958;http://www4.wiwiss.fu-berlin.de/bizer/bsbm/v01/vocabulary/productFeature;http://www4.wiwiss.fu-berlin.de/bizer/bsbm/v01/instances/ProductFeature2404
http://www4.wiwiss.fu-berlin.de/bizer/bsbm/v01/instances/dataFrom/Product958;http://www4.wiwiss.fu-berlin.de/bizer/bsbm/v01/vocabulary/productFeature;http://www4.wiwiss.fu-berlin.de/bizer/bsbm/v01/instances/ProductFeature2406
http://www4.wiwiss.fu-berlin.de/bizer/bsbm/v01/instances/dataFrom/Product958;http://www4.wiwiss.fu-berlin.de/bizer/bsbm/v01/vocabulary/productFeature;http://www4.wiwiss.fu-berlin.de/bizer/bsbm/v01/instances/ProductFeature2410
http://www4.wiwiss.fu-berlin.de/bizer/bsbm/v01/instances/dataFrom/Product958;http://www4.wiwiss.fu-berlin.de/bizer/bsbm/v01/vocabulary/productFeature;http://www4.wiwiss.fu-berlin.de/bizer/bsbm/v01/instances/ProductFeature2412
http://www4.wiwiss.fu-berlin.de/bizer/bsbm/v01/instances/dataFrom/Product958;http://www4.wiwiss.fu-berlin.de/bizer/bsbm/v01/vocabulary/productFeature;http://www4.wiwiss.fu-berlin.de/bizer/bsbm/v01/instances/ProductFeature2415
http://www4.wiwiss.fu-berlin.de/bizer/bsbm/v01/instances/dataFrom/Product958;http://www4.wiwiss.fu-berlin.de/bizer/bsbm/v01/vocabulary/productFeature;http://www4.wiwiss.fu-berlin.de/bizer/bsbm/v01/instances/ProductFeature2430
http://www4.wiwiss.fu-berlin.de/bizer/bsbm/v01/instances/dataFrom/Product958;http://www4.wiwiss.fu-berlin.de/bizer/bsbm/v01/vocabulary/productFeature;http://www4.wiwiss.fu-berlin.de/bizer/bsbm/v01/instances/ProductFeature2435
http://www4.wiwiss.fu-berlin.de/bizer/bsbm/v01/instances/dataFrom/Product958;http://www4.wiwiss.fu-berlin.de/bizer/bsbm/v01/vocabulary/productFeature;http://www4.wiwiss.fu-berlin.de/bizer/bsbm/v01/instances/ProductFeature441
http://www4.wiwiss.fu-berlin.de/bizer/bsbm/v01/instances/dataFrom/Product958;http://www4.wiwiss.fu-berlin.de/bizer/bsbm/v01/vocabulary/productFeature;http://www4.wiwiss.fu-berlin.de/bizer/bsbm/v01/instances/ProductFeature442
http://www4.wiwiss.fu-berlin.de/bizer/bsbm/v01/instances/dataFrom/Product958;http://www4.wiwiss.fu-berlin.de/bizer/bsbm/v01/vocabulary/productFeature;http://www4.wiwiss.fu-berlin.de/bizer/bsbm/v01/instances/ProductFeature445
http://www4.wiwiss.fu-berlin.de/bizer/bsbm/v01/instances/dataFrom/Product958;http://www4.wiwiss.fu-berlin.de/bizer/bsbm/v01/vocabulary/productFeature;http://www4.wiwiss.fu-berlin.de/bizer/bsbm/v01/instances/ProductFeature453
http://www4.wiwiss.fu-berlin.de/bizer/bsbm/v01/instances/dataFrom/Product958;http://www4.wiwiss.fu-berlin.de/bizer/bsbm/v01/vocabulary/productFeature;http://www4.wiwiss.fu-berlin.de/bizer/bsbm/v01/instances/ProductFeature457
http://www4.wiwiss.fu-berlin.de/bizer/bsbm/v01/instances/dataFrom/Product958;http://www4.wiwiss.fu-berlin.de/bizer/bsbm/v01/vocabulary/productFeature;http://www4.wiwiss.fu-berlin.de/bizer/bsbm/v01/instances/ProductFeature458
http://www4.wiwiss.fu-berlin.de/bizer/bsbm/v01/instances/dataFrom/Product958;http://www4.wiwiss.fu-berlin.de/bizer/bsbm/v01/vocabulary/productFeature;http://www4.wiwiss.fu-berlin.de/bizer/bsbm/v01/instances/ProductFeature460
http://www4.wiwiss.fu-berlin.de/bizer/bsbm/v01/instances/dataFrom/Product958;http://www4.wiwiss.fu-berlin.de/bizer/bsbm/v01/vocabulary/productFeature;http://www4.wiwiss.fu-berlin.de/bizer/bsbm/v01/instances/ProductFeature469
http://www4.wiwiss.fu-berlin.de/bizer/bsbm/v01/instances/dataFrom/Product958;http://www4.wiwiss.fu-berlin.de/bizer/bsbm/v01/vocabulary/productFeature;http://www4.wiwiss.fu-berlin.de/bizer/bsbm/v01/instances/ProductFeature24
http://www4.wiwiss.fu-berlin.de/bizer/bsbm/v01/instances/dataFrom/Product958;http://www4.wiwiss.fu-berlin.de/bizer/bsbm/v01/vocabulary/productFeature;http://www4.wiwiss.fu-berlin.de/bizer/bsbm/v01/instances/ProductFeature28
http://www4.wiwiss.fu-berlin.de/bizer/bsbm/v01/instances/dataFrom/Product958;http://www4.wiwiss.fu-berlin.de/bizer/bsbm/v01/vocabulary/productFeature;http://www4.wiwiss.fu-berlin.de/bizer/bsbm/v01/instances/ProductFeature30
http://www4.wiwiss.fu-berlin.de/bizer/bsbm/v01/instances/dataFrom/Product958;http://www4.wiwiss.fu-berlin.de/bizer/bsbm/v01/vocabulary/productFeature;http://www4.wiwiss.fu-berlin.de/bizer/bsbm/v01/instances/ProductFeature33
http://www4.wiwiss.fu-berlin.de/bizer/bsbm/v01/instances/dataFrom/Product958;http://www4.wiwiss.fu-berlin.de/bizer/bsbm/v01/vocabulary/productFeature;http://www4.wiwiss.fu-berlin.de/bizer/bsbm/v01/instances/ProductFeature37
http://www4.wiwiss.fu-berlin.de/bizer/bsbm/v01/instances/dataFrom/Product958;http://www4.wiwiss.fu-berlin.de/bizer/bsbm/v01/vocabulary/producer;http://www4.wiwiss.fu-berlin.de/bizer/bsbm/v01/instances/dataFromProducer19/Producer19
http://www4.wiwiss.fu-berlin.de/bizer/bsbm/v01/instances/dataFrom/Product958;http://purl.org/dc/elements/1.1/publisher;http://www4.wiwiss.fu-berlin.de/bizer/bsbm/v01/instances/dataFromProducer19/Producer19
http://www4.wiwiss.fu-berlin.de/bizer/bsbm/v01/instances/dataFrom/Product958;http://purl.org/dc/elements/1.1/date;2003-02-14
http://www4.wiwiss.fu-berlin.de/bizer/bsbm/v01/instances/dataFrom/Product701;http://www.w3.org/1999/02/22-rdf-syntax-ns#type;http://www4.wiwiss.fu-berlin.de/bizer/bsbm/v01/vocabulary/Product
http://www4.wiwiss.fu-berlin.de/bizer/bsbm/v01/instances/dataFrom/Product701;http://www.w3.org/1999/02/22-rdf-syntax-ns#type;http://www4.wiwiss.fu-berlin.de/bizer/bsbm/v01/instances/ProductType79
http://www4.wiwiss.fu-berlin.de/bizer/bsbm/v01/instances/dataFrom/Product701;http://www.w3.org/2000/01/rdf-schema#label;valuation vindication
http://www4.wiwiss.fu-berlin.de/bizer/bsbm/v01/instances/dataFrom/Product701;http://www.w3.org/2000/01/rdf-schema#comment;vocational orangiest nances statal perique whinnier shipworms remorses storming tidiest deforesting trothing unslaked merged rooting revenging denuclearize outproduces prevailers obstructiveness badinaging prerecorded henrys bestrides elongates rounds basely splosh plucked fealties emulsifying nonviable cheekiest dugong warders thieved westernized delusionary satiated quiverers bullwhips bowered cruciate twangles shoplifter depravity polymerize slams reverencer smirched enveloped elicits eatings syllogistically discomforts bombs demeaned alders teratological forzandos bookmaking feministic logicize resharpened canvaslike spelt interspersed biotechnological razored clearing dumbwaiters amasser whackier reformated foyers preappearances blackballs cumulates grouped trembling halvahs ophthalmoscopy balkans lido imperilled advertently neckties genocidal reinfects nakedly imputes leukemic cuirassed sealable shocked hearings
http://www4.wiwiss.fu-berlin.de/bizer/bsbm/v01/instances/dataFrom/Product701;http://www4.wiwiss.fu-berlin.de/bizer/bsbm/v01/vocabulary/productPropertyNumeric1;755
http://www4.wiwiss.fu-berlin.de/bizer/bsbm/v01/instances/dataFrom/Product701;http://www4.wiwiss.fu-berlin.de/bizer/bsbm/v01/vocabulary/productPropertyNumeric2;1190
http://www4.wiwiss.fu-berlin.de/bizer/bsbm/v01/instances/dataFrom/Product701;http://www4.wiwiss.fu-berlin.de/bizer/bsbm/v01/vocabulary/productPropertyNumeric3;455
http://www4.wiwiss.fu-berlin.de/bizer/bsbm/v01/instances/dataFrom/Product701;http://www4.wiwiss.fu-berlin.de/bizer/bsbm/v01/vocabulary/productPropertyNumeric4;750
http://www4.wiwiss.fu-berlin.de/bizer/bsbm/v01/instances/dataFrom/Product701;http://www4.wiwiss.fu-berlin.de/bizer/bsbm/v01/vocabulary/productPropertyNumeric5;160
http://www4.wiwiss.fu-berlin.de/bizer/bsbm/v01/instances/dataFrom/Product701;http://www4.wiwiss.fu-berlin.de/bizer/bsbm/v01/vocabulary/productPropertyTextual1;demagogy grueler frettiest rotors hymenopterous phototherapies capelan gastroscopic sympathizing denunciations manifestly prevailingly liquids sexless garrote
http://www4.wiwiss.fu-berlin.de/bizer/bsbm/v01/instances/dataFrom/Product701;http://www4.wiwiss.fu-berlin.de/bizer/bsbm/v01/vocabulary/productPropertyTextual2;tainting socially kales impuissance kris blowsily saltcellar disciplines immemorially mincy oxhearts catamaran scavenger isostatically
http://www4.wiwiss.fu-berlin.de/bizer/bsbm/v01/instances/dataFrom/Product701;http://www4.wiwiss.fu-berlin.de/bizer/bsbm/v01/vocabulary/productPropertyTextual3;titulary payment careered slouching overdiligent
http://www4.wiwiss.fu-berlin.de/bizer/bsbm/v01/instances/dataFrom/Product701;http://www4.wiwiss.fu-berlin.de/bizer/bsbm/v01/vocabulary/productPropertyTextual4;obligator commenced trampolinists suborbital
http://www4.wiwiss.fu-berlin.de/bizer/bsbm/v01/instances/dataFrom/Product701;http://www4.wiwiss.fu-berlin.de/bizer/bsbm/v01/vocabulary/productPropertyTextual5;tollages effortlessness bookplates stirrups retractable leaner
http://www4.wiwiss.fu-berlin.de/bizer/bsbm/v01/instances/dataFrom/Product701;http://www4.wiwiss.fu-berlin.de/bizer/bsbm/v01/vocabulary/productFeature;http://www4.wiwiss.fu-berlin.de/bizer/bsbm/v01/instances/ProductFeature2404
http://www4.wiwiss.fu-berlin.de/bizer/bsbm/v01/instances/dataFrom/Product701;http://www4.wiwiss.fu-berlin.de/bizer/bsbm/v01/vocabulary/productFeature;http://www4.wiwiss.fu-berlin.de/bizer/bsbm/v01/instances/ProductFeature2406
http://www4.wiwiss.fu-berlin.de/bizer/bsbm/v01/instances/dataFrom/Product701;http://www4.wiwiss.fu-berlin.de/bizer/bsbm/v01/vocabulary/productFeature;http://www4.wiwiss.fu-berlin.de/bizer/bsbm/v01/instances/ProductFeature2410
http://www4.wiwiss.fu-berlin.de/bizer/bsbm/v01/instances/dataFrom/Product701;http://www4.wiwiss.fu-berlin.de/bizer/bsbm/v01/vocabulary/productFeature;http://www4.wiwiss.fu-berlin.de/bizer/bsbm/v01/instances/ProductFeature2412
http://www4.wiwiss.fu-berlin.de/bizer/bsbm/v01/instances/dataFrom/Product701;http://www4.wiwiss.fu-berlin.de/bizer/bsbm/v01/vocabulary/productFeature;http://www4.wiwiss.fu-berlin.de/bizer/bsbm/v01/instances/ProductFeature2415
http://www4.wiwiss.fu-berlin.de/bizer/bsbm/v01/instances/dataFrom/Product701;http://www4.wiwiss.fu-berlin.de/bizer/bsbm/v01/vocabulary/productFeature;http://www4.wiwiss.fu-berlin.de/bizer/bsbm/v01/instances/ProductFeature2430
http://www4.wiwiss.fu-berlin.de/bizer/bsbm/v01/instances/dataFrom/Product701;http://www4.wiwiss.fu-berlin.de/bizer/bsbm/v01/vocabulary/productFeature;http://www4.wiwiss.fu-berlin.de/bizer/bsbm/v01/instances/ProductFeature2435
http://www4.wiwiss.fu-berlin.de/bizer/bsbm/v01/instances/dataFrom/Product701;http://www4.wiwiss.fu-berlin.de/bizer/bsbm/v01/vocabulary/productFeature;http://www4.wiwiss.fu-berlin.de/bizer/bsbm/v01/instances/ProductFeature441
http://www4.wiwiss.fu-berlin.de/bizer/bsbm/v01/instances/dataFrom/Product701;http://www4.wiwiss.fu-berlin.de/bizer/bsbm/v01/vocabulary/productFeature;http://www4.wiwiss.fu-berlin.de/bizer/bsbm/v01/instances/ProductFeature442
http://www4.wiwiss.fu-berlin.de/bizer/bsbm/v01/instances/dataFrom/Product701;http://www4.wiwiss.fu-berlin.de/bizer/bsbm/v01/vocabulary/productFeature;http://www4.wiwiss.fu-berlin.de/bizer/bsbm/v01/instances/ProductFeature445
http://www4.wiwiss.fu-berlin.de/bizer/bsbm/v01/instances/dataFrom/Product701;http://www4.wiwiss.fu-berlin.de/bizer/bsbm/v01/vocabulary/productFeature;http://www4.wiwiss.fu-berlin.de/bizer/bsbm/v01/instances/ProductFeature453
http://www4.wiwiss.fu-berlin.de/bizer/bsbm/v01/instances/dataFrom/Product701;http://www4.wiwiss.fu-berlin.de/bizer/bsbm/v01/vocabulary/productFeature;http://www4.wiwiss.fu-berlin.de/bizer/bsbm/v01/instances/ProductFeature457
http://www4.wiwiss.fu-berlin.de/bizer/bsbm/v01/instances/dataFrom/Product701;http://www4.wiwiss.fu-berlin.de/bizer/bsbm/v01/vocabulary/productFeature;http://www4.wiwiss.fu-berlin.de/bizer/bsbm/v01/instances/ProductFeature458
http://www4.wiwiss.fu-berlin.de/bizer/bsbm/v01/instances/dataFrom/Product701;http://www4.wiwiss.fu-berlin.de/bizer/bsbm/v01/vocabulary/productFeature;http://www4.wiwiss.fu-berlin.de/bizer/bsbm/v01/instances/ProductFeature460
http://www4.wiwiss.fu-berlin.de/bizer/bsbm/v01/instances/dataFrom/Product701;http://www4.wiwiss.fu-berlin.de/bizer/bsbm/v01/vocabulary/productFeature;http://www4.wiwiss.fu-berlin.de/bizer/bsbm/v01/instances/ProductFeature469
http://www4.wiwiss.fu-berlin.de/bizer/bsbm/v01/instances/dataFrom/Product701;http://www4.wiwiss.fu-berlin.de/bizer/bsbm/v01/vocabulary/productFeature;http://www4.wiwiss.fu-berlin.de/bizer/bsbm/v01/instances/ProductFeature24
http://www4.wiwiss.fu-berlin.de/bizer/bsbm/v01/instances/dataFrom/Product701;http://www4.wiwiss.fu-berlin.de/bizer/bsbm/v01/vocabulary/productFeature;http://www4.wiwiss.fu-berlin.de/bizer/bsbm/v01/instances/ProductFeature28
http://www4.wiwiss.fu-berlin.de/bizer/bsbm/v01/instances/dataFrom/Product701;http://www4.wiwiss.fu-berlin.de/bizer/bsbm/v01/vocabulary/productFeature;http://www4.wiwiss.fu-berlin.de/bizer/bsbm/v01/instances/ProductFeature30
http://www4.wiwiss.fu-berlin.de/bizer/bsbm/v01/instances/dataFrom/Product701;http://www4.wiwiss.fu-berlin.de/bizer/bsbm/v01/vocabulary/productFeature;http://www4.wiwiss.fu-berlin.de/bizer/bsbm/v01/instances/ProductFeature33
http://www4.wiwiss.fu-berlin.de/bizer/bsbm/v01/instances/dataFrom/Product701;http://www4.wiwiss.fu-berlin.de/bizer/bsbm/v01/vocabulary/productFeature;http://www4.wiwiss.fu-berlin.de/bizer/bsbm/v01/instances/ProductFeature37
http://www4.wiwiss.fu-berlin.de/bizer/bsbm/v01/instances/dataFrom/Product701;http://www4.wiwiss.fu-berlin.de/bizer/bsbm/v01/vocabulary/producer;http://www4.wiwiss.fu-berlin.de/bizer/bsbm/v01/instances/dataFromProducer19/Producer19
http://www4.wiwiss.fu-berlin.de/bizer/bsbm/v01/instances/dataFrom/Product701;http://purl.org/dc/elements/1.1/publisher;http://www4.wiwiss.fu-berlin.de/bizer/bsbm/v01/instances/dataFromProducer19/Producer19
http://www4.wiwiss.fu-berlin.de/bizer/bsbm/v01/instances/dataFrom/Product701;http://purl.org/dc/elements/1.1/date;2003-02-14
http://www4.wiwiss.fu-berlin.de/bizer/bsbm/v01/instances/dataFrom/Product145;http://www.w3.org/1999/02/22-rdf-syntax-ns#type;http://www4.wiwiss.fu-berlin.de/bizer/bsbm/v01/vocabulary/Product
http://www4.wiwiss.fu-berlin.de/bizer/bsbm/v01/instances/dataFrom/Product145;http://www.w3.org/1999/02/22-rdf-syntax-ns#type;http://www4.wiwiss.fu-berlin.de/bizer/bsbm/v01/instances/ProductType79
http://www4.wiwiss.fu-berlin.de/bizer/bsbm/v01/instances/dataFrom/Product145;http://www.w3.org/2000/01/rdf-schema#label;valuation vindication
http://www4.wiwiss.fu-berlin.de/bizer/bsbm/v01/instances/dataFrom/Product145;http://www.w3.org/2000/01/rdf-schema#comment;vocational orangiest nances statal perique whinnier shipworms remorses storming tidiest deforesting trothing unslaked merged rooting revenging denuclearize outproduces prevailers obstructiveness badinaging prerecorded henrys bestrides elongates rounds basely splosh plucked fealties emulsifying nonviable cheekiest dugong warders thieved westernized delusionary satiated quiverers bullwhips bowered cruciate twangles shoplifter depravity polymerize slams reverencer smirched enveloped elicits eatings syllogistically discomforts bombs demeaned alders teratological forzandos bookmaking feministic logicize resharpened canvaslike spelt interspersed biotechnological razored clearing dumbwaiters amasser whackier reformated foyers preappearances blackballs cumulates grouped trembling halvahs ophthalmoscopy balkans lido imperilled advertently neckties genocidal reinfects nakedly imputes leukemic cuirassed sealable shocked hearings
http://www4.wiwiss.fu-berlin.de/bizer/bsbm/v01/instances/dataFrom/Product145;http://www4.wiwiss.fu-berlin.de/bizer/bsbm/v01/vocabulary/productPropertyNumeric1;755
http://www4.wiwiss.fu-berlin.de/bizer/bsbm/v01/instances/dataFrom/Product145;http://www4.wiwiss.fu-berlin.de/bizer/bsbm/v01/vocabulary/productPropertyNumeric2;1190
http://www4.wiwiss.fu-berlin.de/bizer/bsbm/v01/instances/dataFrom/Product145;http://www4.wiwiss.fu-berlin.de/bizer/bsbm/v01/vocabulary/productPropertyNumeric3;455
http://www4.wiwiss.fu-berlin.de/bizer/bsbm/v01/instances/dataFrom/Product145;http://www4.wiwiss.fu-berlin.de/bizer/bsbm/v01/vocabulary/productPropertyNumeric4;750
http://www4.wiwiss.fu-berlin.de/bizer/bsbm/v01/instances/dataFrom/Product145;http://www4.wiwiss.fu-berlin.de/bizer/bsbm/v01/vocabulary/productPropertyNumeric5;160
http://www4.wiwiss.fu-berlin.de/bizer/bsbm/v01/instances/dataFrom/Product145;http://www4.wiwiss.fu-berlin.de/bizer/bsbm/v01/vocabulary/productPropertyTextual1;demagogy grueler frettiest rotors hymenopterous phototherapies capelan gastroscopic sympathizing denunciations manifestly prevailingly liquids sexless garrote
http://www4.wiwiss.fu-berlin.de/bizer/bsbm/v01/instances/dataFrom/Product145;http://www4.wiwiss.fu-berlin.de/bizer/bsbm/v01/vocabulary/productPropertyTextual2;tainting socially kales impuissance kris blowsily saltcellar disciplines immemorially mincy oxhearts catamaran scavenger isostatically
http://www4.wiwiss.fu-berlin.de/bizer/bsbm/v01/instances/dataFrom/Product145;http://www4.wiwiss.fu-berlin.de/bizer/bsbm/v01/vocabulary/productPropertyTextual3;titulary payment careered slouching overdiligent
http://www4.wiwiss.fu-berlin.de/bizer/bsbm/v01/instances/dataFrom/Product145;http://www4.wiwiss.fu-berlin.de/bizer/bsbm/v01/vocabulary/productPropertyTextual4;obligator commenced trampolinists suborbital
http://www4.wiwiss.fu-berlin.de/bizer/bsbm/v01/instances/dataFrom/Product145;http://www4.wiwiss.fu-berlin.de/bizer/bsbm/v01/vocabulary/productPropertyTextual5;tollages effortlessness bookplates stirrups retractable leaner
http://www4.wiwiss.fu-berlin.de/bizer/bsbm/v01/instances/dataFrom/Product145;http://www4.wiwiss.fu-berlin.de/bizer/bsbm/v01/vocabulary/productFeature;http://www4.wiwiss.fu-berlin.de/bizer/bsbm/v01/instances/ProductFeature2404
http://www4.wiwiss.fu-berlin.de/bizer/bsbm/v01/instances/dataFrom/Product145;http://www4.wiwiss.fu-berlin.de/bizer/bsbm/v01/vocabulary/productFeature;http://www4.wiwiss.fu-berlin.de/bizer/bsbm/v01/instances/ProductFeature2406
http://www4.wiwiss.fu-berlin.de/bizer/bsbm/v01/instances/dataFrom/Product145;http://www4.wiwiss.fu-berlin.de/bizer/bsbm/v01/vocabulary/productFeature;http://www4.wiwiss.fu-berlin.de/bizer/bsbm/v01/instances/ProductFeature2410
http://www4.wiwiss.fu-berlin.de/bizer/bsbm/v01/instances/dataFrom/Product145;http://www4.wiwiss.fu-berlin.de/bizer/bsbm/v01/vocabulary/productFeature;http://www4.wiwiss.fu-berlin.de/bizer/bsbm/v01/instances/ProductFeature2412
http://www4.wiwiss.fu-berlin.de/bizer/bsbm/v01/instances/dataFrom/Product145;http://www4.wiwiss.fu-berlin.de/bizer/bsbm/v01/vocabulary/productFeature;http://www4.wiwiss.fu-berlin.de/bizer/bsbm/v01/instances/ProductFeature2415
http://www4.wiwiss.fu-berlin.de/bizer/bsbm/v01/instances/dataFrom/Product145;http://www4.wiwiss.fu-berlin.de/bizer/bsbm/v01/vocabulary/productFeature;http://www4.wiwiss.fu-berlin.de/bizer/bsbm/v01/instances/ProductFeature2430
http://www4.wiwiss.fu-berlin.de/bizer/bsbm/v01/instances/dataFrom/Product145;http://www4.wiwiss.fu-berlin.de/bizer/bsbm/v01/vocabulary/productFeature;http://www4.wiwiss.fu-berlin.de/bizer/bsbm/v01/instances/ProductFeature2435
http://www4.wiwiss.fu-berlin.de/bizer/bsbm/v01/instances/dataFrom/Product145;http://www4.wiwiss.fu-berlin.de/bizer/bsbm/v01/vocabulary/productFeature;http://www4.wiwiss.fu-berlin.de/bizer/bsbm/v01/instances/ProductFeature441
http://www4.wiwiss.fu-berlin.de/bizer/bsbm/v01/instances/dataFrom/Product145;http://www4.wiwiss.fu-berlin.de/bizer/bsbm/v01/vocabulary/productFeature;http://www4.wiwiss.fu-berlin.de/bizer/bsbm/v01/instances/ProductFeature442
http://www4.wiwiss.fu-berlin.de/bizer/bsbm/v01/instances/dataFrom/Product145;http://www4.wiwiss.fu-berlin.de/bizer/bsbm/v01/vocabulary/productFeature;http://www4.wiwiss.fu-berlin.de/bizer/bsbm/v01/instances/ProductFeature445
http://www4.wiwiss.fu-berlin.de/bizer/bsbm/v01/instances/dataFrom/Product145;http://www4.wiwiss.fu-berlin.de/bizer/bsbm/v01/vocabulary/productFeature;http://www4.wiwiss.fu-berlin.de/bizer/bsbm/v01/instances/ProductFeature453
http://www4.wiwiss.fu-berlin.de/bizer/bsbm/v01/instances/dataFrom/Product145;http://www4.wiwiss.fu-berlin.de/bizer/bsbm/v01/vocabulary/productFeature;http://www4.wiwiss.fu-berlin.de/bizer/bsbm/v01/instances/ProductFeature457
http://www4.wiwiss.fu-berlin.de/bizer/bsbm/v01/instances/dataFrom/Product145;http://www4.wiwiss.fu-berlin.de/bizer/bsbm/v01/vocabulary/productFeature;http://www4.wiwiss.fu-berlin.de/bizer/bsbm/v01/instances/ProductFeature458
http://www4.wiwiss.fu-berlin.de/bizer/bsbm/v01/instances/dataFrom/Product145;http://www4.wiwiss.fu-berlin.de/bizer/bsbm/v01/vocabulary/productFeature;http://www4.wiwiss.fu-berlin.de/bizer/bsbm/v01/instances/ProductFeature460
http://www4.wiwiss.fu-berlin.de/bizer/bsbm/v01/instances/dataFrom/Product145;http://www4.wiwiss.fu-berlin.de/bizer/bsbm/v01/vocabulary/productFeature;http://www4.wiwiss.fu-berlin.de/bizer/bsbm/v01/instances/ProductFeature469
http://www4.wiwiss.fu-berlin.de/bizer/bsbm/v01/instances/dataFrom/Product145;http://www4.wiwiss.fu-berlin.de/bizer/bsbm/v01/vocabulary/productFeature;http://www4.wiwiss.fu-berlin.de/bizer/bsbm/v01/instances/ProductFeature24
http://www4.wiwiss.fu-berlin.de/bizer/bsbm/v01/instances/dataFrom/Product145;http://www4.wiwiss.fu-berlin.de/bizer/bsbm/v01/vocabulary/productFeature;http://www4.wiwiss.fu-berlin.de/bizer/bsbm/v01/instances/ProductFeature28
http://www4.wiwiss.fu-berlin.de/bizer/bsbm/v01/instances/dataFrom/Product145;http://www4.wiwiss.fu-berlin.de/bizer/bsbm/v01/vocabulary/productFeature;http://www4.wiwiss.fu-berlin.de/bizer/bsbm/v01/instances/ProductFeature30
http://www4.wiwiss.fu-berlin.de/bizer/bsbm/v01/instances/dataFrom/Product145;http://www4.wiwiss.fu-berlin.de/bizer/bsbm/v01/vocabulary/productFeature;http://www4.wiwiss.fu-berlin.de/bizer/bsbm/v01/instances/ProductFeature33
http://www4.wiwiss.fu-berlin.de/bizer/bsbm/v01/instances/dataFrom/Product145;http://www4.wiwiss.fu-berlin.de/bizer/bsbm/v01/vocabulary/productFeature;http://www4.wiwiss.fu-berlin.de/bizer/bsbm/v01/instances/ProductFeature37
http://www4.wiwiss.fu-berlin.de/bizer/bsbm/v01/instances/dataFrom/Product145;http://www4.wiwiss.fu-berlin.de/bizer/bsbm/v01/vocabulary/producer;http://www4.wiwiss.fu-berlin.de/bizer/bsbm/v01/instances/dataFromProducer19/Producer19
http://www4.wiwiss.fu-berlin.de/bizer/bsbm/v01/instances/dataFrom/Product145;http://purl.org/dc/elements/1.1/publisher;http://www4.wiwiss.fu-berlin.de/bizer/bsbm/v01/instances/dataFromProducer19/Producer19
http://www4.wiwiss.fu-berlin.de/bizer/bsbm/v01/instances/dataFrom/Product145;http://purl.org/dc/elements/1.1/date;2003-02-14
http://www4.wiwiss.fu-berlin.de/bizer/bsbm/v01/instances/dataFrom/Product456;http://www.w3.org/1999/02/22-rdf-syntax-ns#type;http://www4.wiwiss.fu-berlin.de/bizer/bsbm/v01/vocabulary/Product
http://www4.wiwiss.fu-berlin.de/bizer/bsbm/v01/instances/dataFrom/Product456;http://www.w3.org/1999/02/22-rdf-syntax-ns#type;http://www4.wiwiss.fu-berlin.de/bizer/bsbm/v01/instances/ProductType79
http://www4.wiwiss.fu-berlin.de/bizer/bsbm/v01/instances/dataFrom/Product456;http://www.w3.org/2000/01/rdf-schema#label;valuation vindication
http://www4.wiwiss.fu-berlin.de/bizer/bsbm/v01/instances/dataFrom/Product456;http://www.w3.org/2000/01/rdf-schema#comment;vocational orangiest nances statal perique whinnier shipworms remorses storming tidiest deforesting trothing unslaked merged rooting revenging denuclearize outproduces prevailers obstructiveness badinaging prerecorded henrys bestrides elongates rounds basely splosh plucked fealties emulsifying nonviable cheekiest dugong warders thieved westernized delusionary satiated quiverers bullwhips bowered cruciate twangles shoplifter depravity polymerize slams reverencer smirched enveloped elicits eatings syllogistically discomforts bombs demeaned alders teratological forzandos bookmaking feministic logicize resharpened canvaslike spelt interspersed biotechnological razored clearing dumbwaiters amasser whackier reformated foyers preappearances blackballs cumulates grouped trembling halvahs ophthalmoscopy balkans lido imperilled advertently neckties genocidal reinfects nakedly imputes leukemic cuirassed sealable shocked hearings
http://www4.wiwiss.fu-berlin.de/bizer/bsbm/v01/instances/dataFrom/Product456;http://www4.wiwiss.fu-berlin.de/bizer/bsbm/v01/vocabulary/productPropertyNumeric1;755
http://www4.wiwiss.fu-berlin.de/bizer/bsbm/v01/instances/dataFrom/Product456;http://www4.wiwiss.fu-berlin.de/bizer/bsbm/v01/vocabulary/productPropertyNumeric2;1190
http://www4.wiwiss.fu-berlin.de/bizer/bsbm/v01/instances/dataFrom/Product456;http://www4.wiwiss.fu-berlin.de/bizer/bsbm/v01/vocabulary/productPropertyNumeric3;455
http://www4.wiwiss.fu-berlin.de/bizer/bsbm/v01/instances/dataFrom/Product456;http://www4.wiwiss.fu-berlin.de/bizer/bsbm/v01/vocabulary/productPropertyNumeric4;750
http://www4.wiwiss.fu-berlin.de/bizer/bsbm/v01/instances/dataFrom/Product456;http://www4.wiwiss.fu-berlin.de/bizer/bsbm/v01/vocabulary/productPropertyNumeric5;160
http://www4.wiwiss.fu-berlin.de/bizer/bsbm/v01/instances/dataFrom/Product456;http://www4.wiwiss.fu-berlin.de/bizer/bsbm/v01/vocabulary/productPropertyTextual1;demagogy grueler frettiest rotors hymenopterous phototherapies capelan gastroscopic sympathizing denunciations manifestly prevailingly liquids sexless garrote
http://www4.wiwiss.fu-berlin.de/bizer/bsbm/v01/instances/dataFrom/Product456;http://www4.wiwiss.fu-berlin.de/bizer/bsbm/v01/vocabulary/productPropertyTextual2;tainting socially kales impuissance kris blowsily saltcellar disciplines immemorially mincy oxhearts catamaran scavenger isostatically
http://www4.wiwiss.fu-berlin.de/bizer/bsbm/v01/instances/dataFrom/Product456;http://www4.wiwiss.fu-berlin.de/bizer/bsbm/v01/vocabulary/productPropertyTextual3;titulary payment careered slouching overdiligent
http://www4.wiwiss.fu-berlin.de/bizer/bsbm/v01/instances/dataFrom/Product456;http://www4.wiwiss.fu-berlin.de/bizer/bsbm/v01/vocabulary/productPropertyTextual4;obligator commenced trampolinists suborbital
http://www4.wiwiss.fu-berlin.de/bizer/bsbm/v01/instances/dataFrom/Product456;http://www4.wiwiss.fu-berlin.de/bizer/bsbm/v01/vocabulary/productPropertyTextual5;tollages effortlessness bookplates stirrups retractable leaner
http://www4.wiwiss.fu-berlin.de/bizer/bsbm/v01/instances/dataFrom/Product456;http://www4.wiwiss.fu-berlin.de/bizer/bsbm/v01/vocabulary/productFeature;http://www4.wiwiss.fu-berlin.de/bizer/bsbm/v01/instances/ProductFeature2404
http://www4.wiwiss.fu-berlin.de/bizer/bsbm/v01/instances/dataFrom/Product456;http://www4.wiwiss.fu-berlin.de/bizer/bsbm/v01/vocabulary/productFeature;http://www4.wiwiss.fu-berlin.de/bizer/bsbm/v01/instances/ProductFeature2406
http://www4.wiwiss.fu-berlin.de/bizer/bsbm/v01/instances/dataFrom/Product456;http://www4.wiwiss.fu-berlin.de/bizer/bsbm/v01/vocabulary/productFeature;http://www4.wiwiss.fu-berlin.de/bizer/bsbm/v01/instances/ProductFeature2410
http://www4.wiwiss.fu-berlin.de/bizer/bsbm/v01/instances/dataFrom/Product456;http://www4.wiwiss.fu-berlin.de/bizer/bsbm/v01/vocabulary/productFeature;http://www4.wiwiss.fu-berlin.de/bizer/bsbm/v01/instances/ProductFeature2412
http://www4.wiwiss.fu-berlin.de/bizer/bsbm/v01/instances/dataFrom/Product456;http://www4.wiwiss.fu-berlin.de/bizer/bsbm/v01/vocabulary/productFeature;http://www4.wiwiss.fu-berlin.de/bizer/bsbm/v01/instances/ProductFeature2415
http://www4.wiwiss.fu-berlin.de/bizer/bsbm/v01/instances/dataFrom/Product456;http://www4.wiwiss.fu-berlin.de/bizer/bsbm/v01/vocabulary/productFeature;http://www4.wiwiss.fu-berlin.de/bizer/bsbm/v01/instances/ProductFeature2430
http://www4.wiwiss.fu-berlin.de/bizer/bsbm/v01/instances/dataFrom/Product456;http://www4.wiwiss.fu-berlin.de/bizer/bsbm/v01/vocabulary/productFeature;http://www4.wiwiss.fu-berlin.de/bizer/bsbm/v01/instances/ProductFeature2435
http://www4.wiwiss.fu-berlin.de/bizer/bsbm/v01/instances/dataFrom/Product456;http://www4.wiwiss.fu-berlin.de/bizer/bsbm/v01/vocabulary/productFeature;http://www4.wiwiss.fu-berlin.de/bizer/bsbm/v01/instances/ProductFeature441
http://www4.wiwiss.fu-berlin.de/bizer/bsbm/v01/instances/dataFrom/Product456;http://www4.wiwiss.fu-berlin.de/bizer/bsbm/v01/vocabulary/productFeature;http://www4.wiwiss.fu-berlin.de/bizer/bsbm/v01/instances/ProductFeature442
http://www4.wiwiss.fu-berlin.de/bizer/bsbm/v01/instances/dataFrom/Product456;http://www4.wiwiss.fu-berlin.de/bizer/bsbm/v01/vocabulary/productFeature;http://www4.wiwiss.fu-berlin.de/bizer/bsbm/v01/instances/ProductFeature445
http://www4.wiwiss.fu-berlin.de/bizer/bsbm/v01/instances/dataFrom/Product456;http://www4.wiwiss.fu-berlin.de/bizer/bsbm/v01/vocabulary/productFeature;http://www4.wiwiss.fu-berlin.de/bizer/bsbm/v01/instances/ProductFeature453
http://www4.wiwiss.fu-berlin.de/bizer/bsbm/v01/instances/dataFrom/Product456;http://www4.wiwiss.fu-berlin.de/bizer/bsbm/v01/vocabulary/productFeature;http://www4.wiwiss.fu-berlin.de/bizer/bsbm/v01/instances/ProductFeature457
http://www4.wiwiss.fu-berlin.de/bizer/bsbm/v01/instances/dataFrom/Product456;http://www4.wiwiss.fu-berlin.de/bizer/bsbm/v01/vocabulary/productFeature;http://www4.wiwiss.fu-berlin.de/bizer/bsbm/v01/instances/ProductFeature458
http://www4.wiwiss.fu-berlin.de/bizer/bsbm/v01/instances/dataFrom/Product456;http://www4.wiwiss.fu-berlin.de/bizer/bsbm/v01/vocabulary/productFeature;http://www4.wiwiss.fu-berlin.de/bizer/bsbm/v01/instances/ProductFeature460
http://www4.wiwiss.fu-berlin.de/bizer/bsbm/v01/instances/dataFrom/Product456;http://www4.wiwiss.fu-berlin.de/bizer/bsbm/v01/vocabulary/productFeature;http://www4.wiwiss.fu-berlin.de/bizer/bsbm/v01/instances/ProductFeature469
http://www4.wiwiss.fu-berlin.de/bizer/bsbm/v01/instances/dataFrom/Product456;http://www4.wiwiss.fu-berlin.de/bizer/bsbm/v01/vocabulary/productFeature;http://www4.wiwiss.fu-berlin.de/bizer/bsbm/v01/instances/ProductFeature24
http://www4.wiwiss.fu-berlin.de/bizer/bsbm/v01/instances/dataFrom/Product456;http://www4.wiwiss.fu-berlin.de/bizer/bsbm/v01/vocabulary/productFeature;http://www4.wiwiss.fu-berlin.de/bizer/bsbm/v01/instances/ProductFeature28
http://www4.wiwiss.fu-berlin.de/bizer/bsbm/v01/instances/dataFrom/Product456;http://www4.wiwiss.fu-berlin.de/bizer/bsbm/v01/vocabulary/productFeature;http://www4.wiwiss.fu-berlin.de/bizer/bsbm/v01/instances/ProductFeature30
http://www4.wiwiss.fu-berlin.de/bizer/bsbm/v01/instances/dataFrom/Product456;http://www4.wiwiss.fu-berlin.de/bizer/bsbm/v01/vocabulary/productFeature;http://www4.wiwiss.fu-berlin.de/bizer/bsbm/v01/instances/ProductFeature33
http://www4.wiwiss.fu-berlin.de/bizer/bsbm/v01/instances/dataFrom/Product456;http://www4.wiwiss.fu-berlin.de/bizer/bsbm/v01/vocabulary/productFeature;http://www4.wiwiss.fu-berlin.de/bizer/bsbm/v01/instances/ProductFeature37
http://www4.wiwiss.fu-berlin.de/bizer/bsbm/v01/instances/dataFrom/Product456;http://www4.wiwiss.fu-berlin.de/bizer/bsbm/v01/vocabulary/producer;http://www4.wiwiss.fu-berlin.de/bizer/bsbm/v01/instances/dataFromProducer19/Producer19
http://www4.wiwiss.fu-berlin.de/bizer/bsbm/v01/instances/dataFrom/Product456;http://purl.org/dc/elements/1.1/publisher;http://www4.wiwiss.fu-berlin.de/bizer/bsbm/v01/instances/dataFromProducer19/Producer19
http://www4.wiwiss.fu-berlin.de/bizer/bsbm/v01/instances/dataFrom/Product456;http://purl.org/dc/elements/1.1/date;2003-02-14
http://www4.wiwiss.fu-berlin.de/bizer/bsbm/v01/instances/dataFrom/Product997;http://www.w3.org/1999/02/22-rdf-syntax-ns#type;http://www4.wiwiss.fu-berlin.de/bizer/bsbm/v01/vocabulary/Product
http://www4.wiwiss.fu-berlin.de/bizer/bsbm/v01/instances/dataFrom/Product997;http://www.w3.org/1999/02/22-rdf-syntax-ns#type;http://www4.wiwiss.fu-berlin.de/bizer/bsbm/v01/instances/ProductType79
http://www4.wiwiss.fu-berlin.de/bizer/bsbm/v01/instances/dataFrom/Product997;http://www.w3.org/2000/01/rdf-schema#label;valuation vindication
http://www4.wiwiss.fu-berlin.de/bizer/bsbm/v01/instances/dataFrom/Product997;http://www.w3.org/2000/01/rdf-schema#comment;vocational orangiest nances statal perique whinnier shipworms remorses storming tidiest deforesting trothing unslaked merged rooting revenging denuclearize outproduces prevailers obstructiveness badinaging prerecorded henrys bestrides elongates rounds basely splosh plucked fealties emulsifying nonviable cheekiest dugong warders thieved westernized delusionary satiated quiverers bullwhips bowered cruciate twangles shoplifter depravity polymerize slams reverencer smirched enveloped elicits eatings syllogistically discomforts bombs demeaned alders teratological forzandos bookmaking feministic logicize resharpened canvaslike spelt interspersed biotechnological razored clearing dumbwaiters amasser whackier reformated foyers preappearances blackballs cumulates grouped trembling halvahs ophthalmoscopy balkans lido imperilled advertently neckties genocidal reinfects nakedly imputes leukemic cuirassed sealable shocked hearings
http://www4.wiwiss.fu-berlin.de/bizer/bsbm/v01/instances/dataFrom/Product997;http://www4.wiwiss.fu-berlin.de/bizer/bsbm/v01/vocabulary/productPropertyNumeric1;755
http://www4.wiwiss.fu-berlin.de/bizer/bsbm/v01/instances/dataFrom/Product997;http://www4.wiwiss.fu-berlin.de/bizer/bsbm/v01/vocabulary/productPropertyNumeric2;1190
http://www4.wiwiss.fu-berlin.de/bizer/bsbm/v01/instances/dataFrom/Product997;http://www4.wiwiss.fu-berlin.de/bizer/bsbm/v01/vocabulary/productPropertyNumeric3;455
http://www4.wiwiss.fu-berlin.de/bizer/bsbm/v01/instances/dataFrom/Product997;http://www4.wiwiss.fu-berlin.de/bizer/bsbm/v01/vocabulary/productPropertyNumeric4;750
http://www4.wiwiss.fu-berlin.de/bizer/bsbm/v01/instances/dataFrom/Product997;http://www4.wiwiss.fu-berlin.de/bizer/bsbm/v01/vocabulary/productPropertyNumeric5;160
http://www4.wiwiss.fu-berlin.de/bizer/bsbm/v01/instances/dataFrom/Product997;http://www4.wiwiss.fu-berlin.de/bizer/bsbm/v01/vocabulary/productPropertyTextual1;demagogy grueler frettiest rotors hymenopterous phototherapies capelan gastroscopic sympathizing denunciations manifestly prevailingly liquids sexless garrote
http://www4.wiwiss.fu-berlin.de/bizer/bsbm/v01/instances/dataFrom/Product997;http://www4.wiwiss.fu-berlin.de/bizer/bsbm/v01/vocabulary/productPropertyTextual2;tainting socially kales impuissance kris blowsily saltcellar disciplines immemorially mincy oxhearts catamaran scavenger isostatically
http://www4.wiwiss.fu-berlin.de/bizer/bsbm/v01/instances/dataFrom/Product997;http://www4.wiwiss.fu-berlin.de/bizer/bsbm/v01/vocabulary/productPropertyTextual3;titulary payment careered slouching overdiligent
http://www4.wiwiss.fu-berlin.de/bizer/bsbm/v01/instances/dataFrom/Product997;http://www4.wiwiss.fu-berlin.de/bizer/bsbm/v01/vocabulary/productPropertyTextual4;obligator commenced trampolinists suborbital
http://www4.wiwiss.fu-berlin.de/bizer/bsbm/v01/instances/dataFrom/Product997;http://www4.wiwiss.fu-berlin.de/bizer/bsbm/v01/vocabulary/productPropertyTextual5;tollages effortlessness bookplates stirrups retractable leaner
http://www4.wiwiss.fu-berlin.de/bizer/bsbm/v01/instances/dataFrom/Product997;http://www4.wiwiss.fu-berlin.de/bizer/bsbm/v01/vocabulary/productFeature;http://www4.wiwiss.fu-berlin.de/bizer/bsbm/v01/instances/ProductFeature2404
http://www4.wiwiss.fu-berlin.de/bizer/bsbm/v01/instances/dataFrom/Product997;http://www4.wiwiss.fu-berlin.de/bizer/bsbm/v01/vocabulary/productFeature;http://www4.wiwiss.fu-berlin.de/bizer/bsbm/v01/instances/ProductFeature2406
http://www4.wiwiss.fu-berlin.de/bizer/bsbm/v01/instances/dataFrom/Product997;http://www4.wiwiss.fu-berlin.de/bizer/bsbm/v01/vocabulary/productFeature;http://www4.wiwiss.fu-berlin.de/bizer/bsbm/v01/instances/ProductFeature2410
http://www4.wiwiss.fu-berlin.de/bizer/bsbm/v01/instances/dataFrom/Product997;http://www4.wiwiss.fu-berlin.de/bizer/bsbm/v01/vocabulary/productFeature;http://www4.wiwiss.fu-berlin.de/bizer/bsbm/v01/instances/ProductFeature2412
http://www4.wiwiss.fu-berlin.de/bizer/bsbm/v01/instances/dataFrom/Product997;http://www4.wiwiss.fu-berlin.de/bizer/bsbm/v01/vocabulary/productFeature;http://www4.wiwiss.fu-berlin.de/bizer/bsbm/v01/instances/ProductFeature2415
http://www4.wiwiss.fu-berlin.de/bizer/bsbm/v01/instances/dataFrom/Product997;http://www4.wiwiss.fu-berlin.de/bizer/bsbm/v01/vocabulary/productFeature;http://www4.wiwiss.fu-berlin.de/bizer/bsbm/v01/instances/ProductFeature2430
http://www4.wiwiss.fu-berlin.de/bizer/bsbm/v01/instances/dataFrom/Product997;http://www4.wiwiss.fu-berlin.de/bizer/bsbm/v01/vocabulary/productFeature;http://www4.wiwiss.fu-berlin.de/bizer/bsbm/v01/instances/ProductFeature2435
http://www4.wiwiss.fu-berlin.de/bizer/bsbm/v01/instances/dataFrom/Product997;http://www4.wiwiss.fu-berlin.de/bizer/bsbm/v01/vocabulary/productFeature;http://www4.wiwiss.fu-berlin.de/bizer/bsbm/v01/instances/ProductFeature441
http://www4.wiwiss.fu-berlin.de/bizer/bsbm/v01/instances/dataFrom/Product997;http://www4.wiwiss.fu-berlin.de/bizer/bsbm/v01/vocabulary/productFeature;http://www4.wiwiss.fu-berlin.de/bizer/bsbm/v01/instances/ProductFeature442
http://www4.wiwiss.fu-berlin.de/bizer/bsbm/v01/instances/dataFrom/Product997;http://www4.wiwiss.fu-berlin.de/bizer/bsbm/v01/vocabulary/productFeature;http://www4.wiwiss.fu-berlin.de/bizer/bsbm/v01/instances/ProductFeature445
http://www4.wiwiss.fu-berlin.de/bizer/bsbm/v01/instances/dataFrom/Product997;http://www4.wiwiss.fu-berlin.de/bizer/bsbm/v01/vocabulary/productFeature;http://www4.wiwiss.fu-berlin.de/bizer/bsbm/v01/instances/ProductFeature453
http://www4.wiwiss.fu-berlin.de/bizer/bsbm/v01/instances/dataFrom/Product997;http://www4.wiwiss.fu-berlin.de/bizer/bsbm/v01/vocabulary/productFeature;http://www4.wiwiss.fu-berlin.de/bizer/bsbm/v01/instances/ProductFeature457
http://www4.wiwiss.fu-berlin.de/bizer/bsbm/v01/instances/dataFrom/Product997;http://www4.wiwiss.fu-berlin.de/bizer/bsbm/v01/vocabulary/productFeature;http://www4.wiwiss.fu-berlin.de/bizer/bsbm/v01/instances/ProductFeature458
http://www4.wiwiss.fu-berlin.de/bizer/bsbm/v01/instances/dataFrom/Product997;http://www4.wiwiss.fu-berlin.de/bizer/bsbm/v01/vocabulary/productFeature;http://www4.wiwiss.fu-berlin.de/bizer/bsbm/v01/instances/ProductFeature460
http://www4.wiwiss.fu-berlin.de/bizer/bsbm/v01/instances/dataFrom/Product997;http://www4.wiwiss.fu-berlin.de/bizer/bsbm/v01/vocabulary/productFeature;http://www4.wiwiss.fu-berlin.de/bizer/bsbm/v01/instances/ProductFeature469
http://www4.wiwiss.fu-berlin.de/bizer/bsbm/v01/instances/dataFrom/Product997;http://www4.wiwiss.fu-berlin.de/bizer/bsbm/v01/vocabulary/productFeature;http://www4.wiwiss.fu-berlin.de/bizer/bsbm/v01/instances/ProductFeature24
http://www4.wiwiss.fu-berlin.de/bizer/bsbm/v01/instances/dataFrom/Product997;http://www4.wiwiss.fu-berlin.de/bizer/bsbm/v01/vocabulary/productFeature;http://www4.wiwiss.fu-berlin.de/bizer/bsbm/v01/instances/ProductFeature28
http://www4.wiwiss.fu-berlin.de/bizer/bsbm/v01/instances/dataFrom/Product997;http://www4.wiwiss.fu-berlin.de/bizer/bsbm/v01/vocabulary/productFeature;http://www4.wiwiss.fu-berlin.de/bizer/bsbm/v01/instances/ProductFeature30
http://www4.wiwiss.fu-berlin.de/bizer/bsbm/v01/instances/dataFrom/Product997;http://www4.wiwiss.fu-berlin.de/bizer/bsbm/v01/vocabulary/productFeature;http://www4.wiwiss.fu-berlin.de/bizer/bsbm/v01/instances/ProductFeature33
http://www4.wiwiss.fu-berlin.de/bizer/bsbm/v01/instances/dataFrom/Product997;http://www4.wiwiss.fu-berlin.de/bizer/bsbm/v01/vocabulary/productFeature;http://www4.wiwiss.fu-berlin.de/bizer/bsbm/v01/instances/ProductFeature37
http://www4.wiwiss.fu-berlin.de/bizer/bsbm/v01/instances/dataFrom/Product997;http://www4.wiwiss.fu-berlin.de/bizer/bsbm/v01/vocabulary/producer;http://www4.wiwiss.fu-berlin.de/bizer/bsbm/v01/instances/dataFromProducer19/Producer19
http://www4.wiwiss.fu-berlin.de/bizer/bsbm/v01/instances/dataFrom/Product997;http://purl.org/dc/elements/1.1/publisher;http://www4.wiwiss.fu-berlin.de/bizer/bsbm/v01/instances/dataFromProducer19/Producer19
http://www4.wiwiss.fu-berlin.de/bizer/bsbm/v01/instances/dataFrom/Product997;http://purl.org/dc/elements/1.1/date;2003-02-14
http://www4.wiwiss.fu-berlin.de/bizer/bsbm/v01/instances/dataFrom/Product115;http://www.w3.org/1999/02/22-rdf-syntax-ns#type;http://www4.wiwiss.fu-berlin.de/bizer/bsbm/v01/vocabulary/Product
http://www4.wiwiss.fu-berlin.de/bizer/bsbm/v01/instances/dataFrom/Product115;http://www.w3.org/1999/02/22-rdf-syntax-ns#type;http://www4.wiwiss.fu-berlin.de/bizer/bsbm/v01/instances/ProductType79
http://www4.wiwiss.fu-berlin.de/bizer/bsbm/v01/instances/dataFrom/Product115;http://www.w3.org/2000/01/rdf-schema#label;valuation vindication
http://www4.wiwiss.fu-berlin.de/bizer/bsbm/v01/instances/dataFrom/Product115;http://www.w3.org/2000/01/rdf-schema#comment;vocational orangiest nances statal perique whinnier shipworms remorses storming tidiest deforesting trothing unslaked merged rooting revenging denuclearize outproduces prevailers obstructiveness badinaging prerecorded henrys bestrides elongates rounds basely splosh plucked fealties emulsifying nonviable cheekiest dugong warders thieved westernized delusionary satiated quiverers bullwhips bowered cruciate twangles shoplifter depravity polymerize slams reverencer smirched enveloped elicits eatings syllogistically discomforts bombs demeaned alders teratological forzandos bookmaking feministic logicize resharpened canvaslike spelt interspersed biotechnological razored clearing dumbwaiters amasser whackier reformated foyers preappearances blackballs cumulates grouped trembling halvahs ophthalmoscopy balkans lido imperilled advertently neckties genocidal reinfects nakedly imputes leukemic cuirassed sealable shocked hearings
http://www4.wiwiss.fu-berlin.de/bizer/bsbm/v01/instances/dataFrom/Product115;http://www4.wiwiss.fu-berlin.de/bizer/bsbm/v01/vocabulary/productPropertyNumeric1;755
http://www4.wiwiss.fu-berlin.de/bizer/bsbm/v01/instances/dataFrom/Product115;http://www4.wiwiss.fu-berlin.de/bizer/bsbm/v01/vocabulary/productPropertyNumeric2;1190
http://www4.wiwiss.fu-berlin.de/bizer/bsbm/v01/instances/dataFrom/Product115;http://www4.wiwiss.fu-berlin.de/bizer/bsbm/v01/vocabulary/productPropertyNumeric3;455
http://www4.wiwiss.fu-berlin.de/bizer/bsbm/v01/instances/dataFrom/Product115;http://www4.wiwiss.fu-berlin.de/bizer/bsbm/v01/vocabulary/productPropertyNumeric4;750
http://www4.wiwiss.fu-berlin.de/bizer/bsbm/v01/instances/dataFrom/Product115;http://www4.wiwiss.fu-berlin.de/bizer/bsbm/v01/vocabulary/productPropertyNumeric5;160
http://www4.wiwiss.fu-berlin.de/bizer/bsbm/v01/instances/dataFrom/Product115;http://www4.wiwiss.fu-berlin.de/bizer/bsbm/v01/vocabulary/productPropertyTextual1;demagogy grueler frettiest rotors hymenopterous phototherapies capelan gastroscopic sympathizing denunciations manifestly prevailingly liquids sexless garrote
http://www4.wiwiss.fu-berlin.de/bizer/bsbm/v01/instances/dataFrom/Product115;http://www4.wiwiss.fu-berlin.de/bizer/bsbm/v01/vocabulary/productPropertyTextual2;tainting socially kales impuissance kris blowsily saltcellar disciplines immemorially mincy oxhearts catamaran scavenger isostatically
http://www4.wiwiss.fu-berlin.de/bizer/bsbm/v01/instances/dataFrom/Product115;http://www4.wiwiss.fu-berlin.de/bizer/bsbm/v01/vocabulary/productPropertyTextual3;titulary payment careered slouching overdiligent
http://www4.wiwiss.fu-berlin.de/bizer/bsbm/v01/instances/dataFrom/Product115;http://www4.wiwiss.fu-berlin.de/bizer/bsbm/v01/vocabulary/productPropertyTextual4;obligator commenced trampolinists suborbital
http://www4.wiwiss.fu-berlin.de/bizer/bsbm/v01/instances/dataFrom/Product115;http://www4.wiwiss.fu-berlin.de/bizer/bsbm/v01/vocabulary/productPropertyTextual5;tollages effortlessness bookplates stirrups retractable leaner
http://www4.wiwiss.fu-berlin.de/bizer/bsbm/v01/instances/dataFrom/Product115;http://www4.wiwiss.fu-berlin.de/bizer/bsbm/v01/vocabulary/productFeature;http://www4.wiwiss.fu-berlin.de/bizer/bsbm/v01/instances/ProductFeature2404
http://www4.wiwiss.fu-berlin.de/bizer/bsbm/v01/instances/dataFrom/Product115;http://www4.wiwiss.fu-berlin.de/bizer/bsbm/v01/vocabulary/productFeature;http://www4.wiwiss.fu-berlin.de/bizer/bsbm/v01/instances/ProductFeature2406
http://www4.wiwiss.fu-berlin.de/bizer/bsbm/v01/instances/dataFrom/Product115;http://www4.wiwiss.fu-berlin.de/bizer/bsbm/v01/vocabulary/productFeature;http://www4.wiwiss.fu-berlin.de/bizer/bsbm/v01/instances/ProductFeature2410
http://www4.wiwiss.fu-berlin.de/bizer/bsbm/v01/instances/dataFrom/Product115;http://www4.wiwiss.fu-berlin.de/bizer/bsbm/v01/vocabulary/productFeature;http://www4.wiwiss.fu-berlin.de/bizer/bsbm/v01/instances/ProductFeature2412
http://www4.wiwiss.fu-berlin.de/bizer/bsbm/v01/instances/dataFrom/Product115;http://www4.wiwiss.fu-berlin.de/bizer/bsbm/v01/vocabulary/productFeature;http://www4.wiwiss.fu-berlin.de/bizer/bsbm/v01/instances/ProductFeature2415
http://www4.wiwiss.fu-berlin.de/bizer/bsbm/v01/instances/dataFrom/Product115;http://www4.wiwiss.fu-berlin.de/bizer/bsbm/v01/vocabulary/productFeature;http://www4.wiwiss.fu-berlin.de/bizer/bsbm/v01/instances/ProductFeature2430
http://www4.wiwiss.fu-berlin.de/bizer/bsbm/v01/instances/dataFrom/Product115;http://www4.wiwiss.fu-berlin.de/bizer/bsbm/v01/vocabulary/productFeature;http://www4.wiwiss.fu-berlin.de/bizer/bsbm/v01/instances/ProductFeature2435
http://www4.wiwiss.fu-berlin.de/bizer/bsbm/v01/instances/dataFrom/Product115;http://www4.wiwiss.fu-berlin.de/bizer/bsbm/v01/vocabulary/productFeature;http://www4.wiwiss.fu-berlin.de/bizer/bsbm/v01/instances/ProductFeature441
http://www4.wiwiss.fu-berlin.de/bizer/bsbm/v01/instances/dataFrom/Product115;http://www4.wiwiss.fu-berlin.de/bizer/bsbm/v01/vocabulary/productFeature;http://www4.wiwiss.fu-berlin.de/bizer/bsbm/v01/instances/ProductFeature442
http://www4.wiwiss.fu-berlin.de/bizer/bsbm/v01/instances/dataFrom/Product115;http://www4.wiwiss.fu-berlin.de/bizer/bsbm/v01/vocabulary/productFeature;http://www4.wiwiss.fu-berlin.de/bizer/bsbm/v01/instances/ProductFeature445
http://www4.wiwiss.fu-berlin.de/bizer/bsbm/v01/instances/dataFrom/Product115;http://www4.wiwiss.fu-berlin.de/bizer/bsbm/v01/vocabulary/productFeature;http://www4.wiwiss.fu-berlin.de/bizer/bsbm/v01/instances/ProductFeature453
http://www4.wiwiss.fu-berlin.de/bizer/bsbm/v01/instances/dataFrom/Product115;http://www4.wiwiss.fu-berlin.de/bizer/bsbm/v01/vocabulary/productFeature;http://www4.wiwiss.fu-berlin.de/bizer/bsbm/v01/instances/ProductFeature457
http://www4.wiwiss.fu-berlin.de/bizer/bsbm/v01/instances/dataFrom/Product115;http://www4.wiwiss.fu-berlin.de/bizer/bsbm/v01/vocabulary/productFeature;http://www4.wiwiss.fu-berlin.de/bizer/bsbm/v01/instances/ProductFeature458
http://www4.wiwiss.fu-berlin.de/bizer/bsbm/v01/instances/dataFrom/Product115;http://www4.wiwiss.fu-berlin.de/bizer/bsbm/v01/vocabulary/productFeature;http://www4.wiwiss.fu-berlin.de/bizer/bsbm/v01/instances/ProductFeature460
http://www4.wiwiss.fu-berlin.de/bizer/bsbm/v01/instances/dataFrom/Product115;http://www4.wiwiss.fu-berlin.de/bizer/bsbm/v01/vocabulary/productFeature;http://www4.wiwiss.fu-berlin.de/bizer/bsbm/v01/instances/ProductFeature469
http://www4.wiwiss.fu-berlin.de/bizer/bsbm/v01/instances/dataFrom/Product115;http://www4.wiwiss.fu-berlin.de/bizer/bsbm/v01/vocabulary/productFeature;http://www4.wiwiss.fu-berlin.de/bizer/bsbm/v01/instances/ProductFeature24
http://www4.wiwiss.fu-berlin.de/bizer/bsbm/v01/instances/dataFrom/Product115;http://www4.wiwiss.fu-berlin.de/bizer/bsbm/v01/vocabulary/productFeature;http://www4.wiwiss.fu-berlin.de/bizer/bsbm/v01/instances/ProductFeature28
http://www4.wiwiss.fu-berlin.de/bizer/bsbm/v01/instances/dataFrom/Product115;http://www4.wiwiss.fu-berlin.de/bizer/bsbm/v01/vocabulary/productFeature;http://www4.wiwiss.fu-berlin.de/bizer/bsbm/v01/instances/ProductFeature30
http://www4.wiwiss.fu-berlin.de/bizer/bsbm/v01/instances/dataFrom/Product115;http://www4.wiwiss.fu-berlin.de/bizer/bsbm/v01/vocabulary/productFeature;http://www4.wiwiss.fu-berlin.de/bizer/bsbm/v01/instances/ProductFeature33
http://www4.wiwiss.fu-berlin.de/bizer/bsbm/v01/instances/dataFrom/Product115;http://www4.wiwiss.fu-berlin.de/bizer/bsbm/v01/vocabulary/productFeature;http://www4.wiwiss.fu-berlin.de/bizer/bsbm/v01/instances/ProductFeature37
http://www4.wiwiss.fu-berlin.de/bizer/bsbm/v01/instances/dataFrom/Product115;http://www4.wiwiss.fu-berlin.de/bizer/bsbm/v01/vocabulary/producer;http://www4.wiwiss.fu-berlin.de/bizer/bsbm/v01/instances/dataFromProducer19/Producer19
http://www4.wiwiss.fu-berlin.de/bizer/bsbm/v01/instances/dataFrom/Product115;http://purl.org/dc/elements/1.1/publisher;http://www4.wiwiss.fu-berlin.de/bizer/bsbm/v01/instances/dataFromProducer19/Producer19
http://www4.wiwiss.fu-berlin.de/bizer/bsbm/v01/instances/dataFrom/Product115;http://purl.org/dc/elements/1.1/date;2003-02-14
http://www4.wiwiss.fu-berlin.de/bizer/bsbm/v01/instances/dataFrom/Product59;http://www.w3.org/1999/02/22-rdf-syntax-ns#type;http://www4.wiwiss.fu-berlin.de/bizer/bsbm/v01/vocabulary/Product
http://www4.wiwiss.fu-berlin.de/bizer/bsbm/v01/instances/dataFrom/Product59;http://www.w3.org/1999/02/22-rdf-syntax-ns#type;http://www4.wiwiss.fu-berlin.de/bizer/bsbm/v01/instances/ProductType79
http://www4.wiwiss.fu-berlin.de/bizer/bsbm/v01/instances/dataFrom/Product59;http://www.w3.org/2000/01/rdf-schema#label;valuation vindication
http://www4.wiwiss.fu-berlin.de/bizer/bsbm/v01/instances/dataFrom/Product59;http://www.w3.org/2000/01/rdf-schema#comment;vocational orangiest nances statal perique whinnier shipworms remorses storming tidiest deforesting trothing unslaked merged rooting revenging denuclearize outproduces prevailers obstructiveness badinaging prerecorded henrys bestrides elongates rounds basely splosh plucked fealties emulsifying nonviable cheekiest dugong warders thieved westernized delusionary satiated quiverers bullwhips bowered cruciate twangles shoplifter depravity polymerize slams reverencer smirched enveloped elicits eatings syllogistically discomforts bombs demeaned alders teratological forzandos bookmaking feministic logicize resharpened canvaslike spelt interspersed biotechnological razored clearing dumbwaiters amasser whackier reformated foyers preappearances blackballs cumulates grouped trembling halvahs ophthalmoscopy balkans lido imperilled advertently neckties genocidal reinfects nakedly imputes leukemic cuirassed sealable shocked hearings
http://www4.wiwiss.fu-berlin.de/bizer/bsbm/v01/instances/dataFrom/Product59;http://www4.wiwiss.fu-berlin.de/bizer/bsbm/v01/vocabulary/productPropertyNumeric1;755
http://www4.wiwiss.fu-berlin.de/bizer/bsbm/v01/instances/dataFrom/Product59;http://www4.wiwiss.fu-berlin.de/bizer/bsbm/v01/vocabulary/productPropertyNumeric2;1190
http://www4.wiwiss.fu-berlin.de/bizer/bsbm/v01/instances/dataFrom/Product59;http://www4.wiwiss.fu-berlin.de/bizer/bsbm/v01/vocabulary/productPropertyNumeric3;455
http://www4.wiwiss.fu-berlin.de/bizer/bsbm/v01/instances/dataFrom/Product59;http://www4.wiwiss.fu-berlin.de/bizer/bsbm/v01/vocabulary/productPropertyNumeric4;750
http://www4.wiwiss.fu-berlin.de/bizer/bsbm/v01/instances/dataFrom/Product59;http://www4.wiwiss.fu-berlin.de/bizer/bsbm/v01/vocabulary/productPropertyNumeric5;160
http://www4.wiwiss.fu-berlin.de/bizer/bsbm/v01/instances/dataFrom/Product59;http://www4.wiwiss.fu-berlin.de/bizer/bsbm/v01/vocabulary/productPropertyTextual1;demagogy grueler frettiest rotors hymenopterous phototherapies capelan gastroscopic sympathizing denunciations manifestly prevailingly liquids sexless garrote
http://www4.wiwiss.fu-berlin.de/bizer/bsbm/v01/instances/dataFrom/Product59;http://www4.wiwiss.fu-berlin.de/bizer/bsbm/v01/vocabulary/productPropertyTextual2;tainting socially kales impuissance kris blowsily saltcellar disciplines immemorially mincy oxhearts catamaran scavenger isostatically
http://www4.wiwiss.fu-berlin.de/bizer/bsbm/v01/instances/dataFrom/Product59;http://www4.wiwiss.fu-berlin.de/bizer/bsbm/v01/vocabulary/productPropertyTextual3;titulary payment careered slouching overdiligent
http://www4.wiwiss.fu-berlin.de/bizer/bsbm/v01/instances/dataFrom/Product59;http://www4.wiwiss.fu-berlin.de/bizer/bsbm/v01/vocabulary/productPropertyTextual4;obligator commenced trampolinists suborbital
http://www4.wiwiss.fu-berlin.de/bizer/bsbm/v01/instances/dataFrom/Product59;http://www4.wiwiss.fu-berlin.de/bizer/bsbm/v01/vocabulary/productPropertyTextual5;tollages effortlessness bookplates stirrups retractable leaner
http://www4.wiwiss.fu-berlin.de/bizer/bsbm/v01/instances/dataFrom/Product59;http://www4.wiwiss.fu-berlin.de/bizer/bsbm/v01/vocabulary/productFeature;http://www4.wiwiss.fu-berlin.de/bizer/bsbm/v01/instances/ProductFeature2404
http://www4.wiwiss.fu-berlin.de/bizer/bsbm/v01/instances/dataFrom/Product59;http://www4.wiwiss.fu-berlin.de/bizer/bsbm/v01/vocabulary/productFeature;http://www4.wiwiss.fu-berlin.de/bizer/bsbm/v01/instances/ProductFeature2406
http://www4.wiwiss.fu-berlin.de/bizer/bsbm/v01/instances/dataFrom/Product59;http://www4.wiwiss.fu-berlin.de/bizer/bsbm/v01/vocabulary/productFeature;http://www4.wiwiss.fu-berlin.de/bizer/bsbm/v01/instances/ProductFeature2410
http://www4.wiwiss.fu-berlin.de/bizer/bsbm/v01/instances/dataFrom/Product59;http://www4.wiwiss.fu-berlin.de/bizer/bsbm/v01/vocabulary/productFeature;http://www4.wiwiss.fu-berlin.de/bizer/bsbm/v01/instances/ProductFeature2412
http://www4.wiwiss.fu-berlin.de/bizer/bsbm/v01/instances/dataFrom/Product59;http://www4.wiwiss.fu-berlin.de/bizer/bsbm/v01/vocabulary/productFeature;http://www4.wiwiss.fu-berlin.de/bizer/bsbm/v01/instances/ProductFeature2415
http://www4.wiwiss.fu-berlin.de/bizer/bsbm/v01/instances/dataFrom/Product59;http://www4.wiwiss.fu-berlin.de/bizer/bsbm/v01/vocabulary/productFeature;http://www4.wiwiss.fu-berlin.de/bizer/bsbm/v01/instances/ProductFeature2430
http://www4.wiwiss.fu-berlin.de/bizer/bsbm/v01/instances/dataFrom/Product59;http://www4.wiwiss.fu-berlin.de/bizer/bsbm/v01/vocabulary/productFeature;http://www4.wiwiss.fu-berlin.de/bizer/bsbm/v01/instances/ProductFeature2435
http://www4.wiwiss.fu-berlin.de/bizer/bsbm/v01/instances/dataFrom/Product59;http://www4.wiwiss.fu-berlin.de/bizer/bsbm/v01/vocabulary/productFeature;http://www4.wiwiss.fu-berlin.de/bizer/bsbm/v01/instances/ProductFeature441
http://www4.wiwiss.fu-berlin.de/bizer/bsbm/v01/instances/dataFrom/Product59;http://www4.wiwiss.fu-berlin.de/bizer/bsbm/v01/vocabulary/productFeature;http://www4.wiwiss.fu-berlin.de/bizer/bsbm/v01/instances/ProductFeature442
http://www4.wiwiss.fu-berlin.de/bizer/bsbm/v01/instances/dataFrom/Product59;http://www4.wiwiss.fu-berlin.de/bizer/bsbm/v01/vocabulary/productFeature;http://www4.wiwiss.fu-berlin.de/bizer/bsbm/v01/instances/ProductFeature445
http://www4.wiwiss.fu-berlin.de/bizer/bsbm/v01/instances/dataFrom/Product59;http://www4.wiwiss.fu-berlin.de/bizer/bsbm/v01/vocabulary/productFeature;http://www4.wiwiss.fu-berlin.de/bizer/bsbm/v01/instances/ProductFeature453
http://www4.wiwiss.fu-berlin.de/bizer/bsbm/v01/instances/dataFrom/Product59;http://www4.wiwiss.fu-berlin.de/bizer/bsbm/v01/vocabulary/productFeature;http://www4.wiwiss.fu-berlin.de/bizer/bsbm/v01/instances/ProductFeature457
http://www4.wiwiss.fu-berlin.de/bizer/bsbm/v01/instances/dataFrom/Product59;http://www4.wiwiss.fu-berlin.de/bizer/bsbm/v01/vocabulary/productFeature;http://www4.wiwiss.fu-berlin.de/bizer/bsbm/v01/instances/ProductFeature458
http://www4.wiwiss.fu-berlin.de/bizer/bsbm/v01/instances/dataFrom/Product59;http://www4.wiwiss.fu-berlin.de/bizer/bsbm/v01/vocabulary/productFeature;http://www4.wiwiss.fu-berlin.de/bizer/bsbm/v01/instances/ProductFeature460
http://www4.wiwiss.fu-berlin.de/bizer/bsbm/v01/instances/dataFrom/Product59;http://www4.wiwiss.fu-berlin.de/bizer/bsbm/v01/vocabulary/productFeature;http://www4.wiwiss.fu-berlin.de/bizer/bsbm/v01/instances/ProductFeature469
http://www4.wiwiss.fu-berlin.de/bizer/bsbm/v01/instances/dataFrom/Product59;http://www4.wiwiss.fu-berlin.de/bizer/bsbm/v01/vocabulary/productFeature;http://www4.wiwiss.fu-berlin.de/bizer/bsbm/v01/instances/ProductFeature24
http://www4.wiwiss.fu-berlin.de/bizer/bsbm/v01/instances/dataFrom/Product59;http://www4.wiwiss.fu-berlin.de/bizer/bsbm/v01/vocabulary/productFeature;http://www4.wiwiss.fu-berlin.de/bizer/bsbm/v01/instances/ProductFeature28
http://www4.wiwiss.fu-berlin.de/bizer/bsbm/v01/instances/dataFrom/Product59;http://www4.wiwiss.fu-berlin.de/bizer/bsbm/v01/vocabulary/productFeature;http://www4.wiwiss.fu-berlin.de/bizer/bsbm/v01/instances/ProductFeature30
http://www4.wiwiss.fu-berlin.de/bizer/bsbm/v01/instances/dataFrom/Product59;http://www4.wiwiss.fu-berlin.de/bizer/bsbm/v01/vocabulary/productFeature;http://www4.wiwiss.fu-berlin.de/bizer/bsbm/v01/instances/ProductFeature33
http://www4.wiwiss.fu-berlin.de/bizer/bsbm/v01/instances/dataFrom/Product59;http://www4.wiwiss.fu-berlin.de/bizer/bsbm/v01/vocabulary/productFeature;http://www4.wiwiss.fu-berlin.de/bizer/bsbm/v01/instances/ProductFeature37
http://www4.wiwiss.fu-berlin.de/bizer/bsbm/v01/instances/dataFrom/Product59;http://www4.wiwiss.fu-berlin.de/bizer/bsbm/v01/vocabulary/producer;http://www4.wiwiss.fu-berlin.de/bizer/bsbm/v01/instances/dataFromProducer19/Producer19
http://www4.wiwiss.fu-berlin.de/bizer/bsbm/v01/instances/dataFrom/Product59;http://purl.org/dc/elements/1.1/publisher;http://www4.wiwiss.fu-berlin.de/bizer/bsbm/v01/instances/dataFromProducer19/Producer19
http://www4.wiwiss.fu-berlin.de/bizer/bsbm/v01/instances/dataFrom/Product59;http://purl.org/dc/elements/1.1/date;2003-02-14
http://www4.wiwiss.fu-berlin.de/bizer/bsbm/v01/instances/dataFrom/Product379;http://www.w3.org/1999/02/22-rdf-syntax-ns#type;http://www4.wiwiss.fu-berlin.de/bizer/bsbm/v01/vocabulary/Product
http://www4.wiwiss.fu-berlin.de/bizer/bsbm/v01/instances/dataFrom/Product379;http://www.w3.org/1999/02/22-rdf-syntax-ns#type;http://www4.wiwiss.fu-berlin.de/bizer/bsbm/v01/instances/ProductType79
http://www4.wiwiss.fu-berlin.de/bizer/bsbm/v01/instances/dataFrom/Product379;http://www.w3.org/2000/01/rdf-schema#label;valuation vindication
http://www4.wiwiss.fu-berlin.de/bizer/bsbm/v01/instances/dataFrom/Product379;http://www.w3.org/2000/01/rdf-schema#comment;vocational orangiest nances statal perique whinnier shipworms remorses storming tidiest deforesting trothing unslaked merged rooting revenging denuclearize outproduces prevailers obstructiveness badinaging prerecorded henrys bestrides elongates rounds basely splosh plucked fealties emulsifying nonviable cheekiest dugong warders thieved westernized delusionary satiated quiverers bullwhips bowered cruciate twangles shoplifter depravity polymerize slams reverencer smirched enveloped elicits eatings syllogistically discomforts bombs demeaned alders teratological forzandos bookmaking feministic logicize resharpened canvaslike spelt interspersed biotechnological razored clearing dumbwaiters amasser whackier reformated foyers preappearances blackballs cumulates grouped trembling halvahs ophthalmoscopy balkans lido imperilled advertently neckties genocidal reinfects nakedly imputes leukemic cuirassed sealable shocked hearings
http://www4.wiwiss.fu-berlin.de/bizer/bsbm/v01/instances/dataFrom/Product379;http://www4.wiwiss.fu-berlin.de/bizer/bsbm/v01/vocabulary/productPropertyNumeric1;755
http://www4.wiwiss.fu-berlin.de/bizer/bsbm/v01/instances/dataFrom/Product379;http://www4.wiwiss.fu-berlin.de/bizer/bsbm/v01/vocabulary/productPropertyNumeric2;1190
http://www4.wiwiss.fu-berlin.de/bizer/bsbm/v01/instances/dataFrom/Product379;http://www4.wiwiss.fu-berlin.de/bizer/bsbm/v01/vocabulary/productPropertyNumeric3;455
http://www4.wiwiss.fu-berlin.de/bizer/bsbm/v01/instances/dataFrom/Product379;http://www4.wiwiss.fu-berlin.de/bizer/bsbm/v01/vocabulary/productPropertyNumeric4;750
http://www4.wiwiss.fu-berlin.de/bizer/bsbm/v01/instances/dataFrom/Product379;http://www4.wiwiss.fu-berlin.de/bizer/bsbm/v01/vocabulary/productPropertyNumeric5;160
http://www4.wiwiss.fu-berlin.de/bizer/bsbm/v01/instances/dataFrom/Product379;http://www4.wiwiss.fu-berlin.de/bizer/bsbm/v01/vocabulary/productPropertyTextual1;demagogy grueler frettiest rotors hymenopterous phototherapies capelan gastroscopic sympathizing denunciations manifestly prevailingly liquids sexless garrote
http://www4.wiwiss.fu-berlin.de/bizer/bsbm/v01/instances/dataFrom/Product379;http://www4.wiwiss.fu-berlin.de/bizer/bsbm/v01/vocabulary/productPropertyTextual2;tainting socially kales impuissance kris blowsily saltcellar disciplines immemorially mincy oxhearts catamaran scavenger isostatically
http://www4.wiwiss.fu-berlin.de/bizer/bsbm/v01/instances/dataFrom/Product379;http://www4.wiwiss.fu-berlin.de/bizer/bsbm/v01/vocabulary/productPropertyTextual3;titulary payment careered slouching overdiligent
http://www4.wiwiss.fu-berlin.de/bizer/bsbm/v01/instances/dataFrom/Product379;http://www4.wiwiss.fu-berlin.de/bizer/bsbm/v01/vocabulary/productPropertyTextual4;obligator commenced trampolinists suborbital
http://www4.wiwiss.fu-berlin.de/bizer/bsbm/v01/instances/dataFrom/Product379;http://www4.wiwiss.fu-berlin.de/bizer/bsbm/v01/vocabulary/productPropertyTextual5;tollages effortlessness bookplates stirrups retractable leaner
http://www4.wiwiss.fu-berlin.de/bizer/bsbm/v01/instances/dataFrom/Product379;http://www4.wiwiss.fu-berlin.de/bizer/bsbm/v01/vocabulary/productFeature;http://www4.wiwiss.fu-berlin.de/bizer/bsbm/v01/instances/ProductFeature2404
http://www4.wiwiss.fu-berlin.de/bizer/bsbm/v01/instances/dataFrom/Product379;http://www4.wiwiss.fu-berlin.de/bizer/bsbm/v01/vocabulary/productFeature;http://www4.wiwiss.fu-berlin.de/bizer/bsbm/v01/instances/ProductFeature2406
http://www4.wiwiss.fu-berlin.de/bizer/bsbm/v01/instances/dataFrom/Product379;http://www4.wiwiss.fu-berlin.de/bizer/bsbm/v01/vocabulary/productFeature;http://www4.wiwiss.fu-berlin.de/bizer/bsbm/v01/instances/ProductFeature2410
http://www4.wiwiss.fu-berlin.de/bizer/bsbm/v01/instances/dataFrom/Product379;http://www4.wiwiss.fu-berlin.de/bizer/bsbm/v01/vocabulary/productFeature;http://www4.wiwiss.fu-berlin.de/bizer/bsbm/v01/instances/ProductFeature2412
http://www4.wiwiss.fu-berlin.de/bizer/bsbm/v01/instances/dataFrom/Product379;http://www4.wiwiss.fu-berlin.de/bizer/bsbm/v01/vocabulary/productFeature;http://www4.wiwiss.fu-berlin.de/bizer/bsbm/v01/instances/ProductFeature2415
http://www4.wiwiss.fu-berlin.de/bizer/bsbm/v01/instances/dataFrom/Product379;http://www4.wiwiss.fu-berlin.de/bizer/bsbm/v01/vocabulary/productFeature;http://www4.wiwiss.fu-berlin.de/bizer/bsbm/v01/instances/ProductFeature2430
http://www4.wiwiss.fu-berlin.de/bizer/bsbm/v01/instances/dataFrom/Product379;http://www4.wiwiss.fu-berlin.de/bizer/bsbm/v01/vocabulary/productFeature;http://www4.wiwiss.fu-berlin.de/bizer/bsbm/v01/instances/ProductFeature2435
http://www4.wiwiss.fu-berlin.de/bizer/bsbm/v01/instances/dataFrom/Product379;http://www4.wiwiss.fu-berlin.de/bizer/bsbm/v01/vocabulary/productFeature;http://www4.wiwiss.fu-berlin.de/bizer/bsbm/v01/instances/ProductFeature441
http://www4.wiwiss.fu-berlin.de/bizer/bsbm/v01/instances/dataFrom/Product379;http://www4.wiwiss.fu-berlin.de/bizer/bsbm/v01/vocabulary/productFeature;http://www4.wiwiss.fu-berlin.de/bizer/bsbm/v01/instances/ProductFeature442
http://www4.wiwiss.fu-berlin.de/bizer/bsbm/v01/instances/dataFrom/Product379;http://www4.wiwiss.fu-berlin.de/bizer/bsbm/v01/vocabulary/productFeature;http://www4.wiwiss.fu-berlin.de/bizer/bsbm/v01/instances/ProductFeature445
http://www4.wiwiss.fu-berlin.de/bizer/bsbm/v01/instances/dataFrom/Product379;http://www4.wiwiss.fu-berlin.de/bizer/bsbm/v01/vocabulary/productFeature;http://www4.wiwiss.fu-berlin.de/bizer/bsbm/v01/instances/ProductFeature453
http://www4.wiwiss.fu-berlin.de/bizer/bsbm/v01/instances/dataFrom/Product379;http://www4.wiwiss.fu-berlin.de/bizer/bsbm/v01/vocabulary/productFeature;http://www4.wiwiss.fu-berlin.de/bizer/bsbm/v01/instances/ProductFeature457
http://www4.wiwiss.fu-berlin.de/bizer/bsbm/v01/instances/dataFrom/Product379;http://www4.wiwiss.fu-berlin.de/bizer/bsbm/v01/vocabulary/productFeature;http://www4.wiwiss.fu-berlin.de/bizer/bsbm/v01/instances/ProductFeature458
http://www4.wiwiss.fu-berlin.de/bizer/bsbm/v01/instances/dataFrom/Product379;http://www4.wiwiss.fu-berlin.de/bizer/bsbm/v01/vocabulary/productFeature;http://www4.wiwiss.fu-berlin.de/bizer/bsbm/v01/instances/ProductFeature460
http://www4.wiwiss.fu-berlin.de/bizer/bsbm/v01/instances/dataFrom/Product379;http://www4.wiwiss.fu-berlin.de/bizer/bsbm/v01/vocabulary/productFeature;http://www4.wiwiss.fu-berlin.de/bizer/bsbm/v01/instances/ProductFeature469
http://www4.wiwiss.fu-berlin.de/bizer/bsbm/v01/instances/dataFrom/Product379;http://www4.wiwiss.fu-berlin.de/bizer/bsbm/v01/vocabulary/productFeature;http://www4.wiwiss.fu-berlin.de/bizer/bsbm/v01/instances/ProductFeature24
http://www4.wiwiss.fu-berlin.de/bizer/bsbm/v01/instances/dataFrom/Product379;http://www4.wiwiss.fu-berlin.de/bizer/bsbm/v01/vocabulary/productFeature;http://www4.wiwiss.fu-berlin.de/bizer/bsbm/v01/instances/ProductFeature28
http://www4.wiwiss.fu-berlin.de/bizer/bsbm/v01/instances/dataFrom/Product379;http://www4.wiwiss.fu-berlin.de/bizer/bsbm/v01/vocabulary/productFeature;http://www4.wiwiss.fu-berlin.de/bizer/bsbm/v01/instances/ProductFeature30
http://www4.wiwiss.fu-berlin.de/bizer/bsbm/v01/instances/dataFrom/Product379;http://www4.wiwiss.fu-berlin.de/bizer/bsbm/v01/vocabulary/productFeature;http://www4.wiwiss.fu-berlin.de/bizer/bsbm/v01/instances/ProductFeature33
http://www4.wiwiss.fu-berlin.de/bizer/bsbm/v01/instances/dataFrom/Product379;http://www4.wiwiss.fu-berlin.de/bizer/bsbm/v01/vocabulary/productFeature;http://www4.wiwiss.fu-berlin.de/bizer/bsbm/v01/instances/ProductFeature37
http://www4.wiwiss.fu-berlin.de/bizer/bsbm/v01/instances/dataFrom/Product379;http://www4.wiwiss.fu-berlin.de/bizer/bsbm/v01/vocabulary/producer;http://www4.wiwiss.fu-berlin.de/bizer/bsbm/v01/instances/dataFromProducer19/Producer19
http://www4.wiwiss.fu-berlin.de/bizer/bsbm/v01/instances/dataFrom/Product379;http://purl.org/dc/elements/1.1/publisher;http://www4.wiwiss.fu-berlin.de/bizer/bsbm/v01/instances/dataFromProducer19/Producer19
http://www4.wiwiss.fu-berlin.de/bizer/bsbm/v01/instances/dataFrom/Product379;http://purl.org/dc/elements/1.1/date;2003-02-14
http://www4.wiwiss.fu-berlin.de/bizer/bsbm/v01/instances/dataFrom/Product724;http://www.w3.org/1999/02/22-rdf-syntax-ns#type;http://www4.wiwiss.fu-berlin.de/bizer/bsbm/v01/vocabulary/Product
http://www4.wiwiss.fu-berlin.de/bizer/bsbm/v01/instances/dataFrom/Product724;http://www.w3.org/1999/02/22-rdf-syntax-ns#type;http://www4.wiwiss.fu-berlin.de/bizer/bsbm/v01/instances/ProductType79
http://www4.wiwiss.fu-berlin.de/bizer/bsbm/v01/instances/dataFrom/Product724;http://www.w3.org/2000/01/rdf-schema#label;valuation vindication
http://www4.wiwiss.fu-berlin.de/bizer/bsbm/v01/instances/dataFrom/Product724;http://www.w3.org/2000/01/rdf-schema#comment;vocational orangiest nances statal perique whinnier shipworms remorses storming tidiest deforesting trothing unslaked merged rooting revenging denuclearize outproduces prevailers obstructiveness badinaging prerecorded henrys bestrides elongates rounds basely splosh plucked fealties emulsifying nonviable cheekiest dugong warders thieved westernized delusionary satiated quiverers bullwhips bowered cruciate twangles shoplifter depravity polymerize slams reverencer smirched enveloped elicits eatings syllogistically discomforts bombs demeaned alders teratological forzandos bookmaking feministic logicize resharpened canvaslike spelt interspersed biotechnological razored clearing dumbwaiters amasser whackier reformated foyers preappearances blackballs cumulates grouped trembling halvahs ophthalmoscopy balkans lido imperilled advertently neckties genocidal reinfects nakedly imputes leukemic cuirassed sealable shocked hearings
http://www4.wiwiss.fu-berlin.de/bizer/bsbm/v01/instances/dataFrom/Product724;http://www4.wiwiss.fu-berlin.de/bizer/bsbm/v01/vocabulary/productPropertyNumeric1;755
http://www4.wiwiss.fu-berlin.de/bizer/bsbm/v01/instances/dataFrom/Product724;http://www4.wiwiss.fu-berlin.de/bizer/bsbm/v01/vocabulary/productPropertyNumeric2;1190
http://www4.wiwiss.fu-berlin.de/bizer/bsbm/v01/instances/dataFrom/Product724;http://www4.wiwiss.fu-berlin.de/bizer/bsbm/v01/vocabulary/productPropertyNumeric3;455
http://www4.wiwiss.fu-berlin.de/bizer/bsbm/v01/instances/dataFrom/Product724;http://www4.wiwiss.fu-berlin.de/bizer/bsbm/v01/vocabulary/productPropertyNumeric4;750
http://www4.wiwiss.fu-berlin.de/bizer/bsbm/v01/instances/dataFrom/Product724;http://www4.wiwiss.fu-berlin.de/bizer/bsbm/v01/vocabulary/productPropertyNumeric5;160
http://www4.wiwiss.fu-berlin.de/bizer/bsbm/v01/instances/dataFrom/Product724;http://www4.wiwiss.fu-berlin.de/bizer/bsbm/v01/vocabulary/productPropertyTextual1;demagogy grueler frettiest rotors hymenopterous phototherapies capelan gastroscopic sympathizing denunciations manifestly prevailingly liquids sexless garrote
http://www4.wiwiss.fu-berlin.de/bizer/bsbm/v01/instances/dataFrom/Product724;http://www4.wiwiss.fu-berlin.de/bizer/bsbm/v01/vocabulary/productPropertyTextual2;tainting socially kales impuissance kris blowsily saltcellar disciplines immemorially mincy oxhearts catamaran scavenger isostatically
http://www4.wiwiss.fu-berlin.de/bizer/bsbm/v01/instances/dataFrom/Product724;http://www4.wiwiss.fu-berlin.de/bizer/bsbm/v01/vocabulary/productPropertyTextual3;titulary payment careered slouching overdiligent
http://www4.wiwiss.fu-berlin.de/bizer/bsbm/v01/instances/dataFrom/Product724;http://www4.wiwiss.fu-berlin.de/bizer/bsbm/v01/vocabulary/productPropertyTextual4;obligator commenced trampolinists suborbital
http://www4.wiwiss.fu-berlin.de/bizer/bsbm/v01/instances/dataFrom/Product724;http://www4.wiwiss.fu-berlin.de/bizer/bsbm/v01/vocabulary/productPropertyTextual5;tollages effortlessness bookplates stirrups retractable leaner
http://www4.wiwiss.fu-berlin.de/bizer/bsbm/v01/instances/dataFrom/Product724;http://www4.wiwiss.fu-berlin.de/bizer/bsbm/v01/vocabulary/productFeature;http://www4.wiwiss.fu-berlin.de/bizer/bsbm/v01/instances/ProductFeature2404
http://www4.wiwiss.fu-berlin.de/bizer/bsbm/v01/instances/dataFrom/Product724;http://www4.wiwiss.fu-berlin.de/bizer/bsbm/v01/vocabulary/productFeature;http://www4.wiwiss.fu-berlin.de/bizer/bsbm/v01/instances/ProductFeature2406
http://www4.wiwiss.fu-berlin.de/bizer/bsbm/v01/instances/dataFrom/Product724;http://www4.wiwiss.fu-berlin.de/bizer/bsbm/v01/vocabulary/productFeature;http://www4.wiwiss.fu-berlin.de/bizer/bsbm/v01/instances/ProductFeature2410
http://www4.wiwiss.fu-berlin.de/bizer/bsbm/v01/instances/dataFrom/Product724;http://www4.wiwiss.fu-berlin.de/bizer/bsbm/v01/vocabulary/productFeature;http://www4.wiwiss.fu-berlin.de/bizer/bsbm/v01/instances/ProductFeature2412
http://www4.wiwiss.fu-berlin.de/bizer/bsbm/v01/instances/dataFrom/Product724;http://www4.wiwiss.fu-berlin.de/bizer/bsbm/v01/vocabulary/productFeature;http://www4.wiwiss.fu-berlin.de/bizer/bsbm/v01/instances/ProductFeature2415
http://www4.wiwiss.fu-berlin.de/bizer/bsbm/v01/instances/dataFrom/Product724;http://www4.wiwiss.fu-berlin.de/bizer/bsbm/v01/vocabulary/productFeature;http://www4.wiwiss.fu-berlin.de/bizer/bsbm/v01/instances/ProductFeature2430
http://www4.wiwiss.fu-berlin.de/bizer/bsbm/v01/instances/dataFrom/Product724;http://www4.wiwiss.fu-berlin.de/bizer/bsbm/v01/vocabulary/productFeature;http://www4.wiwiss.fu-berlin.de/bizer/bsbm/v01/instances/ProductFeature2435
http://www4.wiwiss.fu-berlin.de/bizer/bsbm/v01/instances/dataFrom/Product724;http://www4.wiwiss.fu-berlin.de/bizer/bsbm/v01/vocabulary/productFeature;http://www4.wiwiss.fu-berlin.de/bizer/bsbm/v01/instances/ProductFeature441
http://www4.wiwiss.fu-berlin.de/bizer/bsbm/v01/instances/dataFrom/Product724;http://www4.wiwiss.fu-berlin.de/bizer/bsbm/v01/vocabulary/productFeature;http://www4.wiwiss.fu-berlin.de/bizer/bsbm/v01/instances/ProductFeature442
http://www4.wiwiss.fu-berlin.de/bizer/bsbm/v01/instances/dataFrom/Product724;http://www4.wiwiss.fu-berlin.de/bizer/bsbm/v01/vocabulary/productFeature;http://www4.wiwiss.fu-berlin.de/bizer/bsbm/v01/instances/ProductFeature445
http://www4.wiwiss.fu-berlin.de/bizer/bsbm/v01/instances/dataFrom/Product724;http://www4.wiwiss.fu-berlin.de/bizer/bsbm/v01/vocabulary/productFeature;http://www4.wiwiss.fu-berlin.de/bizer/bsbm/v01/instances/ProductFeature453
http://www4.wiwiss.fu-berlin.de/bizer/bsbm/v01/instances/dataFrom/Product724;http://www4.wiwiss.fu-berlin.de/bizer/bsbm/v01/vocabulary/productFeature;http://www4.wiwiss.fu-berlin.de/bizer/bsbm/v01/instances/ProductFeature457
http://www4.wiwiss.fu-berlin.de/bizer/bsbm/v01/instances/dataFrom/Product724;http://www4.wiwiss.fu-berlin.de/bizer/bsbm/v01/vocabulary/productFeature;http://www4.wiwiss.fu-berlin.de/bizer/bsbm/v01/instances/ProductFeature458
http://www4.wiwiss.fu-berlin.de/bizer/bsbm/v01/instances/dataFrom/Product724;http://www4.wiwiss.fu-berlin.de/bizer/bsbm/v01/vocabulary/productFeature;http://www4.wiwiss.fu-berlin.de/bizer/bsbm/v01/instances/ProductFeature460
http://www4.wiwiss.fu-berlin.de/bizer/bsbm/v01/instances/dataFrom/Product724;http://www4.wiwiss.fu-berlin.de/bizer/bsbm/v01/vocabulary/productFeature;http://www4.wiwiss.fu-berlin.de/bizer/bsbm/v01/instances/ProductFeature469
http://www4.wiwiss.fu-berlin.de/bizer/bsbm/v01/instances/dataFrom/Product724;http://www4.wiwiss.fu-berlin.de/bizer/bsbm/v01/vocabulary/productFeature;http://www4.wiwiss.fu-berlin.de/bizer/bsbm/v01/instances/ProductFeature24
http://www4.wiwiss.fu-berlin.de/bizer/bsbm/v01/instances/dataFrom/Product724;http://www4.wiwiss.fu-berlin.de/bizer/bsbm/v01/vocabulary/productFeature;http://www4.wiwiss.fu-berlin.de/bizer/bsbm/v01/instances/ProductFeature28
http://www4.wiwiss.fu-berlin.de/bizer/bsbm/v01/instances/dataFrom/Product724;http://www4.wiwiss.fu-berlin.de/bizer/bsbm/v01/vocabulary/productFeature;http://www4.wiwiss.fu-berlin.de/bizer/bsbm/v01/instances/ProductFeature30
http://www4.wiwiss.fu-berlin.de/bizer/bsbm/v01/instances/dataFrom/Product724;http://www4.wiwiss.fu-berlin.de/bizer/bsbm/v01/vocabulary/productFeature;http://www4.wiwiss.fu-berlin.de/bizer/bsbm/v01/instances/ProductFeature33
http://www4.wiwiss.fu-berlin.de/bizer/bsbm/v01/instances/dataFrom/Product724;http://www4.wiwiss.fu-berlin.de/bizer/bsbm/v01/vocabulary/productFeature;http://www4.wiwiss.fu-berlin.de/bizer/bsbm/v01/instances/ProductFeature37
http://www4.wiwiss.fu-berlin.de/bizer/bsbm/v01/instances/dataFrom/Product724;http://www4.wiwiss.fu-berlin.de/bizer/bsbm/v01/vocabulary/producer;http://www4.wiwiss.fu-berlin.de/bizer/bsbm/v01/instances/dataFromProducer19/Producer19
http://www4.wiwiss.fu-berlin.de/bizer/bsbm/v01/instances/dataFrom/Product724;http://purl.org/dc/elements/1.1/publisher;http://www4.wiwiss.fu-berlin.de/bizer/bsbm/v01/instances/dataFromProducer19/Producer19
http://www4.wiwiss.fu-berlin.de/bizer/bsbm/v01/instances/dataFrom/Product724;http://purl.org/dc/elements/1.1/date;2003-02-14
http://www4.wiwiss.fu-berlin.de/bizer/bsbm/v01/instances/dataFrom/Product566;http://www.w3.org/1999/02/22-rdf-syntax-ns#type;http://www4.wiwiss.fu-berlin.de/bizer/bsbm/v01/vocabulary/Product
http://www4.wiwiss.fu-berlin.de/bizer/bsbm/v01/instances/dataFrom/Product566;http://www.w3.org/1999/02/22-rdf-syntax-ns#type;http://www4.wiwiss.fu-berlin.de/bizer/bsbm/v01/instances/ProductType79
http://www4.wiwiss.fu-berlin.de/bizer/bsbm/v01/instances/dataFrom/Product566;http://www.w3.org/2000/01/rdf-schema#label;valuation vindication
http://www4.wiwiss.fu-berlin.de/bizer/bsbm/v01/instances/dataFrom/Product566;http://www.w3.org/2000/01/rdf-schema#comment;vocational orangiest nances statal perique whinnier shipworms remorses storming tidiest deforesting trothing unslaked merged rooting revenging denuclearize outproduces prevailers obstructiveness badinaging prerecorded henrys bestrides elongates rounds basely splosh plucked fealties emulsifying nonviable cheekiest dugong warders thieved westernized delusionary satiated quiverers bullwhips bowered cruciate twangles shoplifter depravity polymerize slams reverencer smirched enveloped elicits eatings syllogistically discomforts bombs demeaned alders teratological forzandos bookmaking feministic logicize resharpened canvaslike spelt interspersed biotechnological razored clearing dumbwaiters amasser whackier reformated foyers preappearances blackballs cumulates grouped trembling halvahs ophthalmoscopy balkans lido imperilled advertently neckties genocidal reinfects nakedly imputes leukemic cuirassed sealable shocked hearings
http://www4.wiwiss.fu-berlin.de/bizer/bsbm/v01/instances/dataFrom/Product566;http://www4.wiwiss.fu-berlin.de/bizer/bsbm/v01/vocabulary/productPropertyNumeric1;755
http://www4.wiwiss.fu-berlin.de/bizer/bsbm/v01/instances/dataFrom/Product566;http://www4.wiwiss.fu-berlin.de/bizer/bsbm/v01/vocabulary/productPropertyNumeric2;1190
http://www4.wiwiss.fu-berlin.de/bizer/bsbm/v01/instances/dataFrom/Product566;http://www4.wiwiss.fu-berlin.de/bizer/bsbm/v01/vocabulary/productPropertyNumeric3;455
http://www4.wiwiss.fu-berlin.de/bizer/bsbm/v01/instances/dataFrom/Product566;http://www4.wiwiss.fu-berlin.de/bizer/bsbm/v01/vocabulary/productPropertyNumeric4;750
http://www4.wiwiss.fu-berlin.de/bizer/bsbm/v01/instances/dataFrom/Product566;http://www4.wiwiss.fu-berlin.de/bizer/bsbm/v01/vocabulary/productPropertyNumeric5;160
http://www4.wiwiss.fu-berlin.de/bizer/bsbm/v01/instances/dataFrom/Product566;http://www4.wiwiss.fu-berlin.de/bizer/bsbm/v01/vocabulary/productPropertyTextual1;demagogy grueler frettiest rotors hymenopterous phototherapies capelan gastroscopic sympathizing denunciations manifestly prevailingly liquids sexless garrote
http://www4.wiwiss.fu-berlin.de/bizer/bsbm/v01/instances/dataFrom/Product566;http://www4.wiwiss.fu-berlin.de/bizer/bsbm/v01/vocabulary/productPropertyTextual2;tainting socially kales impuissance kris blowsily saltcellar disciplines immemorially mincy oxhearts catamaran scavenger isostatically
http://www4.wiwiss.fu-berlin.de/bizer/bsbm/v01/instances/dataFrom/Product566;http://www4.wiwiss.fu-berlin.de/bizer/bsbm/v01/vocabulary/productPropertyTextual3;titulary payment careered slouching overdiligent
http://www4.wiwiss.fu-berlin.de/bizer/bsbm/v01/instances/dataFrom/Product566;http://www4.wiwiss.fu-berlin.de/bizer/bsbm/v01/vocabulary/productPropertyTextual4;obligator commenced trampolinists suborbital
http://www4.wiwiss.fu-berlin.de/bizer/bsbm/v01/instances/dataFrom/Product566;http://www4.wiwiss.fu-berlin.de/bizer/bsbm/v01/vocabulary/productPropertyTextual5;tollages effortlessness bookplates stirrups retractable leaner
http://www4.wiwiss.fu-berlin.de/bizer/bsbm/v01/instances/dataFrom/Product566;http://www4.wiwiss.fu-berlin.de/bizer/bsbm/v01/vocabulary/productFeature;http://www4.wiwiss.fu-berlin.de/bizer/bsbm/v01/instances/ProductFeature2404
http://www4.wiwiss.fu-berlin.de/bizer/bsbm/v01/instances/dataFrom/Product566;http://www4.wiwiss.fu-berlin.de/bizer/bsbm/v01/vocabulary/productFeature;http://www4.wiwiss.fu-berlin.de/bizer/bsbm/v01/instances/ProductFeature2406
http://www4.wiwiss.fu-berlin.de/bizer/bsbm/v01/instances/dataFrom/Product566;http://www4.wiwiss.fu-berlin.de/bizer/bsbm/v01/vocabulary/productFeature;http://www4.wiwiss.fu-berlin.de/bizer/bsbm/v01/instances/ProductFeature2410
http://www4.wiwiss.fu-berlin.de/bizer/bsbm/v01/instances/dataFrom/Product566;http://www4.wiwiss.fu-berlin.de/bizer/bsbm/v01/vocabulary/productFeature;http://www4.wiwiss.fu-berlin.de/bizer/bsbm/v01/instances/ProductFeature2412
http://www4.wiwiss.fu-berlin.de/bizer/bsbm/v01/instances/dataFrom/Product566;http://www4.wiwiss.fu-berlin.de/bizer/bsbm/v01/vocabulary/productFeature;http://www4.wiwiss.fu-berlin.de/bizer/bsbm/v01/instances/ProductFeature2415
http://www4.wiwiss.fu-berlin.de/bizer/bsbm/v01/instances/dataFrom/Product566;http://www4.wiwiss.fu-berlin.de/bizer/bsbm/v01/vocabulary/productFeature;http://www4.wiwiss.fu-berlin.de/bizer/bsbm/v01/instances/ProductFeature2430
http://www4.wiwiss.fu-berlin.de/bizer/bsbm/v01/instances/dataFrom/Product566;http://www4.wiwiss.fu-berlin.de/bizer/bsbm/v01/vocabulary/productFeature;http://www4.wiwiss.fu-berlin.de/bizer/bsbm/v01/instances/ProductFeature2435
http://www4.wiwiss.fu-berlin.de/bizer/bsbm/v01/instances/dataFrom/Product566;http://www4.wiwiss.fu-berlin.de/bizer/bsbm/v01/vocabulary/productFeature;http://www4.wiwiss.fu-berlin.de/bizer/bsbm/v01/instances/ProductFeature441
http://www4.wiwiss.fu-berlin.de/bizer/bsbm/v01/instances/dataFrom/Product566;http://www4.wiwiss.fu-berlin.de/bizer/bsbm/v01/vocabulary/productFeature;http://www4.wiwiss.fu-berlin.de/bizer/bsbm/v01/instances/ProductFeature442
http://www4.wiwiss.fu-berlin.de/bizer/bsbm/v01/instances/dataFrom/Product566;http://www4.wiwiss.fu-berlin.de/bizer/bsbm/v01/vocabulary/productFeature;http://www4.wiwiss.fu-berlin.de/bizer/bsbm/v01/instances/ProductFeature445
http://www4.wiwiss.fu-berlin.de/bizer/bsbm/v01/instances/dataFrom/Product566;http://www4.wiwiss.fu-berlin.de/bizer/bsbm/v01/vocabulary/productFeature;http://www4.wiwiss.fu-berlin.de/bizer/bsbm/v01/instances/ProductFeature453
http://www4.wiwiss.fu-berlin.de/bizer/bsbm/v01/instances/dataFrom/Product566;http://www4.wiwiss.fu-berlin.de/bizer/bsbm/v01/vocabulary/productFeature;http://www4.wiwiss.fu-berlin.de/bizer/bsbm/v01/instances/ProductFeature457
http://www4.wiwiss.fu-berlin.de/bizer/bsbm/v01/instances/dataFrom/Product566;http://www4.wiwiss.fu-berlin.de/bizer/bsbm/v01/vocabulary/productFeature;http://www4.wiwiss.fu-berlin.de/bizer/bsbm/v01/instances/ProductFeature458
http://www4.wiwiss.fu-berlin.de/bizer/bsbm/v01/instances/dataFrom/Product566;http://www4.wiwiss.fu-berlin.de/bizer/bsbm/v01/vocabulary/productFeature;http://www4.wiwiss.fu-berlin.de/bizer/bsbm/v01/instances/ProductFeature460
http://www4.wiwiss.fu-berlin.de/bizer/bsbm/v01/instances/dataFrom/Product566;http://www4.wiwiss.fu-berlin.de/bizer/bsbm/v01/vocabulary/productFeature;http://www4.wiwiss.fu-berlin.de/bizer/bsbm/v01/instances/ProductFeature469
http://www4.wiwiss.fu-berlin.de/bizer/bsbm/v01/instances/dataFrom/Product566;http://www4.wiwiss.fu-berlin.de/bizer/bsbm/v01/vocabulary/productFeature;http://www4.wiwiss.fu-berlin.de/bizer/bsbm/v01/instances/ProductFeature24
http://www4.wiwiss.fu-berlin.de/bizer/bsbm/v01/instances/dataFrom/Product566;http://www4.wiwiss.fu-berlin.de/bizer/bsbm/v01/vocabulary/productFeature;http://www4.wiwiss.fu-berlin.de/bizer/bsbm/v01/instances/ProductFeature28
http://www4.wiwiss.fu-berlin.de/bizer/bsbm/v01/instances/dataFrom/Product566;http://www4.wiwiss.fu-berlin.de/bizer/bsbm/v01/vocabulary/productFeature;http://www4.wiwiss.fu-berlin.de/bizer/bsbm/v01/instances/ProductFeature30
http://www4.wiwiss.fu-berlin.de/bizer/bsbm/v01/instances/dataFrom/Product566;http://www4.wiwiss.fu-berlin.de/bizer/bsbm/v01/vocabulary/productFeature;http://www4.wiwiss.fu-berlin.de/bizer/bsbm/v01/instances/ProductFeature33
http://www4.wiwiss.fu-berlin.de/bizer/bsbm/v01/instances/dataFrom/Product566;http://www4.wiwiss.fu-berlin.de/bizer/bsbm/v01/vocabulary/productFeature;http://www4.wiwiss.fu-berlin.de/bizer/bsbm/v01/instances/ProductFeature37
http://www4.wiwiss.fu-berlin.de/bizer/bsbm/v01/instances/dataFrom/Product566;http://www4.wiwiss.fu-berlin.de/bizer/bsbm/v01/vocabulary/producer;http://www4.wiwiss.fu-berlin.de/bizer/bsbm/v01/instances/dataFromProducer19/Producer19
http://www4.wiwiss.fu-berlin.de/bizer/bsbm/v01/instances/dataFrom/Product566;http://purl.org/dc/elements/1.1/publisher;http://www4.wiwiss.fu-berlin.de/bizer/bsbm/v01/instances/dataFromProducer19/Producer19
http://www4.wiwiss.fu-berlin.de/bizer/bsbm/v01/instances/dataFrom/Product566;http://purl.org/dc/elements/1.1/date;2003-02-14
http://www4.wiwiss.fu-berlin.de/bizer/bsbm/v01/instances/dataFrom/Product410;http://www.w3.org/1999/02/22-rdf-syntax-ns#type;http://www4.wiwiss.fu-berlin.de/bizer/bsbm/v01/vocabulary/Product
http://www4.wiwiss.fu-berlin.de/bizer/bsbm/v01/instances/dataFrom/Product410;http://www.w3.org/1999/02/22-rdf-syntax-ns#type;http://www4.wiwiss.fu-berlin.de/bizer/bsbm/v01/instances/ProductType79
http://www4.wiwiss.fu-berlin.de/bizer/bsbm/v01/instances/dataFrom/Product410;http://www.w3.org/2000/01/rdf-schema#label;valuation vindication
http://www4.wiwiss.fu-berlin.de/bizer/bsbm/v01/instances/dataFrom/Product410;http://www.w3.org/2000/01/rdf-schema#comment;vocational orangiest nances statal perique whinnier shipworms remorses storming tidiest deforesting trothing unslaked merged rooting revenging denuclearize outproduces prevailers obstructiveness badinaging prerecorded henrys bestrides elongates rounds basely splosh plucked fealties emulsifying nonviable cheekiest dugong warders thieved westernized delusionary satiated quiverers bullwhips bowered cruciate twangles shoplifter depravity polymerize slams reverencer smirched enveloped elicits eatings syllogistically discomforts bombs demeaned alders teratological forzandos bookmaking feministic logicize resharpened canvaslike spelt interspersed biotechnological razored clearing dumbwaiters amasser whackier reformated foyers preappearances blackballs cumulates grouped trembling halvahs ophthalmoscopy balkans lido imperilled advertently neckties genocidal reinfects nakedly imputes leukemic cuirassed sealable shocked hearings
http://www4.wiwiss.fu-berlin.de/bizer/bsbm/v01/instances/dataFrom/Product410;http://www4.wiwiss.fu-berlin.de/bizer/bsbm/v01/vocabulary/productPropertyNumeric1;755
http://www4.wiwiss.fu-berlin.de/bizer/bsbm/v01/instances/dataFrom/Product410;http://www4.wiwiss.fu-berlin.de/bizer/bsbm/v01/vocabulary/productPropertyNumeric2;1190
http://www4.wiwiss.fu-berlin.de/bizer/bsbm/v01/instances/dataFrom/Product410;http://www4.wiwiss.fu-berlin.de/bizer/bsbm/v01/vocabulary/productPropertyNumeric3;455
http://www4.wiwiss.fu-berlin.de/bizer/bsbm/v01/instances/dataFrom/Product410;http://www4.wiwiss.fu-berlin.de/bizer/bsbm/v01/vocabulary/productPropertyNumeric4;750
http://www4.wiwiss.fu-berlin.de/bizer/bsbm/v01/instances/dataFrom/Product410;http://www4.wiwiss.fu-berlin.de/bizer/bsbm/v01/vocabulary/productPropertyNumeric5;160
http://www4.wiwiss.fu-berlin.de/bizer/bsbm/v01/instances/dataFrom/Product410;http://www4.wiwiss.fu-berlin.de/bizer/bsbm/v01/vocabulary/productPropertyTextual1;demagogy grueler frettiest rotors hymenopterous phototherapies capelan gastroscopic sympathizing denunciations manifestly prevailingly liquids sexless garrote
http://www4.wiwiss.fu-berlin.de/bizer/bsbm/v01/instances/dataFrom/Product410;http://www4.wiwiss.fu-berlin.de/bizer/bsbm/v01/vocabulary/productPropertyTextual2;tainting socially kales impuissance kris blowsily saltcellar disciplines immemorially mincy oxhearts catamaran scavenger isostatically
http://www4.wiwiss.fu-berlin.de/bizer/bsbm/v01/instances/dataFrom/Product410;http://www4.wiwiss.fu-berlin.de/bizer/bsbm/v01/vocabulary/productPropertyTextual3;titulary payment careered slouching overdiligent
http://www4.wiwiss.fu-berlin.de/bizer/bsbm/v01/instances/dataFrom/Product410;http://www4.wiwiss.fu-berlin.de/bizer/bsbm/v01/vocabulary/productPropertyTextual4;obligator commenced trampolinists suborbital
http://www4.wiwiss.fu-berlin.de/bizer/bsbm/v01/instances/dataFrom/Product410;http://www4.wiwiss.fu-berlin.de/bizer/bsbm/v01/vocabulary/productPropertyTextual5;tollages effortlessness bookplates stirrups retractable leaner
http://www4.wiwiss.fu-berlin.de/bizer/bsbm/v01/instances/dataFrom/Product410;http://www4.wiwiss.fu-berlin.de/bizer/bsbm/v01/vocabulary/productFeature;http://www4.wiwiss.fu-berlin.de/bizer/bsbm/v01/instances/ProductFeature2404
http://www4.wiwiss.fu-berlin.de/bizer/bsbm/v01/instances/dataFrom/Product410;http://www4.wiwiss.fu-berlin.de/bizer/bsbm/v01/vocabulary/productFeature;http://www4.wiwiss.fu-berlin.de/bizer/bsbm/v01/instances/ProductFeature2406
http://www4.wiwiss.fu-berlin.de/bizer/bsbm/v01/instances/dataFrom/Product410;http://www4.wiwiss.fu-berlin.de/bizer/bsbm/v01/vocabulary/productFeature;http://www4.wiwiss.fu-berlin.de/bizer/bsbm/v01/instances/ProductFeature2410
http://www4.wiwiss.fu-berlin.de/bizer/bsbm/v01/instances/dataFrom/Product410;http://www4.wiwiss.fu-berlin.de/bizer/bsbm/v01/vocabulary/productFeature;http://www4.wiwiss.fu-berlin.de/bizer/bsbm/v01/instances/ProductFeature2412
http://www4.wiwiss.fu-berlin.de/bizer/bsbm/v01/instances/dataFrom/Product410;http://www4.wiwiss.fu-berlin.de/bizer/bsbm/v01/vocabulary/productFeature;http://www4.wiwiss.fu-berlin.de/bizer/bsbm/v01/instances/ProductFeature2415
http://www4.wiwiss.fu-berlin.de/bizer/bsbm/v01/instances/dataFrom/Product410;http://www4.wiwiss.fu-berlin.de/bizer/bsbm/v01/vocabulary/productFeature;http://www4.wiwiss.fu-berlin.de/bizer/bsbm/v01/instances/ProductFeature2430
http://www4.wiwiss.fu-berlin.de/bizer/bsbm/v01/instances/dataFrom/Product410;http://www4.wiwiss.fu-berlin.de/bizer/bsbm/v01/vocabulary/productFeature;http://www4.wiwiss.fu-berlin.de/bizer/bsbm/v01/instances/ProductFeature2435
http://www4.wiwiss.fu-berlin.de/bizer/bsbm/v01/instances/dataFrom/Product410;http://www4.wiwiss.fu-berlin.de/bizer/bsbm/v01/vocabulary/productFeature;http://www4.wiwiss.fu-berlin.de/bizer/bsbm/v01/instances/ProductFeature441
http://www4.wiwiss.fu-berlin.de/bizer/bsbm/v01/instances/dataFrom/Product410;http://www4.wiwiss.fu-berlin.de/bizer/bsbm/v01/vocabulary/productFeature;http://www4.wiwiss.fu-berlin.de/bizer/bsbm/v01/instances/ProductFeature442
http://www4.wiwiss.fu-berlin.de/bizer/bsbm/v01/instances/dataFrom/Product410;http://www4.wiwiss.fu-berlin.de/bizer/bsbm/v01/vocabulary/productFeature;http://www4.wiwiss.fu-berlin.de/bizer/bsbm/v01/instances/ProductFeature445
http://www4.wiwiss.fu-berlin.de/bizer/bsbm/v01/instances/dataFrom/Product410;http://www4.wiwiss.fu-berlin.de/bizer/bsbm/v01/vocabulary/productFeature;http://www4.wiwiss.fu-berlin.de/bizer/bsbm/v01/instances/ProductFeature453
http://www4.wiwiss.fu-berlin.de/bizer/bsbm/v01/instances/dataFrom/Product410;http://www4.wiwiss.fu-berlin.de/bizer/bsbm/v01/vocabulary/productFeature;http://www4.wiwiss.fu-berlin.de/bizer/bsbm/v01/instances/ProductFeature457
http://www4.wiwiss.fu-berlin.de/bizer/bsbm/v01/instances/dataFrom/Product410;http://www4.wiwiss.fu-berlin.de/bizer/bsbm/v01/vocabulary/productFeature;http://www4.wiwiss.fu-berlin.de/bizer/bsbm/v01/instances/ProductFeature458
http://www4.wiwiss.fu-berlin.de/bizer/bsbm/v01/instances/dataFrom/Product410;http://www4.wiwiss.fu-berlin.de/bizer/bsbm/v01/vocabulary/productFeature;http://www4.wiwiss.fu-berlin.de/bizer/bsbm/v01/instances/ProductFeature460
http://www4.wiwiss.fu-berlin.de/bizer/bsbm/v01/instances/dataFrom/Product410;http://www4.wiwiss.fu-berlin.de/bizer/bsbm/v01/vocabulary/productFeature;http://www4.wiwiss.fu-berlin.de/bizer/bsbm/v01/instances/ProductFeature469
http://www4.wiwiss.fu-berlin.de/bizer/bsbm/v01/instances/dataFrom/Product410;http://www4.wiwiss.fu-berlin.de/bizer/bsbm/v01/vocabulary/productFeature;http://www4.wiwiss.fu-berlin.de/bizer/bsbm/v01/instances/ProductFeature24
http://www4.wiwiss.fu-berlin.de/bizer/bsbm/v01/instances/dataFrom/Product410;http://www4.wiwiss.fu-berlin.de/bizer/bsbm/v01/vocabulary/productFeature;http://www4.wiwiss.fu-berlin.de/bizer/bsbm/v01/instances/ProductFeature28
http://www4.wiwiss.fu-berlin.de/bizer/bsbm/v01/instances/dataFrom/Product410;http://www4.wiwiss.fu-berlin.de/bizer/bsbm/v01/vocabulary/productFeature;http://www4.wiwiss.fu-berlin.de/bizer/bsbm/v01/instances/ProductFeature30
http://www4.wiwiss.fu-berlin.de/bizer/bsbm/v01/instances/dataFrom/Product410;http://www4.wiwiss.fu-berlin.de/bizer/bsbm/v01/vocabulary/productFeature;http://www4.wiwiss.fu-berlin.de/bizer/bsbm/v01/instances/ProductFeature33
http://www4.wiwiss.fu-berlin.de/bizer/bsbm/v01/instances/dataFrom/Product410;http://www4.wiwiss.fu-berlin.de/bizer/bsbm/v01/vocabulary/productFeature;http://www4.wiwiss.fu-berlin.de/bizer/bsbm/v01/instances/ProductFeature37
http://www4.wiwiss.fu-berlin.de/bizer/bsbm/v01/instances/dataFrom/Product410;http://www4.wiwiss.fu-berlin.de/bizer/bsbm/v01/vocabulary/producer;http://www4.wiwiss.fu-berlin.de/bizer/bsbm/v01/instances/dataFromProducer19/Producer19
http://www4.wiwiss.fu-berlin.de/bizer/bsbm/v01/instances/dataFrom/Product410;http://purl.org/dc/elements/1.1/publisher;http://www4.wiwiss.fu-berlin.de/bizer/bsbm/v01/instances/dataFromProducer19/Producer19
http://www4.wiwiss.fu-berlin.de/bizer/bsbm/v01/instances/dataFrom/Product410;http://purl.org/dc/elements/1.1/date;2003-02-14
http://www4.wiwiss.fu-berlin.de/bizer/bsbm/v01/instances/dataFrom/Product712;http://www.w3.org/1999/02/22-rdf-syntax-ns#type;http://www4.wiwiss.fu-berlin.de/bizer/bsbm/v01/vocabulary/Product
http://www4.wiwiss.fu-berlin.de/bizer/bsbm/v01/instances/dataFrom/Product712;http://www.w3.org/1999/02/22-rdf-syntax-ns#type;http://www4.wiwiss.fu-berlin.de/bizer/bsbm/v01/instances/ProductType79
http://www4.wiwiss.fu-berlin.de/bizer/bsbm/v01/instances/dataFrom/Product712;http://www.w3.org/2000/01/rdf-schema#label;valuation vindication
http://www4.wiwiss.fu-berlin.de/bizer/bsbm/v01/instances/dataFrom/Product712;http://www.w3.org/2000/01/rdf-schema#comment;vocational orangiest nances statal perique whinnier shipworms remorses storming tidiest deforesting trothing unslaked merged rooting revenging denuclearize outproduces prevailers obstructiveness badinaging prerecorded henrys bestrides elongates rounds basely splosh plucked fealties emulsifying nonviable cheekiest dugong warders thieved westernized delusionary satiated quiverers bullwhips bowered cruciate twangles shoplifter depravity polymerize slams reverencer smirched enveloped elicits eatings syllogistically discomforts bombs demeaned alders teratological forzandos bookmaking feministic logicize resharpened canvaslike spelt interspersed biotechnological razored clearing dumbwaiters amasser whackier reformated foyers preappearances blackballs cumulates grouped trembling halvahs ophthalmoscopy balkans lido imperilled advertently neckties genocidal reinfects nakedly imputes leukemic cuirassed sealable shocked hearings
http://www4.wiwiss.fu-berlin.de/bizer/bsbm/v01/instances/dataFrom/Product712;http://www4.wiwiss.fu-berlin.de/bizer/bsbm/v01/vocabulary/productPropertyNumeric1;755
http://www4.wiwiss.fu-berlin.de/bizer/bsbm/v01/instances/dataFrom/Product712;http://www4.wiwiss.fu-berlin.de/bizer/bsbm/v01/vocabulary/productPropertyNumeric2;1190
http://www4.wiwiss.fu-berlin.de/bizer/bsbm/v01/instances/dataFrom/Product712;http://www4.wiwiss.fu-berlin.de/bizer/bsbm/v01/vocabulary/productPropertyNumeric3;455
http://www4.wiwiss.fu-berlin.de/bizer/bsbm/v01/instances/dataFrom/Product712;http://www4.wiwiss.fu-berlin.de/bizer/bsbm/v01/vocabulary/productPropertyNumeric4;750
http://www4.wiwiss.fu-berlin.de/bizer/bsbm/v01/instances/dataFrom/Product712;http://www4.wiwiss.fu-berlin.de/bizer/bsbm/v01/vocabulary/productPropertyNumeric5;160
http://www4.wiwiss.fu-berlin.de/bizer/bsbm/v01/instances/dataFrom/Product712;http://www4.wiwiss.fu-berlin.de/bizer/bsbm/v01/vocabulary/productPropertyTextual1;demagogy grueler frettiest rotors hymenopterous phototherapies capelan gastroscopic sympathizing denunciations manifestly prevailingly liquids sexless garrote
http://www4.wiwiss.fu-berlin.de/bizer/bsbm/v01/instances/dataFrom/Product712;http://www4.wiwiss.fu-berlin.de/bizer/bsbm/v01/vocabulary/productPropertyTextual2;tainting socially kales impuissance kris blowsily saltcellar disciplines immemorially mincy oxhearts catamaran scavenger isostatically
http://www4.wiwiss.fu-berlin.de/bizer/bsbm/v01/instances/dataFrom/Product712;http://www4.wiwiss.fu-berlin.de/bizer/bsbm/v01/vocabulary/productPropertyTextual3;titulary payment careered slouching overdiligent
http://www4.wiwiss.fu-berlin.de/bizer/bsbm/v01/instances/dataFrom/Product712;http://www4.wiwiss.fu-berlin.de/bizer/bsbm/v01/vocabulary/productPropertyTextual4;obligator commenced trampolinists suborbital
http://www4.wiwiss.fu-berlin.de/bizer/bsbm/v01/instances/dataFrom/Product712;http://www4.wiwiss.fu-berlin.de/bizer/bsbm/v01/vocabulary/productPropertyTextual5;tollages effortlessness bookplates stirrups retractable leaner
http://www4.wiwiss.fu-berlin.de/bizer/bsbm/v01/instances/dataFrom/Product712;http://www4.wiwiss.fu-berlin.de/bizer/bsbm/v01/vocabulary/productFeature;http://www4.wiwiss.fu-berlin.de/bizer/bsbm/v01/instances/ProductFeature2404
http://www4.wiwiss.fu-berlin.de/bizer/bsbm/v01/instances/dataFrom/Product712;http://www4.wiwiss.fu-berlin.de/bizer/bsbm/v01/vocabulary/productFeature;http://www4.wiwiss.fu-berlin.de/bizer/bsbm/v01/instances/ProductFeature2406
http://www4.wiwiss.fu-berlin.de/bizer/bsbm/v01/instances/dataFrom/Product712;http://www4.wiwiss.fu-berlin.de/bizer/bsbm/v01/vocabulary/productFeature;http://www4.wiwiss.fu-berlin.de/bizer/bsbm/v01/instances/ProductFeature2410
http://www4.wiwiss.fu-berlin.de/bizer/bsbm/v01/instances/dataFrom/Product712;http://www4.wiwiss.fu-berlin.de/bizer/bsbm/v01/vocabulary/productFeature;http://www4.wiwiss.fu-berlin.de/bizer/bsbm/v01/instances/ProductFeature2412
http://www4.wiwiss.fu-berlin.de/bizer/bsbm/v01/instances/dataFrom/Product712;http://www4.wiwiss.fu-berlin.de/bizer/bsbm/v01/vocabulary/productFeature;http://www4.wiwiss.fu-berlin.de/bizer/bsbm/v01/instances/ProductFeature2415
http://www4.wiwiss.fu-berlin.de/bizer/bsbm/v01/instances/dataFrom/Product712;http://www4.wiwiss.fu-berlin.de/bizer/bsbm/v01/vocabulary/productFeature;http://www4.wiwiss.fu-berlin.de/bizer/bsbm/v01/instances/ProductFeature2430
http://www4.wiwiss.fu-berlin.de/bizer/bsbm/v01/instances/dataFrom/Product712;http://www4.wiwiss.fu-berlin.de/bizer/bsbm/v01/vocabulary/productFeature;http://www4.wiwiss.fu-berlin.de/bizer/bsbm/v01/instances/ProductFeature2435
http://www4.wiwiss.fu-berlin.de/bizer/bsbm/v01/instances/dataFrom/Product712;http://www4.wiwiss.fu-berlin.de/bizer/bsbm/v01/vocabulary/productFeature;http://www4.wiwiss.fu-berlin.de/bizer/bsbm/v01/instances/ProductFeature441
http://www4.wiwiss.fu-berlin.de/bizer/bsbm/v01/instances/dataFrom/Product712;http://www4.wiwiss.fu-berlin.de/bizer/bsbm/v01/vocabulary/productFeature;http://www4.wiwiss.fu-berlin.de/bizer/bsbm/v01/instances/ProductFeature442
http://www4.wiwiss.fu-berlin.de/bizer/bsbm/v01/instances/dataFrom/Product712;http://www4.wiwiss.fu-berlin.de/bizer/bsbm/v01/vocabulary/productFeature;http://www4.wiwiss.fu-berlin.de/bizer/bsbm/v01/instances/ProductFeature445
http://www4.wiwiss.fu-berlin.de/bizer/bsbm/v01/instances/dataFrom/Product712;http://www4.wiwiss.fu-berlin.de/bizer/bsbm/v01/vocabulary/productFeature;http://www4.wiwiss.fu-berlin.de/bizer/bsbm/v01/instances/ProductFeature453
http://www4.wiwiss.fu-berlin.de/bizer/bsbm/v01/instances/dataFrom/Product712;http://www4.wiwiss.fu-berlin.de/bizer/bsbm/v01/vocabulary/productFeature;http://www4.wiwiss.fu-berlin.de/bizer/bsbm/v01/instances/ProductFeature457
http://www4.wiwiss.fu-berlin.de/bizer/bsbm/v01/instances/dataFrom/Product712;http://www4.wiwiss.fu-berlin.de/bizer/bsbm/v01/vocabulary/productFeature;http://www4.wiwiss.fu-berlin.de/bizer/bsbm/v01/instances/ProductFeature458
http://www4.wiwiss.fu-berlin.de/bizer/bsbm/v01/instances/dataFrom/Product712;http://www4.wiwiss.fu-berlin.de/bizer/bsbm/v01/vocabulary/productFeature;http://www4.wiwiss.fu-berlin.de/bizer/bsbm/v01/instances/ProductFeature460
http://www4.wiwiss.fu-berlin.de/bizer/bsbm/v01/instances/dataFrom/Product712;http://www4.wiwiss.fu-berlin.de/bizer/bsbm/v01/vocabulary/productFeature;http://www4.wiwiss.fu-berlin.de/bizer/bsbm/v01/instances/ProductFeature469
http://www4.wiwiss.fu-berlin.de/bizer/bsbm/v01/instances/dataFrom/Product712;http://www4.wiwiss.fu-berlin.de/bizer/bsbm/v01/vocabulary/productFeature;http://www4.wiwiss.fu-berlin.de/bizer/bsbm/v01/instances/ProductFeature24
http://www4.wiwiss.fu-berlin.de/bizer/bsbm/v01/instances/dataFrom/Product712;http://www4.wiwiss.fu-berlin.de/bizer/bsbm/v01/vocabulary/productFeature;http://www4.wiwiss.fu-berlin.de/bizer/bsbm/v01/instances/ProductFeature28
http://www4.wiwiss.fu-berlin.de/bizer/bsbm/v01/instances/dataFrom/Product712;http://www4.wiwiss.fu-berlin.de/bizer/bsbm/v01/vocabulary/productFeature;http://www4.wiwiss.fu-berlin.de/bizer/bsbm/v01/instances/ProductFeature30
http://www4.wiwiss.fu-berlin.de/bizer/bsbm/v01/instances/dataFrom/Product712;http://www4.wiwiss.fu-berlin.de/bizer/bsbm/v01/vocabulary/productFeature;http://www4.wiwiss.fu-berlin.de/bizer/bsbm/v01/instances/ProductFeature33
http://www4.wiwiss.fu-berlin.de/bizer/bsbm/v01/instances/dataFrom/Product712;http://www4.wiwiss.fu-berlin.de/bizer/bsbm/v01/vocabulary/productFeature;http://www4.wiwiss.fu-berlin.de/bizer/bsbm/v01/instances/ProductFeature37
http://www4.wiwiss.fu-berlin.de/bizer/bsbm/v01/instances/dataFrom/Product712;http://www4.wiwiss.fu-berlin.de/bizer/bsbm/v01/vocabulary/producer;http://www4.wiwiss.fu-berlin.de/bizer/bsbm/v01/instances/dataFromProducer19/Producer19
http://www4.wiwiss.fu-berlin.de/bizer/bsbm/v01/instances/dataFrom/Product712;http://purl.org/dc/elements/1.1/publisher;http://www4.wiwiss.fu-berlin.de/bizer/bsbm/v01/instances/dataFromProducer19/Producer19
http://www4.wiwiss.fu-berlin.de/bizer/bsbm/v01/instances/dataFrom/Product712;http://purl.org/dc/elements/1.1/date;2003-02-14
http://www4.wiwiss.fu-berlin.de/bizer/bsbm/v01/instances/dataFrom/Product54;http://www.w3.org/1999/02/22-rdf-syntax-ns#type;http://www4.wiwiss.fu-berlin.de/bizer/bsbm/v01/vocabulary/Product
http://www4.wiwiss.fu-berlin.de/bizer/bsbm/v01/instances/dataFrom/Product54;http://www.w3.org/1999/02/22-rdf-syntax-ns#type;http://www4.wiwiss.fu-berlin.de/bizer/bsbm/v01/instances/ProductType79
http://www4.wiwiss.fu-berlin.de/bizer/bsbm/v01/instances/dataFrom/Product54;http://www.w3.org/2000/01/rdf-schema#label;valuation vindication
http://www4.wiwiss.fu-berlin.de/bizer/bsbm/v01/instances/dataFrom/Product54;http://www.w3.org/2000/01/rdf-schema#comment;vocational orangiest nances statal perique whinnier shipworms remorses storming tidiest deforesting trothing unslaked merged rooting revenging denuclearize outproduces prevailers obstructiveness badinaging prerecorded henrys bestrides elongates rounds basely splosh plucked fealties emulsifying nonviable cheekiest dugong warders thieved westernized delusionary satiated quiverers bullwhips bowered cruciate twangles shoplifter depravity polymerize slams reverencer smirched enveloped elicits eatings syllogistically discomforts bombs demeaned alders teratological forzandos bookmaking feministic logicize resharpened canvaslike spelt interspersed biotechnological razored clearing dumbwaiters amasser whackier reformated foyers preappearances blackballs cumulates grouped trembling halvahs ophthalmoscopy balkans lido imperilled advertently neckties genocidal reinfects nakedly imputes leukemic cuirassed sealable shocked hearings
http://www4.wiwiss.fu-berlin.de/bizer/bsbm/v01/instances/dataFrom/Product54;http://www4.wiwiss.fu-berlin.de/bizer/bsbm/v01/vocabulary/productPropertyNumeric1;755
http://www4.wiwiss.fu-berlin.de/bizer/bsbm/v01/instances/dataFrom/Product54;http://www4.wiwiss.fu-berlin.de/bizer/bsbm/v01/vocabulary/productPropertyNumeric2;1190
http://www4.wiwiss.fu-berlin.de/bizer/bsbm/v01/instances/dataFrom/Product54;http://www4.wiwiss.fu-berlin.de/bizer/bsbm/v01/vocabulary/productPropertyNumeric3;455
http://www4.wiwiss.fu-berlin.de/bizer/bsbm/v01/instances/dataFrom/Product54;http://www4.wiwiss.fu-berlin.de/bizer/bsbm/v01/vocabulary/productPropertyNumeric4;750
http://www4.wiwiss.fu-berlin.de/bizer/bsbm/v01/instances/dataFrom/Product54;http://www4.wiwiss.fu-berlin.de/bizer/bsbm/v01/vocabulary/productPropertyNumeric5;160
http://www4.wiwiss.fu-berlin.de/bizer/bsbm/v01/instances/dataFrom/Product54;http://www4.wiwiss.fu-berlin.de/bizer/bsbm/v01/vocabulary/productPropertyTextual1;demagogy grueler frettiest rotors hymenopterous phototherapies capelan gastroscopic sympathizing denunciations manifestly prevailingly liquids sexless garrote
http://www4.wiwiss.fu-berlin.de/bizer/bsbm/v01/instances/dataFrom/Product54;http://www4.wiwiss.fu-berlin.de/bizer/bsbm/v01/vocabulary/productPropertyTextual2;tainting socially kales impuissance kris blowsily saltcellar disciplines immemorially mincy oxhearts catamaran scavenger isostatically
http://www4.wiwiss.fu-berlin.de/bizer/bsbm/v01/instances/dataFrom/Product54;http://www4.wiwiss.fu-berlin.de/bizer/bsbm/v01/vocabulary/productPropertyTextual3;titulary payment careered slouching overdiligent
http://www4.wiwiss.fu-berlin.de/bizer/bsbm/v01/instances/dataFrom/Product54;http://www4.wiwiss.fu-berlin.de/bizer/bsbm/v01/vocabulary/productPropertyTextual4;obligator commenced trampolinists suborbital
http://www4.wiwiss.fu-berlin.de/bizer/bsbm/v01/instances/dataFrom/Product54;http://www4.wiwiss.fu-berlin.de/bizer/bsbm/v01/vocabulary/productPropertyTextual5;tollages effortlessness bookplates stirrups retractable leaner
http://www4.wiwiss.fu-berlin.de/bizer/bsbm/v01/instances/dataFrom/Product54;http://www4.wiwiss.fu-berlin.de/bizer/bsbm/v01/vocabulary/productFeature;http://www4.wiwiss.fu-berlin.de/bizer/bsbm/v01/instances/ProductFeature2404
http://www4.wiwiss.fu-berlin.de/bizer/bsbm/v01/instances/dataFrom/Product54;http://www4.wiwiss.fu-berlin.de/bizer/bsbm/v01/vocabulary/productFeature;http://www4.wiwiss.fu-berlin.de/bizer/bsbm/v01/instances/ProductFeature2406
http://www4.wiwiss.fu-berlin.de/bizer/bsbm/v01/instances/dataFrom/Product54;http://www4.wiwiss.fu-berlin.de/bizer/bsbm/v01/vocabulary/productFeature;http://www4.wiwiss.fu-berlin.de/bizer/bsbm/v01/instances/ProductFeature2410
http://www4.wiwiss.fu-berlin.de/bizer/bsbm/v01/instances/dataFrom/Product54;http://www4.wiwiss.fu-berlin.de/bizer/bsbm/v01/vocabulary/productFeature;http://www4.wiwiss.fu-berlin.de/bizer/bsbm/v01/instances/ProductFeature2412
http://www4.wiwiss.fu-berlin.de/bizer/bsbm/v01/instances/dataFrom/Product54;http://www4.wiwiss.fu-berlin.de/bizer/bsbm/v01/vocabulary/productFeature;http://www4.wiwiss.fu-berlin.de/bizer/bsbm/v01/instances/ProductFeature2415
http://www4.wiwiss.fu-berlin.de/bizer/bsbm/v01/instances/dataFrom/Product54;http://www4.wiwiss.fu-berlin.de/bizer/bsbm/v01/vocabulary/productFeature;http://www4.wiwiss.fu-berlin.de/bizer/bsbm/v01/instances/ProductFeature2430
http://www4.wiwiss.fu-berlin.de/bizer/bsbm/v01/instances/dataFrom/Product54;http://www4.wiwiss.fu-berlin.de/bizer/bsbm/v01/vocabulary/productFeature;http://www4.wiwiss.fu-berlin.de/bizer/bsbm/v01/instances/ProductFeature2435
http://www4.wiwiss.fu-berlin.de/bizer/bsbm/v01/instances/dataFrom/Product54;http://www4.wiwiss.fu-berlin.de/bizer/bsbm/v01/vocabulary/productFeature;http://www4.wiwiss.fu-berlin.de/bizer/bsbm/v01/instances/ProductFeature441
http://www4.wiwiss.fu-berlin.de/bizer/bsbm/v01/instances/dataFrom/Product54;http://www4.wiwiss.fu-berlin.de/bizer/bsbm/v01/vocabulary/productFeature;http://www4.wiwiss.fu-berlin.de/bizer/bsbm/v01/instances/ProductFeature442
http://www4.wiwiss.fu-berlin.de/bizer/bsbm/v01/instances/dataFrom/Product54;http://www4.wiwiss.fu-berlin.de/bizer/bsbm/v01/vocabulary/productFeature;http://www4.wiwiss.fu-berlin.de/bizer/bsbm/v01/instances/ProductFeature445
http://www4.wiwiss.fu-berlin.de/bizer/bsbm/v01/instances/dataFrom/Product54;http://www4.wiwiss.fu-berlin.de/bizer/bsbm/v01/vocabulary/productFeature;http://www4.wiwiss.fu-berlin.de/bizer/bsbm/v01/instances/ProductFeature453
http://www4.wiwiss.fu-berlin.de/bizer/bsbm/v01/instances/dataFrom/Product54;http://www4.wiwiss.fu-berlin.de/bizer/bsbm/v01/vocabulary/productFeature;http://www4.wiwiss.fu-berlin.de/bizer/bsbm/v01/instances/ProductFeature457
http://www4.wiwiss.fu-berlin.de/bizer/bsbm/v01/instances/dataFrom/Product54;http://www4.wiwiss.fu-berlin.de/bizer/bsbm/v01/vocabulary/productFeature;http://www4.wiwiss.fu-berlin.de/bizer/bsbm/v01/instances/ProductFeature458
http://www4.wiwiss.fu-berlin.de/bizer/bsbm/v01/instances/dataFrom/Product54;http://www4.wiwiss.fu-berlin.de/bizer/bsbm/v01/vocabulary/productFeature;http://www4.wiwiss.fu-berlin.de/bizer/bsbm/v01/instances/ProductFeature460
http://www4.wiwiss.fu-berlin.de/bizer/bsbm/v01/instances/dataFrom/Product54;http://www4.wiwiss.fu-berlin.de/bizer/bsbm/v01/vocabulary/productFeature;http://www4.wiwiss.fu-berlin.de/bizer/bsbm/v01/instances/ProductFeature469
http://www4.wiwiss.fu-berlin.de/bizer/bsbm/v01/instances/dataFrom/Product54;http://www4.wiwiss.fu-berlin.de/bizer/bsbm/v01/vocabulary/productFeature;http://www4.wiwiss.fu-berlin.de/bizer/bsbm/v01/instances/ProductFeature24
http://www4.wiwiss.fu-berlin.de/bizer/bsbm/v01/instances/dataFrom/Product54;http://www4.wiwiss.fu-berlin.de/bizer/bsbm/v01/vocabulary/productFeature;http://www4.wiwiss.fu-berlin.de/bizer/bsbm/v01/instances/ProductFeature28
http://www4.wiwiss.fu-berlin.de/bizer/bsbm/v01/instances/dataFrom/Product54;http://www4.wiwiss.fu-berlin.de/bizer/bsbm/v01/vocabulary/productFeature;http://www4.wiwiss.fu-berlin.de/bizer/bsbm/v01/instances/ProductFeature30
http://www4.wiwiss.fu-berlin.de/bizer/bsbm/v01/instances/dataFrom/Product54;http://www4.wiwiss.fu-berlin.de/bizer/bsbm/v01/vocabulary/productFeature;http://www4.wiwiss.fu-berlin.de/bizer/bsbm/v01/instances/ProductFeature33
http://www4.wiwiss.fu-berlin.de/bizer/bsbm/v01/instances/dataFrom/Product54;http://www4.wiwiss.fu-berlin.de/bizer/bsbm/v01/vocabulary/productFeature;http://www4.wiwiss.fu-berlin.de/bizer/bsbm/v01/instances/ProductFeature37
http://www4.wiwiss.fu-berlin.de/bizer/bsbm/v01/instances/dataFrom/Product54;http://www4.wiwiss.fu-berlin.de/bizer/bsbm/v01/vocabulary/producer;http://www4.wiwiss.fu-berlin.de/bizer/bsbm/v01/instances/dataFromProducer19/Producer19
http://www4.wiwiss.fu-berlin.de/bizer/bsbm/v01/instances/dataFrom/Product54;http://purl.org/dc/elements/1.1/publisher;http://www4.wiwiss.fu-berlin.de/bizer/bsbm/v01/instances/dataFromProducer19/Producer19
http://www4.wiwiss.fu-berlin.de/bizer/bsbm/v01/instances/dataFrom/Product54;http://purl.org/dc/elements/1.1/date;2003-02-14
http://www4.wiwiss.fu-berlin.de/bizer/bsbm/v01/instances/dataFrom/Product619;http://www.w3.org/1999/02/22-rdf-syntax-ns#type;http://www4.wiwiss.fu-berlin.de/bizer/bsbm/v01/vocabulary/Product
http://www4.wiwiss.fu-berlin.de/bizer/bsbm/v01/instances/dataFrom/Product619;http://www.w3.org/1999/02/22-rdf-syntax-ns#type;http://www4.wiwiss.fu-berlin.de/bizer/bsbm/v01/instances/ProductType79
http://www4.wiwiss.fu-berlin.de/bizer/bsbm/v01/instances/dataFrom/Product619;http://www.w3.org/2000/01/rdf-schema#label;valuation vindication
http://www4.wiwiss.fu-berlin.de/bizer/bsbm/v01/instances/dataFrom/Product619;http://www.w3.org/2000/01/rdf-schema#comment;vocational orangiest nances statal perique whinnier shipworms remorses storming tidiest deforesting trothing unslaked merged rooting revenging denuclearize outproduces prevailers obstructiveness badinaging prerecorded henrys bestrides elongates rounds basely splosh plucked fealties emulsifying nonviable cheekiest dugong warders thieved westernized delusionary satiated quiverers bullwhips bowered cruciate twangles shoplifter depravity polymerize slams reverencer smirched enveloped elicits eatings syllogistically discomforts bombs demeaned alders teratological forzandos bookmaking feministic logicize resharpened canvaslike spelt interspersed biotechnological razored clearing dumbwaiters amasser whackier reformated foyers preappearances blackballs cumulates grouped trembling halvahs ophthalmoscopy balkans lido imperilled advertently neckties genocidal reinfects nakedly imputes leukemic cuirassed sealable shocked hearings
http://www4.wiwiss.fu-berlin.de/bizer/bsbm/v01/instances/dataFrom/Product619;http://www4.wiwiss.fu-berlin.de/bizer/bsbm/v01/vocabulary/productPropertyNumeric1;755
http://www4.wiwiss.fu-berlin.de/bizer/bsbm/v01/instances/dataFrom/Product619;http://www4.wiwiss.fu-berlin.de/bizer/bsbm/v01/vocabulary/productPropertyNumeric2;1190
http://www4.wiwiss.fu-berlin.de/bizer/bsbm/v01/instances/dataFrom/Product619;http://www4.wiwiss.fu-berlin.de/bizer/bsbm/v01/vocabulary/productPropertyNumeric3;455
http://www4.wiwiss.fu-berlin.de/bizer/bsbm/v01/instances/dataFrom/Product619;http://www4.wiwiss.fu-berlin.de/bizer/bsbm/v01/vocabulary/productPropertyNumeric4;750
http://www4.wiwiss.fu-berlin.de/bizer/bsbm/v01/instances/dataFrom/Product619;http://www4.wiwiss.fu-berlin.de/bizer/bsbm/v01/vocabulary/productPropertyNumeric5;160
http://www4.wiwiss.fu-berlin.de/bizer/bsbm/v01/instances/dataFrom/Product619;http://www4.wiwiss.fu-berlin.de/bizer/bsbm/v01/vocabulary/productPropertyTextual1;demagogy grueler frettiest rotors hymenopterous phototherapies capelan gastroscopic sympathizing denunciations manifestly prevailingly liquids sexless garrote
http://www4.wiwiss.fu-berlin.de/bizer/bsbm/v01/instances/dataFrom/Product619;http://www4.wiwiss.fu-berlin.de/bizer/bsbm/v01/vocabulary/productPropertyTextual2;tainting socially kales impuissance kris blowsily saltcellar disciplines immemorially mincy oxhearts catamaran scavenger isostatically
http://www4.wiwiss.fu-berlin.de/bizer/bsbm/v01/instances/dataFrom/Product619;http://www4.wiwiss.fu-berlin.de/bizer/bsbm/v01/vocabulary/productPropertyTextual3;titulary payment careered slouching overdiligent
http://www4.wiwiss.fu-berlin.de/bizer/bsbm/v01/instances/dataFrom/Product619;http://www4.wiwiss.fu-berlin.de/bizer/bsbm/v01/vocabulary/productPropertyTextual4;obligator commenced trampolinists suborbital
http://www4.wiwiss.fu-berlin.de/bizer/bsbm/v01/instances/dataFrom/Product619;http://www4.wiwiss.fu-berlin.de/bizer/bsbm/v01/vocabulary/productPropertyTextual5;tollages effortlessness bookplates stirrups retractable leaner
http://www4.wiwiss.fu-berlin.de/bizer/bsbm/v01/instances/dataFrom/Product619;http://www4.wiwiss.fu-berlin.de/bizer/bsbm/v01/vocabulary/productFeature;http://www4.wiwiss.fu-berlin.de/bizer/bsbm/v01/instances/ProductFeature2404
http://www4.wiwiss.fu-berlin.de/bizer/bsbm/v01/instances/dataFrom/Product619;http://www4.wiwiss.fu-berlin.de/bizer/bsbm/v01/vocabulary/productFeature;http://www4.wiwiss.fu-berlin.de/bizer/bsbm/v01/instances/ProductFeature2406
http://www4.wiwiss.fu-berlin.de/bizer/bsbm/v01/instances/dataFrom/Product619;http://www4.wiwiss.fu-berlin.de/bizer/bsbm/v01/vocabulary/productFeature;http://www4.wiwiss.fu-berlin.de/bizer/bsbm/v01/instances/ProductFeature2410
http://www4.wiwiss.fu-berlin.de/bizer/bsbm/v01/instances/dataFrom/Product619;http://www4.wiwiss.fu-berlin.de/bizer/bsbm/v01/vocabulary/productFeature;http://www4.wiwiss.fu-berlin.de/bizer/bsbm/v01/instances/ProductFeature2412
http://www4.wiwiss.fu-berlin.de/bizer/bsbm/v01/instances/dataFrom/Product619;http://www4.wiwiss.fu-berlin.de/bizer/bsbm/v01/vocabulary/productFeature;http://www4.wiwiss.fu-berlin.de/bizer/bsbm/v01/instances/ProductFeature2415
http://www4.wiwiss.fu-berlin.de/bizer/bsbm/v01/instances/dataFrom/Product619;http://www4.wiwiss.fu-berlin.de/bizer/bsbm/v01/vocabulary/productFeature;http://www4.wiwiss.fu-berlin.de/bizer/bsbm/v01/instances/ProductFeature2430
http://www4.wiwiss.fu-berlin.de/bizer/bsbm/v01/instances/dataFrom/Product619;http://www4.wiwiss.fu-berlin.de/bizer/bsbm/v01/vocabulary/productFeature;http://www4.wiwiss.fu-berlin.de/bizer/bsbm/v01/instances/ProductFeature2435
http://www4.wiwiss.fu-berlin.de/bizer/bsbm/v01/instances/dataFrom/Product619;http://www4.wiwiss.fu-berlin.de/bizer/bsbm/v01/vocabulary/productFeature;http://www4.wiwiss.fu-berlin.de/bizer/bsbm/v01/instances/ProductFeature441
http://www4.wiwiss.fu-berlin.de/bizer/bsbm/v01/instances/dataFrom/Product619;http://www4.wiwiss.fu-berlin.de/bizer/bsbm/v01/vocabulary/productFeature;http://www4.wiwiss.fu-berlin.de/bizer/bsbm/v01/instances/ProductFeature442
http://www4.wiwiss.fu-berlin.de/bizer/bsbm/v01/instances/dataFrom/Product619;http://www4.wiwiss.fu-berlin.de/bizer/bsbm/v01/vocabulary/productFeature;http://www4.wiwiss.fu-berlin.de/bizer/bsbm/v01/instances/ProductFeature445
http://www4.wiwiss.fu-berlin.de/bizer/bsbm/v01/instances/dataFrom/Product619;http://www4.wiwiss.fu-berlin.de/bizer/bsbm/v01/vocabulary/productFeature;http://www4.wiwiss.fu-berlin.de/bizer/bsbm/v01/instances/ProductFeature453
http://www4.wiwiss.fu-berlin.de/bizer/bsbm/v01/instances/dataFrom/Product619;http://www4.wiwiss.fu-berlin.de/bizer/bsbm/v01/vocabulary/productFeature;http://www4.wiwiss.fu-berlin.de/bizer/bsbm/v01/instances/ProductFeature457
http://www4.wiwiss.fu-berlin.de/bizer/bsbm/v01/instances/dataFrom/Product619;http://www4.wiwiss.fu-berlin.de/bizer/bsbm/v01/vocabulary/productFeature;http://www4.wiwiss.fu-berlin.de/bizer/bsbm/v01/instances/ProductFeature458
http://www4.wiwiss.fu-berlin.de/bizer/bsbm/v01/instances/dataFrom/Product619;http://www4.wiwiss.fu-berlin.de/bizer/bsbm/v01/vocabulary/productFeature;http://www4.wiwiss.fu-berlin.de/bizer/bsbm/v01/instances/ProductFeature460
http://www4.wiwiss.fu-berlin.de/bizer/bsbm/v01/instances/dataFrom/Product619;http://www4.wiwiss.fu-berlin.de/bizer/bsbm/v01/vocabulary/productFeature;http://www4.wiwiss.fu-berlin.de/bizer/bsbm/v01/instances/ProductFeature469
http://www4.wiwiss.fu-berlin.de/bizer/bsbm/v01/instances/dataFrom/Product619;http://www4.wiwiss.fu-berlin.de/bizer/bsbm/v01/vocabulary/productFeature;http://www4.wiwiss.fu-berlin.de/bizer/bsbm/v01/instances/ProductFeature24
http://www4.wiwiss.fu-berlin.de/bizer/bsbm/v01/instances/dataFrom/Product619;http://www4.wiwiss.fu-berlin.de/bizer/bsbm/v01/vocabulary/productFeature;http://www4.wiwiss.fu-berlin.de/bizer/bsbm/v01/instances/ProductFeature28
http://www4.wiwiss.fu-berlin.de/bizer/bsbm/v01/instances/dataFrom/Product619;http://www4.wiwiss.fu-berlin.de/bizer/bsbm/v01/vocabulary/productFeature;http://www4.wiwiss.fu-berlin.de/bizer/bsbm/v01/instances/ProductFeature30
http://www4.wiwiss.fu-berlin.de/bizer/bsbm/v01/instances/dataFrom/Product619;http://www4.wiwiss.fu-berlin.de/bizer/bsbm/v01/vocabulary/productFeature;http://www4.wiwiss.fu-berlin.de/bizer/bsbm/v01/instances/ProductFeature33
http://www4.wiwiss.fu-berlin.de/bizer/bsbm/v01/instances/dataFrom/Product619;http://www4.wiwiss.fu-berlin.de/bizer/bsbm/v01/vocabulary/productFeature;http://www4.wiwiss.fu-berlin.de/bizer/bsbm/v01/instances/ProductFeature37
http://www4.wiwiss.fu-berlin.de/bizer/bsbm/v01/instances/dataFrom/Product619;http://www4.wiwiss.fu-berlin.de/bizer/bsbm/v01/vocabulary/producer;http://www4.wiwiss.fu-berlin.de/bizer/bsbm/v01/instances/dataFromProducer19/Producer19
http://www4.wiwiss.fu-berlin.de/bizer/bsbm/v01/instances/dataFrom/Product619;http://purl.org/dc/elements/1.1/publisher;http://www4.wiwiss.fu-berlin.de/bizer/bsbm/v01/instances/dataFromProducer19/Producer19
http://www4.wiwiss.fu-berlin.de/bizer/bsbm/v01/instances/dataFrom/Product619;http://purl.org/dc/elements/1.1/date;2003-02-14
http://www4.wiwiss.fu-berlin.de/bizer/bsbm/v01/instances/dataFrom/Product347;http://www.w3.org/1999/02/22-rdf-syntax-ns#type;http://www4.wiwiss.fu-berlin.de/bizer/bsbm/v01/vocabulary/Product
http://www4.wiwiss.fu-berlin.de/bizer/bsbm/v01/instances/dataFrom/Product347;http://www.w3.org/1999/02/22-rdf-syntax-ns#type;http://www4.wiwiss.fu-berlin.de/bizer/bsbm/v01/instances/ProductType79
http://www4.wiwiss.fu-berlin.de/bizer/bsbm/v01/instances/dataFrom/Product347;http://www.w3.org/2000/01/rdf-schema#label;valuation vindication
http://www4.wiwiss.fu-berlin.de/bizer/bsbm/v01/instances/dataFrom/Product347;http://www.w3.org/2000/01/rdf-schema#comment;vocational orangiest nances statal perique whinnier shipworms remorses storming tidiest deforesting trothing unslaked merged rooting revenging denuclearize outproduces prevailers obstructiveness badinaging prerecorded henrys bestrides elongates rounds basely splosh plucked fealties emulsifying nonviable cheekiest dugong warders thieved westernized delusionary satiated quiverers bullwhips bowered cruciate twangles shoplifter depravity polymerize slams reverencer smirched enveloped elicits eatings syllogistically discomforts bombs demeaned alders teratological forzandos bookmaking feministic logicize resharpened canvaslike spelt interspersed biotechnological razored clearing dumbwaiters amasser whackier reformated foyers preappearances blackballs cumulates grouped trembling halvahs ophthalmoscopy balkans lido imperilled advertently neckties genocidal reinfects nakedly imputes leukemic cuirassed sealable shocked hearings
http://www4.wiwiss.fu-berlin.de/bizer/bsbm/v01/instances/dataFrom/Product347;http://www4.wiwiss.fu-berlin.de/bizer/bsbm/v01/vocabulary/productPropertyNumeric1;755
http://www4.wiwiss.fu-berlin.de/bizer/bsbm/v01/instances/dataFrom/Product347;http://www4.wiwiss.fu-berlin.de/bizer/bsbm/v01/vocabulary/productPropertyNumeric2;1190
http://www4.wiwiss.fu-berlin.de/bizer/bsbm/v01/instances/dataFrom/Product347;http://www4.wiwiss.fu-berlin.de/bizer/bsbm/v01/vocabulary/productPropertyNumeric3;455
http://www4.wiwiss.fu-berlin.de/bizer/bsbm/v01/instances/dataFrom/Product347;http://www4.wiwiss.fu-berlin.de/bizer/bsbm/v01/vocabulary/productPropertyNumeric4;750
http://www4.wiwiss.fu-berlin.de/bizer/bsbm/v01/instances/dataFrom/Product347;http://www4.wiwiss.fu-berlin.de/bizer/bsbm/v01/vocabulary/productPropertyNumeric5;160
http://www4.wiwiss.fu-berlin.de/bizer/bsbm/v01/instances/dataFrom/Product347;http://www4.wiwiss.fu-berlin.de/bizer/bsbm/v01/vocabulary/productPropertyTextual1;demagogy grueler frettiest rotors hymenopterous phototherapies capelan gastroscopic sympathizing denunciations manifestly prevailingly liquids sexless garrote
http://www4.wiwiss.fu-berlin.de/bizer/bsbm/v01/instances/dataFrom/Product347;http://www4.wiwiss.fu-berlin.de/bizer/bsbm/v01/vocabulary/productPropertyTextual2;tainting socially kales impuissance kris blowsily saltcellar disciplines immemorially mincy oxhearts catamaran scavenger isostatically
http://www4.wiwiss.fu-berlin.de/bizer/bsbm/v01/instances/dataFrom/Product347;http://www4.wiwiss.fu-berlin.de/bizer/bsbm/v01/vocabulary/productPropertyTextual3;titulary payment careered slouching overdiligent
http://www4.wiwiss.fu-berlin.de/bizer/bsbm/v01/instances/dataFrom/Product347;http://www4.wiwiss.fu-berlin.de/bizer/bsbm/v01/vocabulary/productPropertyTextual4;obligator commenced trampolinists suborbital
http://www4.wiwiss.fu-berlin.de/bizer/bsbm/v01/instances/dataFrom/Product347;http://www4.wiwiss.fu-berlin.de/bizer/bsbm/v01/vocabulary/productPropertyTextual5;tollages effortlessness bookplates stirrups retractable leaner
http://www4.wiwiss.fu-berlin.de/bizer/bsbm/v01/instances/dataFrom/Product347;http://www4.wiwiss.fu-berlin.de/bizer/bsbm/v01/vocabulary/productFeature;http://www4.wiwiss.fu-berlin.de/bizer/bsbm/v01/instances/ProductFeature2404
http://www4.wiwiss.fu-berlin.de/bizer/bsbm/v01/instances/dataFrom/Product347;http://www4.wiwiss.fu-berlin.de/bizer/bsbm/v01/vocabulary/productFeature;http://www4.wiwiss.fu-berlin.de/bizer/bsbm/v01/instances/ProductFeature2406
http://www4.wiwiss.fu-berlin.de/bizer/bsbm/v01/instances/dataFrom/Product347;http://www4.wiwiss.fu-berlin.de/bizer/bsbm/v01/vocabulary/productFeature;http://www4.wiwiss.fu-berlin.de/bizer/bsbm/v01/instances/ProductFeature2410
http://www4.wiwiss.fu-berlin.de/bizer/bsbm/v01/instances/dataFrom/Product347;http://www4.wiwiss.fu-berlin.de/bizer/bsbm/v01/vocabulary/productFeature;http://www4.wiwiss.fu-berlin.de/bizer/bsbm/v01/instances/ProductFeature2412
http://www4.wiwiss.fu-berlin.de/bizer/bsbm/v01/instances/dataFrom/Product347;http://www4.wiwiss.fu-berlin.de/bizer/bsbm/v01/vocabulary/productFeature;http://www4.wiwiss.fu-berlin.de/bizer/bsbm/v01/instances/ProductFeature2415
http://www4.wiwiss.fu-berlin.de/bizer/bsbm/v01/instances/dataFrom/Product347;http://www4.wiwiss.fu-berlin.de/bizer/bsbm/v01/vocabulary/productFeature;http://www4.wiwiss.fu-berlin.de/bizer/bsbm/v01/instances/ProductFeature2430
http://www4.wiwiss.fu-berlin.de/bizer/bsbm/v01/instances/dataFrom/Product347;http://www4.wiwiss.fu-berlin.de/bizer/bsbm/v01/vocabulary/productFeature;http://www4.wiwiss.fu-berlin.de/bizer/bsbm/v01/instances/ProductFeature2435
http://www4.wiwiss.fu-berlin.de/bizer/bsbm/v01/instances/dataFrom/Product347;http://www4.wiwiss.fu-berlin.de/bizer/bsbm/v01/vocabulary/productFeature;http://www4.wiwiss.fu-berlin.de/bizer/bsbm/v01/instances/ProductFeature441
http://www4.wiwiss.fu-berlin.de/bizer/bsbm/v01/instances/dataFrom/Product347;http://www4.wiwiss.fu-berlin.de/bizer/bsbm/v01/vocabulary/productFeature;http://www4.wiwiss.fu-berlin.de/bizer/bsbm/v01/instances/ProductFeature442
http://www4.wiwiss.fu-berlin.de/bizer/bsbm/v01/instances/dataFrom/Product347;http://www4.wiwiss.fu-berlin.de/bizer/bsbm/v01/vocabulary/productFeature;http://www4.wiwiss.fu-berlin.de/bizer/bsbm/v01/instances/ProductFeature445
http://www4.wiwiss.fu-berlin.de/bizer/bsbm/v01/instances/dataFrom/Product347;http://www4.wiwiss.fu-berlin.de/bizer/bsbm/v01/vocabulary/productFeature;http://www4.wiwiss.fu-berlin.de/bizer/bsbm/v01/instances/ProductFeature453
http://www4.wiwiss.fu-berlin.de/bizer/bsbm/v01/instances/dataFrom/Product347;http://www4.wiwiss.fu-berlin.de/bizer/bsbm/v01/vocabulary/productFeature;http://www4.wiwiss.fu-berlin.de/bizer/bsbm/v01/instances/ProductFeature457
http://www4.wiwiss.fu-berlin.de/bizer/bsbm/v01/instances/dataFrom/Product347;http://www4.wiwiss.fu-berlin.de/bizer/bsbm/v01/vocabulary/productFeature;http://www4.wiwiss.fu-berlin.de/bizer/bsbm/v01/instances/ProductFeature458
http://www4.wiwiss.fu-berlin.de/bizer/bsbm/v01/instances/dataFrom/Product347;http://www4.wiwiss.fu-berlin.de/bizer/bsbm/v01/vocabulary/productFeature;http://www4.wiwiss.fu-berlin.de/bizer/bsbm/v01/instances/ProductFeature460
http://www4.wiwiss.fu-berlin.de/bizer/bsbm/v01/instances/dataFrom/Product347;http://www4.wiwiss.fu-berlin.de/bizer/bsbm/v01/vocabulary/productFeature;http://www4.wiwiss.fu-berlin.de/bizer/bsbm/v01/instances/ProductFeature469
http://www4.wiwiss.fu-berlin.de/bizer/bsbm/v01/instances/dataFrom/Product347;http://www4.wiwiss.fu-berlin.de/bizer/bsbm/v01/vocabulary/productFeature;http://www4.wiwiss.fu-berlin.de/bizer/bsbm/v01/instances/ProductFeature24
http://www4.wiwiss.fu-berlin.de/bizer/bsbm/v01/instances/dataFrom/Product347;http://www4.wiwiss.fu-berlin.de/bizer/bsbm/v01/vocabulary/productFeature;http://www4.wiwiss.fu-berlin.de/bizer/bsbm/v01/instances/ProductFeature28
http://www4.wiwiss.fu-berlin.de/bizer/bsbm/v01/instances/dataFrom/Product347;http://www4.wiwiss.fu-berlin.de/bizer/bsbm/v01/vocabulary/productFeature;http://www4.wiwiss.fu-berlin.de/bizer/bsbm/v01/instances/ProductFeature30
http://www4.wiwiss.fu-berlin.de/bizer/bsbm/v01/instances/dataFrom/Product347;http://www4.wiwiss.fu-berlin.de/bizer/bsbm/v01/vocabulary/productFeature;http://www4.wiwiss.fu-berlin.de/bizer/bsbm/v01/instances/ProductFeature33
http://www4.wiwiss.fu-berlin.de/bizer/bsbm/v01/instances/dataFrom/Product347;http://www4.wiwiss.fu-berlin.de/bizer/bsbm/v01/vocabulary/productFeature;http://www4.wiwiss.fu-berlin.de/bizer/bsbm/v01/instances/ProductFeature37
http://www4.wiwiss.fu-berlin.de/bizer/bsbm/v01/instances/dataFrom/Product347;http://www4.wiwiss.fu-berlin.de/bizer/bsbm/v01/vocabulary/producer;http://www4.wiwiss.fu-berlin.de/bizer/bsbm/v01/instances/dataFromProducer19/Producer19
http://www4.wiwiss.fu-berlin.de/bizer/bsbm/v01/instances/dataFrom/Product347;http://purl.org/dc/elements/1.1/publisher;http://www4.wiwiss.fu-berlin.de/bizer/bsbm/v01/instances/dataFromProducer19/Producer19
http://www4.wiwiss.fu-berlin.de/bizer/bsbm/v01/instances/dataFrom/Product347;http://purl.org/dc/elements/1.1/date;2003-02-14
http://www4.wiwiss.fu-berlin.de/bizer/bsbm/v01/instances/dataFrom/Product343;http://www.w3.org/1999/02/22-rdf-syntax-ns#type;http://www4.wiwiss.fu-berlin.de/bizer/bsbm/v01/vocabulary/Product
http://www4.wiwiss.fu-berlin.de/bizer/bsbm/v01/instances/dataFrom/Product343;http://www.w3.org/1999/02/22-rdf-syntax-ns#type;http://www4.wiwiss.fu-berlin.de/bizer/bsbm/v01/instances/ProductType79
http://www4.wiwiss.fu-berlin.de/bizer/bsbm/v01/instances/dataFrom/Product343;http://www.w3.org/2000/01/rdf-schema#label;valuation vindication
http://www4.wiwiss.fu-berlin.de/bizer/bsbm/v01/instances/dataFrom/Product343;http://www.w3.org/2000/01/rdf-schema#comment;vocational orangiest nances statal perique whinnier shipworms remorses storming tidiest deforesting trothing unslaked merged rooting revenging denuclearize outproduces prevailers obstructiveness badinaging prerecorded henrys bestrides elongates rounds basely splosh plucked fealties emulsifying nonviable cheekiest dugong warders thieved westernized delusionary satiated quiverers bullwhips bowered cruciate twangles shoplifter depravity polymerize slams reverencer smirched enveloped elicits eatings syllogistically discomforts bombs demeaned alders teratological forzandos bookmaking feministic logicize resharpened canvaslike spelt interspersed biotechnological razored clearing dumbwaiters amasser whackier reformated foyers preappearances blackballs cumulates grouped trembling halvahs ophthalmoscopy balkans lido imperilled advertently neckties genocidal reinfects nakedly imputes leukemic cuirassed sealable shocked hearings
http://www4.wiwiss.fu-berlin.de/bizer/bsbm/v01/instances/dataFrom/Product343;http://www4.wiwiss.fu-berlin.de/bizer/bsbm/v01/vocabulary/productPropertyNumeric1;755
http://www4.wiwiss.fu-berlin.de/bizer/bsbm/v01/instances/dataFrom/Product343;http://www4.wiwiss.fu-berlin.de/bizer/bsbm/v01/vocabulary/productPropertyNumeric2;1190
http://www4.wiwiss.fu-berlin.de/bizer/bsbm/v01/instances/dataFrom/Product343;http://www4.wiwiss.fu-berlin.de/bizer/bsbm/v01/vocabulary/productPropertyNumeric3;455
http://www4.wiwiss.fu-berlin.de/bizer/bsbm/v01/instances/dataFrom/Product343;http://www4.wiwiss.fu-berlin.de/bizer/bsbm/v01/vocabulary/productPropertyNumeric4;750
http://www4.wiwiss.fu-berlin.de/bizer/bsbm/v01/instances/dataFrom/Product343;http://www4.wiwiss.fu-berlin.de/bizer/bsbm/v01/vocabulary/productPropertyNumeric5;160
http://www4.wiwiss.fu-berlin.de/bizer/bsbm/v01/instances/dataFrom/Product343;http://www4.wiwiss.fu-berlin.de/bizer/bsbm/v01/vocabulary/productPropertyTextual1;demagogy grueler frettiest rotors hymenopterous phototherapies capelan gastroscopic sympathizing denunciations manifestly prevailingly liquids sexless garrote
http://www4.wiwiss.fu-berlin.de/bizer/bsbm/v01/instances/dataFrom/Product343;http://www4.wiwiss.fu-berlin.de/bizer/bsbm/v01/vocabulary/productPropertyTextual2;tainting socially kales impuissance kris blowsily saltcellar disciplines immemorially mincy oxhearts catamaran scavenger isostatically
http://www4.wiwiss.fu-berlin.de/bizer/bsbm/v01/instances/dataFrom/Product343;http://www4.wiwiss.fu-berlin.de/bizer/bsbm/v01/vocabulary/productPropertyTextual3;titulary payment careered slouching overdiligent
http://www4.wiwiss.fu-berlin.de/bizer/bsbm/v01/instances/dataFrom/Product343;http://www4.wiwiss.fu-berlin.de/bizer/bsbm/v01/vocabulary/productPropertyTextual4;obligator commenced trampolinists suborbital
http://www4.wiwiss.fu-berlin.de/bizer/bsbm/v01/instances/dataFrom/Product343;http://www4.wiwiss.fu-berlin.de/bizer/bsbm/v01/vocabulary/productPropertyTextual5;tollages effortlessness bookplates stirrups retractable leaner
http://www4.wiwiss.fu-berlin.de/bizer/bsbm/v01/instances/dataFrom/Product343;http://www4.wiwiss.fu-berlin.de/bizer/bsbm/v01/vocabulary/productFeature;http://www4.wiwiss.fu-berlin.de/bizer/bsbm/v01/instances/ProductFeature2404
http://www4.wiwiss.fu-berlin.de/bizer/bsbm/v01/instances/dataFrom/Product343;http://www4.wiwiss.fu-berlin.de/bizer/bsbm/v01/vocabulary/productFeature;http://www4.wiwiss.fu-berlin.de/bizer/bsbm/v01/instances/ProductFeature2406
http://www4.wiwiss.fu-berlin.de/bizer/bsbm/v01/instances/dataFrom/Product343;http://www4.wiwiss.fu-berlin.de/bizer/bsbm/v01/vocabulary/productFeature;http://www4.wiwiss.fu-berlin.de/bizer/bsbm/v01/instances/ProductFeature2410
http://www4.wiwiss.fu-berlin.de/bizer/bsbm/v01/instances/dataFrom/Product343;http://www4.wiwiss.fu-berlin.de/bizer/bsbm/v01/vocabulary/productFeature;http://www4.wiwiss.fu-berlin.de/bizer/bsbm/v01/instances/ProductFeature2412
http://www4.wiwiss.fu-berlin.de/bizer/bsbm/v01/instances/dataFrom/Product343;http://www4.wiwiss.fu-berlin.de/bizer/bsbm/v01/vocabulary/productFeature;http://www4.wiwiss.fu-berlin.de/bizer/bsbm/v01/instances/ProductFeature2415
http://www4.wiwiss.fu-berlin.de/bizer/bsbm/v01/instances/dataFrom/Product343;http://www4.wiwiss.fu-berlin.de/bizer/bsbm/v01/vocabulary/productFeature;http://www4.wiwiss.fu-berlin.de/bizer/bsbm/v01/instances/ProductFeature2430
http://www4.wiwiss.fu-berlin.de/bizer/bsbm/v01/instances/dataFrom/Product343;http://www4.wiwiss.fu-berlin.de/bizer/bsbm/v01/vocabulary/productFeature;http://www4.wiwiss.fu-berlin.de/bizer/bsbm/v01/instances/ProductFeature2435
http://www4.wiwiss.fu-berlin.de/bizer/bsbm/v01/instances/dataFrom/Product343;http://www4.wiwiss.fu-berlin.de/bizer/bsbm/v01/vocabulary/productFeature;http://www4.wiwiss.fu-berlin.de/bizer/bsbm/v01/instances/ProductFeature441
http://www4.wiwiss.fu-berlin.de/bizer/bsbm/v01/instances/dataFrom/Product343;http://www4.wiwiss.fu-berlin.de/bizer/bsbm/v01/vocabulary/productFeature;http://www4.wiwiss.fu-berlin.de/bizer/bsbm/v01/instances/ProductFeature442
http://www4.wiwiss.fu-berlin.de/bizer/bsbm/v01/instances/dataFrom/Product343;http://www4.wiwiss.fu-berlin.de/bizer/bsbm/v01/vocabulary/productFeature;http://www4.wiwiss.fu-berlin.de/bizer/bsbm/v01/instances/ProductFeature445
http://www4.wiwiss.fu-berlin.de/bizer/bsbm/v01/instances/dataFrom/Product343;http://www4.wiwiss.fu-berlin.de/bizer/bsbm/v01/vocabulary/productFeature;http://www4.wiwiss.fu-berlin.de/bizer/bsbm/v01/instances/ProductFeature453
http://www4.wiwiss.fu-berlin.de/bizer/bsbm/v01/instances/dataFrom/Product343;http://www4.wiwiss.fu-berlin.de/bizer/bsbm/v01/vocabulary/productFeature;http://www4.wiwiss.fu-berlin.de/bizer/bsbm/v01/instances/ProductFeature457
http://www4.wiwiss.fu-berlin.de/bizer/bsbm/v01/instances/dataFrom/Product343;http://www4.wiwiss.fu-berlin.de/bizer/bsbm/v01/vocabulary/productFeature;http://www4.wiwiss.fu-berlin.de/bizer/bsbm/v01/instances/ProductFeature458
http://www4.wiwiss.fu-berlin.de/bizer/bsbm/v01/instances/dataFrom/Product343;http://www4.wiwiss.fu-berlin.de/bizer/bsbm/v01/vocabulary/productFeature;http://www4.wiwiss.fu-berlin.de/bizer/bsbm/v01/instances/ProductFeature460
http://www4.wiwiss.fu-berlin.de/bizer/bsbm/v01/instances/dataFrom/Product343;http://www4.wiwiss.fu-berlin.de/bizer/bsbm/v01/vocabulary/productFeature;http://www4.wiwiss.fu-berlin.de/bizer/bsbm/v01/instances/ProductFeature469
http://www4.wiwiss.fu-berlin.de/bizer/bsbm/v01/instances/dataFrom/Product343;http://www4.wiwiss.fu-berlin.de/bizer/bsbm/v01/vocabulary/productFeature;http://www4.wiwiss.fu-berlin.de/bizer/bsbm/v01/instances/ProductFeature24
http://www4.wiwiss.fu-berlin.de/bizer/bsbm/v01/instances/dataFrom/Product343;http://www4.wiwiss.fu-berlin.de/bizer/bsbm/v01/vocabulary/productFeature;http://www4.wiwiss.fu-berlin.de/bizer/bsbm/v01/instances/ProductFeature28
http://www4.wiwiss.fu-berlin.de/bizer/bsbm/v01/instances/dataFrom/Product343;http://www4.wiwiss.fu-berlin.de/bizer/bsbm/v01/vocabulary/productFeature;http://www4.wiwiss.fu-berlin.de/bizer/bsbm/v01/instances/ProductFeature30
http://www4.wiwiss.fu-berlin.de/bizer/bsbm/v01/instances/dataFrom/Product343;http://www4.wiwiss.fu-berlin.de/bizer/bsbm/v01/vocabulary/productFeature;http://www4.wiwiss.fu-berlin.de/bizer/bsbm/v01/instances/ProductFeature33
http://www4.wiwiss.fu-berlin.de/bizer/bsbm/v01/instances/dataFrom/Product343;http://www4.wiwiss.fu-berlin.de/bizer/bsbm/v01/vocabulary/productFeature;http://www4.wiwiss.fu-berlin.de/bizer/bsbm/v01/instances/ProductFeature37
http://www4.wiwiss.fu-berlin.de/bizer/bsbm/v01/instances/dataFrom/Product343;http://www4.wiwiss.fu-berlin.de/bizer/bsbm/v01/vocabulary/producer;http://www4.wiwiss.fu-berlin.de/bizer/bsbm/v01/instances/dataFromProducer19/Producer19
http://www4.wiwiss.fu-berlin.de/bizer/bsbm/v01/instances/dataFrom/Product343;http://purl.org/dc/elements/1.1/publisher;http://www4.wiwiss.fu-berlin.de/bizer/bsbm/v01/instances/dataFromProducer19/Producer19
http://www4.wiwiss.fu-berlin.de/bizer/bsbm/v01/instances/dataFrom/Product343;http://purl.org/dc/elements/1.1/date;2003-02-14
http://www4.wiwiss.fu-berlin.de/bizer/bsbm/v01/instances/dataFrom/Product508;http://www.w3.org/1999/02/22-rdf-syntax-ns#type;http://www4.wiwiss.fu-berlin.de/bizer/bsbm/v01/vocabulary/Product
http://www4.wiwiss.fu-berlin.de/bizer/bsbm/v01/instances/dataFrom/Product508;http://www.w3.org/1999/02/22-rdf-syntax-ns#type;http://www4.wiwiss.fu-berlin.de/bizer/bsbm/v01/instances/ProductType79
http://www4.wiwiss.fu-berlin.de/bizer/bsbm/v01/instances/dataFrom/Product508;http://www.w3.org/2000/01/rdf-schema#label;valuation vindication
http://www4.wiwiss.fu-berlin.de/bizer/bsbm/v01/instances/dataFrom/Product508;http://www.w3.org/2000/01/rdf-schema#comment;vocational orangiest nances statal perique whinnier shipworms remorses storming tidiest deforesting trothing unslaked merged rooting revenging denuclearize outproduces prevailers obstructiveness badinaging prerecorded henrys bestrides elongates rounds basely splosh plucked fealties emulsifying nonviable cheekiest dugong warders thieved westernized delusionary satiated quiverers bullwhips bowered cruciate twangles shoplifter depravity polymerize slams reverencer smirched enveloped elicits eatings syllogistically discomforts bombs demeaned alders teratological forzandos bookmaking feministic logicize resharpened canvaslike spelt interspersed biotechnological razored clearing dumbwaiters amasser whackier reformated foyers preappearances blackballs cumulates grouped trembling halvahs ophthalmoscopy balkans lido imperilled advertently neckties genocidal reinfects nakedly imputes leukemic cuirassed sealable shocked hearings
http://www4.wiwiss.fu-berlin.de/bizer/bsbm/v01/instances/dataFrom/Product508;http://www4.wiwiss.fu-berlin.de/bizer/bsbm/v01/vocabulary/productPropertyNumeric1;755
http://www4.wiwiss.fu-berlin.de/bizer/bsbm/v01/instances/dataFrom/Product508;http://www4.wiwiss.fu-berlin.de/bizer/bsbm/v01/vocabulary/productPropertyNumeric2;1190
http://www4.wiwiss.fu-berlin.de/bizer/bsbm/v01/instances/dataFrom/Product508;http://www4.wiwiss.fu-berlin.de/bizer/bsbm/v01/vocabulary/productPropertyNumeric3;455
http://www4.wiwiss.fu-berlin.de/bizer/bsbm/v01/instances/dataFrom/Product508;http://www4.wiwiss.fu-berlin.de/bizer/bsbm/v01/vocabulary/productPropertyNumeric4;750
http://www4.wiwiss.fu-berlin.de/bizer/bsbm/v01/instances/dataFrom/Product508;http://www4.wiwiss.fu-berlin.de/bizer/bsbm/v01/vocabulary/productPropertyNumeric5;160
http://www4.wiwiss.fu-berlin.de/bizer/bsbm/v01/instances/dataFrom/Product508;http://www4.wiwiss.fu-berlin.de/bizer/bsbm/v01/vocabulary/productPropertyTextual1;demagogy grueler frettiest rotors hymenopterous phototherapies capelan gastroscopic sympathizing denunciations manifestly prevailingly liquids sexless garrote
http://www4.wiwiss.fu-berlin.de/bizer/bsbm/v01/instances/dataFrom/Product508;http://www4.wiwiss.fu-berlin.de/bizer/bsbm/v01/vocabulary/productPropertyTextual2;tainting socially kales impuissance kris blowsily saltcellar disciplines immemorially mincy oxhearts catamaran scavenger isostatically
http://www4.wiwiss.fu-berlin.de/bizer/bsbm/v01/instances/dataFrom/Product508;http://www4.wiwiss.fu-berlin.de/bizer/bsbm/v01/vocabulary/productPropertyTextual3;titulary payment careered slouching overdiligent
http://www4.wiwiss.fu-berlin.de/bizer/bsbm/v01/instances/dataFrom/Product508;http://www4.wiwiss.fu-berlin.de/bizer/bsbm/v01/vocabulary/productPropertyTextual4;obligator commenced trampolinists suborbital
http://www4.wiwiss.fu-berlin.de/bizer/bsbm/v01/instances/dataFrom/Product508;http://www4.wiwiss.fu-berlin.de/bizer/bsbm/v01/vocabulary/productPropertyTextual5;tollages effortlessness bookplates stirrups retractable leaner
http://www4.wiwiss.fu-berlin.de/bizer/bsbm/v01/instances/dataFrom/Product508;http://www4.wiwiss.fu-berlin.de/bizer/bsbm/v01/vocabulary/productFeature;http://www4.wiwiss.fu-berlin.de/bizer/bsbm/v01/instances/ProductFeature2404
http://www4.wiwiss.fu-berlin.de/bizer/bsbm/v01/instances/dataFrom/Product508;http://www4.wiwiss.fu-berlin.de/bizer/bsbm/v01/vocabulary/productFeature;http://www4.wiwiss.fu-berlin.de/bizer/bsbm/v01/instances/ProductFeature2406
http://www4.wiwiss.fu-berlin.de/bizer/bsbm/v01/instances/dataFrom/Product508;http://www4.wiwiss.fu-berlin.de/bizer/bsbm/v01/vocabulary/productFeature;http://www4.wiwiss.fu-berlin.de/bizer/bsbm/v01/instances/ProductFeature2410
http://www4.wiwiss.fu-berlin.de/bizer/bsbm/v01/instances/dataFrom/Product508;http://www4.wiwiss.fu-berlin.de/bizer/bsbm/v01/vocabulary/productFeature;http://www4.wiwiss.fu-berlin.de/bizer/bsbm/v01/instances/ProductFeature2412
http://www4.wiwiss.fu-berlin.de/bizer/bsbm/v01/instances/dataFrom/Product508;http://www4.wiwiss.fu-berlin.de/bizer/bsbm/v01/vocabulary/productFeature;http://www4.wiwiss.fu-berlin.de/bizer/bsbm/v01/instances/ProductFeature2415
http://www4.wiwiss.fu-berlin.de/bizer/bsbm/v01/instances/dataFrom/Product508;http://www4.wiwiss.fu-berlin.de/bizer/bsbm/v01/vocabulary/productFeature;http://www4.wiwiss.fu-berlin.de/bizer/bsbm/v01/instances/ProductFeature2430
http://www4.wiwiss.fu-berlin.de/bizer/bsbm/v01/instances/dataFrom/Product508;http://www4.wiwiss.fu-berlin.de/bizer/bsbm/v01/vocabulary/productFeature;http://www4.wiwiss.fu-berlin.de/bizer/bsbm/v01/instances/ProductFeature2435
http://www4.wiwiss.fu-berlin.de/bizer/bsbm/v01/instances/dataFrom/Product508;http://www4.wiwiss.fu-berlin.de/bizer/bsbm/v01/vocabulary/productFeature;http://www4.wiwiss.fu-berlin.de/bizer/bsbm/v01/instances/ProductFeature441
http://www4.wiwiss.fu-berlin.de/bizer/bsbm/v01/instances/dataFrom/Product508;http://www4.wiwiss.fu-berlin.de/bizer/bsbm/v01/vocabulary/productFeature;http://www4.wiwiss.fu-berlin.de/bizer/bsbm/v01/instances/ProductFeature442
http://www4.wiwiss.fu-berlin.de/bizer/bsbm/v01/instances/dataFrom/Product508;http://www4.wiwiss.fu-berlin.de/bizer/bsbm/v01/vocabulary/productFeature;http://www4.wiwiss.fu-berlin.de/bizer/bsbm/v01/instances/ProductFeature445
http://www4.wiwiss.fu-berlin.de/bizer/bsbm/v01/instances/dataFrom/Product508;http://www4.wiwiss.fu-berlin.de/bizer/bsbm/v01/vocabulary/productFeature;http://www4.wiwiss.fu-berlin.de/bizer/bsbm/v01/instances/ProductFeature453
http://www4.wiwiss.fu-berlin.de/bizer/bsbm/v01/instances/dataFrom/Product508;http://www4.wiwiss.fu-berlin.de/bizer/bsbm/v01/vocabulary/productFeature;http://www4.wiwiss.fu-berlin.de/bizer/bsbm/v01/instances/ProductFeature457
http://www4.wiwiss.fu-berlin.de/bizer/bsbm/v01/instances/dataFrom/Product508;http://www4.wiwiss.fu-berlin.de/bizer/bsbm/v01/vocabulary/productFeature;http://www4.wiwiss.fu-berlin.de/bizer/bsbm/v01/instances/ProductFeature458
http://www4.wiwiss.fu-berlin.de/bizer/bsbm/v01/instances/dataFrom/Product508;http://www4.wiwiss.fu-berlin.de/bizer/bsbm/v01/vocabulary/productFeature;http://www4.wiwiss.fu-berlin.de/bizer/bsbm/v01/instances/ProductFeature460
http://www4.wiwiss.fu-berlin.de/bizer/bsbm/v01/instances/dataFrom/Product508;http://www4.wiwiss.fu-berlin.de/bizer/bsbm/v01/vocabulary/productFeature;http://www4.wiwiss.fu-berlin.de/bizer/bsbm/v01/instances/ProductFeature469
http://www4.wiwiss.fu-berlin.de/bizer/bsbm/v01/instances/dataFrom/Product508;http://www4.wiwiss.fu-berlin.de/bizer/bsbm/v01/vocabulary/productFeature;http://www4.wiwiss.fu-berlin.de/bizer/bsbm/v01/instances/ProductFeature24
http://www4.wiwiss.fu-berlin.de/bizer/bsbm/v01/instances/dataFrom/Product508;http://www4.wiwiss.fu-berlin.de/bizer/bsbm/v01/vocabulary/productFeature;http://www4.wiwiss.fu-berlin.de/bizer/bsbm/v01/instances/ProductFeature28
http://www4.wiwiss.fu-berlin.de/bizer/bsbm/v01/instances/dataFrom/Product508;http://www4.wiwiss.fu-berlin.de/bizer/bsbm/v01/vocabulary/productFeature;http://www4.wiwiss.fu-berlin.de/bizer/bsbm/v01/instances/ProductFeature30
http://www4.wiwiss.fu-berlin.de/bizer/bsbm/v01/instances/dataFrom/Product508;http://www4.wiwiss.fu-berlin.de/bizer/bsbm/v01/vocabulary/productFeature;http://www4.wiwiss.fu-berlin.de/bizer/bsbm/v01/instances/ProductFeature33
http://www4.wiwiss.fu-berlin.de/bizer/bsbm/v01/instances/dataFrom/Product508;http://www4.wiwiss.fu-berlin.de/bizer/bsbm/v01/vocabulary/productFeature;http://www4.wiwiss.fu-berlin.de/bizer/bsbm/v01/instances/ProductFeature37
http://www4.wiwiss.fu-berlin.de/bizer/bsbm/v01/instances/dataFrom/Product508;http://www4.wiwiss.fu-berlin.de/bizer/bsbm/v01/vocabulary/producer;http://www4.wiwiss.fu-berlin.de/bizer/bsbm/v01/instances/dataFromProducer19/Producer19
http://www4.wiwiss.fu-berlin.de/bizer/bsbm/v01/instances/dataFrom/Product508;http://purl.org/dc/elements/1.1/publisher;http://www4.wiwiss.fu-berlin.de/bizer/bsbm/v01/instances/dataFromProducer19/Producer19
http://www4.wiwiss.fu-berlin.de/bizer/bsbm/v01/instances/dataFrom/Product508;http://purl.org/dc/elements/1.1/date;2003-02-14
http://www4.wiwiss.fu-berlin.de/bizer/bsbm/v01/instances/dataFrom/Product124;http://www.w3.org/1999/02/22-rdf-syntax-ns#type;http://www4.wiwiss.fu-berlin.de/bizer/bsbm/v01/vocabulary/Product
http://www4.wiwiss.fu-berlin.de/bizer/bsbm/v01/instances/dataFrom/Product124;http://www.w3.org/1999/02/22-rdf-syntax-ns#type;http://www4.wiwiss.fu-berlin.de/bizer/bsbm/v01/instances/ProductType79
http://www4.wiwiss.fu-berlin.de/bizer/bsbm/v01/instances/dataFrom/Product124;http://www.w3.org/2000/01/rdf-schema#label;valuation vindication
http://www4.wiwiss.fu-berlin.de/bizer/bsbm/v01/instances/dataFrom/Product124;http://www.w3.org/2000/01/rdf-schema#comment;vocational orangiest nances statal perique whinnier shipworms remorses storming tidiest deforesting trothing unslaked merged rooting revenging denuclearize outproduces prevailers obstructiveness badinaging prerecorded henrys bestrides elongates rounds basely splosh plucked fealties emulsifying nonviable cheekiest dugong warders thieved westernized delusionary satiated quiverers bullwhips bowered cruciate twangles shoplifter depravity polymerize slams reverencer smirched enveloped elicits eatings syllogistically discomforts bombs demeaned alders teratological forzandos bookmaking feministic logicize resharpened canvaslike spelt interspersed biotechnological razored clearing dumbwaiters amasser whackier reformated foyers preappearances blackballs cumulates grouped trembling halvahs ophthalmoscopy balkans lido imperilled advertently neckties genocidal reinfects nakedly imputes leukemic cuirassed sealable shocked hearings
http://www4.wiwiss.fu-berlin.de/bizer/bsbm/v01/instances/dataFrom/Product124;http://www4.wiwiss.fu-berlin.de/bizer/bsbm/v01/vocabulary/productPropertyNumeric1;755
http://www4.wiwiss.fu-berlin.de/bizer/bsbm/v01/instances/dataFrom/Product124;http://www4.wiwiss.fu-berlin.de/bizer/bsbm/v01/vocabulary/productPropertyNumeric2;1190
http://www4.wiwiss.fu-berlin.de/bizer/bsbm/v01/instances/dataFrom/Product124;http://www4.wiwiss.fu-berlin.de/bizer/bsbm/v01/vocabulary/productPropertyNumeric3;455
http://www4.wiwiss.fu-berlin.de/bizer/bsbm/v01/instances/dataFrom/Product124;http://www4.wiwiss.fu-berlin.de/bizer/bsbm/v01/vocabulary/productPropertyNumeric4;750
http://www4.wiwiss.fu-berlin.de/bizer/bsbm/v01/instances/dataFrom/Product124;http://www4.wiwiss.fu-berlin.de/bizer/bsbm/v01/vocabulary/productPropertyNumeric5;160
http://www4.wiwiss.fu-berlin.de/bizer/bsbm/v01/instances/dataFrom/Product124;http://www4.wiwiss.fu-berlin.de/bizer/bsbm/v01/vocabulary/productPropertyTextual1;demagogy grueler frettiest rotors hymenopterous phototherapies capelan gastroscopic sympathizing denunciations manifestly prevailingly liquids sexless garrote
http://www4.wiwiss.fu-berlin.de/bizer/bsbm/v01/instances/dataFrom/Product124;http://www4.wiwiss.fu-berlin.de/bizer/bsbm/v01/vocabulary/productPropertyTextual2;tainting socially kales impuissance kris blowsily saltcellar disciplines immemorially mincy oxhearts catamaran scavenger isostatically
http://www4.wiwiss.fu-berlin.de/bizer/bsbm/v01/instances/dataFrom/Product124;http://www4.wiwiss.fu-berlin.de/bizer/bsbm/v01/vocabulary/productPropertyTextual3;titulary payment careered slouching overdiligent
http://www4.wiwiss.fu-berlin.de/bizer/bsbm/v01/instances/dataFrom/Product124;http://www4.wiwiss.fu-berlin.de/bizer/bsbm/v01/vocabulary/productPropertyTextual4;obligator commenced trampolinists suborbital
http://www4.wiwiss.fu-berlin.de/bizer/bsbm/v01/instances/dataFrom/Product124;http://www4.wiwiss.fu-berlin.de/bizer/bsbm/v01/vocabulary/productPropertyTextual5;tollages effortlessness bookplates stirrups retractable leaner
http://www4.wiwiss.fu-berlin.de/bizer/bsbm/v01/instances/dataFrom/Product124;http://www4.wiwiss.fu-berlin.de/bizer/bsbm/v01/vocabulary/productFeature;http://www4.wiwiss.fu-berlin.de/bizer/bsbm/v01/instances/ProductFeature2404
http://www4.wiwiss.fu-berlin.de/bizer/bsbm/v01/instances/dataFrom/Product124;http://www4.wiwiss.fu-berlin.de/bizer/bsbm/v01/vocabulary/productFeature;http://www4.wiwiss.fu-berlin.de/bizer/bsbm/v01/instances/ProductFeature2406
http://www4.wiwiss.fu-berlin.de/bizer/bsbm/v01/instances/dataFrom/Product124;http://www4.wiwiss.fu-berlin.de/bizer/bsbm/v01/vocabulary/productFeature;http://www4.wiwiss.fu-berlin.de/bizer/bsbm/v01/instances/ProductFeature2410
http://www4.wiwiss.fu-berlin.de/bizer/bsbm/v01/instances/dataFrom/Product124;http://www4.wiwiss.fu-berlin.de/bizer/bsbm/v01/vocabulary/productFeature;http://www4.wiwiss.fu-berlin.de/bizer/bsbm/v01/instances/ProductFeature2412
http://www4.wiwiss.fu-berlin.de/bizer/bsbm/v01/instances/dataFrom/Product124;http://www4.wiwiss.fu-berlin.de/bizer/bsbm/v01/vocabulary/productFeature;http://www4.wiwiss.fu-berlin.de/bizer/bsbm/v01/instances/ProductFeature2415
http://www4.wiwiss.fu-berlin.de/bizer/bsbm/v01/instances/dataFrom/Product124;http://www4.wiwiss.fu-berlin.de/bizer/bsbm/v01/vocabulary/productFeature;http://www4.wiwiss.fu-berlin.de/bizer/bsbm/v01/instances/ProductFeature2430
http://www4.wiwiss.fu-berlin.de/bizer/bsbm/v01/instances/dataFrom/Product124;http://www4.wiwiss.fu-berlin.de/bizer/bsbm/v01/vocabulary/productFeature;http://www4.wiwiss.fu-berlin.de/bizer/bsbm/v01/instances/ProductFeature2435
http://www4.wiwiss.fu-berlin.de/bizer/bsbm/v01/instances/dataFrom/Product124;http://www4.wiwiss.fu-berlin.de/bizer/bsbm/v01/vocabulary/productFeature;http://www4.wiwiss.fu-berlin.de/bizer/bsbm/v01/instances/ProductFeature441
http://www4.wiwiss.fu-berlin.de/bizer/bsbm/v01/instances/dataFrom/Product124;http://www4.wiwiss.fu-berlin.de/bizer/bsbm/v01/vocabulary/productFeature;http://www4.wiwiss.fu-berlin.de/bizer/bsbm/v01/instances/ProductFeature442
http://www4.wiwiss.fu-berlin.de/bizer/bsbm/v01/instances/dataFrom/Product124;http://www4.wiwiss.fu-berlin.de/bizer/bsbm/v01/vocabulary/productFeature;http://www4.wiwiss.fu-berlin.de/bizer/bsbm/v01/instances/ProductFeature445
http://www4.wiwiss.fu-berlin.de/bizer/bsbm/v01/instances/dataFrom/Product124;http://www4.wiwiss.fu-berlin.de/bizer/bsbm/v01/vocabulary/productFeature;http://www4.wiwiss.fu-berlin.de/bizer/bsbm/v01/instances/ProductFeature453
http://www4.wiwiss.fu-berlin.de/bizer/bsbm/v01/instances/dataFrom/Product124;http://www4.wiwiss.fu-berlin.de/bizer/bsbm/v01/vocabulary/productFeature;http://www4.wiwiss.fu-berlin.de/bizer/bsbm/v01/instances/ProductFeature457
http://www4.wiwiss.fu-berlin.de/bizer/bsbm/v01/instances/dataFrom/Product124;http://www4.wiwiss.fu-berlin.de/bizer/bsbm/v01/vocabulary/productFeature;http://www4.wiwiss.fu-berlin.de/bizer/bsbm/v01/instances/ProductFeature458
http://www4.wiwiss.fu-berlin.de/bizer/bsbm/v01/instances/dataFrom/Product124;http://www4.wiwiss.fu-berlin.de/bizer/bsbm/v01/vocabulary/productFeature;http://www4.wiwiss.fu-berlin.de/bizer/bsbm/v01/instances/ProductFeature460
http://www4.wiwiss.fu-berlin.de/bizer/bsbm/v01/instances/dataFrom/Product124;http://www4.wiwiss.fu-berlin.de/bizer/bsbm/v01/vocabulary/productFeature;http://www4.wiwiss.fu-berlin.de/bizer/bsbm/v01/instances/ProductFeature469
http://www4.wiwiss.fu-berlin.de/bizer/bsbm/v01/instances/dataFrom/Product124;http://www4.wiwiss.fu-berlin.de/bizer/bsbm/v01/vocabulary/productFeature;http://www4.wiwiss.fu-berlin.de/bizer/bsbm/v01/instances/ProductFeature24
http://www4.wiwiss.fu-berlin.de/bizer/bsbm/v01/instances/dataFrom/Product124;http://www4.wiwiss.fu-berlin.de/bizer/bsbm/v01/vocabulary/productFeature;http://www4.wiwiss.fu-berlin.de/bizer/bsbm/v01/instances/ProductFeature28
http://www4.wiwiss.fu-berlin.de/bizer/bsbm/v01/instances/dataFrom/Product124;http://www4.wiwiss.fu-berlin.de/bizer/bsbm/v01/vocabulary/productFeature;http://www4.wiwiss.fu-berlin.de/bizer/bsbm/v01/instances/ProductFeature30
http://www4.wiwiss.fu-berlin.de/bizer/bsbm/v01/instances/dataFrom/Product124;http://www4.wiwiss.fu-berlin.de/bizer/bsbm/v01/vocabulary/productFeature;http://www4.wiwiss.fu-berlin.de/bizer/bsbm/v01/instances/ProductFeature33
http://www4.wiwiss.fu-berlin.de/bizer/bsbm/v01/instances/dataFrom/Product124;http://www4.wiwiss.fu-berlin.de/bizer/bsbm/v01/vocabulary/productFeature;http://www4.wiwiss.fu-berlin.de/bizer/bsbm/v01/instances/ProductFeature37
http://www4.wiwiss.fu-berlin.de/bizer/bsbm/v01/instances/dataFrom/Product124;http://www4.wiwiss.fu-berlin.de/bizer/bsbm/v01/vocabulary/producer;http://www4.wiwiss.fu-berlin.de/bizer/bsbm/v01/instances/dataFromProducer19/Producer19
http://www4.wiwiss.fu-berlin.de/bizer/bsbm/v01/instances/dataFrom/Product124;http://purl.org/dc/elements/1.1/publisher;http://www4.wiwiss.fu-berlin.de/bizer/bsbm/v01/instances/dataFromProducer19/Producer19
http://www4.wiwiss.fu-berlin.de/bizer/bsbm/v01/instances/dataFrom/Product124;http://purl.org/dc/elements/1.1/date;2003-02-14
http://www4.wiwiss.fu-berlin.de/bizer/bsbm/v01/instances/dataFrom/Product530;http://www.w3.org/1999/02/22-rdf-syntax-ns#type;http://www4.wiwiss.fu-berlin.de/bizer/bsbm/v01/vocabulary/Product
http://www4.wiwiss.fu-berlin.de/bizer/bsbm/v01/instances/dataFrom/Product530;http://www.w3.org/1999/02/22-rdf-syntax-ns#type;http://www4.wiwiss.fu-berlin.de/bizer/bsbm/v01/instances/ProductType79
http://www4.wiwiss.fu-berlin.de/bizer/bsbm/v01/instances/dataFrom/Product530;http://www.w3.org/2000/01/rdf-schema#label;valuation vindication
http://www4.wiwiss.fu-berlin.de/bizer/bsbm/v01/instances/dataFrom/Product530;http://www.w3.org/2000/01/rdf-schema#comment;vocational orangiest nances statal perique whinnier shipworms remorses storming tidiest deforesting trothing unslaked merged rooting revenging denuclearize outproduces prevailers obstructiveness badinaging prerecorded henrys bestrides elongates rounds basely splosh plucked fealties emulsifying nonviable cheekiest dugong warders thieved westernized delusionary satiated quiverers bullwhips bowered cruciate twangles shoplifter depravity polymerize slams reverencer smirched enveloped elicits eatings syllogistically discomforts bombs demeaned alders teratological forzandos bookmaking feministic logicize resharpened canvaslike spelt interspersed biotechnological razored clearing dumbwaiters amasser whackier reformated foyers preappearances blackballs cumulates grouped trembling halvahs ophthalmoscopy balkans lido imperilled advertently neckties genocidal reinfects nakedly imputes leukemic cuirassed sealable shocked hearings
http://www4.wiwiss.fu-berlin.de/bizer/bsbm/v01/instances/dataFrom/Product530;http://www4.wiwiss.fu-berlin.de/bizer/bsbm/v01/vocabulary/productPropertyNumeric1;755
http://www4.wiwiss.fu-berlin.de/bizer/bsbm/v01/instances/dataFrom/Product530;http://www4.wiwiss.fu-berlin.de/bizer/bsbm/v01/vocabulary/productPropertyNumeric2;1190
http://www4.wiwiss.fu-berlin.de/bizer/bsbm/v01/instances/dataFrom/Product530;http://www4.wiwiss.fu-berlin.de/bizer/bsbm/v01/vocabulary/productPropertyNumeric3;455
http://www4.wiwiss.fu-berlin.de/bizer/bsbm/v01/instances/dataFrom/Product530;http://www4.wiwiss.fu-berlin.de/bizer/bsbm/v01/vocabulary/productPropertyNumeric4;750
http://www4.wiwiss.fu-berlin.de/bizer/bsbm/v01/instances/dataFrom/Product530;http://www4.wiwiss.fu-berlin.de/bizer/bsbm/v01/vocabulary/productPropertyNumeric5;160
http://www4.wiwiss.fu-berlin.de/bizer/bsbm/v01/instances/dataFrom/Product530;http://www4.wiwiss.fu-berlin.de/bizer/bsbm/v01/vocabulary/productPropertyTextual1;demagogy grueler frettiest rotors hymenopterous phototherapies capelan gastroscopic sympathizing denunciations manifestly prevailingly liquids sexless garrote
http://www4.wiwiss.fu-berlin.de/bizer/bsbm/v01/instances/dataFrom/Product530;http://www4.wiwiss.fu-berlin.de/bizer/bsbm/v01/vocabulary/productPropertyTextual2;tainting socially kales impuissance kris blowsily saltcellar disciplines immemorially mincy oxhearts catamaran scavenger isostatically
http://www4.wiwiss.fu-berlin.de/bizer/bsbm/v01/instances/dataFrom/Product530;http://www4.wiwiss.fu-berlin.de/bizer/bsbm/v01/vocabulary/productPropertyTextual3;titulary payment careered slouching overdiligent
http://www4.wiwiss.fu-berlin.de/bizer/bsbm/v01/instances/dataFrom/Product530;http://www4.wiwiss.fu-berlin.de/bizer/bsbm/v01/vocabulary/productPropertyTextual4;obligator commenced trampolinists suborbital
http://www4.wiwiss.fu-berlin.de/bizer/bsbm/v01/instances/dataFrom/Product530;http://www4.wiwiss.fu-berlin.de/bizer/bsbm/v01/vocabulary/productPropertyTextual5;tollages effortlessness bookplates stirrups retractable leaner
http://www4.wiwiss.fu-berlin.de/bizer/bsbm/v01/instances/dataFrom/Product530;http://www4.wiwiss.fu-berlin.de/bizer/bsbm/v01/vocabulary/productFeature;http://www4.wiwiss.fu-berlin.de/bizer/bsbm/v01/instances/ProductFeature2404
http://www4.wiwiss.fu-berlin.de/bizer/bsbm/v01/instances/dataFrom/Product530;http://www4.wiwiss.fu-berlin.de/bizer/bsbm/v01/vocabulary/productFeature;http://www4.wiwiss.fu-berlin.de/bizer/bsbm/v01/instances/ProductFeature2406
http://www4.wiwiss.fu-berlin.de/bizer/bsbm/v01/instances/dataFrom/Product530;http://www4.wiwiss.fu-berlin.de/bizer/bsbm/v01/vocabulary/productFeature;http://www4.wiwiss.fu-berlin.de/bizer/bsbm/v01/instances/ProductFeature2410
http://www4.wiwiss.fu-berlin.de/bizer/bsbm/v01/instances/dataFrom/Product530;http://www4.wiwiss.fu-berlin.de/bizer/bsbm/v01/vocabulary/productFeature;http://www4.wiwiss.fu-berlin.de/bizer/bsbm/v01/instances/ProductFeature2412
http://www4.wiwiss.fu-berlin.de/bizer/bsbm/v01/instances/dataFrom/Product530;http://www4.wiwiss.fu-berlin.de/bizer/bsbm/v01/vocabulary/productFeature;http://www4.wiwiss.fu-berlin.de/bizer/bsbm/v01/instances/ProductFeature2415
http://www4.wiwiss.fu-berlin.de/bizer/bsbm/v01/instances/dataFrom/Product530;http://www4.wiwiss.fu-berlin.de/bizer/bsbm/v01/vocabulary/productFeature;http://www4.wiwiss.fu-berlin.de/bizer/bsbm/v01/instances/ProductFeature2430
http://www4.wiwiss.fu-berlin.de/bizer/bsbm/v01/instances/dataFrom/Product530;http://www4.wiwiss.fu-berlin.de/bizer/bsbm/v01/vocabulary/productFeature;http://www4.wiwiss.fu-berlin.de/bizer/bsbm/v01/instances/ProductFeature2435
http://www4.wiwiss.fu-berlin.de/bizer/bsbm/v01/instances/dataFrom/Product530;http://www4.wiwiss.fu-berlin.de/bizer/bsbm/v01/vocabulary/productFeature;http://www4.wiwiss.fu-berlin.de/bizer/bsbm/v01/instances/ProductFeature441
http://www4.wiwiss.fu-berlin.de/bizer/bsbm/v01/instances/dataFrom/Product530;http://www4.wiwiss.fu-berlin.de/bizer/bsbm/v01/vocabulary/productFeature;http://www4.wiwiss.fu-berlin.de/bizer/bsbm/v01/instances/ProductFeature442
http://www4.wiwiss.fu-berlin.de/bizer/bsbm/v01/instances/dataFrom/Product530;http://www4.wiwiss.fu-berlin.de/bizer/bsbm/v01/vocabulary/productFeature;http://www4.wiwiss.fu-berlin.de/bizer/bsbm/v01/instances/ProductFeature445
http://www4.wiwiss.fu-berlin.de/bizer/bsbm/v01/instances/dataFrom/Product530;http://www4.wiwiss.fu-berlin.de/bizer/bsbm/v01/vocabulary/productFeature;http://www4.wiwiss.fu-berlin.de/bizer/bsbm/v01/instances/ProductFeature453
http://www4.wiwiss.fu-berlin.de/bizer/bsbm/v01/instances/dataFrom/Product530;http://www4.wiwiss.fu-berlin.de/bizer/bsbm/v01/vocabulary/productFeature;http://www4.wiwiss.fu-berlin.de/bizer/bsbm/v01/instances/ProductFeature457
http://www4.wiwiss.fu-berlin.de/bizer/bsbm/v01/instances/dataFrom/Product530;http://www4.wiwiss.fu-berlin.de/bizer/bsbm/v01/vocabulary/productFeature;http://www4.wiwiss.fu-berlin.de/bizer/bsbm/v01/instances/ProductFeature458
http://www4.wiwiss.fu-berlin.de/bizer/bsbm/v01/instances/dataFrom/Product530;http://www4.wiwiss.fu-berlin.de/bizer/bsbm/v01/vocabulary/productFeature;http://www4.wiwiss.fu-berlin.de/bizer/bsbm/v01/instances/ProductFeature460
http://www4.wiwiss.fu-berlin.de/bizer/bsbm/v01/instances/dataFrom/Product530;http://www4.wiwiss.fu-berlin.de/bizer/bsbm/v01/vocabulary/productFeature;http://www4.wiwiss.fu-berlin.de/bizer/bsbm/v01/instances/ProductFeature469
http://www4.wiwiss.fu-berlin.de/bizer/bsbm/v01/instances/dataFrom/Product530;http://www4.wiwiss.fu-berlin.de/bizer/bsbm/v01/vocabulary/productFeature;http://www4.wiwiss.fu-berlin.de/bizer/bsbm/v01/instances/ProductFeature24
http://www4.wiwiss.fu-berlin.de/bizer/bsbm/v01/instances/dataFrom/Product530;http://www4.wiwiss.fu-berlin.de/bizer/bsbm/v01/vocabulary/productFeature;http://www4.wiwiss.fu-berlin.de/bizer/bsbm/v01/instances/ProductFeature28
http://www4.wiwiss.fu-berlin.de/bizer/bsbm/v01/instances/dataFrom/Product530;http://www4.wiwiss.fu-berlin.de/bizer/bsbm/v01/vocabulary/productFeature;http://www4.wiwiss.fu-berlin.de/bizer/bsbm/v01/instances/ProductFeature30
http://www4.wiwiss.fu-berlin.de/bizer/bsbm/v01/instances/dataFrom/Product530;http://www4.wiwiss.fu-berlin.de/bizer/bsbm/v01/vocabulary/productFeature;http://www4.wiwiss.fu-berlin.de/bizer/bsbm/v01/instances/ProductFeature33
http://www4.wiwiss.fu-berlin.de/bizer/bsbm/v01/instances/dataFrom/Product530;http://www4.wiwiss.fu-berlin.de/bizer/bsbm/v01/vocabulary/productFeature;http://www4.wiwiss.fu-berlin.de/bizer/bsbm/v01/instances/ProductFeature37
http://www4.wiwiss.fu-berlin.de/bizer/bsbm/v01/instances/dataFrom/Product530;http://www4.wiwiss.fu-berlin.de/bizer/bsbm/v01/vocabulary/producer;http://www4.wiwiss.fu-berlin.de/bizer/bsbm/v01/instances/dataFromProducer19/Producer19
http://www4.wiwiss.fu-berlin.de/bizer/bsbm/v01/instances/dataFrom/Product530;http://purl.org/dc/elements/1.1/publisher;http://www4.wiwiss.fu-berlin.de/bizer/bsbm/v01/instances/dataFromProducer19/Producer19
http://www4.wiwiss.fu-berlin.de/bizer/bsbm/v01/instances/dataFrom/Product530;http://purl.org/dc/elements/1.1/date;2003-02-14
http://www4.wiwiss.fu-berlin.de/bizer/bsbm/v01/instances/dataFrom/Product324;http://www.w3.org/1999/02/22-rdf-syntax-ns#type;http://www4.wiwiss.fu-berlin.de/bizer/bsbm/v01/vocabulary/Product
http://www4.wiwiss.fu-berlin.de/bizer/bsbm/v01/instances/dataFrom/Product324;http://www.w3.org/1999/02/22-rdf-syntax-ns#type;http://www4.wiwiss.fu-berlin.de/bizer/bsbm/v01/instances/ProductType79
http://www4.wiwiss.fu-berlin.de/bizer/bsbm/v01/instances/dataFrom/Product324;http://www.w3.org/2000/01/rdf-schema#label;valuation vindication
http://www4.wiwiss.fu-berlin.de/bizer/bsbm/v01/instances/dataFrom/Product324;http://www.w3.org/2000/01/rdf-schema#comment;vocational orangiest nances statal perique whinnier shipworms remorses storming tidiest deforesting trothing unslaked merged rooting revenging denuclearize outproduces prevailers obstructiveness badinaging prerecorded henrys bestrides elongates rounds basely splosh plucked fealties emulsifying nonviable cheekiest dugong warders thieved westernized delusionary satiated quiverers bullwhips bowered cruciate twangles shoplifter depravity polymerize slams reverencer smirched enveloped elicits eatings syllogistically discomforts bombs demeaned alders teratological forzandos bookmaking feministic logicize resharpened canvaslike spelt interspersed biotechnological razored clearing dumbwaiters amasser whackier reformated foyers preappearances blackballs cumulates grouped trembling halvahs ophthalmoscopy balkans lido imperilled advertently neckties genocidal reinfects nakedly imputes leukemic cuirassed sealable shocked hearings
http://www4.wiwiss.fu-berlin.de/bizer/bsbm/v01/instances/dataFrom/Product324;http://www4.wiwiss.fu-berlin.de/bizer/bsbm/v01/vocabulary/productPropertyNumeric1;755
http://www4.wiwiss.fu-berlin.de/bizer/bsbm/v01/instances/dataFrom/Product324;http://www4.wiwiss.fu-berlin.de/bizer/bsbm/v01/vocabulary/productPropertyNumeric2;1190
http://www4.wiwiss.fu-berlin.de/bizer/bsbm/v01/instances/dataFrom/Product324;http://www4.wiwiss.fu-berlin.de/bizer/bsbm/v01/vocabulary/productPropertyNumeric3;455
http://www4.wiwiss.fu-berlin.de/bizer/bsbm/v01/instances/dataFrom/Product324;http://www4.wiwiss.fu-berlin.de/bizer/bsbm/v01/vocabulary/productPropertyNumeric4;750
http://www4.wiwiss.fu-berlin.de/bizer/bsbm/v01/instances/dataFrom/Product324;http://www4.wiwiss.fu-berlin.de/bizer/bsbm/v01/vocabulary/productPropertyNumeric5;160
http://www4.wiwiss.fu-berlin.de/bizer/bsbm/v01/instances/dataFrom/Product324;http://www4.wiwiss.fu-berlin.de/bizer/bsbm/v01/vocabulary/productPropertyTextual1;demagogy grueler frettiest rotors hymenopterous phototherapies capelan gastroscopic sympathizing denunciations manifestly prevailingly liquids sexless garrote
http://www4.wiwiss.fu-berlin.de/bizer/bsbm/v01/instances/dataFrom/Product324;http://www4.wiwiss.fu-berlin.de/bizer/bsbm/v01/vocabulary/productPropertyTextual2;tainting socially kales impuissance kris blowsily saltcellar disciplines immemorially mincy oxhearts catamaran scavenger isostatically
http://www4.wiwiss.fu-berlin.de/bizer/bsbm/v01/instances/dataFrom/Product324;http://www4.wiwiss.fu-berlin.de/bizer/bsbm/v01/vocabulary/productPropertyTextual3;titulary payment careered slouching overdiligent
http://www4.wiwiss.fu-berlin.de/bizer/bsbm/v01/instances/dataFrom/Product324;http://www4.wiwiss.fu-berlin.de/bizer/bsbm/v01/vocabulary/productPropertyTextual4;obligator commenced trampolinists suborbital
http://www4.wiwiss.fu-berlin.de/bizer/bsbm/v01/instances/dataFrom/Product324;http://www4.wiwiss.fu-berlin.de/bizer/bsbm/v01/vocabulary/productPropertyTextual5;tollages effortlessness bookplates stirrups retractable leaner
http://www4.wiwiss.fu-berlin.de/bizer/bsbm/v01/instances/dataFrom/Product324;http://www4.wiwiss.fu-berlin.de/bizer/bsbm/v01/vocabulary/productFeature;http://www4.wiwiss.fu-berlin.de/bizer/bsbm/v01/instances/ProductFeature2404
http://www4.wiwiss.fu-berlin.de/bizer/bsbm/v01/instances/dataFrom/Product324;http://www4.wiwiss.fu-berlin.de/bizer/bsbm/v01/vocabulary/productFeature;http://www4.wiwiss.fu-berlin.de/bizer/bsbm/v01/instances/ProductFeature2406
http://www4.wiwiss.fu-berlin.de/bizer/bsbm/v01/instances/dataFrom/Product324;http://www4.wiwiss.fu-berlin.de/bizer/bsbm/v01/vocabulary/productFeature;http://www4.wiwiss.fu-berlin.de/bizer/bsbm/v01/instances/ProductFeature2410
http://www4.wiwiss.fu-berlin.de/bizer/bsbm/v01/instances/dataFrom/Product324;http://www4.wiwiss.fu-berlin.de/bizer/bsbm/v01/vocabulary/productFeature;http://www4.wiwiss.fu-berlin.de/bizer/bsbm/v01/instances/ProductFeature2412
http://www4.wiwiss.fu-berlin.de/bizer/bsbm/v01/instances/dataFrom/Product324;http://www4.wiwiss.fu-berlin.de/bizer/bsbm/v01/vocabulary/productFeature;http://www4.wiwiss.fu-berlin.de/bizer/bsbm/v01/instances/ProductFeature2415
http://www4.wiwiss.fu-berlin.de/bizer/bsbm/v01/instances/dataFrom/Product324;http://www4.wiwiss.fu-berlin.de/bizer/bsbm/v01/vocabulary/productFeature;http://www4.wiwiss.fu-berlin.de/bizer/bsbm/v01/instances/ProductFeature2430
http://www4.wiwiss.fu-berlin.de/bizer/bsbm/v01/instances/dataFrom/Product324;http://www4.wiwiss.fu-berlin.de/bizer/bsbm/v01/vocabulary/productFeature;http://www4.wiwiss.fu-berlin.de/bizer/bsbm/v01/instances/ProductFeature2435
http://www4.wiwiss.fu-berlin.de/bizer/bsbm/v01/instances/dataFrom/Product324;http://www4.wiwiss.fu-berlin.de/bizer/bsbm/v01/vocabulary/productFeature;http://www4.wiwiss.fu-berlin.de/bizer/bsbm/v01/instances/ProductFeature441
http://www4.wiwiss.fu-berlin.de/bizer/bsbm/v01/instances/dataFrom/Product324;http://www4.wiwiss.fu-berlin.de/bizer/bsbm/v01/vocabulary/productFeature;http://www4.wiwiss.fu-berlin.de/bizer/bsbm/v01/instances/ProductFeature442
http://www4.wiwiss.fu-berlin.de/bizer/bsbm/v01/instances/dataFrom/Product324;http://www4.wiwiss.fu-berlin.de/bizer/bsbm/v01/vocabulary/productFeature;http://www4.wiwiss.fu-berlin.de/bizer/bsbm/v01/instances/ProductFeature445
http://www4.wiwiss.fu-berlin.de/bizer/bsbm/v01/instances/dataFrom/Product324;http://www4.wiwiss.fu-berlin.de/bizer/bsbm/v01/vocabulary/productFeature;http://www4.wiwiss.fu-berlin.de/bizer/bsbm/v01/instances/ProductFeature453
http://www4.wiwiss.fu-berlin.de/bizer/bsbm/v01/instances/dataFrom/Product324;http://www4.wiwiss.fu-berlin.de/bizer/bsbm/v01/vocabulary/productFeature;http://www4.wiwiss.fu-berlin.de/bizer/bsbm/v01/instances/ProductFeature457
http://www4.wiwiss.fu-berlin.de/bizer/bsbm/v01/instances/dataFrom/Product324;http://www4.wiwiss.fu-berlin.de/bizer/bsbm/v01/vocabulary/productFeature;http://www4.wiwiss.fu-berlin.de/bizer/bsbm/v01/instances/ProductFeature458
http://www4.wiwiss.fu-berlin.de/bizer/bsbm/v01/instances/dataFrom/Product324;http://www4.wiwiss.fu-berlin.de/bizer/bsbm/v01/vocabulary/productFeature;http://www4.wiwiss.fu-berlin.de/bizer/bsbm/v01/instances/ProductFeature460
http://www4.wiwiss.fu-berlin.de/bizer/bsbm/v01/instances/dataFrom/Product324;http://www4.wiwiss.fu-berlin.de/bizer/bsbm/v01/vocabulary/productFeature;http://www4.wiwiss.fu-berlin.de/bizer/bsbm/v01/instances/ProductFeature469
http://www4.wiwiss.fu-berlin.de/bizer/bsbm/v01/instances/dataFrom/Product324;http://www4.wiwiss.fu-berlin.de/bizer/bsbm/v01/vocabulary/productFeature;http://www4.wiwiss.fu-berlin.de/bizer/bsbm/v01/instances/ProductFeature24
http://www4.wiwiss.fu-berlin.de/bizer/bsbm/v01/instances/dataFrom/Product324;http://www4.wiwiss.fu-berlin.de/bizer/bsbm/v01/vocabulary/productFeature;http://www4.wiwiss.fu-berlin.de/bizer/bsbm/v01/instances/ProductFeature28
http://www4.wiwiss.fu-berlin.de/bizer/bsbm/v01/instances/dataFrom/Product324;http://www4.wiwiss.fu-berlin.de/bizer/bsbm/v01/vocabulary/productFeature;http://www4.wiwiss.fu-berlin.de/bizer/bsbm/v01/instances/ProductFeature30
http://www4.wiwiss.fu-berlin.de/bizer/bsbm/v01/instances/dataFrom/Product324;http://www4.wiwiss.fu-berlin.de/bizer/bsbm/v01/vocabulary/productFeature;http://www4.wiwiss.fu-berlin.de/bizer/bsbm/v01/instances/ProductFeature33
http://www4.wiwiss.fu-berlin.de/bizer/bsbm/v01/instances/dataFrom/Product324;http://www4.wiwiss.fu-berlin.de/bizer/bsbm/v01/vocabulary/productFeature;http://www4.wiwiss.fu-berlin.de/bizer/bsbm/v01/instances/ProductFeature37
http://www4.wiwiss.fu-berlin.de/bizer/bsbm/v01/instances/dataFrom/Product324;http://www4.wiwiss.fu-berlin.de/bizer/bsbm/v01/vocabulary/producer;http://www4.wiwiss.fu-berlin.de/bizer/bsbm/v01/instances/dataFromProducer19/Producer19
http://www4.wiwiss.fu-berlin.de/bizer/bsbm/v01/instances/dataFrom/Product324;http://purl.org/dc/elements/1.1/publisher;http://www4.wiwiss.fu-berlin.de/bizer/bsbm/v01/instances/dataFromProducer19/Producer19
http://www4.wiwiss.fu-berlin.de/bizer/bsbm/v01/instances/dataFrom/Product324;http://purl.org/dc/elements/1.1/date;2003-02-14
http://www4.wiwiss.fu-berlin.de/bizer/bsbm/v01/instances/dataFrom/Product682;http://www.w3.org/1999/02/22-rdf-syntax-ns#type;http://www4.wiwiss.fu-berlin.de/bizer/bsbm/v01/vocabulary/Product
http://www4.wiwiss.fu-berlin.de/bizer/bsbm/v01/instances/dataFrom/Product682;http://www.w3.org/1999/02/22-rdf-syntax-ns#type;http://www4.wiwiss.fu-berlin.de/bizer/bsbm/v01/instances/ProductType79
http://www4.wiwiss.fu-berlin.de/bizer/bsbm/v01/instances/dataFrom/Product682;http://www.w3.org/2000/01/rdf-schema#label;valuation vindication
http://www4.wiwiss.fu-berlin.de/bizer/bsbm/v01/instances/dataFrom/Product682;http://www.w3.org/2000/01/rdf-schema#comment;vocational orangiest nances statal perique whinnier shipworms remorses storming tidiest deforesting trothing unslaked merged rooting revenging denuclearize outproduces prevailers obstructiveness badinaging prerecorded henrys bestrides elongates rounds basely splosh plucked fealties emulsifying nonviable cheekiest dugong warders thieved westernized delusionary satiated quiverers bullwhips bowered cruciate twangles shoplifter depravity polymerize slams reverencer smirched enveloped elicits eatings syllogistically discomforts bombs demeaned alders teratological forzandos bookmaking feministic logicize resharpened canvaslike spelt interspersed biotechnological razored clearing dumbwaiters amasser whackier reformated foyers preappearances blackballs cumulates grouped trembling halvahs ophthalmoscopy balkans lido imperilled advertently neckties genocidal reinfects nakedly imputes leukemic cuirassed sealable shocked hearings
http://www4.wiwiss.fu-berlin.de/bizer/bsbm/v01/instances/dataFrom/Product682;http://www4.wiwiss.fu-berlin.de/bizer/bsbm/v01/vocabulary/productPropertyNumeric1;755
http://www4.wiwiss.fu-berlin.de/bizer/bsbm/v01/instances/dataFrom/Product682;http://www4.wiwiss.fu-berlin.de/bizer/bsbm/v01/vocabulary/productPropertyNumeric2;1190
http://www4.wiwiss.fu-berlin.de/bizer/bsbm/v01/instances/dataFrom/Product682;http://www4.wiwiss.fu-berlin.de/bizer/bsbm/v01/vocabulary/productPropertyNumeric3;455
http://www4.wiwiss.fu-berlin.de/bizer/bsbm/v01/instances/dataFrom/Product682;http://www4.wiwiss.fu-berlin.de/bizer/bsbm/v01/vocabulary/productPropertyNumeric4;750
http://www4.wiwiss.fu-berlin.de/bizer/bsbm/v01/instances/dataFrom/Product682;http://www4.wiwiss.fu-berlin.de/bizer/bsbm/v01/vocabulary/productPropertyNumeric5;160
http://www4.wiwiss.fu-berlin.de/bizer/bsbm/v01/instances/dataFrom/Product682;http://www4.wiwiss.fu-berlin.de/bizer/bsbm/v01/vocabulary/productPropertyTextual1;demagogy grueler frettiest rotors hymenopterous phototherapies capelan gastroscopic sympathizing denunciations manifestly prevailingly liquids sexless garrote
http://www4.wiwiss.fu-berlin.de/bizer/bsbm/v01/instances/dataFrom/Product682;http://www4.wiwiss.fu-berlin.de/bizer/bsbm/v01/vocabulary/productPropertyTextual2;tainting socially kales impuissance kris blowsily saltcellar disciplines immemorially mincy oxhearts catamaran scavenger isostatically
http://www4.wiwiss.fu-berlin.de/bizer/bsbm/v01/instances/dataFrom/Product682;http://www4.wiwiss.fu-berlin.de/bizer/bsbm/v01/vocabulary/productPropertyTextual3;titulary payment careered slouching overdiligent
http://www4.wiwiss.fu-berlin.de/bizer/bsbm/v01/instances/dataFrom/Product682;http://www4.wiwiss.fu-berlin.de/bizer/bsbm/v01/vocabulary/productPropertyTextual4;obligator commenced trampolinists suborbital
http://www4.wiwiss.fu-berlin.de/bizer/bsbm/v01/instances/dataFrom/Product682;http://www4.wiwiss.fu-berlin.de/bizer/bsbm/v01/vocabulary/productPropertyTextual5;tollages effortlessness bookplates stirrups retractable leaner
http://www4.wiwiss.fu-berlin.de/bizer/bsbm/v01/instances/dataFrom/Product682;http://www4.wiwiss.fu-berlin.de/bizer/bsbm/v01/vocabulary/productFeature;http://www4.wiwiss.fu-berlin.de/bizer/bsbm/v01/instances/ProductFeature2404
http://www4.wiwiss.fu-berlin.de/bizer/bsbm/v01/instances/dataFrom/Product682;http://www4.wiwiss.fu-berlin.de/bizer/bsbm/v01/vocabulary/productFeature;http://www4.wiwiss.fu-berlin.de/bizer/bsbm/v01/instances/ProductFeature2406
http://www4.wiwiss.fu-berlin.de/bizer/bsbm/v01/instances/dataFrom/Product682;http://www4.wiwiss.fu-berlin.de/bizer/bsbm/v01/vocabulary/productFeature;http://www4.wiwiss.fu-berlin.de/bizer/bsbm/v01/instances/ProductFeature2410
http://www4.wiwiss.fu-berlin.de/bizer/bsbm/v01/instances/dataFrom/Product682;http://www4.wiwiss.fu-berlin.de/bizer/bsbm/v01/vocabulary/productFeature;http://www4.wiwiss.fu-berlin.de/bizer/bsbm/v01/instances/ProductFeature2412
http://www4.wiwiss.fu-berlin.de/bizer/bsbm/v01/instances/dataFrom/Product682;http://www4.wiwiss.fu-berlin.de/bizer/bsbm/v01/vocabulary/productFeature;http://www4.wiwiss.fu-berlin.de/bizer/bsbm/v01/instances/ProductFeature2415
http://www4.wiwiss.fu-berlin.de/bizer/bsbm/v01/instances/dataFrom/Product682;http://www4.wiwiss.fu-berlin.de/bizer/bsbm/v01/vocabulary/productFeature;http://www4.wiwiss.fu-berlin.de/bizer/bsbm/v01/instances/ProductFeature2430
http://www4.wiwiss.fu-berlin.de/bizer/bsbm/v01/instances/dataFrom/Product682;http://www4.wiwiss.fu-berlin.de/bizer/bsbm/v01/vocabulary/productFeature;http://www4.wiwiss.fu-berlin.de/bizer/bsbm/v01/instances/ProductFeature2435
http://www4.wiwiss.fu-berlin.de/bizer/bsbm/v01/instances/dataFrom/Product682;http://www4.wiwiss.fu-berlin.de/bizer/bsbm/v01/vocabulary/productFeature;http://www4.wiwiss.fu-berlin.de/bizer/bsbm/v01/instances/ProductFeature441
http://www4.wiwiss.fu-berlin.de/bizer/bsbm/v01/instances/dataFrom/Product682;http://www4.wiwiss.fu-berlin.de/bizer/bsbm/v01/vocabulary/productFeature;http://www4.wiwiss.fu-berlin.de/bizer/bsbm/v01/instances/ProductFeature442
http://www4.wiwiss.fu-berlin.de/bizer/bsbm/v01/instances/dataFrom/Product682;http://www4.wiwiss.fu-berlin.de/bizer/bsbm/v01/vocabulary/productFeature;http://www4.wiwiss.fu-berlin.de/bizer/bsbm/v01/instances/ProductFeature445
http://www4.wiwiss.fu-berlin.de/bizer/bsbm/v01/instances/dataFrom/Product682;http://www4.wiwiss.fu-berlin.de/bizer/bsbm/v01/vocabulary/productFeature;http://www4.wiwiss.fu-berlin.de/bizer/bsbm/v01/instances/ProductFeature453
http://www4.wiwiss.fu-berlin.de/bizer/bsbm/v01/instances/dataFrom/Product682;http://www4.wiwiss.fu-berlin.de/bizer/bsbm/v01/vocabulary/productFeature;http://www4.wiwiss.fu-berlin.de/bizer/bsbm/v01/instances/ProductFeature457
http://www4.wiwiss.fu-berlin.de/bizer/bsbm/v01/instances/dataFrom/Product682;http://www4.wiwiss.fu-berlin.de/bizer/bsbm/v01/vocabulary/productFeature;http://www4.wiwiss.fu-berlin.de/bizer/bsbm/v01/instances/ProductFeature458
http://www4.wiwiss.fu-berlin.de/bizer/bsbm/v01/instances/dataFrom/Product682;http://www4.wiwiss.fu-berlin.de/bizer/bsbm/v01/vocabulary/productFeature;http://www4.wiwiss.fu-berlin.de/bizer/bsbm/v01/instances/ProductFeature460
http://www4.wiwiss.fu-berlin.de/bizer/bsbm/v01/instances/dataFrom/Product682;http://www4.wiwiss.fu-berlin.de/bizer/bsbm/v01/vocabulary/productFeature;http://www4.wiwiss.fu-berlin.de/bizer/bsbm/v01/instances/ProductFeature469
http://www4.wiwiss.fu-berlin.de/bizer/bsbm/v01/instances/dataFrom/Product682;http://www4.wiwiss.fu-berlin.de/bizer/bsbm/v01/vocabulary/productFeature;http://www4.wiwiss.fu-berlin.de/bizer/bsbm/v01/instances/ProductFeature24
http://www4.wiwiss.fu-berlin.de/bizer/bsbm/v01/instances/dataFrom/Product682;http://www4.wiwiss.fu-berlin.de/bizer/bsbm/v01/vocabulary/productFeature;http://www4.wiwiss.fu-berlin.de/bizer/bsbm/v01/instances/ProductFeature28
http://www4.wiwiss.fu-berlin.de/bizer/bsbm/v01/instances/dataFrom/Product682;http://www4.wiwiss.fu-berlin.de/bizer/bsbm/v01/vocabulary/productFeature;http://www4.wiwiss.fu-berlin.de/bizer/bsbm/v01/instances/ProductFeature30
http://www4.wiwiss.fu-berlin.de/bizer/bsbm/v01/instances/dataFrom/Product682;http://www4.wiwiss.fu-berlin.de/bizer/bsbm/v01/vocabulary/productFeature;http://www4.wiwiss.fu-berlin.de/bizer/bsbm/v01/instances/ProductFeature33
http://www4.wiwiss.fu-berlin.de/bizer/bsbm/v01/instances/dataFrom/Product682;http://www4.wiwiss.fu-berlin.de/bizer/bsbm/v01/vocabulary/productFeature;http://www4.wiwiss.fu-berlin.de/bizer/bsbm/v01/instances/ProductFeature37
http://www4.wiwiss.fu-berlin.de/bizer/bsbm/v01/instances/dataFrom/Product682;http://www4.wiwiss.fu-berlin.de/bizer/bsbm/v01/vocabulary/producer;http://www4.wiwiss.fu-berlin.de/bizer/bsbm/v01/instances/dataFromProducer19/Producer19
http://www4.wiwiss.fu-berlin.de/bizer/bsbm/v01/instances/dataFrom/Product682;http://purl.org/dc/elements/1.1/publisher;http://www4.wiwiss.fu-berlin.de/bizer/bsbm/v01/instances/dataFromProducer19/Producer19
http://www4.wiwiss.fu-berlin.de/bizer/bsbm/v01/instances/dataFrom/Product682;http://purl.org/dc/elements/1.1/date;2003-02-14
